canonical_osm_id,name,place_type,geometry_type,latitude,longitude,corridor_distance_km,corridor_relevance,source,provenance
node/245770131,New Tehri,town,Point,30.37445,78.43277,5.08,NEAR_CORRIDOR,OpenStreetMap contributors (ODbL),OPENSTREETMAP FEATURE (Precomputed Settlement Centroid)
node/342110743,Sunari,village,Point,30.43076,78.58109,11.88,OUTSIDE_CORRIDOR,OpenStreetMap contributors (ODbL),OPENSTREETMAP FEATURE (Precomputed Settlement Centroid)
node/342110754,Chaundana,village,Point,30.4184,78.58521,11.62,OUTSIDE_CORRIDOR,OpenStreetMap contributors (ODbL),OPENSTREETMAP FEATURE (Precomputed Settlement Centroid)
node/342110764,Nanua,village,Point,30.40466,78.59482,11.88,OUTSIDE_CORRIDOR,OpenStreetMap contributors (ODbL),OPENSTREETMAP FEATURE (Precomputed Settlement Centroid)
node/342110774,Gadolia,village,Point,30.37033,78.57422,8.73,NEAR_CORRIDOR,OpenStreetMap contributors (ODbL),OPENSTREETMAP FEATURE (Precomputed Settlement Centroid)
node/342111422,Sain,village,Point,30.41565,78.59757,12.62,OUTSIDE_CORRIDOR,OpenStreetMap contributors (ODbL),OPENSTREETMAP FEATURE (Precomputed Settlement Centroid)
node/342113072,Ratnogad,village,Point,30.44204,78.38224,12.36,OUTSIDE_CORRIDOR,OpenStreetMap contributors (ODbL),OPENSTREETMAP FEATURE (Precomputed Settlement Centroid)
node/342113081,Aleru,village,Point,30.44677,78.39527,11.54,OUTSIDE_CORRIDOR,OpenStreetMap contributors (ODbL),OPENSTREETMAP FEATURE (Precomputed Settlement Centroid)
node/342113107,Malla Uppu,village,Point,30.44812,78.42392,9.49,NEAR_CORRIDOR,OpenStreetMap contributors (ODbL),OPENSTREETMAP FEATURE (Precomputed Settlement Centroid)
node/342113116,Sirai,village,Point,30.43074,78.42817,7.84,NEAR_CORRIDOR,OpenStreetMap contributors (ODbL),OPENSTREETMAP FEATURE (Precomputed Settlement Centroid)
node/342113127,Kandikhal (002),hamlet,Point,30.43592,78.40599,9.95,NEAR_CORRIDOR,OpenStreetMap contributors (ODbL),OPENSTREETMAP FEATURE (Precomputed Settlement Centroid)
node/342113144,Dharkot,hamlet,Point,30.38809,78.39872,8.7,NEAR_CORRIDOR,OpenStreetMap contributors (ODbL),OPENSTREETMAP FEATURE (Precomputed Settlement Centroid)
node/342113154,Dobayal,village,Point,30.38681,78.36548,12.16,OUTSIDE_CORRIDOR,OpenStreetMap contributors (ODbL),OPENSTREETMAP FEATURE (Precomputed Settlement Centroid)
node/342113164,Nail,village,Point,30.38269,78.41492,6.96,NEAR_CORRIDOR,OpenStreetMap contributors (ODbL),OPENSTREETMAP FEATURE (Precomputed Settlement Centroid)
node/342113174,Kot,village,Point,30.36621,78.39432,9.19,NEAR_CORRIDOR,OpenStreetMap contributors (ODbL),OPENSTREETMAP FEATURE (Precomputed Settlement Centroid)
node/342113183,Chamba,village,Point,30.34561,78.39432,9.72,NEAR_CORRIDOR,OpenStreetMap contributors (ODbL),OPENSTREETMAP FEATURE (Precomputed Settlement Centroid)
node/342113194,Sabli,village,Point,30.32501,78.39432,10.66,OUTSIDE_CORRIDOR,OpenStreetMap contributors (ODbL),OPENSTREETMAP FEATURE (Precomputed Settlement Centroid)
node/342113214,JN1,village,Point,30.2385,78.5083,2.39,IN_CORRIDOR,OpenStreetMap contributors (ODbL),OPENSTREETMAP FEATURE (Precomputed Settlement Centroid)
node/342113223,Chaka,village,Point,30.23712,78.50693,2.59,IN_CORRIDOR,OpenStreetMap contributors (ODbL),OPENSTREETMAP FEATURE (Precomputed Settlement Centroid)
node/342113234,Koteshwar,village,Point,30.25675,78.49755,2.42,IN_CORRIDOR,OpenStreetMap contributors (ODbL),OPENSTREETMAP FEATURE (Precomputed Settlement Centroid)
node/342113246,Pokhri(004),village,Point,30.25251,78.46869,5.28,NEAR_CORRIDOR,OpenStreetMap contributors (ODbL),OPENSTREETMAP FEATURE (Precomputed Settlement Centroid)
node/342113257,Naramghat,village,Point,30.32964,78.48782,1.15,IN_CORRIDOR,OpenStreetMap contributors (ODbL),OPENSTREETMAP FEATURE (Precomputed Settlement Centroid)
node/342113265,Nakot,village,Point,30.32776,78.46573,3.46,NEAR_CORRIDOR,OpenStreetMap contributors (ODbL),OPENSTREETMAP FEATURE (Precomputed Settlement Centroid)
node/342113275,Zero Pt. Bridge,locality,Point,30.35385,78.48496,0.75,IN_CORRIDOR,OpenStreetMap contributors (ODbL),OPENSTREETMAP FEATURE (Precomputed Settlement Centroid)
node/342113289,Madan Negi,village,Point,30.40329,78.4932,2.95,IN_CORRIDOR,OpenStreetMap contributors (ODbL),OPENSTREETMAP FEATURE (Precomputed Settlement Centroid)
node/342113298,Bhagirathipuram,village,Point,30.38132,78.47122,1.08,IN_CORRIDOR,OpenStreetMap contributors (ODbL),OPENSTREETMAP FEATURE (Precomputed Settlement Centroid)
node/342113308,Chakharchoura,village,Point,30.40192,78.43827,5.14,NEAR_CORRIDOR,OpenStreetMap contributors (ODbL),OPENSTREETMAP FEATURE (Precomputed Settlement Centroid)
node/342113316,Mali Dewal,village,Point,30.41843,78.44489,5.69,NEAR_CORRIDOR,OpenStreetMap contributors (ODbL),OPENSTREETMAP FEATURE (Precomputed Settlement Centroid)
node/342113335,Paria raika,village,Point,30.44312,78.47534,6.86,NEAR_CORRIDOR,OpenStreetMap contributors (ODbL),OPENSTREETMAP FEATURE (Precomputed Settlement Centroid)
node/342113344,Kandakhal(001),village,Point,30.44861,78.46985,7.51,NEAR_CORRIDOR,OpenStreetMap contributors (ODbL),OPENSTREETMAP FEATURE (Precomputed Settlement Centroid)
node/342113354,Bhelangi,village,Point,30.439,78.46436,6.64,NEAR_CORRIDOR,OpenStreetMap contributors (ODbL),OPENSTREETMAP FEATURE (Precomputed Settlement Centroid)
node/342114291,Khard,village,Point,30.22751,78.54813,0.68,IN_CORRIDOR,OpenStreetMap contributors (ODbL),OPENSTREETMAP FEATURE (Precomputed Settlement Centroid)
node/342114432,Phakot,village,Point,30.22717,78.35185,12.68,OUTSIDE_CORRIDOR,OpenStreetMap contributors (ODbL),OPENSTREETMAP FEATURE (Precomputed Settlement Centroid)
node/342114450,Naugarh,village,Point,30.22888,78.49732,3.89,NEAR_CORRIDOR,OpenStreetMap contributors (ODbL),OPENSTREETMAP FEATURE (Precomputed Settlement Centroid)
node/342114457,Lasher,village,Point,30.23163,78.52478,1.24,IN_CORRIDOR,OpenStreetMap contributors (ODbL),OPENSTREETMAP FEATURE (Precomputed Settlement Centroid)
node/342114650,Dangghar,village,Point,30.4184,78.33939,15.46,OUTSIDE_CORRIDOR,OpenStreetMap contributors (ODbL),OPENSTREETMAP FEATURE (Precomputed Settlement Centroid)
node/342114656,Jaripani,village,Point,30.40329,78.35175,13.83,OUTSIDE_CORRIDOR,OpenStreetMap contributors (ODbL),OPENSTREETMAP FEATURE (Precomputed Settlement Centroid)
node/342114733,Rajakhet,village,Point,30.38544,78.54401,6.18,NEAR_CORRIDOR,OpenStreetMap contributors (ODbL),OPENSTREETMAP FEATURE (Precomputed Settlement Centroid)
node/2357223587,Tipri,hamlet,Point,30.37823,78.49441,1.24,IN_CORRIDOR,OpenStreetMap contributors (ODbL),OPENSTREETMAP FEATURE (Precomputed Settlement Centroid)
node/2357231750,Managi,hamlet,Point,30.31213,78.45588,4.77,NEAR_CORRIDOR,OpenStreetMap contributors (ODbL),OPENSTREETMAP FEATURE (Precomputed Settlement Centroid)
node/2357573472,Pillaigul,hamlet,Point,30.31592,78.46766,3.48,NEAR_CORRIDOR,OpenStreetMap contributors (ODbL),OPENSTREETMAP FEATURE (Precomputed Settlement Centroid)
node/2377440461,Jajal,hamlet,Point,30.27012,78.36727,14.81,OUTSIDE_CORRIDOR,OpenStreetMap contributors (ODbL),OPENSTREETMAP FEATURE (Precomputed Settlement Centroid)
node/2377985052,Molnau,hamlet,Point,30.36877,78.59961,11.24,OUTSIDE_CORRIDOR,OpenStreetMap contributors (ODbL),OPENSTREETMAP FEATURE (Precomputed Settlement Centroid)
node/2377985116,Saur,hamlet,Point,30.25,78.51667,1.03,IN_CORRIDOR,OpenStreetMap contributors (ODbL),OPENSTREETMAP FEATURE (Precomputed Settlement Centroid)
node/2379393093,Upla,hamlet,Point,30.35509,78.38578,10.28,OUTSIDE_CORRIDOR,OpenStreetMap contributors (ODbL),OPENSTREETMAP FEATURE (Precomputed Settlement Centroid)
node/2613452551,Pali,hamlet,Point,30.36571,78.40359,8.23,NEAR_CORRIDOR,OpenStreetMap contributors (ODbL),OPENSTREETMAP FEATURE (Precomputed Settlement Centroid)
node/2613454983,Pailyuan,hamlet,Point,30.40299,78.45718,3.63,NEAR_CORRIDOR,OpenStreetMap contributors (ODbL),OPENSTREETMAP FEATURE (Precomputed Settlement Centroid)
node/2613476696,Sod Uppu,hamlet,Point,30.44743,78.4334,8.84,NEAR_CORRIDOR,OpenStreetMap contributors (ODbL),OPENSTREETMAP FEATURE (Precomputed Settlement Centroid)
node/2622060819,Syunta,hamlet,Point,30.34148,78.38687,10.6,OUTSIDE_CORRIDOR,OpenStreetMap contributors (ODbL),OPENSTREETMAP FEATURE (Precomputed Settlement Centroid)
node/3204131186,Mauita,hamlet,Point,30.28517,78.46971,4.05,NEAR_CORRIDOR,OpenStreetMap contributors (ODbL),OPENSTREETMAP FEATURE (Precomputed Settlement Centroid)
node/3205259029,Olani,hamlet,Point,30.44696,78.40664,10.65,OUTSIDE_CORRIDOR,OpenStreetMap contributors (ODbL),OPENSTREETMAP FEATURE (Precomputed Settlement Centroid)
node/3912069873,Indwaigaon,hamlet,Point,30.35406,78.33034,16.02,OUTSIDE_CORRIDOR,OpenStreetMap contributors (ODbL),OPENSTREETMAP FEATURE (Precomputed Settlement Centroid)
node/4985286047,Chhamund,hamlet,Point,30.38042,78.43019,5.34,NEAR_CORRIDOR,OpenStreetMap contributors (ODbL),OPENSTREETMAP FEATURE (Precomputed Settlement Centroid)
node/4989193099,Moldhar,village,Point,30.37584,78.43965,4.35,NEAR_CORRIDOR,OpenStreetMap contributors (ODbL),OPENSTREETMAP FEATURE (Precomputed Settlement Centroid)
node/5057198933,Baurari,village,Point,30.37862,78.44071,4.23,NEAR_CORRIDOR,OpenStreetMap contributors (ODbL),OPENSTREETMAP FEATURE (Precomputed Settlement Centroid)
node/6167218698,Koti,hamlet,Point,30.35565,78.45493,3.54,NEAR_CORRIDOR,OpenStreetMap contributors (ODbL),OPENSTREETMAP FEATURE (Precomputed Settlement Centroid)
node/6167218747,Kanda,hamlet,Point,30.35267,78.44784,4.34,NEAR_CORRIDOR,OpenStreetMap contributors (ODbL),OPENSTREETMAP FEATURE (Precomputed Settlement Centroid)
node/6169107784,Syul,hamlet,Point,30.34462,78.36223,12.95,OUTSIDE_CORRIDOR,OpenStreetMap contributors (ODbL),OPENSTREETMAP FEATURE (Precomputed Settlement Centroid)
node/7486353275,Guldi,hamlet,Point,30.35362,78.39733,9.15,NEAR_CORRIDOR,OpenStreetMap contributors (ODbL),OPENSTREETMAP FEATURE (Precomputed Settlement Centroid)
node/7849319615,chaunbagi,locality,Point,30.43491,78.55116,9.49,NEAR_CORRIDOR,OpenStreetMap contributors (ODbL),OPENSTREETMAP FEATURE (Precomputed Settlement Centroid)
node/7849319623,kaphlog,hamlet,Point,30.41785,78.5254,6.26,NEAR_CORRIDOR,OpenStreetMap contributors (ODbL),OPENSTREETMAP FEATURE (Precomputed Settlement Centroid)
node/7849319624,saur,hamlet,Point,30.42163,78.5199,6.14,NEAR_CORRIDOR,OpenStreetMap contributors (ODbL),OPENSTREETMAP FEATURE (Precomputed Settlement Centroid)
node/7849319626,paturi,hamlet,Point,30.42549,78.51365,6.05,NEAR_CORRIDOR,OpenStreetMap contributors (ODbL),OPENSTREETMAP FEATURE (Precomputed Settlement Centroid)
node/7849443744,Unnamed Settlement,hamlet,Point,30.39923,78.54198,6.67,NEAR_CORRIDOR,OpenStreetMap contributors (ODbL),OPENSTREETMAP FEATURE (Precomputed Settlement Centroid)
node/7849443753,Unnamed Settlement,hamlet,Point,30.41273,78.53488,6.73,NEAR_CORRIDOR,OpenStreetMap contributors (ODbL),OPENSTREETMAP FEATURE (Precomputed Settlement Centroid)
node/7849443768,siloli,hamlet,Point,30.39074,78.54511,6.53,NEAR_CORRIDOR,OpenStreetMap contributors (ODbL),OPENSTREETMAP FEATURE (Precomputed Settlement Centroid)
node/7849443769,kotchaunri,hamlet,Point,30.39446,78.5424,6.47,NEAR_CORRIDOR,OpenStreetMap contributors (ODbL),OPENSTREETMAP FEATURE (Precomputed Settlement Centroid)
node/7849443771,bhasli,hamlet,Point,30.39967,78.53075,5.67,NEAR_CORRIDOR,OpenStreetMap contributors (ODbL),OPENSTREETMAP FEATURE (Precomputed Settlement Centroid)
node/7849443773,pachri,hamlet,Point,30.39139,78.53261,5.41,NEAR_CORRIDOR,OpenStreetMap contributors (ODbL),OPENSTREETMAP FEATURE (Precomputed Settlement Centroid)
node/7849443774,nargarh,hamlet,Point,30.38588,78.52836,4.74,NEAR_CORRIDOR,OpenStreetMap contributors (ODbL),OPENSTREETMAP FEATURE (Precomputed Settlement Centroid)
node/7849443776,belthasaur,hamlet,Point,30.38893,78.51449,3.63,NEAR_CORRIDOR,OpenStreetMap contributors (ODbL),OPENSTREETMAP FEATURE (Precomputed Settlement Centroid)
node/7849443777,ganoli,hamlet,Point,30.39703,78.5108,3.71,NEAR_CORRIDOR,OpenStreetMap contributors (ODbL),OPENSTREETMAP FEATURE (Precomputed Settlement Centroid)
node/7849443779,nelra,village,Point,30.40313,78.52106,4.97,NEAR_CORRIDOR,OpenStreetMap contributors (ODbL),OPENSTREETMAP FEATURE (Precomputed Settlement Centroid)
node/7849443781,kathuli,hamlet,Point,30.40365,78.50296,3.55,NEAR_CORRIDOR,OpenStreetMap contributors (ODbL),OPENSTREETMAP FEATURE (Precomputed Settlement Centroid)
node/7849443784,badil,hamlet,Point,30.40763,78.50819,4.22,NEAR_CORRIDOR,OpenStreetMap contributors (ODbL),OPENSTREETMAP FEATURE (Precomputed Settlement Centroid)
node/7849464486,bisatli,hamlet,Point,30.41421,78.51171,4.99,NEAR_CORRIDOR,OpenStreetMap contributors (ODbL),OPENSTREETMAP FEATURE (Precomputed Settlement Centroid)
node/7849464487,rindol,hamlet,Point,30.41462,78.50513,4.6,NEAR_CORRIDOR,OpenStreetMap contributors (ODbL),OPENSTREETMAP FEATURE (Precomputed Settlement Centroid)
node/7849487212,cholgaon,village,Point,30.3663,78.53527,4.69,NEAR_CORRIDOR,OpenStreetMap contributors (ODbL),OPENSTREETMAP FEATURE (Precomputed Settlement Centroid)
node/7849487213,barkot,hamlet,Point,30.37042,78.53519,4.8,NEAR_CORRIDOR,OpenStreetMap contributors (ODbL),OPENSTREETMAP FEATURE (Precomputed Settlement Centroid)
node/7849487215,thalkya,locality,Point,30.36269,78.52596,3.64,NEAR_CORRIDOR,OpenStreetMap contributors (ODbL),OPENSTREETMAP FEATURE (Precomputed Settlement Centroid)
node/7849487216,bhatkanda,hamlet,Point,30.36722,78.52655,3.84,NEAR_CORRIDOR,OpenStreetMap contributors (ODbL),OPENSTREETMAP FEATURE (Precomputed Settlement Centroid)
node/7849487217,pipola,hamlet,Point,30.37573,78.52023,3.49,NEAR_CORRIDOR,OpenStreetMap contributors (ODbL),OPENSTREETMAP FEATURE (Precomputed Settlement Centroid)
node/7849487218,uthar,hamlet,Point,30.37578,78.51467,2.97,IN_CORRIDOR,OpenStreetMap contributors (ODbL),OPENSTREETMAP FEATURE (Precomputed Settlement Centroid)
node/7849487223,geonli,hamlet,Point,30.36207,78.51081,2.1,IN_CORRIDOR,OpenStreetMap contributors (ODbL),OPENSTREETMAP FEATURE (Precomputed Settlement Centroid)
node/7849487224,tipri,hamlet,Point,30.36828,78.50206,1.43,IN_CORRIDOR,OpenStreetMap contributors (ODbL),OPENSTREETMAP FEATURE (Precomputed Settlement Centroid)
node/7849487225,tipri,hamlet,Point,30.37601,78.5007,1.7,IN_CORRIDOR,OpenStreetMap contributors (ODbL),OPENSTREETMAP FEATURE (Precomputed Settlement Centroid)
node/7849902176,diuli,hamlet,Point,30.43607,78.57556,11.65,OUTSIDE_CORRIDOR,OpenStreetMap contributors (ODbL),OPENSTREETMAP FEATURE (Precomputed Settlement Centroid)
node/7849902178,sainj,hamlet,Point,30.44282,78.56781,11.38,OUTSIDE_CORRIDOR,OpenStreetMap contributors (ODbL),OPENSTREETMAP FEATURE (Precomputed Settlement Centroid)
node/7849902179,bhaldgaon,hamlet,Point,30.44237,78.57501,11.96,OUTSIDE_CORRIDOR,OpenStreetMap contributors (ODbL),OPENSTREETMAP FEATURE (Precomputed Settlement Centroid)
node/7849902180,dhung chaudana,village,Point,30.44064,78.57998,12.3,OUTSIDE_CORRIDOR,OpenStreetMap contributors (ODbL),OPENSTREETMAP FEATURE (Precomputed Settlement Centroid)
node/7849902181,badongaon,hamlet,Point,30.44741,78.57657,12.4,OUTSIDE_CORRIDOR,OpenStreetMap contributors (ODbL),OPENSTREETMAP FEATURE (Precomputed Settlement Centroid)
node/7849970988,kastal,hamlet,Point,30.4486,78.56277,11.34,OUTSIDE_CORRIDOR,OpenStreetMap contributors (ODbL),OPENSTREETMAP FEATURE (Precomputed Settlement Centroid)
node/7850045838,kandi,hamlet,Point,30.36824,78.58081,9.33,NEAR_CORRIDOR,OpenStreetMap contributors (ODbL),OPENSTREETMAP FEATURE (Precomputed Settlement Centroid)
node/7850045839,gadoliya,hamlet,Point,30.36421,78.57091,8.21,NEAR_CORRIDOR,OpenStreetMap contributors (ODbL),OPENSTREETMAP FEATURE (Precomputed Settlement Centroid)
node/7850045843,chah,hamlet,Point,30.36291,78.56275,7.35,NEAR_CORRIDOR,OpenStreetMap contributors (ODbL),OPENSTREETMAP FEATURE (Precomputed Settlement Centroid)
node/7850045844,undoli,hamlet,Point,30.36611,78.56339,7.51,NEAR_CORRIDOR,OpenStreetMap contributors (ODbL),OPENSTREETMAP FEATURE (Precomputed Settlement Centroid)
node/7850045846,raswari,hamlet,Point,30.36969,78.5655,7.83,NEAR_CORRIDOR,OpenStreetMap contributors (ODbL),OPENSTREETMAP FEATURE (Precomputed Settlement Centroid)
node/7850045854,myunda,hamlet,Point,30.38276,78.56786,8.46,NEAR_CORRIDOR,OpenStreetMap contributors (ODbL),OPENSTREETMAP FEATURE (Precomputed Settlement Centroid)
node/7850045855,Unnamed Settlement,hamlet,Point,30.38774,78.56247,8.07,NEAR_CORRIDOR,OpenStreetMap contributors (ODbL),OPENSTREETMAP FEATURE (Precomputed Settlement Centroid)
node/7850045858,chaund,hamlet,Point,30.39622,78.55789,7.98,NEAR_CORRIDOR,OpenStreetMap contributors (ODbL),OPENSTREETMAP FEATURE (Precomputed Settlement Centroid)
node/7850045859,kolgaon,hamlet,Point,30.39406,78.55585,7.69,NEAR_CORRIDOR,OpenStreetMap contributors (ODbL),OPENSTREETMAP FEATURE (Precomputed Settlement Centroid)
node/7850045860,bhatwara,hamlet,Point,30.39811,78.55392,7.71,NEAR_CORRIDOR,OpenStreetMap contributors (ODbL),OPENSTREETMAP FEATURE (Precomputed Settlement Centroid)
node/7850045861,Unnamed Settlement,hamlet,Point,30.39661,78.58105,10.23,OUTSIDE_CORRIDOR,OpenStreetMap contributors (ODbL),OPENSTREETMAP FEATURE (Precomputed Settlement Centroid)
node/7850045862,sarphal,hamlet,Point,30.39894,78.5812,10.33,OUTSIDE_CORRIDOR,OpenStreetMap contributors (ODbL),OPENSTREETMAP FEATURE (Precomputed Settlement Centroid)
node/7850045863,Unnamed Settlement,hamlet,Point,30.41296,78.58096,10.95,OUTSIDE_CORRIDOR,OpenStreetMap contributors (ODbL),OPENSTREETMAP FEATURE (Precomputed Settlement Centroid)
node/7850045865,that,hamlet,Point,30.41007,78.58081,10.79,OUTSIDE_CORRIDOR,OpenStreetMap contributors (ODbL),OPENSTREETMAP FEATURE (Precomputed Settlement Centroid)
node/7850089299,nanuwan,hamlet,Point,30.4038,78.59409,11.78,OUTSIDE_CORRIDOR,OpenStreetMap contributors (ODbL),OPENSTREETMAP FEATURE (Precomputed Settlement Centroid)
node/7850089300,musankn,hamlet,Point,30.40725,78.58319,10.88,OUTSIDE_CORRIDOR,OpenStreetMap contributors (ODbL),OPENSTREETMAP FEATURE (Precomputed Settlement Centroid)
node/7850089314,pauridhar,hamlet,Point,30.3945,78.59788,11.83,OUTSIDE_CORRIDOR,OpenStreetMap contributors (ODbL),OPENSTREETMAP FEATURE (Precomputed Settlement Centroid)
node/7850089318,asgarh khala,locality,Point,30.38571,78.59457,11.23,OUTSIDE_CORRIDOR,OpenStreetMap contributors (ODbL),OPENSTREETMAP FEATURE (Precomputed Settlement Centroid)
node/7851858791,dhung khavogi,hamlet,Point,30.44688,78.5968,14.15,OUTSIDE_CORRIDOR,OpenStreetMap contributors (ODbL),OPENSTREETMAP FEATURE (Precomputed Settlement Centroid)
node/7851858794,molta,hamlet,Point,30.44101,78.58858,13.09,OUTSIDE_CORRIDOR,OpenStreetMap contributors (ODbL),OPENSTREETMAP FEATURE (Precomputed Settlement Centroid)
node/7851858795,tharkoti,hamlet,Point,30.43157,78.59445,13.14,OUTSIDE_CORRIDOR,OpenStreetMap contributors (ODbL),OPENSTREETMAP FEATURE (Precomputed Settlement Centroid)
node/7851858796,semya,hamlet,Point,30.42834,78.59667,13.18,OUTSIDE_CORRIDOR,OpenStreetMap contributors (ODbL),OPENSTREETMAP FEATURE (Precomputed Settlement Centroid)
node/7851858797,kandogi,hamlet,Point,30.42076,78.59544,12.67,OUTSIDE_CORRIDOR,OpenStreetMap contributors (ODbL),OPENSTREETMAP FEATURE (Precomputed Settlement Centroid)
node/7852043550,Barakhali,hamlet,Point,30.41252,78.48167,3.63,NEAR_CORRIDOR,OpenStreetMap contributors (ODbL),OPENSTREETMAP FEATURE (Precomputed Settlement Centroid)
node/7852043551,Bangdwara,hamlet,Point,30.4254,78.49111,5.09,NEAR_CORRIDOR,OpenStreetMap contributors (ODbL),OPENSTREETMAP FEATURE (Precomputed Settlement Centroid)
node/7852043552,Dharkot,village,Point,30.42399,78.49637,5.09,NEAR_CORRIDOR,OpenStreetMap contributors (ODbL),OPENSTREETMAP FEATURE (Precomputed Settlement Centroid)
node/7852043554,Barudi,hamlet,Point,30.41499,78.49205,4.05,NEAR_CORRIDOR,OpenStreetMap contributors (ODbL),OPENSTREETMAP FEATURE (Precomputed Settlement Centroid)
node/7852043555,Dangi,hamlet,Point,30.41896,78.48693,4.35,NEAR_CORRIDOR,OpenStreetMap contributors (ODbL),OPENSTREETMAP FEATURE (Precomputed Settlement Centroid)
node/7852043556,Khola,hamlet,Point,30.4173,78.48886,4.21,NEAR_CORRIDOR,OpenStreetMap contributors (ODbL),OPENSTREETMAP FEATURE (Precomputed Settlement Centroid)
node/7852043557,Jalwalgoan Talla,hamlet,Point,30.40597,78.48637,2.99,IN_CORRIDOR,OpenStreetMap contributors (ODbL),OPENSTREETMAP FEATURE (Precomputed Settlement Centroid)
node/7852043558,Jalwalgoan Malla,hamlet,Point,30.40989,78.48972,3.47,NEAR_CORRIDOR,OpenStreetMap contributors (ODbL),OPENSTREETMAP FEATURE (Precomputed Settlement Centroid)
node/7852043559,Kangsali,hamlet,Point,30.41811,78.48199,4.21,NEAR_CORRIDOR,OpenStreetMap contributors (ODbL),OPENSTREETMAP FEATURE (Precomputed Settlement Centroid)
node/7852043560,Nautar,hamlet,Point,30.41989,78.47388,4.46,NEAR_CORRIDOR,OpenStreetMap contributors (ODbL),OPENSTREETMAP FEATURE (Precomputed Settlement Centroid)
node/7852043561,Kharoi,hamlet,Point,30.42187,78.4783,4.61,NEAR_CORRIDOR,OpenStreetMap contributors (ODbL),OPENSTREETMAP FEATURE (Precomputed Settlement Centroid)
node/7852043562,Pathiyana,hamlet,Point,30.4281,78.47854,5.27,NEAR_CORRIDOR,OpenStreetMap contributors (ODbL),OPENSTREETMAP FEATURE (Precomputed Settlement Centroid)
node/7852043563,Gadoli,hamlet,Point,30.43234,78.46506,5.95,NEAR_CORRIDOR,OpenStreetMap contributors (ODbL),OPENSTREETMAP FEATURE (Precomputed Settlement Centroid)
node/7852043564,Shein,hamlet,Point,30.43635,78.4623,6.43,NEAR_CORRIDOR,OpenStreetMap contributors (ODbL),OPENSTREETMAP FEATURE (Precomputed Settlement Centroid)
node/7852043565,Kanda,hamlet,Point,30.44468,78.46863,7.12,NEAR_CORRIDOR,OpenStreetMap contributors (ODbL),OPENSTREETMAP FEATURE (Precomputed Settlement Centroid)
node/7852043566,Koldhar,hamlet,Point,30.44109,78.45715,7.08,NEAR_CORRIDOR,OpenStreetMap contributors (ODbL),OPENSTREETMAP FEATURE (Precomputed Settlement Centroid)
node/7852043568,Jhiwali,hamlet,Point,30.44438,78.44921,7.73,NEAR_CORRIDOR,OpenStreetMap contributors (ODbL),OPENSTREETMAP FEATURE (Precomputed Settlement Centroid)
node/7852043569,Raulkot,village,Point,30.43926,78.44672,7.37,NEAR_CORRIDOR,OpenStreetMap contributors (ODbL),OPENSTREETMAP FEATURE (Precomputed Settlement Centroid)
node/7852995978,ganogi,hamlet,Point,30.39542,78.38556,10.19,OUTSIDE_CORRIDOR,OpenStreetMap contributors (ODbL),OPENSTREETMAP FEATURE (Precomputed Settlement Centroid)
node/7852995979,Baseli,village,Point,30.44986,78.46017,7.86,NEAR_CORRIDOR,OpenStreetMap contributors (ODbL),OPENSTREETMAP FEATURE (Precomputed Settlement Centroid)
node/7852995982,Durwali,hamlet,Point,30.43676,78.37413,12.81,OUTSIDE_CORRIDOR,OpenStreetMap contributors (ODbL),OPENSTREETMAP FEATURE (Precomputed Settlement Centroid)
node/7852995983,Koti,hamlet,Point,30.43387,78.37666,12.43,OUTSIDE_CORRIDOR,OpenStreetMap contributors (ODbL),OPENSTREETMAP FEATURE (Precomputed Settlement Centroid)
node/7853017085,kanthargaon,hamlet,Point,30.38146,78.37842,10.78,OUTSIDE_CORRIDOR,OpenStreetMap contributors (ODbL),OPENSTREETMAP FEATURE (Precomputed Settlement Centroid)
node/7853017086,Silkoti,hamlet,Point,30.37797,78.37885,10.73,OUTSIDE_CORRIDOR,OpenStreetMap contributors (ODbL),OPENSTREETMAP FEATURE (Precomputed Settlement Centroid)
node/7853017087,manjyargaon,hamlet,Point,30.3755,78.38455,10.13,OUTSIDE_CORRIDOR,OpenStreetMap contributors (ODbL),OPENSTREETMAP FEATURE (Precomputed Settlement Centroid)
node/7853017088,Kulogi,hamlet,Point,30.37491,78.39657,8.87,NEAR_CORRIDOR,OpenStreetMap contributors (ODbL),OPENSTREETMAP FEATURE (Precomputed Settlement Centroid)
node/7853017089,Kotigar,hamlet,Point,30.37636,78.39299,9.24,NEAR_CORRIDOR,OpenStreetMap contributors (ODbL),OPENSTREETMAP FEATURE (Precomputed Settlement Centroid)
node/7853017090,Muriagaon,hamlet,Point,30.38078,78.397,8.82,NEAR_CORRIDOR,OpenStreetMap contributors (ODbL),OPENSTREETMAP FEATURE (Precomputed Settlement Centroid)
node/7853017091,Dadur,hamlet,Point,30.38315,78.39966,8.56,NEAR_CORRIDOR,OpenStreetMap contributors (ODbL),OPENSTREETMAP FEATURE (Precomputed Settlement Centroid)
node/7853017092,Nandgaon,hamlet,Point,30.38541,78.40129,8.41,NEAR_CORRIDOR,OpenStreetMap contributors (ODbL),OPENSTREETMAP FEATURE (Precomputed Settlement Centroid)
node/7853017093,Kharikhal,hamlet,Point,30.38528,78.38365,10.25,OUTSIDE_CORRIDOR,OpenStreetMap contributors (ODbL),OPENSTREETMAP FEATURE (Precomputed Settlement Centroid)
node/7853017094,kemargaon,hamlet,Point,30.38828,78.38507,10.13,OUTSIDE_CORRIDOR,OpenStreetMap contributors (ODbL),OPENSTREETMAP FEATURE (Precomputed Settlement Centroid)
node/7853017095,Srikot,hamlet,Point,30.39016,78.40481,8.1,NEAR_CORRIDOR,OpenStreetMap contributors (ODbL),OPENSTREETMAP FEATURE (Precomputed Settlement Centroid)
node/7853017096,Pali,hamlet,Point,30.39996,78.42344,6.47,NEAR_CORRIDOR,OpenStreetMap contributors (ODbL),OPENSTREETMAP FEATURE (Precomputed Settlement Centroid)
node/7853017097,nagot,hamlet,Point,30.39936,78.41756,7.03,NEAR_CORRIDOR,OpenStreetMap contributors (ODbL),OPENSTREETMAP FEATURE (Precomputed Settlement Centroid)
node/7853017098,Korai,hamlet,Point,30.3989,78.41108,7.66,NEAR_CORRIDOR,OpenStreetMap contributors (ODbL),OPENSTREETMAP FEATURE (Precomputed Settlement Centroid)
node/7853017099,malathi,hamlet,Point,30.40108,78.41438,7.4,NEAR_CORRIDOR,OpenStreetMap contributors (ODbL),OPENSTREETMAP FEATURE (Precomputed Settlement Centroid)
node/7853017100,nakot,hamlet,Point,30.40558,78.41316,7.69,NEAR_CORRIDOR,OpenStreetMap contributors (ODbL),OPENSTREETMAP FEATURE (Precomputed Settlement Centroid)
node/7853017102,Bhaindi,hamlet,Point,30.40858,78.39479,9.6,NEAR_CORRIDOR,OpenStreetMap contributors (ODbL),OPENSTREETMAP FEATURE (Precomputed Settlement Centroid)
node/7853017103,khark,hamlet,Point,30.40995,78.39282,9.85,NEAR_CORRIDOR,OpenStreetMap contributors (ODbL),OPENSTREETMAP FEATURE (Precomputed Settlement Centroid)
node/7853017104,Gwalgaon,hamlet,Point,30.41139,78.3917,10.01,OUTSIDE_CORRIDOR,OpenStreetMap contributors (ODbL),OPENSTREETMAP FEATURE (Precomputed Settlement Centroid)
node/7853017105,Kaphalpani,hamlet,Point,30.41274,78.39932,9.32,NEAR_CORRIDOR,OpenStreetMap contributors (ODbL),OPENSTREETMAP FEATURE (Precomputed Settlement Centroid)
node/7853017106,Semwalgaon,hamlet,Point,30.41743,78.3982,9.63,NEAR_CORRIDOR,OpenStreetMap contributors (ODbL),OPENSTREETMAP FEATURE (Precomputed Settlement Centroid)
node/7853017107,margaon,hamlet,Point,30.41722,78.39103,10.31,OUTSIDE_CORRIDOR,OpenStreetMap contributors (ODbL),OPENSTREETMAP FEATURE (Precomputed Settlement Centroid)
node/7853017108,Nalkhakhal,hamlet,Point,30.42077,78.39067,10.49,OUTSIDE_CORRIDOR,OpenStreetMap contributors (ODbL),OPENSTREETMAP FEATURE (Precomputed Settlement Centroid)
node/7853017109,baur,hamlet,Point,30.40479,78.41929,7.06,NEAR_CORRIDOR,OpenStreetMap contributors (ODbL),OPENSTREETMAP FEATURE (Precomputed Settlement Centroid)
node/7853017110,Jugargaon,hamlet,Point,30.39383,78.40762,7.88,NEAR_CORRIDOR,OpenStreetMap contributors (ODbL),OPENSTREETMAP FEATURE (Precomputed Settlement Centroid)
node/7853017111,bergani,hamlet,Point,30.39424,78.41672,6.96,NEAR_CORRIDOR,OpenStreetMap contributors (ODbL),OPENSTREETMAP FEATURE (Precomputed Settlement Centroid)
node/7853017113,jaspur,village,Point,30.39524,78.43494,5.16,NEAR_CORRIDOR,OpenStreetMap contributors (ODbL),OPENSTREETMAP FEATURE (Precomputed Settlement Centroid)
node/7853017115,Jakh,hamlet,Point,30.39668,78.44258,4.49,NEAR_CORRIDOR,OpenStreetMap contributors (ODbL),OPENSTREETMAP FEATURE (Precomputed Settlement Centroid)
node/7853017116,kutha,hamlet,Point,30.39229,78.45401,3.21,NEAR_CORRIDOR,OpenStreetMap contributors (ODbL),OPENSTREETMAP FEATURE (Precomputed Settlement Centroid)
node/7853017117,Gajna,hamlet,Point,30.39994,78.45931,3.24,NEAR_CORRIDOR,OpenStreetMap contributors (ODbL),OPENSTREETMAP FEATURE (Precomputed Settlement Centroid)
node/7853017118,Koti,hamlet,Point,30.40399,78.45609,3.78,NEAR_CORRIDOR,OpenStreetMap contributors (ODbL),OPENSTREETMAP FEATURE (Precomputed Settlement Centroid)
node/7853017119,Balasi Dobata,village,Point,30.41087,78.45318,4.52,NEAR_CORRIDOR,OpenStreetMap contributors (ODbL),OPENSTREETMAP FEATURE (Precomputed Settlement Centroid)
node/7853017120,Narsingh Dhar,hamlet,Point,30.41789,78.40352,9.15,NEAR_CORRIDOR,OpenStreetMap contributors (ODbL),OPENSTREETMAP FEATURE (Precomputed Settlement Centroid)
node/7853017121,Dobri,hamlet,Point,30.41902,78.40739,8.85,NEAR_CORRIDOR,OpenStreetMap contributors (ODbL),OPENSTREETMAP FEATURE (Precomputed Settlement Centroid)
node/7853017122,Sunargaon,hamlet,Point,30.42903,78.40672,9.46,NEAR_CORRIDOR,OpenStreetMap contributors (ODbL),OPENSTREETMAP FEATURE (Precomputed Settlement Centroid)
node/7853017124,Indar,village,Point,30.42973,78.41193,9.06,NEAR_CORRIDOR,OpenStreetMap contributors (ODbL),OPENSTREETMAP FEATURE (Precomputed Settlement Centroid)
node/7853017125,Kaloth,hamlet,Point,30.43545,78.40895,9.68,NEAR_CORRIDOR,OpenStreetMap contributors (ODbL),OPENSTREETMAP FEATURE (Precomputed Settlement Centroid)
node/7853017126,Kilyakhal,hamlet,Point,30.44335,78.39865,11.04,OUTSIDE_CORRIDOR,OpenStreetMap contributors (ODbL),OPENSTREETMAP FEATURE (Precomputed Settlement Centroid)
node/7853017130,palas,hamlet,Point,30.44406,78.42582,9.04,NEAR_CORRIDOR,OpenStreetMap contributors (ODbL),OPENSTREETMAP FEATURE (Precomputed Settlement Centroid)
node/7853122736,Sarl,hamlet,Point,30.44879,78.39517,11.68,OUTSIDE_CORRIDOR,OpenStreetMap contributors (ODbL),OPENSTREETMAP FEATURE (Precomputed Settlement Centroid)
node/7853795292,Dang talla,hamlet,Point,30.40669,78.40178,8.85,NEAR_CORRIDOR,OpenStreetMap contributors (ODbL),OPENSTREETMAP FEATURE (Precomputed Settlement Centroid)
node/7853795293,Kirganni,hamlet,Point,30.4034,78.4066,8.25,NEAR_CORRIDOR,OpenStreetMap contributors (ODbL),OPENSTREETMAP FEATURE (Precomputed Settlement Centroid)
node/7853795296,Sandana,hamlet,Point,30.39518,78.49774,2.52,IN_CORRIDOR,OpenStreetMap contributors (ODbL),OPENSTREETMAP FEATURE (Precomputed Settlement Centroid)
node/7853795298,Unnamed Settlement,hamlet,Point,30.43748,78.45416,6.85,NEAR_CORRIDOR,OpenStreetMap contributors (ODbL),OPENSTREETMAP FEATURE (Precomputed Settlement Centroid)
node/7853797386,Silla Uppu,hamlet,Point,30.44908,78.41273,10.35,OUTSIDE_CORRIDOR,OpenStreetMap contributors (ODbL),OPENSTREETMAP FEATURE (Precomputed Settlement Centroid)
node/7853797388,Gauntagala,hamlet,Point,30.43088,78.42373,8.18,NEAR_CORRIDOR,OpenStreetMap contributors (ODbL),OPENSTREETMAP FEATURE (Precomputed Settlement Centroid)
node/7853797389,Paneth,hamlet,Point,30.43056,78.41878,8.55,NEAR_CORRIDOR,OpenStreetMap contributors (ODbL),OPENSTREETMAP FEATURE (Precomputed Settlement Centroid)
node/7853797390,Rajgaon,hamlet,Point,30.43369,78.42227,8.5,NEAR_CORRIDOR,OpenStreetMap contributors (ODbL),OPENSTREETMAP FEATURE (Precomputed Settlement Centroid)
node/7853797391,Kanyanu,hamlet,Point,30.43581,78.42497,8.45,NEAR_CORRIDOR,OpenStreetMap contributors (ODbL),OPENSTREETMAP FEATURE (Precomputed Settlement Centroid)
node/7853797393,Bankot,hamlet,Point,30.40445,78.39805,9.14,NEAR_CORRIDOR,OpenStreetMap contributors (ODbL),OPENSTREETMAP FEATURE (Precomputed Settlement Centroid)
node/7853797394,Baromangaon,hamlet,Point,30.40897,78.41136,8.0,NEAR_CORRIDOR,OpenStreetMap contributors (ODbL),OPENSTREETMAP FEATURE (Precomputed Settlement Centroid)
node/7853797395,Dang malla,hamlet,Point,30.40745,78.40921,8.15,NEAR_CORRIDOR,OpenStreetMap contributors (ODbL),OPENSTREETMAP FEATURE (Precomputed Settlement Centroid)
node/7853797396,Jaulangi,hamlet,Point,30.40808,78.41404,7.71,NEAR_CORRIDOR,OpenStreetMap contributors (ODbL),OPENSTREETMAP FEATURE (Precomputed Settlement Centroid)
node/7853797398,Jaledi,hamlet,Point,30.38013,78.41586,6.84,NEAR_CORRIDOR,OpenStreetMap contributors (ODbL),OPENSTREETMAP FEATURE (Precomputed Settlement Centroid)
node/7853797400,Pipli,village,Point,30.38072,78.44618,3.67,NEAR_CORRIDOR,OpenStreetMap contributors (ODbL),OPENSTREETMAP FEATURE (Precomputed Settlement Centroid)
node/7853797401,Kemsari,village,Point,30.37399,78.44356,3.95,NEAR_CORRIDOR,OpenStreetMap contributors (ODbL),OPENSTREETMAP FEATURE (Precomputed Settlement Centroid)
node/7853797402,khemra,hamlet,Point,30.37184,78.46153,2.14,IN_CORRIDOR,OpenStreetMap contributors (ODbL),OPENSTREETMAP FEATURE (Precomputed Settlement Centroid)
node/7853797403,Alum,hamlet,Point,30.37763,78.46786,1.38,IN_CORRIDOR,OpenStreetMap contributors (ODbL),OPENSTREETMAP FEATURE (Precomputed Settlement Centroid)
node/7853797404,Kathiagaon,hamlet,Point,30.38039,78.46637,1.56,IN_CORRIDOR,OpenStreetMap contributors (ODbL),OPENSTREETMAP FEATURE (Precomputed Settlement Centroid)
node/7853797405,Dibanu,hamlet,Point,30.38309,78.46652,1.61,IN_CORRIDOR,OpenStreetMap contributors (ODbL),OPENSTREETMAP FEATURE (Precomputed Settlement Centroid)
node/7853797406,pInola talla,hamlet,Point,30.37815,78.45047,3.21,NEAR_CORRIDOR,OpenStreetMap contributors (ODbL),OPENSTREETMAP FEATURE (Precomputed Settlement Centroid)
node/7853797407,pInola Malla,hamlet,Point,30.38152,78.45805,2.44,IN_CORRIDOR,OpenStreetMap contributors (ODbL),OPENSTREETMAP FEATURE (Precomputed Settlement Centroid)
node/7853797408,bagi,hamlet,Point,30.38174,78.46071,2.17,IN_CORRIDOR,OpenStreetMap contributors (ODbL),OPENSTREETMAP FEATURE (Precomputed Settlement Centroid)
node/7853797410,Kund,hamlet,Point,30.38159,78.45451,2.81,IN_CORRIDOR,OpenStreetMap contributors (ODbL),OPENSTREETMAP FEATURE (Precomputed Settlement Centroid)
node/7853797411,Unnamed Settlement,hamlet,Point,30.43044,78.38342,11.63,OUTSIDE_CORRIDOR,OpenStreetMap contributors (ODbL),OPENSTREETMAP FEATURE (Precomputed Settlement Centroid)
node/7853797423,Ujadgaon,hamlet,Point,30.44612,78.37771,12.99,OUTSIDE_CORRIDOR,OpenStreetMap contributors (ODbL),OPENSTREETMAP FEATURE (Precomputed Settlement Centroid)
node/7853797424,Malla Ratnau,hamlet,Point,30.44779,78.38037,12.86,OUTSIDE_CORRIDOR,OpenStreetMap contributors (ODbL),OPENSTREETMAP FEATURE (Precomputed Settlement Centroid)
node/7853797425,Talla Ratnau,hamlet,Point,30.44641,78.38278,12.57,OUTSIDE_CORRIDOR,OpenStreetMap contributors (ODbL),OPENSTREETMAP FEATURE (Precomputed Settlement Centroid)
node/7853797426,Borsari,hamlet,Point,30.4447,78.38271,12.47,OUTSIDE_CORRIDOR,OpenStreetMap contributors (ODbL),OPENSTREETMAP FEATURE (Precomputed Settlement Centroid)
node/7853797427,Dhasan,hamlet,Point,30.44262,78.38846,11.85,OUTSIDE_CORRIDOR,OpenStreetMap contributors (ODbL),OPENSTREETMAP FEATURE (Precomputed Settlement Centroid)
node/7853797428,Churerna,hamlet,Point,30.43798,78.39277,11.2,OUTSIDE_CORRIDOR,OpenStreetMap contributors (ODbL),OPENSTREETMAP FEATURE (Precomputed Settlement Centroid)
node/7853797429,Geygargaon,hamlet,Point,30.43117,78.3899,11.08,OUTSIDE_CORRIDOR,OpenStreetMap contributors (ODbL),OPENSTREETMAP FEATURE (Precomputed Settlement Centroid)
node/7853797430,Seiur,hamlet,Point,30.42756,78.39983,9.99,NEAR_CORRIDOR,OpenStreetMap contributors (ODbL),OPENSTREETMAP FEATURE (Precomputed Settlement Centroid)
node/7853797431,hadgi,hamlet,Point,30.42303,78.41981,7.98,NEAR_CORRIDOR,OpenStreetMap contributors (ODbL),OPENSTREETMAP FEATURE (Precomputed Settlement Centroid)
node/7853797432,maset,hamlet,Point,30.42188,78.4159,8.24,NEAR_CORRIDOR,OpenStreetMap contributors (ODbL),OPENSTREETMAP FEATURE (Precomputed Settlement Centroid)
node/7853797433,Jiundasu,hamlet,Point,30.41683,78.42981,6.75,NEAR_CORRIDOR,OpenStreetMap contributors (ODbL),OPENSTREETMAP FEATURE (Precomputed Settlement Centroid)
node/7853797434,Raunia,hamlet,Point,30.43826,78.47832,6.33,NEAR_CORRIDOR,OpenStreetMap contributors (ODbL),OPENSTREETMAP FEATURE (Precomputed Settlement Centroid)
node/7853797450,Nagar,hamlet,Point,30.40227,78.4267,6.25,NEAR_CORRIDOR,OpenStreetMap contributors (ODbL),OPENSTREETMAP FEATURE (Precomputed Settlement Centroid)
node/7853797451,Ramgaon,hamlet,Point,30.40532,78.4344,5.67,NEAR_CORRIDOR,OpenStreetMap contributors (ODbL),OPENSTREETMAP FEATURE (Precomputed Settlement Centroid)
node/7853797452,Jhulakgaon,hamlet,Point,30.40869,78.43946,5.42,NEAR_CORRIDOR,OpenStreetMap contributors (ODbL),OPENSTREETMAP FEATURE (Precomputed Settlement Centroid)
node/7853797453,Tiwargaon,hamlet,Point,30.41352,78.44526,5.29,NEAR_CORRIDOR,OpenStreetMap contributors (ODbL),OPENSTREETMAP FEATURE (Precomputed Settlement Centroid)
node/7853797454,Marora,hamlet,Point,30.41811,78.44189,5.88,NEAR_CORRIDOR,OpenStreetMap contributors (ODbL),OPENSTREETMAP FEATURE (Precomputed Settlement Centroid)
node/7853812265,Unnamed Settlement,hamlet,Point,30.43324,78.487,5.83,NEAR_CORRIDOR,OpenStreetMap contributors (ODbL),OPENSTREETMAP FEATURE (Precomputed Settlement Centroid)
node/7854142345,Dikholgaon,village,Point,30.38769,78.39429,9.16,NEAR_CORRIDOR,OpenStreetMap contributors (ODbL),OPENSTREETMAP FEATURE (Precomputed Settlement Centroid)
node/7856628347,Saur,hamlet,Point,30.39744,78.33387,15.58,OUTSIDE_CORRIDOR,OpenStreetMap contributors (ODbL),OPENSTREETMAP FEATURE (Precomputed Settlement Centroid)
node/7856628350,khuret,hamlet,Point,30.3982,78.31956,17.08,OUTSIDE_CORRIDOR,OpenStreetMap contributors (ODbL),OPENSTREETMAP FEATURE (Precomputed Settlement Centroid)
node/7856628351,Pujalri,hamlet,Point,30.39107,78.32316,16.63,OUTSIDE_CORRIDOR,OpenStreetMap contributors (ODbL),OPENSTREETMAP FEATURE (Precomputed Settlement Centroid)
node/7856628353,Unnamed Settlement,hamlet,Point,30.38705,78.31381,17.58,OUTSIDE_CORRIDOR,OpenStreetMap contributors (ODbL),OPENSTREETMAP FEATURE (Precomputed Settlement Centroid)
node/7856628354,Badyo,hamlet,Point,30.37678,78.31572,17.36,OUTSIDE_CORRIDOR,OpenStreetMap contributors (ODbL),OPENSTREETMAP FEATURE (Precomputed Settlement Centroid)
node/7856628355,Buranskanda,hamlet,Point,30.3758,78.30231,18.76,OUTSIDE_CORRIDOR,OpenStreetMap contributors (ODbL),OPENSTREETMAP FEATURE (Precomputed Settlement Centroid)
node/7856663551,Raunshkhal,hamlet,Point,30.41933,78.3283,16.61,OUTSIDE_CORRIDOR,OpenStreetMap contributors (ODbL),OPENSTREETMAP FEATURE (Precomputed Settlement Centroid)
node/7856663552,Kanatal,village,Point,30.41533,78.32119,17.23,OUTSIDE_CORRIDOR,OpenStreetMap contributors (ODbL),OPENSTREETMAP FEATURE (Precomputed Settlement Centroid)
node/7856663553,Devdarshnidhar,hamlet,Point,30.42074,78.31218,18.29,OUTSIDE_CORRIDOR,OpenStreetMap contributors (ODbL),OPENSTREETMAP FEATURE (Precomputed Settlement Centroid)
node/7856663558,Senwalipatal,hamlet,Point,30.44449,78.3081,19.45,OUTSIDE_CORRIDOR,OpenStreetMap contributors (ODbL),OPENSTREETMAP FEATURE (Precomputed Settlement Centroid)
node/7856727584,Borgad,hamlet,Point,30.41237,78.3475,14.48,OUTSIDE_CORRIDOR,OpenStreetMap contributors (ODbL),OPENSTREETMAP FEATURE (Precomputed Settlement Centroid)
node/7856731285,Thangdhar,hamlet,Point,30.41134,78.34179,15.03,OUTSIDE_CORRIDOR,OpenStreetMap contributors (ODbL),OPENSTREETMAP FEATURE (Precomputed Settlement Centroid)
node/7856731286,Shangaon,hamlet,Point,30.40852,78.32883,16.3,OUTSIDE_CORRIDOR,OpenStreetMap contributors (ODbL),OPENSTREETMAP FEATURE (Precomputed Settlement Centroid)
node/7856839137,Chakwtal,hamlet,Point,30.42917,78.30299,19.45,OUTSIDE_CORRIDOR,OpenStreetMap contributors (ODbL),OPENSTREETMAP FEATURE (Precomputed Settlement Centroid)
node/7856839138,Chilam,hamlet,Point,30.37534,78.34913,13.85,OUTSIDE_CORRIDOR,OpenStreetMap contributors (ODbL),OPENSTREETMAP FEATURE (Precomputed Settlement Centroid)
node/7856839139,Ganogi,hamlet,Point,30.3735,78.35788,12.94,OUTSIDE_CORRIDOR,OpenStreetMap contributors (ODbL),OPENSTREETMAP FEATURE (Precomputed Settlement Centroid)
node/7856839140,Udkot Maniyar,village,Point,30.38072,78.36445,12.24,OUTSIDE_CORRIDOR,OpenStreetMap contributors (ODbL),OPENSTREETMAP FEATURE (Precomputed Settlement Centroid)
node/7856839141,Churardhar,hamlet,Point,30.37995,78.36441,12.24,OUTSIDE_CORRIDOR,OpenStreetMap contributors (ODbL),OPENSTREETMAP FEATURE (Precomputed Settlement Centroid)
node/7856839142,Dharkot,hamlet,Point,30.38374,78.35305,13.45,OUTSIDE_CORRIDOR,OpenStreetMap contributors (ODbL),OPENSTREETMAP FEATURE (Precomputed Settlement Centroid)
node/7856839143,Silogi,hamlet,Point,30.38624,78.35357,13.41,OUTSIDE_CORRIDOR,OpenStreetMap contributors (ODbL),OPENSTREETMAP FEATURE (Precomputed Settlement Centroid)
node/7856839144,Choprialgaon,hamlet,Point,30.39016,78.36007,12.76,OUTSIDE_CORRIDOR,OpenStreetMap contributors (ODbL),OPENSTREETMAP FEATURE (Precomputed Settlement Centroid)
node/7856839145,Chaurani,hamlet,Point,30.39115,78.35196,13.62,OUTSIDE_CORRIDOR,OpenStreetMap contributors (ODbL),OPENSTREETMAP FEATURE (Precomputed Settlement Centroid)
node/7858004670,Unnamed Settlement,hamlet,Point,30.40009,78.35607,13.32,OUTSIDE_CORRIDOR,OpenStreetMap contributors (ODbL),OPENSTREETMAP FEATURE (Precomputed Settlement Centroid)
node/7858004681,Unnamed Settlement,hamlet,Point,30.41326,78.3267,16.62,OUTSIDE_CORRIDOR,OpenStreetMap contributors (ODbL),OPENSTREETMAP FEATURE (Precomputed Settlement Centroid)
node/7858004682,Unnamed Settlement,hamlet,Point,30.41472,78.33467,15.84,OUTSIDE_CORRIDOR,OpenStreetMap contributors (ODbL),OPENSTREETMAP FEATURE (Precomputed Settlement Centroid)
node/7858004683,Dhangdhar,hamlet,Point,30.41892,78.34852,14.56,OUTSIDE_CORRIDOR,OpenStreetMap contributors (ODbL),OPENSTREETMAP FEATURE (Precomputed Settlement Centroid)
node/7858004684,Molakharak,hamlet,Point,30.41752,78.35765,13.6,OUTSIDE_CORRIDOR,OpenStreetMap contributors (ODbL),OPENSTREETMAP FEATURE (Precomputed Settlement Centroid)
node/7858062585,Gaithat,hamlet,Point,30.42999,78.35535,14.28,OUTSIDE_CORRIDOR,OpenStreetMap contributors (ODbL),OPENSTREETMAP FEATURE (Precomputed Settlement Centroid)
node/7858062586,Bhongar,hamlet,Point,30.42644,78.35252,14.42,OUTSIDE_CORRIDOR,OpenStreetMap contributors (ODbL),OPENSTREETMAP FEATURE (Precomputed Settlement Centroid)
node/7858062587,Kainthogi,hamlet,Point,30.42477,78.3487,14.73,OUTSIDE_CORRIDOR,OpenStreetMap contributors (ODbL),OPENSTREETMAP FEATURE (Precomputed Settlement Centroid)
node/7858062588,nair,hamlet,Point,30.42037,78.34387,15.07,OUTSIDE_CORRIDOR,OpenStreetMap contributors (ODbL),OPENSTREETMAP FEATURE (Precomputed Settlement Centroid)
node/7858062592,Thauldhar,hamlet,Point,30.44668,78.37114,13.6,OUTSIDE_CORRIDOR,OpenStreetMap contributors (ODbL),OPENSTREETMAP FEATURE (Precomputed Settlement Centroid)
node/7858062593,Kiulagi,hamlet,Point,30.44449,78.37346,13.28,OUTSIDE_CORRIDOR,OpenStreetMap contributors (ODbL),OPENSTREETMAP FEATURE (Precomputed Settlement Centroid)
node/7858062596,Unnamed Settlement,hamlet,Point,30.40434,78.32381,16.74,OUTSIDE_CORRIDOR,OpenStreetMap contributors (ODbL),OPENSTREETMAP FEATURE (Precomputed Settlement Centroid)
node/7858062597,Unnamed Settlement,hamlet,Point,30.38829,78.33527,15.34,OUTSIDE_CORRIDOR,OpenStreetMap contributors (ODbL),OPENSTREETMAP FEATURE (Precomputed Settlement Centroid)
node/7858062598,Unnamed Settlement,hamlet,Point,30.38743,78.32458,16.45,OUTSIDE_CORRIDOR,OpenStreetMap contributors (ODbL),OPENSTREETMAP FEATURE (Precomputed Settlement Centroid)
node/7858062599,Unnamed Settlement,hamlet,Point,30.4342,78.30479,19.42,OUTSIDE_CORRIDOR,OpenStreetMap contributors (ODbL),OPENSTREETMAP FEATURE (Precomputed Settlement Centroid)
node/7858062612,Unnamed Settlement,hamlet,Point,30.38428,78.30651,18.33,OUTSIDE_CORRIDOR,OpenStreetMap contributors (ODbL),OPENSTREETMAP FEATURE (Precomputed Settlement Centroid)
node/7858062625,Chauki Chunnrani,hamlet,Point,30.39638,78.3675,12.07,OUTSIDE_CORRIDOR,OpenStreetMap contributors (ODbL),OPENSTREETMAP FEATURE (Precomputed Settlement Centroid)
node/7858062626,Nager,hamlet,Point,30.39864,78.34102,14.86,OUTSIDE_CORRIDOR,OpenStreetMap contributors (ODbL),OPENSTREETMAP FEATURE (Precomputed Settlement Centroid)
node/7858062627,kand,hamlet,Point,30.39785,78.34576,14.35,OUTSIDE_CORRIDOR,OpenStreetMap contributors (ODbL),OPENSTREETMAP FEATURE (Precomputed Settlement Centroid)
node/7858062628,DHungli,hamlet,Point,30.39257,78.33758,15.14,OUTSIDE_CORRIDOR,OpenStreetMap contributors (ODbL),OPENSTREETMAP FEATURE (Precomputed Settlement Centroid)
node/7858062629,Sonargaon,hamlet,Point,30.38937,78.34336,14.5,OUTSIDE_CORRIDOR,OpenStreetMap contributors (ODbL),OPENSTREETMAP FEATURE (Precomputed Settlement Centroid)
node/7858062630,kakhwari,hamlet,Point,30.38657,78.34235,14.59,OUTSIDE_CORRIDOR,OpenStreetMap contributors (ODbL),OPENSTREETMAP FEATURE (Precomputed Settlement Centroid)
node/7862001384,Kurialgaon,hamlet,Point,30.34751,78.35132,13.99,OUTSIDE_CORRIDOR,OpenStreetMap contributors (ODbL),OPENSTREETMAP FEATURE (Precomputed Settlement Centroid)
node/7862005641,Tilwalgaon,hamlet,Point,30.36232,78.35977,12.84,OUTSIDE_CORRIDOR,OpenStreetMap contributors (ODbL),OPENSTREETMAP FEATURE (Precomputed Settlement Centroid)
node/7862005642,Dangsari,hamlet,Point,30.36043,78.35153,13.72,OUTSIDE_CORRIDOR,OpenStreetMap contributors (ODbL),OPENSTREETMAP FEATURE (Precomputed Settlement Centroid)
node/7862005643,gwar,hamlet,Point,30.35203,78.34655,14.38,OUTSIDE_CORRIDOR,OpenStreetMap contributors (ODbL),OPENSTREETMAP FEATURE (Precomputed Settlement Centroid)
node/7862005644,kildagi,hamlet,Point,30.33705,78.36142,13.27,OUTSIDE_CORRIDOR,OpenStreetMap contributors (ODbL),OPENSTREETMAP FEATURE (Precomputed Settlement Centroid)
node/7862005645,Sudhara,hamlet,Point,30.34097,78.36325,12.96,OUTSIDE_CORRIDOR,OpenStreetMap contributors (ODbL),OPENSTREETMAP FEATURE (Precomputed Settlement Centroid)
node/7862020085,Kemrigaon,hamlet,Point,30.35392,78.35535,13.43,OUTSIDE_CORRIDOR,OpenStreetMap contributors (ODbL),OPENSTREETMAP FEATURE (Precomputed Settlement Centroid)
node/7862020086,Dyuu,hamlet,Point,30.34884,78.36453,12.61,OUTSIDE_CORRIDOR,OpenStreetMap contributors (ODbL),OPENSTREETMAP FEATURE (Precomputed Settlement Centroid)
node/7862020087,Manda,hamlet,Point,30.33369,78.36301,13.23,OUTSIDE_CORRIDOR,OpenStreetMap contributors (ODbL),OPENSTREETMAP FEATURE (Precomputed Settlement Centroid)
node/7862020088,Upli,hamlet,Point,30.33008,78.36348,13.33,OUTSIDE_CORRIDOR,OpenStreetMap contributors (ODbL),OPENSTREETMAP FEATURE (Precomputed Settlement Centroid)
node/7862020089,Bhaisaina,hamlet,Point,30.32673,78.36582,13.24,OUTSIDE_CORRIDOR,OpenStreetMap contributors (ODbL),OPENSTREETMAP FEATURE (Precomputed Settlement Centroid)
node/7862020090,Lawadhar,hamlet,Point,30.32651,78.37511,12.36,OUTSIDE_CORRIDOR,OpenStreetMap contributors (ODbL),OPENSTREETMAP FEATURE (Precomputed Settlement Centroid)
node/7862020091,bariyan,hamlet,Point,30.32888,78.37144,12.61,OUTSIDE_CORRIDOR,OpenStreetMap contributors (ODbL),OPENSTREETMAP FEATURE (Precomputed Settlement Centroid)
node/7862020092,Birkate,hamlet,Point,30.3248,78.37505,12.45,OUTSIDE_CORRIDOR,OpenStreetMap contributors (ODbL),OPENSTREETMAP FEATURE (Precomputed Settlement Centroid)
node/7862020093,Chopra,hamlet,Point,30.3268,78.38342,11.57,OUTSIDE_CORRIDOR,OpenStreetMap contributors (ODbL),OPENSTREETMAP FEATURE (Precomputed Settlement Centroid)
node/7862020094,Jardhargaon,village,Point,30.33882,78.35138,14.22,OUTSIDE_CORRIDOR,OpenStreetMap contributors (ODbL),OPENSTREETMAP FEATURE (Precomputed Settlement Centroid)
node/7862020095,Charmthangaon,hamlet,Point,30.34605,78.33997,15.18,OUTSIDE_CORRIDOR,OpenStreetMap contributors (ODbL),OPENSTREETMAP FEATURE (Precomputed Settlement Centroid)
node/7862020096,Jardhargaon,hamlet,Point,30.34953,78.32971,16.16,OUTSIDE_CORRIDOR,OpenStreetMap contributors (ODbL),OPENSTREETMAP FEATURE (Precomputed Settlement Centroid)
node/7862020097,Sunalgaon,hamlet,Point,30.34682,78.33112,16.07,OUTSIDE_CORRIDOR,OpenStreetMap contributors (ODbL),OPENSTREETMAP FEATURE (Precomputed Settlement Centroid)
node/7862020098,Kurmargaon,hamlet,Point,30.35212,78.32577,16.52,OUTSIDE_CORRIDOR,OpenStreetMap contributors (ODbL),OPENSTREETMAP FEATURE (Precomputed Settlement Centroid)
node/7862020099,Swari,hamlet,Point,30.35773,78.33479,15.5,OUTSIDE_CORRIDOR,OpenStreetMap contributors (ODbL),OPENSTREETMAP FEATURE (Precomputed Settlement Centroid)
node/7862020101,balog,hamlet,Point,30.36548,78.32136,16.81,OUTSIDE_CORRIDOR,OpenStreetMap contributors (ODbL),OPENSTREETMAP FEATURE (Precomputed Settlement Centroid)
node/7862020110,paturi,hamlet,Point,30.32226,78.36934,13.1,OUTSIDE_CORRIDOR,OpenStreetMap contributors (ODbL),OPENSTREETMAP FEATURE (Precomputed Settlement Centroid)
node/7862020112,Maund,hamlet,Point,30.3138,78.3661,13.82,OUTSIDE_CORRIDOR,OpenStreetMap contributors (ODbL),OPENSTREETMAP FEATURE (Precomputed Settlement Centroid)
node/7862020113,Khotiar,village,Point,30.32023,78.36857,13.27,OUTSIDE_CORRIDOR,OpenStreetMap contributors (ODbL),OPENSTREETMAP FEATURE (Precomputed Settlement Centroid)
node/7862020114,Katani,hamlet,Point,30.32651,78.35831,13.97,OUTSIDE_CORRIDOR,OpenStreetMap contributors (ODbL),OPENSTREETMAP FEATURE (Precomputed Settlement Centroid)
node/7862020115,Ghuson,hamlet,Point,30.31853,78.35095,15.02,OUTSIDE_CORRIDOR,OpenStreetMap contributors (ODbL),OPENSTREETMAP FEATURE (Precomputed Settlement Centroid)
node/7862020116,Nagani,hamlet,Point,30.32158,78.35099,14.88,OUTSIDE_CORRIDOR,OpenStreetMap contributors (ODbL),OPENSTREETMAP FEATURE (Precomputed Settlement Centroid)
node/7862020117,Than,hamlet,Point,30.31673,78.35232,14.96,OUTSIDE_CORRIDOR,OpenStreetMap contributors (ODbL),OPENSTREETMAP FEATURE (Precomputed Settlement Centroid)
node/7862020118,Silasaur,hamlet,Point,30.31017,78.3423,16.21,OUTSIDE_CORRIDOR,OpenStreetMap contributors (ODbL),OPENSTREETMAP FEATURE (Precomputed Settlement Centroid)
node/7862020121,Naur,hamlet,Point,30.25299,78.35664,15.23,OUTSIDE_CORRIDOR,OpenStreetMap contributors (ODbL),OPENSTREETMAP FEATURE (Precomputed Settlement Centroid)
node/7862020122,basu,hamlet,Point,30.25692,78.35608,15.65,OUTSIDE_CORRIDOR,OpenStreetMap contributors (ODbL),OPENSTREETMAP FEATURE (Precomputed Settlement Centroid)
node/7862020123,Salekh,hamlet,Point,30.26429,78.35393,16.33,OUTSIDE_CORRIDOR,OpenStreetMap contributors (ODbL),OPENSTREETMAP FEATURE (Precomputed Settlement Centroid)
node/7862020124,Pipleth,hamlet,Point,30.27415,78.35599,15.84,OUTSIDE_CORRIDOR,OpenStreetMap contributors (ODbL),OPENSTREETMAP FEATURE (Precomputed Settlement Centroid)
node/7862020125,Lamyali,hamlet,Point,30.25886,78.37359,14.51,OUTSIDE_CORRIDOR,OpenStreetMap contributors (ODbL),OPENSTREETMAP FEATURE (Precomputed Settlement Centroid)
node/7862020126,Chiriyali,village,Point,30.27067,78.37368,14.15,OUTSIDE_CORRIDOR,OpenStreetMap contributors (ODbL),OPENSTREETMAP FEATURE (Precomputed Settlement Centroid)
node/7862020127,Kumali,hamlet,Point,30.28698,78.35887,15.26,OUTSIDE_CORRIDOR,OpenStreetMap contributors (ODbL),OPENSTREETMAP FEATURE (Precomputed Settlement Centroid)
node/7862020128,Chaupna,hamlet,Point,30.28182,78.35844,15.4,OUTSIDE_CORRIDOR,OpenStreetMap contributors (ODbL),OPENSTREETMAP FEATURE (Precomputed Settlement Centroid)
node/7862020129,Bidon,hamlet,Point,30.29687,78.35664,15.31,OUTSIDE_CORRIDOR,OpenStreetMap contributors (ODbL),OPENSTREETMAP FEATURE (Precomputed Settlement Centroid)
node/7862020130,Than,hamlet,Point,30.30165,78.35499,15.39,OUTSIDE_CORRIDOR,OpenStreetMap contributors (ODbL),OPENSTREETMAP FEATURE (Precomputed Settlement Centroid)
node/7862020131,Khankai,hamlet,Point,30.30206,78.36956,13.88,OUTSIDE_CORRIDOR,OpenStreetMap contributors (ODbL),OPENSTREETMAP FEATURE (Precomputed Settlement Centroid)
node/7862020132,Sonarkut,hamlet,Point,30.29802,78.37277,13.62,OUTSIDE_CORRIDOR,OpenStreetMap contributors (ODbL),OPENSTREETMAP FEATURE (Precomputed Settlement Centroid)
node/7862020133,Palas,hamlet,Point,30.32062,78.34574,15.43,OUTSIDE_CORRIDOR,OpenStreetMap contributors (ODbL),OPENSTREETMAP FEATURE (Precomputed Settlement Centroid)
node/7862020134,Jilli,hamlet,Point,30.31325,78.33844,16.44,OUTSIDE_CORRIDOR,OpenStreetMap contributors (ODbL),OPENSTREETMAP FEATURE (Precomputed Settlement Centroid)
node/7862020141,Kukhar Malli,hamlet,Point,30.25543,78.30179,16.66,OUTSIDE_CORRIDOR,OpenStreetMap contributors (ODbL),OPENSTREETMAP FEATURE (Precomputed Settlement Centroid)
node/7862020142,Kukhai Bichli,hamlet,Point,30.26025,78.30076,17.18,OUTSIDE_CORRIDOR,OpenStreetMap contributors (ODbL),OPENSTREETMAP FEATURE (Precomputed Settlement Centroid)
node/7862020144,Udkhanda,hamlet,Point,30.27797,78.33269,18.13,OUTSIDE_CORRIDOR,OpenStreetMap contributors (ODbL),OPENSTREETMAP FEATURE (Precomputed Settlement Centroid)
node/7862020145,Gwar,hamlet,Point,30.2879,78.32834,18.4,OUTSIDE_CORRIDOR,OpenStreetMap contributors (ODbL),OPENSTREETMAP FEATURE (Precomputed Settlement Centroid)
node/7862020147,kanigad,hamlet,Point,30.308,78.31647,18.77,OUTSIDE_CORRIDOR,OpenStreetMap contributors (ODbL),OPENSTREETMAP FEATURE (Precomputed Settlement Centroid)
node/7862020148,Bagi,hamlet,Point,30.3253,78.32188,17.6,OUTSIDE_CORRIDOR,OpenStreetMap contributors (ODbL),OPENSTREETMAP FEATURE (Precomputed Settlement Centroid)
node/7862020150,Chopri,hamlet,Point,30.34842,78.30325,18.92,OUTSIDE_CORRIDOR,OpenStreetMap contributors (ODbL),OPENSTREETMAP FEATURE (Precomputed Settlement Centroid)
node/7862020151,Badiyon,hamlet,Point,30.3468,78.31031,18.22,OUTSIDE_CORRIDOR,OpenStreetMap contributors (ODbL),OPENSTREETMAP FEATURE (Precomputed Settlement Centroid)
node/7862020152,Unnamed Settlement,hamlet,Point,30.33942,78.31357,18.04,OUTSIDE_CORRIDOR,OpenStreetMap contributors (ODbL),OPENSTREETMAP FEATURE (Precomputed Settlement Centroid)
node/7862020153,Mathiangaon,hamlet,Point,30.33527,78.3152,17.98,OUTSIDE_CORRIDOR,OpenStreetMap contributors (ODbL),OPENSTREETMAP FEATURE (Precomputed Settlement Centroid)
node/7862020154,Hurkadanda,hamlet,Point,30.33249,78.32293,17.27,OUTSIDE_CORRIDOR,OpenStreetMap contributors (ODbL),OPENSTREETMAP FEATURE (Precomputed Settlement Centroid)
node/7864708574,Unnamed Settlement,hamlet,Point,30.27617,78.37644,13.71,OUTSIDE_CORRIDOR,OpenStreetMap contributors (ODbL),OPENSTREETMAP FEATURE (Precomputed Settlement Centroid)
node/7864708575,Unnamed Settlement,hamlet,Point,30.28068,78.36845,14.4,OUTSIDE_CORRIDOR,OpenStreetMap contributors (ODbL),OPENSTREETMAP FEATURE (Precomputed Settlement Centroid)
node/7864708576,Unnamed Settlement,hamlet,Point,30.28575,78.36383,14.77,OUTSIDE_CORRIDOR,OpenStreetMap contributors (ODbL),OPENSTREETMAP FEATURE (Precomputed Settlement Centroid)
node/7864708577,Unnamed Settlement,hamlet,Point,30.27808,78.36267,15.06,OUTSIDE_CORRIDOR,OpenStreetMap contributors (ODbL),OPENSTREETMAP FEATURE (Precomputed Settlement Centroid)
node/7864708578,Khadi Malli,hamlet,Point,30.2856,78.36964,14.17,OUTSIDE_CORRIDOR,OpenStreetMap contributors (ODbL),OPENSTREETMAP FEATURE (Precomputed Settlement Centroid)
node/7864708579,Rampur,hamlet,Point,30.29035,78.37775,13.24,OUTSIDE_CORRIDOR,OpenStreetMap contributors (ODbL),OPENSTREETMAP FEATURE (Precomputed Settlement Centroid)
node/7864708580,Paliga,hamlet,Point,30.2839,78.37801,13.35,OUTSIDE_CORRIDOR,OpenStreetMap contributors (ODbL),OPENSTREETMAP FEATURE (Precomputed Settlement Centroid)
node/7864708581,Bhandargaon,hamlet,Point,30.28649,78.37629,13.47,OUTSIDE_CORRIDOR,OpenStreetMap contributors (ODbL),OPENSTREETMAP FEATURE (Precomputed Settlement Centroid)
node/7864708582,Kaud,hamlet,Point,30.29954,78.36282,14.62,OUTSIDE_CORRIDOR,OpenStreetMap contributors (ODbL),OPENSTREETMAP FEATURE (Precomputed Settlement Centroid)
node/7864708583,Tibli,hamlet,Point,30.29005,78.36762,14.3,OUTSIDE_CORRIDOR,OpenStreetMap contributors (ODbL),OPENSTREETMAP FEATURE (Precomputed Settlement Centroid)
node/7864715086,Unnamed Settlement,hamlet,Point,30.25638,78.36403,15.42,OUTSIDE_CORRIDOR,OpenStreetMap contributors (ODbL),OPENSTREETMAP FEATURE (Precomputed Settlement Centroid)
node/7864715089,Unnamed Settlement,hamlet,Point,30.34129,78.34329,14.96,OUTSIDE_CORRIDOR,OpenStreetMap contributors (ODbL),OPENSTREETMAP FEATURE (Precomputed Settlement Centroid)
node/7864715091,Unnamed Settlement,hamlet,Point,30.32296,78.33756,16.13,OUTSIDE_CORRIDOR,OpenStreetMap contributors (ODbL),OPENSTREETMAP FEATURE (Precomputed Settlement Centroid)
node/7864715095,Bahera,hamlet,Point,30.35484,78.36788,12.12,OUTSIDE_CORRIDOR,OpenStreetMap contributors (ODbL),OPENSTREETMAP FEATURE (Precomputed Settlement Centroid)
node/7864715096,Dhaulyani,hamlet,Point,30.3531,78.37715,11.21,OUTSIDE_CORRIDOR,OpenStreetMap contributors (ODbL),OPENSTREETMAP FEATURE (Precomputed Settlement Centroid)
node/7864715097,Talli,hamlet,Point,30.35136,78.37041,11.94,OUTSIDE_CORRIDOR,OpenStreetMap contributors (ODbL),OPENSTREETMAP FEATURE (Precomputed Settlement Centroid)
node/7864715098,Dyuri,hamlet,Point,30.35158,78.37689,11.28,OUTSIDE_CORRIDOR,OpenStreetMap contributors (ODbL),OPENSTREETMAP FEATURE (Precomputed Settlement Centroid)
node/7864715099,Saimwari,hamlet,Point,30.34316,78.37434,11.78,OUTSIDE_CORRIDOR,OpenStreetMap contributors (ODbL),OPENSTREETMAP FEATURE (Precomputed Settlement Centroid)
node/7864715100,Satiariyon,hamlet,Point,30.34381,78.36642,12.55,OUTSIDE_CORRIDOR,OpenStreetMap contributors (ODbL),OPENSTREETMAP FEATURE (Precomputed Settlement Centroid)
node/7864715101,Gad,hamlet,Point,30.34869,78.36938,12.12,OUTSIDE_CORRIDOR,OpenStreetMap contributors (ODbL),OPENSTREETMAP FEATURE (Precomputed Settlement Centroid)
node/7864715102,Khettu,hamlet,Point,30.34507,78.37226,11.93,OUTSIDE_CORRIDOR,OpenStreetMap contributors (ODbL),OPENSTREETMAP FEATURE (Precomputed Settlement Centroid)
node/7864715103,Nyugalgaon,hamlet,Point,30.35088,78.35026,14.02,OUTSIDE_CORRIDOR,OpenStreetMap contributors (ODbL),OPENSTREETMAP FEATURE (Precomputed Settlement Centroid)
node/7864715104,Garainch,hamlet,Point,30.34771,78.35963,13.13,OUTSIDE_CORRIDOR,OpenStreetMap contributors (ODbL),OPENSTREETMAP FEATURE (Precomputed Settlement Centroid)
node/7864715105,kati,hamlet,Point,30.3464,78.36192,12.94,OUTSIDE_CORRIDOR,OpenStreetMap contributors (ODbL),OPENSTREETMAP FEATURE (Precomputed Settlement Centroid)
node/7864715106,Jaul,hamlet,Point,30.34269,78.37136,12.09,OUTSIDE_CORRIDOR,OpenStreetMap contributors (ODbL),OPENSTREETMAP FEATURE (Precomputed Settlement Centroid)
node/7864715107,Chhiyun,hamlet,Point,30.34047,78.37239,12.07,OUTSIDE_CORRIDOR,OpenStreetMap contributors (ODbL),OPENSTREETMAP FEATURE (Precomputed Settlement Centroid)
node/7864715108,Bhandargaon,hamlet,Point,30.33766,78.37084,12.32,OUTSIDE_CORRIDOR,OpenStreetMap contributors (ODbL),OPENSTREETMAP FEATURE (Precomputed Settlement Centroid)
node/7864715109,Unnamed Settlement,hamlet,Point,30.35169,78.33664,15.41,OUTSIDE_CORRIDOR,OpenStreetMap contributors (ODbL),OPENSTREETMAP FEATURE (Precomputed Settlement Centroid)
node/7864715110,Tipkhalgaon,hamlet,Point,30.35412,78.34398,14.6,OUTSIDE_CORRIDOR,OpenStreetMap contributors (ODbL),OPENSTREETMAP FEATURE (Precomputed Settlement Centroid)
node/7864715111,Kumargaon,hamlet,Point,30.35754,78.34064,14.89,OUTSIDE_CORRIDOR,OpenStreetMap contributors (ODbL),OPENSTREETMAP FEATURE (Precomputed Settlement Centroid)
node/7864715112,Nidwalgaon,hamlet,Point,30.35632,78.34168,14.8,OUTSIDE_CORRIDOR,OpenStreetMap contributors (ODbL),OPENSTREETMAP FEATURE (Precomputed Settlement Centroid)
node/7864715113,Kurialgaon,hamlet,Point,30.35762,78.35093,13.82,OUTSIDE_CORRIDOR,OpenStreetMap contributors (ODbL),OPENSTREETMAP FEATURE (Precomputed Settlement Centroid)
node/7864715114,Arogi,hamlet,Point,30.35883,78.36056,12.8,OUTSIDE_CORRIDOR,OpenStreetMap contributors (ODbL),OPENSTREETMAP FEATURE (Precomputed Settlement Centroid)
node/7864715115,nakot,hamlet,Point,30.3594,78.36411,12.43,OUTSIDE_CORRIDOR,OpenStreetMap contributors (ODbL),OPENSTREETMAP FEATURE (Precomputed Settlement Centroid)
node/7864715116,hadam Malla,hamlet,Point,30.36771,78.3758,11.1,OUTSIDE_CORRIDOR,OpenStreetMap contributors (ODbL),OPENSTREETMAP FEATURE (Precomputed Settlement Centroid)
node/7864715117,Arakot,village,Point,30.36491,78.37749,10.95,OUTSIDE_CORRIDOR,OpenStreetMap contributors (ODbL),OPENSTREETMAP FEATURE (Precomputed Settlement Centroid)
node/7864715118,Unnamed Settlement,hamlet,Point,30.37261,78.3105,17.91,OUTSIDE_CORRIDOR,OpenStreetMap contributors (ODbL),OPENSTREETMAP FEATURE (Precomputed Settlement Centroid)
node/7864715121,Unnamed Settlement,hamlet,Point,30.36384,78.33432,15.47,OUTSIDE_CORRIDOR,OpenStreetMap contributors (ODbL),OPENSTREETMAP FEATURE (Precomputed Settlement Centroid)
node/7865297079,Unnamed Settlement,hamlet,Point,30.38336,78.30106,18.9,OUTSIDE_CORRIDOR,OpenStreetMap contributors (ODbL),OPENSTREETMAP FEATURE (Precomputed Settlement Centroid)
node/7865310922,Unnamed Settlement,hamlet,Point,30.34014,78.33698,15.64,OUTSIDE_CORRIDOR,OpenStreetMap contributors (ODbL),OPENSTREETMAP FEATURE (Precomputed Settlement Centroid)
node/7865310923,Unnamed Settlement,hamlet,Point,30.26264,78.30212,17.4,OUTSIDE_CORRIDOR,OpenStreetMap contributors (ODbL),OPENSTREETMAP FEATURE (Precomputed Settlement Centroid)
node/7865391267,Unnamed Settlement,hamlet,Point,30.32251,78.37901,12.19,OUTSIDE_CORRIDOR,OpenStreetMap contributors (ODbL),OPENSTREETMAP FEATURE (Precomputed Settlement Centroid)
node/7865552909,mariao,hamlet,Point,30.35543,78.53227,4.06,NEAR_CORRIDOR,OpenStreetMap contributors (ODbL),OPENSTREETMAP FEATURE (Precomputed Settlement Centroid)
node/7865552911,koti,hamlet,Point,30.34645,78.50894,1.44,IN_CORRIDOR,OpenStreetMap contributors (ODbL),OPENSTREETMAP FEATURE (Precomputed Settlement Centroid)
node/7865552912,Unnamed Settlement,hamlet,Point,30.35308,78.51261,2.01,IN_CORRIDOR,OpenStreetMap contributors (ODbL),OPENSTREETMAP FEATURE (Precomputed Settlement Centroid)
node/7865552913,Unnamed Settlement,hamlet,Point,30.37049,78.51398,2.67,IN_CORRIDOR,OpenStreetMap contributors (ODbL),OPENSTREETMAP FEATURE (Precomputed Settlement Centroid)
node/7865581957,rama,hamlet,Point,30.30674,78.53816,3.49,NEAR_CORRIDOR,OpenStreetMap contributors (ODbL),OPENSTREETMAP FEATURE (Precomputed Settlement Centroid)
node/7865581958,belkandi,hamlet,Point,30.30208,78.53025,2.55,IN_CORRIDOR,OpenStreetMap contributors (ODbL),OPENSTREETMAP FEATURE (Precomputed Settlement Centroid)
node/7865581959,khitkidi,locality,Point,30.30377,78.51983,1.55,IN_CORRIDOR,OpenStreetMap contributors (ODbL),OPENSTREETMAP FEATURE (Precomputed Settlement Centroid)
node/7865581960,bhatkot,hamlet,Point,30.3101,78.50937,0.69,IN_CORRIDOR,OpenStreetMap contributors (ODbL),OPENSTREETMAP FEATURE (Precomputed Settlement Centroid)
node/7865581961,Unnamed Settlement,hamlet,Point,30.31117,78.53027,2.82,IN_CORRIDOR,OpenStreetMap contributors (ODbL),OPENSTREETMAP FEATURE (Precomputed Settlement Centroid)
node/7865581962,sankund,hamlet,Point,30.31206,78.52236,2.05,IN_CORRIDOR,OpenStreetMap contributors (ODbL),OPENSTREETMAP FEATURE (Precomputed Settlement Centroid)
node/7865581963,kandadang,village,Point,30.30463,78.52974,2.58,IN_CORRIDOR,OpenStreetMap contributors (ODbL),OPENSTREETMAP FEATURE (Precomputed Settlement Centroid)
node/7865581964,malyakot,hamlet,Point,30.32088,78.52876,2.93,IN_CORRIDOR,OpenStreetMap contributors (ODbL),OPENSTREETMAP FEATURE (Precomputed Settlement Centroid)
node/7865581965,parsari,hamlet,Point,30.32509,78.539,4.06,NEAR_CORRIDOR,OpenStreetMap contributors (ODbL),OPENSTREETMAP FEATURE (Precomputed Settlement Centroid)
node/7865581966,chheti,hamlet,Point,30.32415,78.52314,2.41,IN_CORRIDOR,OpenStreetMap contributors (ODbL),OPENSTREETMAP FEATURE (Precomputed Settlement Centroid)
node/7865581967,kapholgaon,hamlet,Point,30.3219,78.50599,0.59,IN_CORRIDOR,OpenStreetMap contributors (ODbL),OPENSTREETMAP FEATURE (Precomputed Settlement Centroid)
node/7865581968,marora,hamlet,Point,30.31751,78.50453,0.36,IN_CORRIDOR,OpenStreetMap contributors (ODbL),OPENSTREETMAP FEATURE (Precomputed Settlement Centroid)
node/7865581969,khandi,hamlet,Point,30.31952,78.50705,0.66,IN_CORRIDOR,OpenStreetMap contributors (ODbL),OPENSTREETMAP FEATURE (Precomputed Settlement Centroid)
node/7865581970,kumardhar,hamlet,Point,30.32772,78.51213,1.33,IN_CORRIDOR,OpenStreetMap contributors (ODbL),OPENSTREETMAP FEATURE (Precomputed Settlement Centroid)
node/7865581971,sain,hamlet,Point,30.33176,78.50271,0.43,IN_CORRIDOR,OpenStreetMap contributors (ODbL),OPENSTREETMAP FEATURE (Precomputed Settlement Centroid)
node/7865581972,tipri,hamlet,Point,30.33212,78.5265,2.9,IN_CORRIDOR,OpenStreetMap contributors (ODbL),OPENSTREETMAP FEATURE (Precomputed Settlement Centroid)
node/7865581973,ratoli,hamlet,Point,30.33111,78.53926,4.2,NEAR_CORRIDOR,OpenStreetMap contributors (ODbL),OPENSTREETMAP FEATURE (Precomputed Settlement Centroid)
node/7865581974,kandagali,locality,Point,30.34549,78.53603,4.14,NEAR_CORRIDOR,OpenStreetMap contributors (ODbL),OPENSTREETMAP FEATURE (Precomputed Settlement Centroid)
node/7865581975,petab,hamlet,Point,30.34232,78.53439,3.9,NEAR_CORRIDOR,OpenStreetMap contributors (ODbL),OPENSTREETMAP FEATURE (Precomputed Settlement Centroid)
node/7865581976,Unnamed Settlement,hamlet,Point,30.34048,78.52502,2.89,IN_CORRIDOR,OpenStreetMap contributors (ODbL),OPENSTREETMAP FEATURE (Precomputed Settlement Centroid)
node/7865581977,nawakot,hamlet,Point,30.33306,78.5191,2.15,IN_CORRIDOR,OpenStreetMap contributors (ODbL),OPENSTREETMAP FEATURE (Precomputed Settlement Centroid)
node/7865581978,ragda pipola,hamlet,Point,30.337,78.50443,0.71,IN_CORRIDOR,OpenStreetMap contributors (ODbL),OPENSTREETMAP FEATURE (Precomputed Settlement Centroid)
node/7865581979,jakhnidhar,village,Point,30.33409,78.51088,1.32,IN_CORRIDOR,OpenStreetMap contributors (ODbL),OPENSTREETMAP FEATURE (Precomputed Settlement Centroid)
node/7865636906,nagar,hamlet,Point,30.25259,78.53064,0.38,IN_CORRIDOR,OpenStreetMap contributors (ODbL),OPENSTREETMAP FEATURE (Precomputed Settlement Centroid)
node/7865636907,saingaon,hamlet,Point,30.25118,78.50166,2.34,IN_CORRIDOR,OpenStreetMap contributors (ODbL),OPENSTREETMAP FEATURE (Precomputed Settlement Centroid)
node/7865636908,pendars,hamlet,Point,30.26212,78.50495,1.47,IN_CORRIDOR,OpenStreetMap contributors (ODbL),OPENSTREETMAP FEATURE (Precomputed Settlement Centroid)
node/7865636909,Unnamed Settlement,hamlet,Point,30.27705,78.53516,2.06,IN_CORRIDOR,OpenStreetMap contributors (ODbL),OPENSTREETMAP FEATURE (Precomputed Settlement Centroid)
node/7865636910,saina,hamlet,Point,30.27045,78.53653,1.85,IN_CORRIDOR,OpenStreetMap contributors (ODbL),OPENSTREETMAP FEATURE (Precomputed Settlement Centroid)
node/7865636912,Unnamed Settlement,hamlet,Point,30.28553,78.52628,1.66,IN_CORRIDOR,OpenStreetMap contributors (ODbL),OPENSTREETMAP FEATURE (Precomputed Settlement Centroid)
node/7865636913,syuta,hamlet,Point,30.28076,78.54015,2.71,IN_CORRIDOR,OpenStreetMap contributors (ODbL),OPENSTREETMAP FEATURE (Precomputed Settlement Centroid)
node/7865636914,pichwara,hamlet,Point,30.28056,78.53133,1.9,IN_CORRIDOR,OpenStreetMap contributors (ODbL),OPENSTREETMAP FEATURE (Precomputed Settlement Centroid)
node/7865636915,chaka,hamlet,Point,30.28363,78.5333,2.24,IN_CORRIDOR,OpenStreetMap contributors (ODbL),OPENSTREETMAP FEATURE (Precomputed Settlement Centroid)
node/7865636916,amilda,hamlet,Point,30.28701,78.53904,2.94,IN_CORRIDOR,OpenStreetMap contributors (ODbL),OPENSTREETMAP FEATURE (Precomputed Settlement Centroid)
node/7865636917,bhadli,hamlet,Point,30.28787,78.53247,2.35,IN_CORRIDOR,OpenStreetMap contributors (ODbL),OPENSTREETMAP FEATURE (Precomputed Settlement Centroid)
node/7865636918,jamti,hamlet,Point,30.28929,78.52288,1.43,IN_CORRIDOR,OpenStreetMap contributors (ODbL),OPENSTREETMAP FEATURE (Precomputed Settlement Centroid)
node/7865636919,dob,hamlet,Point,30.2827,78.51919,0.86,IN_CORRIDOR,OpenStreetMap contributors (ODbL),OPENSTREETMAP FEATURE (Precomputed Settlement Centroid)
node/7865636922,simlasu,hamlet,Point,30.29145,78.51266,0.46,IN_CORRIDOR,OpenStreetMap contributors (ODbL),OPENSTREETMAP FEATURE (Precomputed Settlement Centroid)
node/7865669009,magraun,locality,Point,30.34297,78.5616,6.72,NEAR_CORRIDOR,OpenStreetMap contributors (ODbL),OPENSTREETMAP FEATURE (Precomputed Settlement Centroid)
node/7865669010,gwalka,hamlet,Point,30.34726,78.55882,6.51,NEAR_CORRIDOR,OpenStreetMap contributors (ODbL),OPENSTREETMAP FEATURE (Precomputed Settlement Centroid)
node/7865669011,akhorisain,hamlet,Point,30.34685,78.55306,5.91,NEAR_CORRIDOR,OpenStreetMap contributors (ODbL),OPENSTREETMAP FEATURE (Precomputed Settlement Centroid)
node/7865669012,swari,hamlet,Point,30.35798,78.57985,8.93,NEAR_CORRIDOR,OpenStreetMap contributors (ODbL),OPENSTREETMAP FEATURE (Precomputed Settlement Centroid)
node/7865669013,chaunthi,hamlet,Point,30.35761,78.56156,7.07,NEAR_CORRIDOR,OpenStreetMap contributors (ODbL),OPENSTREETMAP FEATURE (Precomputed Settlement Centroid)
node/7865669014,manthal,hamlet,Point,30.35604,78.55788,6.66,NEAR_CORRIDOR,OpenStreetMap contributors (ODbL),OPENSTREETMAP FEATURE (Precomputed Settlement Centroid)
node/7865669015,mathyali,hamlet,Point,30.35843,78.54655,5.59,NEAR_CORRIDOR,OpenStreetMap contributors (ODbL),OPENSTREETMAP FEATURE (Precomputed Settlement Centroid)
node/7865669016,Unnamed Settlement,hamlet,Point,30.38417,78.5798,9.7,NEAR_CORRIDOR,OpenStreetMap contributors (ODbL),OPENSTREETMAP FEATURE (Precomputed Settlement Centroid)
node/7865750884,Unnamed Settlement,hamlet,Point,30.27039,78.56721,4.64,NEAR_CORRIDOR,OpenStreetMap contributors (ODbL),OPENSTREETMAP FEATURE (Precomputed Settlement Centroid)
node/7865755895,nuali,hamlet,Point,30.32405,78.57625,7.84,NEAR_CORRIDOR,OpenStreetMap contributors (ODbL),OPENSTREETMAP FEATURE (Precomputed Settlement Centroid)
node/7865755896,kunetha,hamlet,Point,30.31615,78.57055,7.03,NEAR_CORRIDOR,OpenStreetMap contributors (ODbL),OPENSTREETMAP FEATURE (Precomputed Settlement Centroid)
node/7865755897,paidula,hamlet,Point,30.29244,78.57749,6.73,NEAR_CORRIDOR,OpenStreetMap contributors (ODbL),OPENSTREETMAP FEATURE (Precomputed Settlement Centroid)
node/7865755898,Unnamed Settlement,hamlet,Point,30.29637,78.55419,4.79,NEAR_CORRIDOR,OpenStreetMap contributors (ODbL),OPENSTREETMAP FEATURE (Precomputed Settlement Centroid)
node/7865755899,pata,hamlet,Point,30.2916,78.55598,4.72,NEAR_CORRIDOR,OpenStreetMap contributors (ODbL),OPENSTREETMAP FEATURE (Precomputed Settlement Centroid)
node/7865755900,marora,hamlet,Point,30.29447,78.54559,3.87,NEAR_CORRIDOR,OpenStreetMap contributors (ODbL),OPENSTREETMAP FEATURE (Precomputed Settlement Centroid)
node/7865755901,kapholgaon,hamlet,Point,30.29807,78.5636,5.75,NEAR_CORRIDOR,OpenStreetMap contributors (ODbL),OPENSTREETMAP FEATURE (Precomputed Settlement Centroid)
node/7865755902,Unnamed Settlement,hamlet,Point,30.30425,78.56843,6.46,NEAR_CORRIDOR,OpenStreetMap contributors (ODbL),OPENSTREETMAP FEATURE (Precomputed Settlement Centroid)
node/7865755903,panjanu,hamlet,Point,30.30006,78.57724,7.1,NEAR_CORRIDOR,OpenStreetMap contributors (ODbL),OPENSTREETMAP FEATURE (Precomputed Settlement Centroid)
node/7865755904,saina,hamlet,Point,30.30227,78.58297,7.74,NEAR_CORRIDOR,OpenStreetMap contributors (ODbL),OPENSTREETMAP FEATURE (Precomputed Settlement Centroid)
node/7865755905,bargaon,hamlet,Point,30.30723,78.57596,7.31,NEAR_CORRIDOR,OpenStreetMap contributors (ODbL),OPENSTREETMAP FEATURE (Precomputed Settlement Centroid)
node/7865755906,gansari,hamlet,Point,30.30297,78.56361,5.94,NEAR_CORRIDOR,OpenStreetMap contributors (ODbL),OPENSTREETMAP FEATURE (Precomputed Settlement Centroid)
node/7865755907,Unnamed Settlement,hamlet,Point,30.31176,78.53951,3.77,NEAR_CORRIDOR,OpenStreetMap contributors (ODbL),OPENSTREETMAP FEATURE (Precomputed Settlement Centroid)
node/7865755908,pajyara,hamlet,Point,30.30623,78.54699,4.36,NEAR_CORRIDOR,OpenStreetMap contributors (ODbL),OPENSTREETMAP FEATURE (Precomputed Settlement Centroid)
node/7865755909,garakot,hamlet,Point,30.31034,78.56558,6.36,NEAR_CORRIDOR,OpenStreetMap contributors (ODbL),OPENSTREETMAP FEATURE (Precomputed Settlement Centroid)
node/7865755910,karakot,hamlet,Point,30.30941,78.57147,6.92,NEAR_CORRIDOR,OpenStreetMap contributors (ODbL),OPENSTREETMAP FEATURE (Precomputed Settlement Centroid)
node/7865755911,moli,hamlet,Point,30.31373,78.58018,7.93,NEAR_CORRIDOR,OpenStreetMap contributors (ODbL),OPENSTREETMAP FEATURE (Precomputed Settlement Centroid)
node/7865755912,chadyara,hamlet,Point,30.30939,78.57795,7.57,NEAR_CORRIDOR,OpenStreetMap contributors (ODbL),OPENSTREETMAP FEATURE (Precomputed Settlement Centroid)
node/7865755913,chaund (jaspur),hamlet,Point,30.31511,78.55177,5.11,NEAR_CORRIDOR,OpenStreetMap contributors (ODbL),OPENSTREETMAP FEATURE (Precomputed Settlement Centroid)
node/7865755914,lantar,hamlet,Point,30.31791,78.56273,6.29,NEAR_CORRIDOR,OpenStreetMap contributors (ODbL),OPENSTREETMAP FEATURE (Precomputed Settlement Centroid)
node/7865755915,palkot,hamlet,Point,30.32169,78.56336,6.47,NEAR_CORRIDOR,OpenStreetMap contributors (ODbL),OPENSTREETMAP FEATURE (Precomputed Settlement Centroid)
node/7865755916,baunsta,hamlet,Point,30.32406,78.56817,7.02,NEAR_CORRIDOR,OpenStreetMap contributors (ODbL),OPENSTREETMAP FEATURE (Precomputed Settlement Centroid)
node/7865755917,bagi,hamlet,Point,30.32702,78.56999,7.29,NEAR_CORRIDOR,OpenStreetMap contributors (ODbL),OPENSTREETMAP FEATURE (Precomputed Settlement Centroid)
node/7865755918,saundhar,hamlet,Point,30.32693,78.56306,6.59,NEAR_CORRIDOR,OpenStreetMap contributors (ODbL),OPENSTREETMAP FEATURE (Precomputed Settlement Centroid)
node/7865755919,saipal,hamlet,Point,30.32766,78.54761,5.0,NEAR_CORRIDOR,OpenStreetMap contributors (ODbL),OPENSTREETMAP FEATURE (Precomputed Settlement Centroid)
node/7865755920,khand,hamlet,Point,30.32143,78.54146,4.25,NEAR_CORRIDOR,OpenStreetMap contributors (ODbL),OPENSTREETMAP FEATURE (Precomputed Settlement Centroid)
node/7865755921,daneli,locality,Point,30.32547,78.55069,5.28,NEAR_CORRIDOR,OpenStreetMap contributors (ODbL),OPENSTREETMAP FEATURE (Precomputed Settlement Centroid)
node/7865755922,matkhani,hamlet,Point,30.32415,78.54957,5.14,NEAR_CORRIDOR,OpenStreetMap contributors (ODbL),OPENSTREETMAP FEATURE (Precomputed Settlement Centroid)
node/7865755923,jelam,hamlet,Point,30.32824,78.55881,6.17,NEAR_CORRIDOR,OpenStreetMap contributors (ODbL),OPENSTREETMAP FEATURE (Precomputed Settlement Centroid)
node/7865755924,khandogi,hamlet,Point,30.3306,78.55621,5.94,NEAR_CORRIDOR,OpenStreetMap contributors (ODbL),OPENSTREETMAP FEATURE (Precomputed Settlement Centroid)
node/7865755927,molkhali,hamlet,Point,30.33766,78.57179,7.68,NEAR_CORRIDOR,OpenStreetMap contributors (ODbL),OPENSTREETMAP FEATURE (Precomputed Settlement Centroid)
node/7865773086,khandogi RF,locality,Point,30.27843,78.5731,5.6,NEAR_CORRIDOR,OpenStreetMap contributors (ODbL),OPENSTREETMAP FEATURE (Precomputed Settlement Centroid)
node/7865773087,shrikot,hamlet,Point,30.28439,78.5765,6.22,NEAR_CORRIDOR,OpenStreetMap contributors (ODbL),OPENSTREETMAP FEATURE (Precomputed Settlement Centroid)
node/7865773088,malu maruda,hamlet,Point,30.25671,78.58297,5.37,NEAR_CORRIDOR,OpenStreetMap contributors (ODbL),OPENSTREETMAP FEATURE (Precomputed Settlement Centroid)
node/7865773089,khudoli malli,hamlet,Point,30.25257,78.57094,4.06,NEAR_CORRIDOR,OpenStreetMap contributors (ODbL),OPENSTREETMAP FEATURE (Precomputed Settlement Centroid)
node/7865773090,rikhwani,hamlet,Point,30.26088,78.56906,4.32,NEAR_CORRIDOR,OpenStreetMap contributors (ODbL),OPENSTREETMAP FEATURE (Precomputed Settlement Centroid)
node/7865773091,chapoli,village,Point,30.2569,78.55007,2.38,IN_CORRIDOR,OpenStreetMap contributors (ODbL),OPENSTREETMAP FEATURE (Precomputed Settlement Centroid)
node/7865773092,singoli,locality,Point,30.26743,78.54892,2.82,IN_CORRIDOR,OpenStreetMap contributors (ODbL),OPENSTREETMAP FEATURE (Precomputed Settlement Centroid)
node/7865773093,bagi,hamlet,Point,30.26459,78.54586,2.39,IN_CORRIDOR,OpenStreetMap contributors (ODbL),OPENSTREETMAP FEATURE (Precomputed Settlement Centroid)
node/7865773094,khon,hamlet,Point,30.26747,78.54279,2.26,IN_CORRIDOR,OpenStreetMap contributors (ODbL),OPENSTREETMAP FEATURE (Precomputed Settlement Centroid)
node/7865773095,nandoli,hamlet,Point,30.26309,78.55337,3.0,IN_CORRIDOR,OpenStreetMap contributors (ODbL),OPENSTREETMAP FEATURE (Precomputed Settlement Centroid)
node/7865773096,jogdhar,hamlet,Point,30.2766,78.55418,3.78,NEAR_CORRIDOR,OpenStreetMap contributors (ODbL),OPENSTREETMAP FEATURE (Precomputed Settlement Centroid)
node/7865773097,dasholi,hamlet,Point,30.27478,78.54314,2.67,IN_CORRIDOR,OpenStreetMap contributors (ODbL),OPENSTREETMAP FEATURE (Precomputed Settlement Centroid)
node/7865773098,kumrata,hamlet,Point,30.28333,78.55801,4.48,NEAR_CORRIDOR,OpenStreetMap contributors (ODbL),OPENSTREETMAP FEATURE (Precomputed Settlement Centroid)
node/7865773100,singoli,hamlet,Point,30.28347,78.54952,3.71,NEAR_CORRIDOR,OpenStreetMap contributors (ODbL),OPENSTREETMAP FEATURE (Precomputed Settlement Centroid)
node/7865773102,Unnamed Settlement,hamlet,Point,30.29164,78.54243,3.47,NEAR_CORRIDOR,OpenStreetMap contributors (ODbL),OPENSTREETMAP FEATURE (Precomputed Settlement Centroid)
node/7865779860,negyana,hamlet,Point,30.34915,78.59711,10.51,OUTSIDE_CORRIDOR,OpenStreetMap contributors (ODbL),OPENSTREETMAP FEATURE (Precomputed Settlement Centroid)
node/7865779861,juili,hamlet,Point,30.35355,78.59364,10.23,OUTSIDE_CORRIDOR,OpenStreetMap contributors (ODbL),OPENSTREETMAP FEATURE (Precomputed Settlement Centroid)
node/7865779863,asena,hamlet,Point,30.38349,78.59313,11.02,OUTSIDE_CORRIDOR,OpenStreetMap contributors (ODbL),OPENSTREETMAP FEATURE (Precomputed Settlement Centroid)
node/7865789490,malda,hamlet,Point,30.29149,78.58376,7.25,NEAR_CORRIDOR,OpenStreetMap contributors (ODbL),OPENSTREETMAP FEATURE (Precomputed Settlement Centroid)
node/7865789491,karans,hamlet,Point,30.29592,78.59883,8.85,NEAR_CORRIDOR,OpenStreetMap contributors (ODbL),OPENSTREETMAP FEATURE (Precomputed Settlement Centroid)
node/7865789492,kaphulna,hamlet,Point,30.29934,78.59707,8.87,NEAR_CORRIDOR,OpenStreetMap contributors (ODbL),OPENSTREETMAP FEATURE (Precomputed Settlement Centroid)
node/7865789493,bainsoli,hamlet,Point,30.30193,78.59082,8.44,NEAR_CORRIDOR,OpenStreetMap contributors (ODbL),OPENSTREETMAP FEATURE (Precomputed Settlement Centroid)
node/7865789496,kaintholi,hamlet,Point,30.30689,78.59926,9.46,NEAR_CORRIDOR,OpenStreetMap contributors (ODbL),OPENSTREETMAP FEATURE (Precomputed Settlement Centroid)
node/7865789497,dasholi,hamlet,Point,30.31213,78.58551,8.42,NEAR_CORRIDOR,OpenStreetMap contributors (ODbL),OPENSTREETMAP FEATURE (Precomputed Settlement Centroid)
node/7865789498,kalana,hamlet,Point,30.31066,78.58797,8.62,NEAR_CORRIDOR,OpenStreetMap contributors (ODbL),OPENSTREETMAP FEATURE (Precomputed Settlement Centroid)
node/7865789499,migwali,hamlet,Point,30.31277,78.5922,9.11,NEAR_CORRIDOR,OpenStreetMap contributors (ODbL),OPENSTREETMAP FEATURE (Precomputed Settlement Centroid)
node/7865789500,anjanisain,village,Point,30.31433,78.58779,8.71,NEAR_CORRIDOR,OpenStreetMap contributors (ODbL),OPENSTREETMAP FEATURE (Precomputed Settlement Centroid)
node/7865803524,sirmauli,hamlet,Point,30.25311,78.59028,5.85,NEAR_CORRIDOR,OpenStreetMap contributors (ODbL),OPENSTREETMAP FEATURE (Precomputed Settlement Centroid)
node/7865803527,jarola,hamlet,Point,30.2604,78.59913,7.04,NEAR_CORRIDOR,OpenStreetMap contributors (ODbL),OPENSTREETMAP FEATURE (Precomputed Settlement Centroid)
node/7865803528,kandi,hamlet,Point,30.27223,78.59497,7.27,NEAR_CORRIDOR,OpenStreetMap contributors (ODbL),OPENSTREETMAP FEATURE (Precomputed Settlement Centroid)
node/7865803529,kashigaon,hamlet,Point,30.26761,78.5898,6.56,NEAR_CORRIDOR,OpenStreetMap contributors (ODbL),OPENSTREETMAP FEATURE (Precomputed Settlement Centroid)
node/7865803530,panchur,hamlet,Point,30.27212,78.58451,6.31,NEAR_CORRIDOR,OpenStreetMap contributors (ODbL),OPENSTREETMAP FEATURE (Precomputed Settlement Centroid)
node/7865803531,chadiardhar,locality,Point,30.27742,78.59318,7.38,NEAR_CORRIDOR,OpenStreetMap contributors (ODbL),OPENSTREETMAP FEATURE (Precomputed Settlement Centroid)
node/7865803532,dharun,hamlet,Point,30.27914,78.5886,7.05,NEAR_CORRIDOR,OpenStreetMap contributors (ODbL),OPENSTREETMAP FEATURE (Precomputed Settlement Centroid)
node/7865803533,raurdhar,hamlet,Point,30.28436,78.5935,7.77,NEAR_CORRIDOR,OpenStreetMap contributors (ODbL),OPENSTREETMAP FEATURE (Precomputed Settlement Centroid)
node/7872911820,Manjur,hamlet,Point,30.34368,78.39614,9.61,NEAR_CORRIDOR,OpenStreetMap contributors (ODbL),OPENSTREETMAP FEATURE (Precomputed Settlement Centroid)
node/7872911821,Dikhalgaon,hamlet,Point,30.34145,78.39664,9.65,NEAR_CORRIDOR,OpenStreetMap contributors (ODbL),OPENSTREETMAP FEATURE (Precomputed Settlement Centroid)
node/7872911822,Chimargaon,hamlet,Point,30.33829,78.39694,9.76,NEAR_CORRIDOR,OpenStreetMap contributors (ODbL),OPENSTREETMAP FEATURE (Precomputed Settlement Centroid)
node/7872911823,Than,hamlet,Point,30.33085,78.3925,10.53,OUTSIDE_CORRIDOR,OpenStreetMap contributors (ODbL),OPENSTREETMAP FEATURE (Precomputed Settlement Centroid)
node/7872911824,Syunta Bara,hamlet,Point,30.33662,78.38387,11.09,OUTSIDE_CORRIDOR,OpenStreetMap contributors (ODbL),OPENSTREETMAP FEATURE (Precomputed Settlement Centroid)
node/7872911825,Narangi,hamlet,Point,30.33364,78.37996,11.59,OUTSIDE_CORRIDOR,OpenStreetMap contributors (ODbL),OPENSTREETMAP FEATURE (Precomputed Settlement Centroid)
node/7872911826,Kalnchh,hamlet,Point,30.29635,78.44097,6.62,NEAR_CORRIDOR,OpenStreetMap contributors (ODbL),OPENSTREETMAP FEATURE (Precomputed Settlement Centroid)
node/7872911827,Surkhot,hamlet,Point,30.35355,78.4047,8.41,NEAR_CORRIDOR,OpenStreetMap contributors (ODbL),OPENSTREETMAP FEATURE (Precomputed Settlement Centroid)
node/7872911828,Behalcol,hamlet,Point,30.37188,78.3838,10.23,OUTSIDE_CORRIDOR,OpenStreetMap contributors (ODbL),OPENSTREETMAP FEATURE (Precomputed Settlement Centroid)
node/7872911829,Bhangarkhola,hamlet,Point,30.36912,78.39468,9.11,NEAR_CORRIDOR,OpenStreetMap contributors (ODbL),OPENSTREETMAP FEATURE (Precomputed Settlement Centroid)
node/7872911830,Gajana,hamlet,Point,30.35784,78.40462,8.29,NEAR_CORRIDOR,OpenStreetMap contributors (ODbL),OPENSTREETMAP FEATURE (Precomputed Settlement Centroid)
node/7872911831,Bhedari,hamlet,Point,30.35529,78.40957,7.87,NEAR_CORRIDOR,OpenStreetMap contributors (ODbL),OPENSTREETMAP FEATURE (Precomputed Settlement Centroid)
node/7872911832,Basuglbagi,hamlet,Point,30.34849,78.41642,7.46,NEAR_CORRIDOR,OpenStreetMap contributors (ODbL),OPENSTREETMAP FEATURE (Precomputed Settlement Centroid)
node/7872911833,Bhurabagi,hamlet,Point,30.35323,78.41761,7.15,NEAR_CORRIDOR,OpenStreetMap contributors (ODbL),OPENSTREETMAP FEATURE (Precomputed Settlement Centroid)
node/7872911834,Batykhem,hamlet,Point,30.35218,78.42524,6.45,NEAR_CORRIDOR,OpenStreetMap contributors (ODbL),OPENSTREETMAP FEATURE (Precomputed Settlement Centroid)
node/7872911836,Badshahithaul,hamlet,Point,30.33977,78.40741,8.71,NEAR_CORRIDOR,OpenStreetMap contributors (ODbL),OPENSTREETMAP FEATURE (Precomputed Settlement Centroid)
node/7872911837,Tharsalgaon,hamlet,Point,30.33516,78.40578,9.09,NEAR_CORRIDOR,OpenStreetMap contributors (ODbL),OPENSTREETMAP FEATURE (Precomputed Settlement Centroid)
node/7872911838,Saundkoti,hamlet,Point,30.33627,78.41792,7.92,NEAR_CORRIDOR,OpenStreetMap contributors (ODbL),OPENSTREETMAP FEATURE (Precomputed Settlement Centroid)
node/7872911839,Chamdi,hamlet,Point,30.32938,78.4403,5.98,NEAR_CORRIDOR,OpenStreetMap contributors (ODbL),OPENSTREETMAP FEATURE (Precomputed Settlement Centroid)
node/7872911841,Bhaun,hamlet,Point,30.33545,78.44693,5.13,NEAR_CORRIDOR,OpenStreetMap contributors (ODbL),OPENSTREETMAP FEATURE (Precomputed Settlement Centroid)
node/7872911843,Koldhar,hamlet,Point,30.33431,78.44689,5.17,NEAR_CORRIDOR,OpenStreetMap contributors (ODbL),OPENSTREETMAP FEATURE (Precomputed Settlement Centroid)
node/7872911844,Unnamed Settlement,hamlet,Point,30.33836,78.47682,2.03,IN_CORRIDOR,OpenStreetMap contributors (ODbL),OPENSTREETMAP FEATURE (Precomputed Settlement Centroid)
node/7872911845,Sagwangaon,hamlet,Point,30.34051,78.46805,2.85,IN_CORRIDOR,OpenStreetMap contributors (ODbL),OPENSTREETMAP FEATURE (Precomputed Settlement Centroid)
node/7872911846,Lawadhar,hamlet,Point,30.34455,78.45963,3.58,NEAR_CORRIDOR,OpenStreetMap contributors (ODbL),OPENSTREETMAP FEATURE (Precomputed Settlement Centroid)
node/7872911847,Gyansu,hamlet,Point,30.35014,78.45805,3.53,NEAR_CORRIDOR,OpenStreetMap contributors (ODbL),OPENSTREETMAP FEATURE (Precomputed Settlement Centroid)
node/7872911848,pata,hamlet,Point,30.35523,78.46539,2.6,IN_CORRIDOR,OpenStreetMap contributors (ODbL),OPENSTREETMAP FEATURE (Precomputed Settlement Centroid)
node/7872911849,Bhotkoti,hamlet,Point,30.35938,78.46762,2.18,IN_CORRIDOR,OpenStreetMap contributors (ODbL),OPENSTREETMAP FEATURE (Precomputed Settlement Centroid)
node/7872911850,Pasi,hamlet,Point,30.3581,78.43876,4.9,NEAR_CORRIDOR,OpenStreetMap contributors (ODbL),OPENSTREETMAP FEATURE (Precomputed Settlement Centroid)
node/7872911851,Chawaikher,hamlet,Point,30.36223,78.42562,6.05,NEAR_CORRIDOR,OpenStreetMap contributors (ODbL),OPENSTREETMAP FEATURE (Precomputed Settlement Centroid)
node/7872911852,Budogi,hamlet,Point,30.36658,78.43346,5.13,NEAR_CORRIDOR,OpenStreetMap contributors (ODbL),OPENSTREETMAP FEATURE (Precomputed Settlement Centroid)
node/7872911853,Pangar,hamlet,Point,30.3661,78.44316,4.17,NEAR_CORRIDOR,OpenStreetMap contributors (ODbL),OPENSTREETMAP FEATURE (Precomputed Settlement Centroid)
node/7872911854,Bhaintogi,hamlet,Point,30.36843,78.45105,3.3,NEAR_CORRIDOR,OpenStreetMap contributors (ODbL),OPENSTREETMAP FEATURE (Precomputed Settlement Centroid)
node/7872911855,Balma,hamlet,Point,30.36173,78.45685,3.05,NEAR_CORRIDOR,OpenStreetMap contributors (ODbL),OPENSTREETMAP FEATURE (Precomputed Settlement Centroid)
node/7872911856,badongaon,hamlet,Point,30.34099,78.42389,7.13,NEAR_CORRIDOR,OpenStreetMap contributors (ODbL),OPENSTREETMAP FEATURE (Precomputed Settlement Centroid)
node/7872911857,Lamkot,hamlet,Point,30.34521,78.4305,6.31,NEAR_CORRIDOR,OpenStreetMap contributors (ODbL),OPENSTREETMAP FEATURE (Precomputed Settlement Centroid)
node/7872911858,Kemwaigaon,hamlet,Point,30.33725,78.435,6.28,NEAR_CORRIDOR,OpenStreetMap contributors (ODbL),OPENSTREETMAP FEATURE (Precomputed Settlement Centroid)
node/7872911859,Samalta,hamlet,Point,30.32703,78.42932,7.15,NEAR_CORRIDOR,OpenStreetMap contributors (ODbL),OPENSTREETMAP FEATURE (Precomputed Settlement Centroid)
node/7872911860,ranichauri,hamlet,Point,30.32073,78.40702,9.59,NEAR_CORRIDOR,OpenStreetMap contributors (ODbL),OPENSTREETMAP FEATURE (Precomputed Settlement Centroid)
node/7872911861,Jagdhar,hamlet,Point,30.3251,78.41054,9.1,NEAR_CORRIDOR,OpenStreetMap contributors (ODbL),OPENSTREETMAP FEATURE (Precomputed Settlement Centroid)
node/7872911862,Toli,hamlet,Point,30.27734,78.41481,9.81,NEAR_CORRIDOR,OpenStreetMap contributors (ODbL),OPENSTREETMAP FEATURE (Precomputed Settlement Centroid)
node/7872911863,Manda,hamlet,Point,30.27397,78.40479,10.92,OUTSIDE_CORRIDOR,OpenStreetMap contributors (ODbL),OPENSTREETMAP FEATURE (Precomputed Settlement Centroid)
node/7872911864,Paligaon,hamlet,Point,30.2846,78.38168,12.96,OUTSIDE_CORRIDOR,OpenStreetMap contributors (ODbL),OPENSTREETMAP FEATURE (Precomputed Settlement Centroid)
node/7872911865,Suir,hamlet,Point,30.28108,78.3902,12.18,OUTSIDE_CORRIDOR,OpenStreetMap contributors (ODbL),OPENSTREETMAP FEATURE (Precomputed Settlement Centroid)
node/7872911866,Koti,hamlet,Point,30.27908,78.38318,12.95,OUTSIDE_CORRIDOR,OpenStreetMap contributors (ODbL),OPENSTREETMAP FEATURE (Precomputed Settlement Centroid)
node/7872911867,Unnamed Settlement,hamlet,Point,30.28764,78.39228,11.8,OUTSIDE_CORRIDOR,OpenStreetMap contributors (ODbL),OPENSTREETMAP FEATURE (Precomputed Settlement Centroid)
node/7872911868,Nala,hamlet,Point,30.28323,78.3844,12.71,OUTSIDE_CORRIDOR,OpenStreetMap contributors (ODbL),OPENSTREETMAP FEATURE (Precomputed Settlement Centroid)
node/7872911869,Kakrasari,hamlet,Point,30.28864,78.38643,12.38,OUTSIDE_CORRIDOR,OpenStreetMap contributors (ODbL),OPENSTREETMAP FEATURE (Precomputed Settlement Centroid)
node/7872911870,Kuti,hamlet,Point,30.29242,78.38865,12.08,OUTSIDE_CORRIDOR,OpenStreetMap contributors (ODbL),OPENSTREETMAP FEATURE (Precomputed Settlement Centroid)
node/7872911871,atali,hamlet,Point,30.29628,78.38363,12.53,OUTSIDE_CORRIDOR,OpenStreetMap contributors (ODbL),OPENSTREETMAP FEATURE (Precomputed Settlement Centroid)
node/7872911872,Unnamed Settlement,hamlet,Point,30.30695,78.39968,10.68,OUTSIDE_CORRIDOR,OpenStreetMap contributors (ODbL),OPENSTREETMAP FEATURE (Precomputed Settlement Centroid)
node/7872911873,Maun,hamlet,Point,30.30335,78.39535,11.19,OUTSIDE_CORRIDOR,OpenStreetMap contributors (ODbL),OPENSTREETMAP FEATURE (Precomputed Settlement Centroid)
node/7872911874,Khatyar,hamlet,Point,30.30417,78.38728,12.01,OUTSIDE_CORRIDOR,OpenStreetMap contributors (ODbL),OPENSTREETMAP FEATURE (Precomputed Settlement Centroid)
node/7872911875,Pantnagar,hamlet,Point,30.3121,78.40861,9.66,NEAR_CORRIDOR,OpenStreetMap contributors (ODbL),OPENSTREETMAP FEATURE (Precomputed Settlement Centroid)
node/7872911876,Dagri,hamlet,Point,30.31954,78.41914,8.4,NEAR_CORRIDOR,OpenStreetMap contributors (ODbL),OPENSTREETMAP FEATURE (Precomputed Settlement Centroid)
node/7872911877,Vid,hamlet,Point,30.31462,78.42011,8.42,NEAR_CORRIDOR,OpenStreetMap contributors (ODbL),OPENSTREETMAP FEATURE (Precomputed Settlement Centroid)
node/7872911879,Dowsara,hamlet,Point,30.32134,78.44764,5.46,NEAR_CORRIDOR,OpenStreetMap contributors (ODbL),OPENSTREETMAP FEATURE (Precomputed Settlement Centroid)
node/7872911880,palli,hamlet,Point,30.31947,78.43303,7.0,NEAR_CORRIDOR,OpenStreetMap contributors (ODbL),OPENSTREETMAP FEATURE (Precomputed Settlement Centroid)
node/7872911881,drgothi,hamlet,Point,30.28694,78.43753,7.24,NEAR_CORRIDOR,OpenStreetMap contributors (ODbL),OPENSTREETMAP FEATURE (Precomputed Settlement Centroid)
node/7872911882,mamooya ka Paur,hamlet,Point,30.29278,78.42586,8.25,NEAR_CORRIDOR,OpenStreetMap contributors (ODbL),OPENSTREETMAP FEATURE (Precomputed Settlement Centroid)
node/7872911883,Unnamed Settlement,hamlet,Point,30.30363,78.42556,8.06,NEAR_CORRIDOR,OpenStreetMap contributors (ODbL),OPENSTREETMAP FEATURE (Precomputed Settlement Centroid)
node/7872911884,Unnamed Settlement,hamlet,Point,30.30941,78.4308,7.41,NEAR_CORRIDOR,OpenStreetMap contributors (ODbL),OPENSTREETMAP FEATURE (Precomputed Settlement Centroid)
node/7872921386,Mathyasan,hamlet,Point,30.30521,78.45414,5.07,NEAR_CORRIDOR,OpenStreetMap contributors (ODbL),OPENSTREETMAP FEATURE (Precomputed Settlement Centroid)
node/7872921387,Tingri,hamlet,Point,30.2932,78.45551,5.24,NEAR_CORRIDOR,OpenStreetMap contributors (ODbL),OPENSTREETMAP FEATURE (Precomputed Settlement Centroid)
node/7872921388,jagathi,hamlet,Point,30.29502,78.45865,4.87,NEAR_CORRIDOR,OpenStreetMap contributors (ODbL),OPENSTREETMAP FEATURE (Precomputed Settlement Centroid)
node/7872921389,khandkari,hamlet,Point,30.30091,78.45551,5.02,NEAR_CORRIDOR,OpenStreetMap contributors (ODbL),OPENSTREETMAP FEATURE (Precomputed Settlement Centroid)
node/7872921390,Koti math,hamlet,Point,30.30723,78.46184,4.24,NEAR_CORRIDOR,OpenStreetMap contributors (ODbL),OPENSTREETMAP FEATURE (Precomputed Settlement Centroid)
node/7872921391,Tungoli,hamlet,Point,30.31821,78.45963,4.27,NEAR_CORRIDOR,OpenStreetMap contributors (ODbL),OPENSTREETMAP FEATURE (Precomputed Settlement Centroid)
node/7872921392,Khal,hamlet,Point,30.30487,78.45998,4.48,NEAR_CORRIDOR,OpenStreetMap contributors (ODbL),OPENSTREETMAP FEATURE (Precomputed Settlement Centroid)
node/7872921393,Ramolgaon,hamlet,Point,30.31125,78.46268,4.08,NEAR_CORRIDOR,OpenStreetMap contributors (ODbL),OPENSTREETMAP FEATURE (Precomputed Settlement Centroid)
node/7872921394,Manda,hamlet,Point,30.32377,78.46324,3.8,NEAR_CORRIDOR,OpenStreetMap contributors (ODbL),OPENSTREETMAP FEATURE (Precomputed Settlement Centroid)
node/7872921395,Chhati,hamlet,Point,30.31614,78.47448,2.77,IN_CORRIDOR,OpenStreetMap contributors (ODbL),OPENSTREETMAP FEATURE (Precomputed Settlement Centroid)
node/7872921396,Bhalli,hamlet,Point,30.3105,78.46903,3.44,NEAR_CORRIDOR,OpenStreetMap contributors (ODbL),OPENSTREETMAP FEATURE (Precomputed Settlement Centroid)
node/7872921397,Bajaber,hamlet,Point,30.30598,78.47165,3.25,NEAR_CORRIDOR,OpenStreetMap contributors (ODbL),OPENSTREETMAP FEATURE (Precomputed Settlement Centroid)
node/7872921399,Unnamed Settlement,hamlet,Point,30.30102,78.48326,2.21,IN_CORRIDOR,OpenStreetMap contributors (ODbL),OPENSTREETMAP FEATURE (Precomputed Settlement Centroid)
node/7872921400,Palam,hamlet,Point,30.30606,78.48732,1.66,IN_CORRIDOR,OpenStreetMap contributors (ODbL),OPENSTREETMAP FEATURE (Precomputed Settlement Centroid)
node/7872921401,dandeli,hamlet,Point,30.31121,78.4832,1.96,IN_CORRIDOR,OpenStreetMap contributors (ODbL),OPENSTREETMAP FEATURE (Precomputed Settlement Centroid)
node/7872921402,danderi,hamlet,Point,30.3228,78.48427,1.64,IN_CORRIDOR,OpenStreetMap contributors (ODbL),OPENSTREETMAP FEATURE (Precomputed Settlement Centroid)
node/7872921403,Kyari,hamlet,Point,30.32747,78.48564,1.41,IN_CORRIDOR,OpenStreetMap contributors (ODbL),OPENSTREETMAP FEATURE (Precomputed Settlement Centroid)
node/7872921404,Dobra,hamlet,Point,30.3344,78.48268,1.56,IN_CORRIDOR,OpenStreetMap contributors (ODbL),OPENSTREETMAP FEATURE (Precomputed Settlement Centroid)
node/7872921405,Chopra,hamlet,Point,30.34329,78.4877,0.79,IN_CORRIDOR,OpenStreetMap contributors (ODbL),OPENSTREETMAP FEATURE (Precomputed Settlement Centroid)
node/7872921406,Marh,hamlet,Point,30.34766,78.4762,1.82,IN_CORRIDOR,OpenStreetMap contributors (ODbL),OPENSTREETMAP FEATURE (Precomputed Settlement Centroid)
node/7872921407,Gargad,hamlet,Point,30.34912,78.49064,0.32,IN_CORRIDOR,OpenStreetMap contributors (ODbL),OPENSTREETMAP FEATURE (Precomputed Settlement Centroid)
node/7872921408,Unnamed Settlement,hamlet,Point,30.35364,78.49759,0.52,IN_CORRIDOR,OpenStreetMap contributors (ODbL),OPENSTREETMAP FEATURE (Precomputed Settlement Centroid)
node/7872921409,Godmu,hamlet,Point,30.39161,78.43695,4.84,NEAR_CORRIDOR,OpenStreetMap contributors (ODbL),OPENSTREETMAP FEATURE (Precomputed Settlement Centroid)
node/7872921411,Doosari,hamlet,Point,30.3639,78.49008,0.11,IN_CORRIDOR,OpenStreetMap contributors (ODbL),OPENSTREETMAP FEATURE (Precomputed Settlement Centroid)
node/7873054403,Unnamed Settlement,hamlet,Point,30.28171,78.43565,7.58,NEAR_CORRIDOR,OpenStreetMap contributors (ODbL),OPENSTREETMAP FEATURE (Precomputed Settlement Centroid)
node/7873054404,Unnamed Settlement,hamlet,Point,30.27082,78.45195,6.26,NEAR_CORRIDOR,OpenStreetMap contributors (ODbL),OPENSTREETMAP FEATURE (Precomputed Settlement Centroid)
node/7873054405,Unnamed Settlement,hamlet,Point,30.27371,78.47206,4.15,NEAR_CORRIDOR,OpenStreetMap contributors (ODbL),OPENSTREETMAP FEATURE (Precomputed Settlement Centroid)
node/7873054406,Kulpi,hamlet,Point,30.27728,78.48686,2.55,IN_CORRIDOR,OpenStreetMap contributors (ODbL),OPENSTREETMAP FEATURE (Precomputed Settlement Centroid)
node/7873054407,kundakhet,hamlet,Point,30.27788,78.47182,4.05,NEAR_CORRIDOR,OpenStreetMap contributors (ODbL),OPENSTREETMAP FEATURE (Precomputed Settlement Centroid)
node/7873054408,Kurgoli,hamlet,Point,30.2764,78.47757,3.52,NEAR_CORRIDOR,OpenStreetMap contributors (ODbL),OPENSTREETMAP FEATURE (Precomputed Settlement Centroid)
node/7873054409,Unnamed Settlement,hamlet,Point,30.29226,78.35633,15.42,OUTSIDE_CORRIDOR,OpenStreetMap contributors (ODbL),OPENSTREETMAP FEATURE (Precomputed Settlement Centroid)
node/7873054410,Unnamed Settlement,hamlet,Point,30.27411,78.38334,13.08,OUTSIDE_CORRIDOR,OpenStreetMap contributors (ODbL),OPENSTREETMAP FEATURE (Precomputed Settlement Centroid)
node/7873054413,Unnamed Settlement,hamlet,Point,30.28121,78.40717,10.46,OUTSIDE_CORRIDOR,OpenStreetMap contributors (ODbL),OPENSTREETMAP FEATURE (Precomputed Settlement Centroid)
node/7873054414,Unnamed Settlement,hamlet,Point,30.28249,78.42447,8.68,NEAR_CORRIDOR,OpenStreetMap contributors (ODbL),OPENSTREETMAP FEATURE (Precomputed Settlement Centroid)
node/7873054416,Unnamed Settlement,hamlet,Point,30.32208,78.47369,2.75,IN_CORRIDOR,OpenStreetMap contributors (ODbL),OPENSTREETMAP FEATURE (Precomputed Settlement Centroid)
node/7873054420,gwar,hamlet,Point,30.35746,78.44773,4.1,NEAR_CORRIDOR,OpenStreetMap contributors (ODbL),OPENSTREETMAP FEATURE (Precomputed Settlement Centroid)
node/7873054421,Kandakhali,hamlet,Point,30.35301,78.43987,5.05,NEAR_CORRIDOR,OpenStreetMap contributors (ODbL),OPENSTREETMAP FEATURE (Precomputed Settlement Centroid)
node/7873054423,Unnamed Settlement,hamlet,Point,30.3208,78.44134,6.12,NEAR_CORRIDOR,OpenStreetMap contributors (ODbL),OPENSTREETMAP FEATURE (Precomputed Settlement Centroid)
node/7873054425,Unnamed Settlement,hamlet,Point,30.32705,78.44925,5.15,NEAR_CORRIDOR,OpenStreetMap contributors (ODbL),OPENSTREETMAP FEATURE (Precomputed Settlement Centroid)
node/7873054434,Unnamed Settlement,hamlet,Point,30.29177,78.41359,9.52,NEAR_CORRIDOR,OpenStreetMap contributors (ODbL),OPENSTREETMAP FEATURE (Precomputed Settlement Centroid)
node/7873054437,Bichla Hadam,hamlet,Point,30.35943,78.3944,9.3,NEAR_CORRIDOR,OpenStreetMap contributors (ODbL),OPENSTREETMAP FEATURE (Precomputed Settlement Centroid)
node/7873054438,Dandasali,hamlet,Point,30.36494,78.40514,8.08,NEAR_CORRIDOR,OpenStreetMap contributors (ODbL),OPENSTREETMAP FEATURE (Precomputed Settlement Centroid)
node/7873054439,Hadam Talla,hamlet,Point,30.36075,78.40406,8.28,NEAR_CORRIDOR,OpenStreetMap contributors (ODbL),OPENSTREETMAP FEATURE (Precomputed Settlement Centroid)
node/7873054440,Hadaon,hamlet,Point,30.35332,78.3914,9.76,NEAR_CORRIDOR,OpenStreetMap contributors (ODbL),OPENSTREETMAP FEATURE (Precomputed Settlement Centroid)
node/7873054441,Sudhara,hamlet,Point,30.35044,78.38089,10.9,OUTSIDE_CORRIDOR,OpenStreetMap contributors (ODbL),OPENSTREETMAP FEATURE (Precomputed Settlement Centroid)
node/7873054442,Jakoth,hamlet,Point,30.34681,78.37874,11.23,OUTSIDE_CORRIDOR,OpenStreetMap contributors (ODbL),OPENSTREETMAP FEATURE (Precomputed Settlement Centroid)
node/7873054444,Gaja,hamlet,Point,30.26896,78.42226,9.31,NEAR_CORRIDOR,OpenStreetMap contributors (ODbL),OPENSTREETMAP FEATURE (Precomputed Settlement Centroid)
node/7873054446,Kapolgaoo,hamlet,Point,30.27243,78.3782,13.64,OUTSIDE_CORRIDOR,OpenStreetMap contributors (ODbL),OPENSTREETMAP FEATURE (Precomputed Settlement Centroid)
node/7873054447,Ampata,hamlet,Point,30.26845,78.37943,13.64,OUTSIDE_CORRIDOR,OpenStreetMap contributors (ODbL),OPENSTREETMAP FEATURE (Precomputed Settlement Centroid)
node/7873054448,gaind,hamlet,Point,30.26407,78.39642,12.06,OUTSIDE_CORRIDOR,OpenStreetMap contributors (ODbL),OPENSTREETMAP FEATURE (Precomputed Settlement Centroid)
node/7873054449,Timwari,hamlet,Point,30.26657,78.40163,11.46,OUTSIDE_CORRIDOR,OpenStreetMap contributors (ODbL),OPENSTREETMAP FEATURE (Precomputed Settlement Centroid)
node/7873054450,gaindi,hamlet,Point,30.2687,78.38825,12.74,OUTSIDE_CORRIDOR,OpenStreetMap contributors (ODbL),OPENSTREETMAP FEATURE (Precomputed Settlement Centroid)
node/7873054451,Dadwa,hamlet,Point,30.27161,78.39013,12.47,OUTSIDE_CORRIDOR,OpenStreetMap contributors (ODbL),OPENSTREETMAP FEATURE (Precomputed Settlement Centroid)
node/7873054452,Kirthwalgaon,hamlet,Point,30.26378,78.44192,7.48,NEAR_CORRIDOR,OpenStreetMap contributors (ODbL),OPENSTREETMAP FEATURE (Precomputed Settlement Centroid)
node/7873054453,Birmangaon,hamlet,Point,30.26429,78.44882,6.77,NEAR_CORRIDOR,OpenStreetMap contributors (ODbL),OPENSTREETMAP FEATURE (Precomputed Settlement Centroid)
node/7873054454,Dubakoti,hamlet,Point,30.27412,78.4374,7.63,NEAR_CORRIDOR,OpenStreetMap contributors (ODbL),OPENSTREETMAP FEATURE (Precomputed Settlement Centroid)
node/7873054455,Chaurkhet,hamlet,Point,30.27749,78.44238,7.03,NEAR_CORRIDOR,OpenStreetMap contributors (ODbL),OPENSTREETMAP FEATURE (Precomputed Settlement Centroid)
node/7873054456,virogi,hamlet,Point,30.27006,78.44039,7.45,NEAR_CORRIDOR,OpenStreetMap contributors (ODbL),OPENSTREETMAP FEATURE (Precomputed Settlement Centroid)
node/7873054457,Barsurgaon,hamlet,Point,30.26652,78.46057,5.52,NEAR_CORRIDOR,OpenStreetMap contributors (ODbL),OPENSTREETMAP FEATURE (Precomputed Settlement Centroid)
node/7873054458,Bagid,hamlet,Point,30.26626,78.45622,5.97,NEAR_CORRIDOR,OpenStreetMap contributors (ODbL),OPENSTREETMAP FEATURE (Precomputed Settlement Centroid)
node/7873054459,Chargaon,hamlet,Point,30.2789,78.45406,5.81,NEAR_CORRIDOR,OpenStreetMap contributors (ODbL),OPENSTREETMAP FEATURE (Precomputed Settlement Centroid)
node/7873054463,Phipalti,hamlet,Point,30.28864,78.475,3.41,NEAR_CORRIDOR,OpenStreetMap contributors (ODbL),OPENSTREETMAP FEATURE (Precomputed Settlement Centroid)
node/7873054464,kathur,hamlet,Point,30.27145,78.4638,5.05,NEAR_CORRIDOR,OpenStreetMap contributors (ODbL),OPENSTREETMAP FEATURE (Precomputed Settlement Centroid)
node/7873054465,Pavalgaon,hamlet,Point,30.26689,78.48508,3.06,NEAR_CORRIDOR,OpenStreetMap contributors (ODbL),OPENSTREETMAP FEATURE (Precomputed Settlement Centroid)
node/7873054466,Chamogi,hamlet,Point,30.26941,78.47637,3.84,NEAR_CORRIDOR,OpenStreetMap contributors (ODbL),OPENSTREETMAP FEATURE (Precomputed Settlement Centroid)
node/7873054467,Khand,hamlet,Point,30.26327,78.47577,4.11,NEAR_CORRIDOR,OpenStreetMap contributors (ODbL),OPENSTREETMAP FEATURE (Precomputed Settlement Centroid)
node/7873054468,Sauntilgaon,hamlet,Point,30.25682,78.48772,3.32,NEAR_CORRIDOR,OpenStreetMap contributors (ODbL),OPENSTREETMAP FEATURE (Precomputed Settlement Centroid)
node/7873054469,mangaon,hamlet,Point,30.2543,78.4868,3.53,NEAR_CORRIDOR,OpenStreetMap contributors (ODbL),OPENSTREETMAP FEATURE (Precomputed Settlement Centroid)
node/7873054470,Samnarkhoti,hamlet,Point,30.25138,78.48088,4.22,NEAR_CORRIDOR,OpenStreetMap contributors (ODbL),OPENSTREETMAP FEATURE (Precomputed Settlement Centroid)
node/7873054471,Dandeli,hamlet,Point,30.25759,78.4587,5.99,NEAR_CORRIDOR,OpenStreetMap contributors (ODbL),OPENSTREETMAP FEATURE (Precomputed Settlement Centroid)
node/7873054472,Palogi,hamlet,Point,30.2488,78.46062,6.21,NEAR_CORRIDOR,OpenStreetMap contributors (ODbL),OPENSTREETMAP FEATURE (Precomputed Settlement Centroid)
node/7873054473,Bamangaon,hamlet,Point,30.25062,78.45504,6.64,NEAR_CORRIDOR,OpenStreetMap contributors (ODbL),OPENSTREETMAP FEATURE (Precomputed Settlement Centroid)
node/7873054474,Andarphiogaon,hamlet,Point,30.2537,78.45039,6.95,NEAR_CORRIDOR,OpenStreetMap contributors (ODbL),OPENSTREETMAP FEATURE (Precomputed Settlement Centroid)
node/7873054475,Bhatoni,hamlet,Point,30.25323,78.44444,7.56,NEAR_CORRIDOR,OpenStreetMap contributors (ODbL),OPENSTREETMAP FEATURE (Precomputed Settlement Centroid)
node/7873054476,Dabara,hamlet,Point,30.25039,78.43957,8.14,NEAR_CORRIDOR,OpenStreetMap contributors (ODbL),OPENSTREETMAP FEATURE (Precomputed Settlement Centroid)
node/7873054478,Bhali,hamlet,Point,30.25946,78.43249,8.56,NEAR_CORRIDOR,OpenStreetMap contributors (ODbL),OPENSTREETMAP FEATURE (Precomputed Settlement Centroid)
node/7873054479,Pali,hamlet,Point,30.26298,78.43004,8.7,NEAR_CORRIDOR,OpenStreetMap contributors (ODbL),OPENSTREETMAP FEATURE (Precomputed Settlement Centroid)
node/7873054480,Gaunsan,hamlet,Point,30.26329,78.42221,9.48,NEAR_CORRIDOR,OpenStreetMap contributors (ODbL),OPENSTREETMAP FEATURE (Precomputed Settlement Centroid)
node/7873054481,Jaikot,hamlet,Point,30.2587,78.42125,9.71,NEAR_CORRIDOR,OpenStreetMap contributors (ODbL),OPENSTREETMAP FEATURE (Precomputed Settlement Centroid)
node/7873096111,Unnamed Settlement,hamlet,Point,30.36871,78.42459,6.0,NEAR_CORRIDOR,OpenStreetMap contributors (ODbL),OPENSTREETMAP FEATURE (Precomputed Settlement Centroid)
node/7873096116,Unnamed Settlement,hamlet,Point,30.34426,78.45374,4.18,NEAR_CORRIDOR,OpenStreetMap contributors (ODbL),OPENSTREETMAP FEATURE (Precomputed Settlement Centroid)
node/7873096120,Unnamed Settlement,hamlet,Point,30.34081,78.46071,3.58,NEAR_CORRIDOR,OpenStreetMap contributors (ODbL),OPENSTREETMAP FEATURE (Precomputed Settlement Centroid)
node/7873096121,Unnamed Settlement,hamlet,Point,30.3023,78.46637,3.88,NEAR_CORRIDOR,OpenStreetMap contributors (ODbL),OPENSTREETMAP FEATURE (Precomputed Settlement Centroid)
node/7874758211,Unnamed Settlement,hamlet,Point,30.36936,78.48109,0.44,IN_CORRIDOR,OpenStreetMap contributors (ODbL),OPENSTREETMAP FEATURE (Precomputed Settlement Centroid)
node/7874758212,Unnamed Settlement,hamlet,Point,30.36697,78.47635,0.99,IN_CORRIDOR,OpenStreetMap contributors (ODbL),OPENSTREETMAP FEATURE (Precomputed Settlement Centroid)
node/7874758213,Unnamed Settlement,hamlet,Point,30.35796,78.48125,1.0,IN_CORRIDOR,OpenStreetMap contributors (ODbL),OPENSTREETMAP FEATURE (Precomputed Settlement Centroid)
node/7874758215,Unnamed Settlement,hamlet,Point,30.36392,78.44778,3.79,NEAR_CORRIDOR,OpenStreetMap contributors (ODbL),OPENSTREETMAP FEATURE (Precomputed Settlement Centroid)
node/7874758224,Unnamed Settlement,hamlet,Point,30.3342,78.44057,5.81,NEAR_CORRIDOR,OpenStreetMap contributors (ODbL),OPENSTREETMAP FEATURE (Precomputed Settlement Centroid)
node/7886507859,Gogani,hamlet,Point,30.23235,78.44219,8.74,NEAR_CORRIDOR,OpenStreetMap contributors (ODbL),OPENSTREETMAP FEATURE (Precomputed Settlement Centroid)
node/7886507861,Phalsari,hamlet,Point,30.24847,78.42213,9.93,NEAR_CORRIDOR,OpenStreetMap contributors (ODbL),OPENSTREETMAP FEATURE (Precomputed Settlement Centroid)
node/7886507862,Chhidwan,hamlet,Point,30.23916,78.417,10.78,OUTSIDE_CORRIDOR,OpenStreetMap contributors (ODbL),OPENSTREETMAP FEATURE (Precomputed Settlement Centroid)
node/7886507864,Chauri,hamlet,Point,30.24481,78.44155,8.18,NEAR_CORRIDOR,OpenStreetMap contributors (ODbL),OPENSTREETMAP FEATURE (Precomputed Settlement Centroid)
node/7886507865,Lawabdara,hamlet,Point,30.24201,78.44517,7.97,NEAR_CORRIDOR,OpenStreetMap contributors (ODbL),OPENSTREETMAP FEATURE (Precomputed Settlement Centroid)
node/7886507866,Kandarigaon,hamlet,Point,30.24808,78.45084,7.15,NEAR_CORRIDOR,OpenStreetMap contributors (ODbL),OPENSTREETMAP FEATURE (Precomputed Settlement Centroid)
node/7886507867,Thanyul,hamlet,Point,30.24316,78.45622,6.9,NEAR_CORRIDOR,OpenStreetMap contributors (ODbL),OPENSTREETMAP FEATURE (Precomputed Settlement Centroid)
node/7886507868,Amsari,hamlet,Point,30.24061,78.46974,5.8,NEAR_CORRIDOR,OpenStreetMap contributors (ODbL),OPENSTREETMAP FEATURE (Precomputed Settlement Centroid)
node/7886507869,Maldhar,hamlet,Point,30.24231,78.46581,6.07,NEAR_CORRIDOR,OpenStreetMap contributors (ODbL),OPENSTREETMAP FEATURE (Precomputed Settlement Centroid)
node/7886507870,Kot,hamlet,Point,30.24669,78.47236,5.24,NEAR_CORRIDOR,OpenStreetMap contributors (ODbL),OPENSTREETMAP FEATURE (Precomputed Settlement Centroid)
node/7886507871,Payalgaon,hamlet,Point,30.24368,78.47903,4.79,NEAR_CORRIDOR,OpenStreetMap contributors (ODbL),OPENSTREETMAP FEATURE (Precomputed Settlement Centroid)
node/7886507872,Banatu Ka Gaon,hamlet,Point,30.23148,78.47918,5.41,NEAR_CORRIDOR,OpenStreetMap contributors (ODbL),OPENSTREETMAP FEATURE (Precomputed Settlement Centroid)
node/7886507873,Goni Ka Marara,hamlet,Point,30.2296,78.48274,5.18,NEAR_CORRIDOR,OpenStreetMap contributors (ODbL),OPENSTREETMAP FEATURE (Precomputed Settlement Centroid)
node/7886507874,Gumalgaon,hamlet,Point,30.23749,78.48537,4.53,NEAR_CORRIDOR,OpenStreetMap contributors (ODbL),OPENSTREETMAP FEATURE (Precomputed Settlement Centroid)
node/7886507875,Lawgaon,hamlet,Point,30.23782,78.49238,3.88,NEAR_CORRIDOR,OpenStreetMap contributors (ODbL),OPENSTREETMAP FEATURE (Precomputed Settlement Centroid)
node/7886507876,Kirara,hamlet,Point,30.23399,78.49227,4.09,NEAR_CORRIDOR,OpenStreetMap contributors (ODbL),OPENSTREETMAP FEATURE (Precomputed Settlement Centroid)
node/7886507877,Kemsur,hamlet,Point,30.22577,78.48768,4.93,NEAR_CORRIDOR,OpenStreetMap contributors (ODbL),OPENSTREETMAP FEATURE (Precomputed Settlement Centroid)
node/7886507878,Saundari,hamlet,Point,30.228,78.49279,4.35,NEAR_CORRIDOR,OpenStreetMap contributors (ODbL),OPENSTREETMAP FEATURE (Precomputed Settlement Centroid)
node/7886624337,Berni Badi,hamlet,Point,30.23378,78.39183,12.56,OUTSIDE_CORRIDOR,OpenStreetMap contributors (ODbL),OPENSTREETMAP FEATURE (Precomputed Settlement Centroid)
node/7886624338,Berni Choti,hamlet,Point,30.23805,78.39715,12.77,OUTSIDE_CORRIDOR,OpenStreetMap contributors (ODbL),OPENSTREETMAP FEATURE (Precomputed Settlement Centroid)
node/7886624366,Banal,hamlet,Point,30.22123,78.39172,11.26,OUTSIDE_CORRIDOR,OpenStreetMap contributors (ODbL),OPENSTREETMAP FEATURE (Precomputed Settlement Centroid)
node/7886624369,Odara,hamlet,Point,30.22023,78.38048,11.37,OUTSIDE_CORRIDOR,OpenStreetMap contributors (ODbL),OPENSTREETMAP FEATURE (Precomputed Settlement Centroid)
node/7886624370,Tamoli,hamlet,Point,30.22692,78.38166,12.04,OUTSIDE_CORRIDOR,OpenStreetMap contributors (ODbL),OPENSTREETMAP FEATURE (Precomputed Settlement Centroid)
node/7886624371,Raundeli,hamlet,Point,30.23163,78.38063,12.54,OUTSIDE_CORRIDOR,OpenStreetMap contributors (ODbL),OPENSTREETMAP FEATURE (Precomputed Settlement Centroid)
node/7886624372,Hadisera,hamlet,Point,30.23686,78.37162,13.26,OUTSIDE_CORRIDOR,OpenStreetMap contributors (ODbL),OPENSTREETMAP FEATURE (Precomputed Settlement Centroid)
node/7886624373,Sunargaon,hamlet,Point,30.24406,78.38637,13.66,OUTSIDE_CORRIDOR,OpenStreetMap contributors (ODbL),OPENSTREETMAP FEATURE (Precomputed Settlement Centroid)
node/7886624374,Mansera,hamlet,Point,30.24758,78.38024,14.17,OUTSIDE_CORRIDOR,OpenStreetMap contributors (ODbL),OPENSTREETMAP FEATURE (Precomputed Settlement Centroid)
node/7886624375,Adwani,village,Point,30.2472,78.39245,12.95,OUTSIDE_CORRIDOR,OpenStreetMap contributors (ODbL),OPENSTREETMAP FEATURE (Precomputed Settlement Centroid)
node/7886624376,Kala,hamlet,Point,30.24656,78.40668,11.54,OUTSIDE_CORRIDOR,OpenStreetMap contributors (ODbL),OPENSTREETMAP FEATURE (Precomputed Settlement Centroid)
node/7886624377,Bon,hamlet,Point,30.24611,78.41417,10.8,OUTSIDE_CORRIDOR,OpenStreetMap contributors (ODbL),OPENSTREETMAP FEATURE (Precomputed Settlement Centroid)
node/7886624378,Tamiyar,hamlet,Point,30.22651,78.40504,11.56,OUTSIDE_CORRIDOR,OpenStreetMap contributors (ODbL),OPENSTREETMAP FEATURE (Precomputed Settlement Centroid)
node/7886624379,Kathurgaon,hamlet,Point,30.22733,78.3993,11.75,OUTSIDE_CORRIDOR,OpenStreetMap contributors (ODbL),OPENSTREETMAP FEATURE (Precomputed Settlement Centroid)
node/7886624380,Kothdi,hamlet,Point,30.2275,78.39056,11.93,OUTSIDE_CORRIDOR,OpenStreetMap contributors (ODbL),OPENSTREETMAP FEATURE (Precomputed Settlement Centroid)
node/7886624381,Sera,hamlet,Point,30.22596,78.4094,11.42,OUTSIDE_CORRIDOR,OpenStreetMap contributors (ODbL),OPENSTREETMAP FEATURE (Precomputed Settlement Centroid)
node/7886990218,Chaldgaon,hamlet,Point,30.24179,78.31999,14.87,OUTSIDE_CORRIDOR,OpenStreetMap contributors (ODbL),OPENSTREETMAP FEATURE (Precomputed Settlement Centroid)
node/7886990219,Kasmoli,hamlet,Point,30.23701,78.32681,14.23,OUTSIDE_CORRIDOR,OpenStreetMap contributors (ODbL),OPENSTREETMAP FEATURE (Precomputed Settlement Centroid)
node/7886990220,Badera,hamlet,Point,30.23034,78.31917,13.71,OUTSIDE_CORRIDOR,OpenStreetMap contributors (ODbL),OPENSTREETMAP FEATURE (Precomputed Settlement Centroid)
node/7886990221,Kakhil,hamlet,Point,30.23363,78.30814,14.29,OUTSIDE_CORRIDOR,OpenStreetMap contributors (ODbL),OPENSTREETMAP FEATURE (Precomputed Settlement Centroid)
node/7886990222,Berdhal,hamlet,Point,30.22414,78.30407,13.4,OUTSIDE_CORRIDOR,OpenStreetMap contributors (ODbL),OPENSTREETMAP FEATURE (Precomputed Settlement Centroid)
node/7886990248,Badeda Malla,hamlet,Point,30.22425,78.31586,13.16,OUTSIDE_CORRIDOR,OpenStreetMap contributors (ODbL),OPENSTREETMAP FEATURE (Precomputed Settlement Centroid)
node/7886990249,Saldogi,hamlet,Point,30.22681,78.31718,13.39,OUTSIDE_CORRIDOR,OpenStreetMap contributors (ODbL),OPENSTREETMAP FEATURE (Precomputed Settlement Centroid)
node/7886990250,Bhengarki,hamlet,Point,30.2217,78.32643,12.67,OUTSIDE_CORRIDOR,OpenStreetMap contributors (ODbL),OPENSTREETMAP FEATURE (Precomputed Settlement Centroid)
node/7886990253,Bhinnu,hamlet,Point,30.22594,78.33456,12.93,OUTSIDE_CORRIDOR,OpenStreetMap contributors (ODbL),OPENSTREETMAP FEATURE (Precomputed Settlement Centroid)
node/7886990257,Janglet,hamlet,Point,30.22605,78.34518,12.71,OUTSIDE_CORRIDOR,OpenStreetMap contributors (ODbL),OPENSTREETMAP FEATURE (Precomputed Settlement Centroid)
node/7886990258,Dhauryani,hamlet,Point,30.22186,78.35602,12.05,OUTSIDE_CORRIDOR,OpenStreetMap contributors (ODbL),OPENSTREETMAP FEATURE (Precomputed Settlement Centroid)
node/7886990259,Katkot,hamlet,Point,30.23603,78.34838,13.67,OUTSIDE_CORRIDOR,OpenStreetMap contributors (ODbL),OPENSTREETMAP FEATURE (Precomputed Settlement Centroid)
node/7886990260,Bhaintari,hamlet,Point,30.23506,78.35505,13.43,OUTSIDE_CORRIDOR,OpenStreetMap contributors (ODbL),OPENSTREETMAP FEATURE (Precomputed Settlement Centroid)
node/7886990261,Simlet,hamlet,Point,30.24044,78.35705,13.94,OUTSIDE_CORRIDOR,OpenStreetMap contributors (ODbL),OPENSTREETMAP FEATURE (Precomputed Settlement Centroid)
node/7886990262,Tachhla,hamlet,Point,30.24398,78.36269,14.18,OUTSIDE_CORRIDOR,OpenStreetMap contributors (ODbL),OPENSTREETMAP FEATURE (Precomputed Settlement Centroid)
node/7886990263,Malas,hamlet,Point,30.24669,78.3585,14.55,OUTSIDE_CORRIDOR,OpenStreetMap contributors (ODbL),OPENSTREETMAP FEATURE (Precomputed Settlement Centroid)
node/7886990264,Ghasera,hamlet,Point,30.23423,78.36571,13.11,OUTSIDE_CORRIDOR,OpenStreetMap contributors (ODbL),OPENSTREETMAP FEATURE (Precomputed Settlement Centroid)
node/7886990265,Bhagori,hamlet,Point,30.23017,78.36775,12.65,OUTSIDE_CORRIDOR,OpenStreetMap contributors (ODbL),OPENSTREETMAP FEATURE (Precomputed Settlement Centroid)
node/7886990266,Wasi,hamlet,Point,30.22767,78.3676,12.4,OUTSIDE_CORRIDOR,OpenStreetMap contributors (ODbL),OPENSTREETMAP FEATURE (Precomputed Settlement Centroid)
node/7886990267,Damgaon,hamlet,Point,30.24368,78.37185,13.95,OUTSIDE_CORRIDOR,OpenStreetMap contributors (ODbL),OPENSTREETMAP FEATURE (Precomputed Settlement Centroid)
way/343761168,Paturi,village,Polygon,30.4254,78.51353,6.04,NEAR_CORRIDOR,OpenStreetMap contributors (ODbL),OPENSTREETMAP FEATURE (Precomputed Settlement Centroid)
node/342114299,Maroragad,village,Point,30.20004,78.54676,1.07,IN_CORRIDOR,OpenStreetMap contributors (ODbL),OPENSTREETMAP FEATURE (Precomputed Settlement Centroid)
node/342114306,Hindolakhal,village,Point,30.23163,78.60443,5.78,NEAR_CORRIDOR,OpenStreetMap contributors (ODbL),OPENSTREETMAP FEATURE (Precomputed Settlement Centroid)
node/342114312,Bidakot,village,Point,30.21515,78.59482,3.96,NEAR_CORRIDOR,OpenStreetMap contributors (ODbL),OPENSTREETMAP FEATURE (Precomputed Settlement Centroid)
node/342114319,Amni,village,Point,30.19867,78.60169,3.54,NEAR_CORRIDOR,OpenStreetMap contributors (ODbL),OPENSTREETMAP FEATURE (Precomputed Settlement Centroid)
node/342114326,Mahar,village,Point,30.18219,78.60993,3.23,NEAR_CORRIDOR,OpenStreetMap contributors (ODbL),OPENSTREETMAP FEATURE (Precomputed Settlement Centroid)
node/342114332,Gumeth,village,Point,30.16883,78.59481,1.12,IN_CORRIDOR,OpenStreetMap contributors (ODbL),OPENSTREETMAP FEATURE (Precomputed Settlement Centroid)
node/342114339,Devprayag,town,Point,30.14614,78.59858,0.06,IN_CORRIDOR,OpenStreetMap contributors (ODbL),OPENSTREETMAP FEATURE (Precomputed Settlement Centroid)
node/342114346,Umrasu,village,Point,30.10803,78.58933,3.8,NEAR_CORRIDOR,OpenStreetMap contributors (ODbL),OPENSTREETMAP FEATURE (Precomputed Settlement Centroid)
node/342114353,Siralakhal,village,Point,30.12314,78.61542,3.02,NEAR_CORRIDOR,OpenStreetMap contributors (ODbL),OPENSTREETMAP FEATURE (Precomputed Settlement Centroid)
node/342114359,Baroda,village,Point,30.1149,78.61954,3.97,NEAR_CORRIDOR,OpenStreetMap contributors (ODbL),OPENSTREETMAP FEATURE (Precomputed Settlement Centroid)
node/342114405,Garudachatti,hamlet,Point,30.12581,78.35342,2.23,IN_CORRIDOR,OpenStreetMap contributors (ODbL),OPENSTREETMAP FEATURE (Precomputed Settlement Centroid)
node/342114425,Agrakhal,village,Point,30.21359,78.3277,11.81,OUTSIDE_CORRIDOR,OpenStreetMap contributors (ODbL),OPENSTREETMAP FEATURE (Precomputed Settlement Centroid)
node/1193913111,Neelkanth Mahadev,hamlet,Point,30.08155,78.3406,2.04,IN_CORRIDOR,OpenStreetMap contributors (ODbL),OPENSTREETMAP FEATURE (Precomputed Settlement Centroid)
node/1413096207,Ghattu ghat,village,Point,30.08666,78.38042,2.37,IN_CORRIDOR,OpenStreetMap contributors (ODbL),OPENSTREETMAP FEATURE (Precomputed Settlement Centroid)
node/1413099772,Phool Chatti,village,Point,30.11575,78.37536,0.73,IN_CORRIDOR,OpenStreetMap contributors (ODbL),OPENSTREETMAP FEATURE (Precomputed Settlement Centroid)
node/1413099825,Ratta Pani,village,Point,30.10515,78.38142,0.49,IN_CORRIDOR,OpenStreetMap contributors (ODbL),OPENSTREETMAP FEATURE (Precomputed Settlement Centroid)
node/2377440470,Sillar,hamlet,Point,30.13348,78.38579,2.32,IN_CORRIDOR,OpenStreetMap contributors (ODbL),OPENSTREETMAP FEATURE (Precomputed Settlement Centroid)
node/3159251218,Unnamed Settlement,hamlet,Point,30.14512,78.64059,4.47,NEAR_CORRIDOR,OpenStreetMap contributors (ODbL),OPENSTREETMAP FEATURE (Precomputed Settlement Centroid)
node/3159251228,Unnamed Settlement,village,Point,30.14749,78.62523,2.86,IN_CORRIDOR,OpenStreetMap contributors (ODbL),OPENSTREETMAP FEATURE (Precomputed Settlement Centroid)
node/3820695398,Unnamed Settlement,hamlet,Point,30.11854,78.39123,0.67,IN_CORRIDOR,OpenStreetMap contributors (ODbL),OPENSTREETMAP FEATURE (Precomputed Settlement Centroid)
node/3820748010,Totla,hamlet,Point,30.12698,78.34051,2.63,IN_CORRIDOR,OpenStreetMap contributors (ODbL),OPENSTREETMAP FEATURE (Precomputed Settlement Centroid)
node/3821187543,Tapovan,suburb,Point,30.12966,78.32211,3.3,NEAR_CORRIDOR,OpenStreetMap contributors (ODbL),OPENSTREETMAP FEATURE (Precomputed Settlement Centroid)
node/3821187544,Pandav Gufa,suburb,Point,30.1322,78.33335,3.32,NEAR_CORRIDOR,OpenStreetMap contributors (ODbL),OPENSTREETMAP FEATURE (Precomputed Settlement Centroid)
node/5619564995,Bah Bazaar,suburb,Point,30.14352,78.60165,0.46,IN_CORRIDOR,OpenStreetMap contributors (ODbL),OPENSTREETMAP FEATURE (Precomputed Settlement Centroid)
node/5619564996,Shanti Bazaar,suburb,Point,30.14765,78.5969,0.01,IN_CORRIDOR,OpenStreetMap contributors (ODbL),OPENSTREETMAP FEATURE (Precomputed Settlement Centroid)
node/5619564997,Beech Bazaar,suburb,Point,30.14555,78.60052,0.27,IN_CORRIDOR,OpenStreetMap contributors (ODbL),OPENSTREETMAP FEATURE (Precomputed Settlement Centroid)
node/7863511847,dobh,hamlet,Point,30.25588,78.63534,9.91,NEAR_CORRIDOR,OpenStreetMap contributors (ODbL),OPENSTREETMAP FEATURE (Precomputed Settlement Centroid)
node/7863511848,silgarh,hamlet,Point,30.25796,78.63945,10.38,OUTSIDE_CORRIDOR,OpenStreetMap contributors (ODbL),OPENSTREETMAP FEATURE (Precomputed Settlement Centroid)
node/7863511849,bhainskot,hamlet,Point,30.25047,78.62269,8.49,NEAR_CORRIDOR,OpenStreetMap contributors (ODbL),OPENSTREETMAP FEATURE (Precomputed Settlement Centroid)
node/7863511850,gausil,hamlet,Point,30.25483,78.61512,8.12,NEAR_CORRIDOR,OpenStreetMap contributors (ODbL),OPENSTREETMAP FEATURE (Precomputed Settlement Centroid)
node/7865803522,Unnamed Settlement,hamlet,Point,30.25314,78.6061,7.24,NEAR_CORRIDOR,OpenStreetMap contributors (ODbL),OPENSTREETMAP FEATURE (Precomputed Settlement Centroid)
node/7865803523,Unnamed Settlement,hamlet,Point,30.25858,78.60391,7.38,NEAR_CORRIDOR,OpenStreetMap contributors (ODbL),OPENSTREETMAP FEATURE (Precomputed Settlement Centroid)
node/7886507852,Pyanthali,hamlet,Point,30.20838,78.4226,9.35,NEAR_CORRIDOR,OpenStreetMap contributors (ODbL),OPENSTREETMAP FEATURE (Precomputed Settlement Centroid)
node/7886624336,Sain,hamlet,Point,30.16689,78.43492,4.84,NEAR_CORRIDOR,OpenStreetMap contributors (ODbL),OPENSTREETMAP FEATURE (Precomputed Settlement Centroid)
node/7886624339,Shivpuri,hamlet,Point,30.13808,78.39217,2.66,IN_CORRIDOR,OpenStreetMap contributors (ODbL),OPENSTREETMAP FEATURE (Precomputed Settlement Centroid)
node/7886624340,Khaneti,hamlet,Point,30.16624,78.4156,5.13,NEAR_CORRIDOR,OpenStreetMap contributors (ODbL),OPENSTREETMAP FEATURE (Precomputed Settlement Centroid)
node/7886624341,Timli,hamlet,Point,30.15426,78.41187,3.96,NEAR_CORRIDOR,OpenStreetMap contributors (ODbL),OPENSTREETMAP FEATURE (Precomputed Settlement Centroid)
node/7886624342,Tail,hamlet,Point,30.14806,78.40749,3.41,NEAR_CORRIDOR,OpenStreetMap contributors (ODbL),OPENSTREETMAP FEATURE (Precomputed Settlement Centroid)
node/7886624344,Kota,hamlet,Point,30.12232,78.41024,0.7,IN_CORRIDOR,OpenStreetMap contributors (ODbL),OPENSTREETMAP FEATURE (Precomputed Settlement Centroid)
node/7886624345,Phulari,hamlet,Point,30.12306,78.40575,0.86,IN_CORRIDOR,OpenStreetMap contributors (ODbL),OPENSTREETMAP FEATURE (Precomputed Settlement Centroid)
node/7886624346,Dhunargaon,hamlet,Point,30.11886,78.38975,0.74,IN_CORRIDOR,OpenStreetMap contributors (ODbL),OPENSTREETMAP FEATURE (Precomputed Settlement Centroid)
node/7886624347,Khagori,hamlet,Point,30.13058,78.37466,2.27,IN_CORRIDOR,OpenStreetMap contributors (ODbL),OPENSTREETMAP FEATURE (Precomputed Settlement Centroid)
node/7886624349,Baral,village,Point,30.14498,78.37994,3.63,NEAR_CORRIDOR,OpenStreetMap contributors (ODbL),OPENSTREETMAP FEATURE (Precomputed Settlement Centroid)
node/7886624350,Chauk,hamlet,Point,30.15305,78.39056,4.24,NEAR_CORRIDOR,OpenStreetMap contributors (ODbL),OPENSTREETMAP FEATURE (Precomputed Settlement Centroid)
node/7886624351,Kathiya,hamlet,Point,30.1527,78.37166,4.6,NEAR_CORRIDOR,OpenStreetMap contributors (ODbL),OPENSTREETMAP FEATURE (Precomputed Settlement Centroid)
node/7886624352,Unnamed Settlement,hamlet,Point,30.1677,78.3853,5.85,NEAR_CORRIDOR,OpenStreetMap contributors (ODbL),OPENSTREETMAP FEATURE (Precomputed Settlement Centroid)
node/7886624353,Lamdhar,hamlet,Point,30.16717,78.39088,5.69,NEAR_CORRIDOR,OpenStreetMap contributors (ODbL),OPENSTREETMAP FEATURE (Precomputed Settlement Centroid)
node/7886624354,Naudu,hamlet,Point,30.17771,78.37878,7.02,NEAR_CORRIDOR,OpenStreetMap contributors (ODbL),OPENSTREETMAP FEATURE (Precomputed Settlement Centroid)
node/7886624355,Pungad,hamlet,Point,30.18487,78.39,7.54,NEAR_CORRIDOR,OpenStreetMap contributors (ODbL),OPENSTREETMAP FEATURE (Precomputed Settlement Centroid)
node/7886624356,Naudu,hamlet,Point,30.18409,78.38388,7.57,NEAR_CORRIDOR,OpenStreetMap contributors (ODbL),OPENSTREETMAP FEATURE (Precomputed Settlement Centroid)
node/7886624357,Gauri Danda,hamlet,Point,30.19196,78.39751,8.13,NEAR_CORRIDOR,OpenStreetMap contributors (ODbL),OPENSTREETMAP FEATURE (Precomputed Settlement Centroid)
node/7886624358,Badhan,hamlet,Point,30.19395,78.39672,8.35,NEAR_CORRIDOR,OpenStreetMap contributors (ODbL),OPENSTREETMAP FEATURE (Precomputed Settlement Centroid)
node/7886624359,Talain Malli,hamlet,Point,30.19631,78.38571,8.8,NEAR_CORRIDOR,OpenStreetMap contributors (ODbL),OPENSTREETMAP FEATURE (Precomputed Settlement Centroid)
node/7886624360,Talain Talli,hamlet,Point,30.20399,78.38187,9.66,NEAR_CORRIDOR,OpenStreetMap contributors (ODbL),OPENSTREETMAP FEATURE (Precomputed Settlement Centroid)
node/7886624362,Pasar,hamlet,Point,30.20451,78.39992,9.38,NEAR_CORRIDOR,OpenStreetMap contributors (ODbL),OPENSTREETMAP FEATURE (Precomputed Settlement Centroid)
node/7886624363,Kyark,hamlet,Point,30.20937,78.39919,9.9,NEAR_CORRIDOR,OpenStreetMap contributors (ODbL),OPENSTREETMAP FEATURE (Precomputed Settlement Centroid)
node/7886624364,Pokhri,hamlet,Point,30.21103,78.39434,10.16,OUTSIDE_CORRIDOR,OpenStreetMap contributors (ODbL),OPENSTREETMAP FEATURE (Precomputed Settlement Centroid)
node/7886624365,Banali Talli,hamlet,Point,30.21821,78.39962,10.8,OUTSIDE_CORRIDOR,OpenStreetMap contributors (ODbL),OPENSTREETMAP FEATURE (Precomputed Settlement Centroid)
node/7886624367,Palogi,hamlet,Point,30.21886,78.39252,11.0,OUTSIDE_CORRIDOR,OpenStreetMap contributors (ODbL),OPENSTREETMAP FEATURE (Precomputed Settlement Centroid)
node/7886624368,Amol,hamlet,Point,30.21528,78.3867,10.74,OUTSIDE_CORRIDOR,OpenStreetMap contributors (ODbL),OPENSTREETMAP FEATURE (Precomputed Settlement Centroid)
node/7886624384,Chhar Gad,hamlet,Point,30.20436,78.46719,7.91,NEAR_CORRIDOR,OpenStreetMap contributors (ODbL),OPENSTREETMAP FEATURE (Precomputed Settlement Centroid)
node/7886655685,Pangad,hamlet,Point,30.19277,78.46457,6.99,NEAR_CORRIDOR,OpenStreetMap contributors (ODbL),OPENSTREETMAP FEATURE (Precomputed Settlement Centroid)
node/7886655686,Kotar,hamlet,Point,30.19572,78.46124,7.35,NEAR_CORRIDOR,OpenStreetMap contributors (ODbL),OPENSTREETMAP FEATURE (Precomputed Settlement Centroid)
node/7886655687,Sainbhagenti,hamlet,Point,30.18761,78.45083,6.68,NEAR_CORRIDOR,OpenStreetMap contributors (ODbL),OPENSTREETMAP FEATURE (Precomputed Settlement Centroid)
node/7886655688,Bhangla,hamlet,Point,30.18681,78.4626,6.4,NEAR_CORRIDOR,OpenStreetMap contributors (ODbL),OPENSTREETMAP FEATURE (Precomputed Settlement Centroid)
node/7886655689,Gheradhar,hamlet,Point,30.18514,78.45676,6.33,NEAR_CORRIDOR,OpenStreetMap contributors (ODbL),OPENSTREETMAP FEATURE (Precomputed Settlement Centroid)
node/7886655690,Kakhur,hamlet,Point,30.17197,78.45706,4.95,NEAR_CORRIDOR,OpenStreetMap contributors (ODbL),OPENSTREETMAP FEATURE (Precomputed Settlement Centroid)
node/7886655691,Patia,hamlet,Point,30.17667,78.44429,5.67,NEAR_CORRIDOR,OpenStreetMap contributors (ODbL),OPENSTREETMAP FEATURE (Precomputed Settlement Centroid)
node/7886655692,Amari,hamlet,Point,30.18307,78.43721,6.46,NEAR_CORRIDOR,OpenStreetMap contributors (ODbL),OPENSTREETMAP FEATURE (Precomputed Settlement Centroid)
node/7886655693,Mathesera,hamlet,Point,30.18657,78.44144,6.75,NEAR_CORRIDOR,OpenStreetMap contributors (ODbL),OPENSTREETMAP FEATURE (Precomputed Settlement Centroid)
node/7886655694,Tilban,hamlet,Point,30.19103,78.43937,7.25,NEAR_CORRIDOR,OpenStreetMap contributors (ODbL),OPENSTREETMAP FEATURE (Precomputed Settlement Centroid)
node/7886655695,Timli Tolki Nala,hamlet,Point,30.17826,78.41054,6.47,NEAR_CORRIDOR,OpenStreetMap contributors (ODbL),OPENSTREETMAP FEATURE (Precomputed Settlement Centroid)
node/7886655696,Jawanutol,hamlet,Point,30.18097,78.40372,6.88,NEAR_CORRIDOR,OpenStreetMap contributors (ODbL),OPENSTREETMAP FEATURE (Precomputed Settlement Centroid)
node/7886655697,Manjyari,hamlet,Point,30.18674,78.41865,7.19,NEAR_CORRIDOR,OpenStreetMap contributors (ODbL),OPENSTREETMAP FEATURE (Precomputed Settlement Centroid)
node/7886655698,Katal,hamlet,Point,30.19177,78.4251,7.59,NEAR_CORRIDOR,OpenStreetMap contributors (ODbL),OPENSTREETMAP FEATURE (Precomputed Settlement Centroid)
node/7886655699,Kundaliya,hamlet,Point,30.19974,78.41769,8.55,NEAR_CORRIDOR,OpenStreetMap contributors (ODbL),OPENSTREETMAP FEATURE (Precomputed Settlement Centroid)
node/7886655700,Mathyali,hamlet,Point,30.19512,78.42341,7.97,NEAR_CORRIDOR,OpenStreetMap contributors (ODbL),OPENSTREETMAP FEATURE (Precomputed Settlement Centroid)
node/7886655701,Parshpani,hamlet,Point,30.20304,78.42638,8.73,NEAR_CORRIDOR,OpenStreetMap contributors (ODbL),OPENSTREETMAP FEATURE (Precomputed Settlement Centroid)
node/7886655702,Kua,hamlet,Point,30.19458,78.44539,7.5,NEAR_CORRIDOR,OpenStreetMap contributors (ODbL),OPENSTREETMAP FEATURE (Precomputed Settlement Centroid)
node/7886655703,Kyara,hamlet,Point,30.20057,78.45292,7.99,NEAR_CORRIDOR,OpenStreetMap contributors (ODbL),OPENSTREETMAP FEATURE (Precomputed Settlement Centroid)
node/7886655704,Jamola,hamlet,Point,30.20521,78.45667,8.41,NEAR_CORRIDOR,OpenStreetMap contributors (ODbL),OPENSTREETMAP FEATURE (Precomputed Settlement Centroid)
node/7886655705,Anetha,hamlet,Point,30.2089,78.44526,8.98,NEAR_CORRIDOR,OpenStreetMap contributors (ODbL),OPENSTREETMAP FEATURE (Precomputed Settlement Centroid)
node/7886719412,Unnamed Settlement,hamlet,Point,30.12191,78.44955,0.09,IN_CORRIDOR,OpenStreetMap contributors (ODbL),OPENSTREETMAP FEATURE (Precomputed Settlement Centroid)
node/7886719413,Bagwan,hamlet,Point,30.11794,78.44054,0.33,IN_CORRIDOR,OpenStreetMap contributors (ODbL),OPENSTREETMAP FEATURE (Precomputed Settlement Centroid)
node/7886719414,Khaglia,hamlet,Point,30.12137,78.42442,0.33,IN_CORRIDOR,OpenStreetMap contributors (ODbL),OPENSTREETMAP FEATURE (Precomputed Settlement Centroid)
node/7886719415,Unnamed Settlement,hamlet,Point,30.12785,78.42173,1.05,IN_CORRIDOR,OpenStreetMap contributors (ODbL),OPENSTREETMAP FEATURE (Precomputed Settlement Centroid)
node/7886719416,Gal,hamlet,Point,30.12728,78.44049,0.64,IN_CORRIDOR,OpenStreetMap contributors (ODbL),OPENSTREETMAP FEATURE (Precomputed Settlement Centroid)
node/7886719417,Kakhil,village,Point,30.13563,78.45461,1.24,IN_CORRIDOR,OpenStreetMap contributors (ODbL),OPENSTREETMAP FEATURE (Precomputed Settlement Centroid)
node/7886719418,Chameli,hamlet,Point,30.13791,78.43889,1.77,IN_CORRIDOR,OpenStreetMap contributors (ODbL),OPENSTREETMAP FEATURE (Precomputed Settlement Centroid)
node/7886719420,Bhatia,hamlet,Point,30.14275,78.41987,2.63,IN_CORRIDOR,OpenStreetMap contributors (ODbL),OPENSTREETMAP FEATURE (Precomputed Settlement Centroid)
node/7886755227,Bansktal,village,Point,30.18475,78.48611,5.81,NEAR_CORRIDOR,OpenStreetMap contributors (ODbL),OPENSTREETMAP FEATURE (Precomputed Settlement Centroid)
node/7886755228,Kwi Gad,hamlet,Point,30.1706,78.47882,4.46,NEAR_CORRIDOR,OpenStreetMap contributors (ODbL),OPENSTREETMAP FEATURE (Precomputed Settlement Centroid)
node/7886755229,Tipri,hamlet,Point,30.1708,78.4691,4.64,NEAR_CORRIDOR,OpenStreetMap contributors (ODbL),OPENSTREETMAP FEATURE (Precomputed Settlement Centroid)
node/7886755231,Unnamed Settlement,hamlet,Point,30.16707,78.49488,3.84,NEAR_CORRIDOR,OpenStreetMap contributors (ODbL),OPENSTREETMAP FEATURE (Precomputed Settlement Centroid)
node/7886755232,Sain Gadna,hamlet,Point,30.17198,78.48763,4.46,NEAR_CORRIDOR,OpenStreetMap contributors (ODbL),OPENSTREETMAP FEATURE (Precomputed Settlement Centroid)
node/7886755233,Bhairgad,hamlet,Point,30.17366,78.49324,4.55,NEAR_CORRIDOR,OpenStreetMap contributors (ODbL),OPENSTREETMAP FEATURE (Precomputed Settlement Centroid)
node/7886755235,Unnamed Settlement,hamlet,Point,30.16246,78.47808,3.63,NEAR_CORRIDOR,OpenStreetMap contributors (ODbL),OPENSTREETMAP FEATURE (Precomputed Settlement Centroid)
node/7886755236,Jand,hamlet,Point,30.13442,78.49395,0.47,IN_CORRIDOR,OpenStreetMap contributors (ODbL),OPENSTREETMAP FEATURE (Precomputed Settlement Centroid)
node/7886755237,Ghyugar,hamlet,Point,30.15429,78.48742,2.63,IN_CORRIDOR,OpenStreetMap contributors (ODbL),OPENSTREETMAP FEATURE (Precomputed Settlement Centroid)
node/7886755238,Chopra,hamlet,Point,30.15503,78.47715,2.87,IN_CORRIDOR,OpenStreetMap contributors (ODbL),OPENSTREETMAP FEATURE (Precomputed Settlement Centroid)
node/7886755239,Pajaingaon,hamlet,Point,30.14626,78.47729,1.96,IN_CORRIDOR,OpenStreetMap contributors (ODbL),OPENSTREETMAP FEATURE (Precomputed Settlement Centroid)
node/7886755240,Bairgaon,hamlet,Point,30.14426,78.46487,1.95,IN_CORRIDOR,OpenStreetMap contributors (ODbL),OPENSTREETMAP FEATURE (Precomputed Settlement Centroid)
node/7886755241,Silkani,village,Point,30.15414,78.46684,2.95,IN_CORRIDOR,OpenStreetMap contributors (ODbL),OPENSTREETMAP FEATURE (Precomputed Settlement Centroid)
node/7886755242,Bagi,hamlet,Point,30.13939,78.47592,1.27,IN_CORRIDOR,OpenStreetMap contributors (ODbL),OPENSTREETMAP FEATURE (Precomputed Settlement Centroid)
node/7886755243,Naigaon,hamlet,Point,30.13832,78.4803,1.09,IN_CORRIDOR,OpenStreetMap contributors (ODbL),OPENSTREETMAP FEATURE (Precomputed Settlement Centroid)
node/7886755245,Unnamed Settlement,hamlet,Point,30.12999,78.46412,0.48,IN_CORRIDOR,OpenStreetMap contributors (ODbL),OPENSTREETMAP FEATURE (Precomputed Settlement Centroid)
node/7886755246,Naigaon,hamlet,Point,30.129,78.47908,0.14,IN_CORRIDOR,OpenStreetMap contributors (ODbL),OPENSTREETMAP FEATURE (Precomputed Settlement Centroid)
node/7886755247,Chaundli,village,Point,30.12208,78.47367,0.49,IN_CORRIDOR,OpenStreetMap contributors (ODbL),OPENSTREETMAP FEATURE (Precomputed Settlement Centroid)
node/7886755248,Jamun,hamlet,Point,30.12128,78.463,0.4,IN_CORRIDOR,OpenStreetMap contributors (ODbL),OPENSTREETMAP FEATURE (Precomputed Settlement Centroid)
node/7886990251,agar,hamlet,Point,30.2193,78.33421,12.25,OUTSIDE_CORRIDOR,OpenStreetMap contributors (ODbL),OPENSTREETMAP FEATURE (Precomputed Settlement Centroid)
node/7886990252,Gaithal,hamlet,Point,30.21215,78.33692,11.46,OUTSIDE_CORRIDOR,OpenStreetMap contributors (ODbL),OPENSTREETMAP FEATURE (Precomputed Settlement Centroid)
node/7886990254,Bhingarki,hamlet,Point,30.21973,78.34475,12.07,OUTSIDE_CORRIDOR,OpenStreetMap contributors (ODbL),OPENSTREETMAP FEATURE (Precomputed Settlement Centroid)
node/7886990255,Chilogi,hamlet,Point,30.21834,78.34436,11.94,OUTSIDE_CORRIDOR,OpenStreetMap contributors (ODbL),OPENSTREETMAP FEATURE (Precomputed Settlement Centroid)
node/7886990256,Chilogikhal,hamlet,Point,30.21832,78.35005,11.81,OUTSIDE_CORRIDOR,OpenStreetMap contributors (ODbL),OPENSTREETMAP FEATURE (Precomputed Settlement Centroid)
node/7887076732,Chamolgaon,hamlet,Point,30.17785,78.336,7.96,NEAR_CORRIDOR,OpenStreetMap contributors (ODbL),OPENSTREETMAP FEATURE (Precomputed Settlement Centroid)
node/7887076733,Sarswar,hamlet,Point,30.17949,78.3323,8.2,NEAR_CORRIDOR,OpenStreetMap contributors (ODbL),OPENSTREETMAP FEATURE (Precomputed Settlement Centroid)
node/7887076734,Adali,hamlet,Point,30.18071,78.32967,8.39,NEAR_CORRIDOR,OpenStreetMap contributors (ODbL),OPENSTREETMAP FEATURE (Precomputed Settlement Centroid)
node/7887076735,Kheradhar,hamlet,Point,30.18111,78.32427,8.54,NEAR_CORRIDOR,OpenStreetMap contributors (ODbL),OPENSTREETMAP FEATURE (Precomputed Settlement Centroid)
node/7887076737,Banali,hamlet,Point,30.18652,78.32464,9.09,NEAR_CORRIDOR,OpenStreetMap contributors (ODbL),OPENSTREETMAP FEATURE (Precomputed Settlement Centroid)
node/7887076738,Dwaldhar,hamlet,Point,30.19447,78.32166,9.97,NEAR_CORRIDOR,OpenStreetMap contributors (ODbL),OPENSTREETMAP FEATURE (Precomputed Settlement Centroid)
node/7887076739,Danda,hamlet,Point,30.19696,78.32836,10.08,OUTSIDE_CORRIDOR,OpenStreetMap contributors (ODbL),OPENSTREETMAP FEATURE (Precomputed Settlement Centroid)
node/7887076740,Pilri,hamlet,Point,30.19076,78.32851,9.44,NEAR_CORRIDOR,OpenStreetMap contributors (ODbL),OPENSTREETMAP FEATURE (Precomputed Settlement Centroid)
node/7887076741,Mugwar,hamlet,Point,30.19028,78.33608,9.23,NEAR_CORRIDOR,OpenStreetMap contributors (ODbL),OPENSTREETMAP FEATURE (Precomputed Settlement Centroid)
node/7887076743,Unnamed Settlement,hamlet,Point,30.18689,78.37016,8.15,NEAR_CORRIDOR,OpenStreetMap contributors (ODbL),OPENSTREETMAP FEATURE (Precomputed Settlement Centroid)
node/7887157126,Nirgad,hamlet,Point,30.13902,78.34718,3.72,NEAR_CORRIDOR,OpenStreetMap contributors (ODbL),OPENSTREETMAP FEATURE (Precomputed Settlement Centroid)
node/7887157127,Kyarki,hamlet,Point,30.13941,78.35162,3.67,NEAR_CORRIDOR,OpenStreetMap contributors (ODbL),OPENSTREETMAP FEATURE (Precomputed Settlement Centroid)
node/7887157128,Kodarna,hamlet,Point,30.16275,78.32243,6.7,NEAR_CORRIDOR,OpenStreetMap contributors (ODbL),OPENSTREETMAP FEATURE (Precomputed Settlement Centroid)
node/7887157129,Dharkot,hamlet,Point,30.15923,78.33001,6.17,NEAR_CORRIDOR,OpenStreetMap contributors (ODbL),OPENSTREETMAP FEATURE (Precomputed Settlement Centroid)
node/7887157130,Koli,hamlet,Point,30.16368,78.33568,6.51,NEAR_CORRIDOR,OpenStreetMap contributors (ODbL),OPENSTREETMAP FEATURE (Precomputed Settlement Centroid)
node/7887157131,Juddi,hamlet,Point,30.15973,78.35793,5.62,NEAR_CORRIDOR,OpenStreetMap contributors (ODbL),OPENSTREETMAP FEATURE (Precomputed Settlement Centroid)
node/7887157132,Kakhur,hamlet,Point,30.16082,78.35222,5.86,NEAR_CORRIDOR,OpenStreetMap contributors (ODbL),OPENSTREETMAP FEATURE (Precomputed Settlement Centroid)
node/7887157133,Kothli,hamlet,Point,30.15847,78.34754,5.72,NEAR_CORRIDOR,OpenStreetMap contributors (ODbL),OPENSTREETMAP FEATURE (Precomputed Settlement Centroid)
node/7887157134,Nir,hamlet,Point,30.15691,78.3417,5.68,NEAR_CORRIDOR,OpenStreetMap contributors (ODbL),OPENSTREETMAP FEATURE (Precomputed Settlement Centroid)
node/7887157135,Unnamed Settlement,hamlet,Point,30.15196,78.34755,5.05,NEAR_CORRIDOR,OpenStreetMap contributors (ODbL),OPENSTREETMAP FEATURE (Precomputed Settlement Centroid)
node/7887157136,Kur,hamlet,Point,30.14748,78.34679,4.6,NEAR_CORRIDOR,OpenStreetMap contributors (ODbL),OPENSTREETMAP FEATURE (Precomputed Settlement Centroid)
node/7887157137,Kusram,hamlet,Point,30.15021,78.35329,4.74,NEAR_CORRIDOR,OpenStreetMap contributors (ODbL),OPENSTREETMAP FEATURE (Precomputed Settlement Centroid)
node/7887157138,Bhiret,hamlet,Point,30.15307,78.36007,4.89,NEAR_CORRIDOR,OpenStreetMap contributors (ODbL),OPENSTREETMAP FEATURE (Precomputed Settlement Centroid)
node/7887157139,Dandala,hamlet,Point,30.16145,78.36726,5.6,NEAR_CORRIDOR,OpenStreetMap contributors (ODbL),OPENSTREETMAP FEATURE (Precomputed Settlement Centroid)
node/7887157140,Rakhara,hamlet,Point,30.1708,78.36443,6.62,NEAR_CORRIDOR,OpenStreetMap contributors (ODbL),OPENSTREETMAP FEATURE (Precomputed Settlement Centroid)
node/7887157141,Unnamed Settlement,hamlet,Point,30.17496,78.35937,7.16,NEAR_CORRIDOR,OpenStreetMap contributors (ODbL),OPENSTREETMAP FEATURE (Precomputed Settlement Centroid)
node/7887157142,Bandriam,hamlet,Point,30.17492,78.35665,7.21,NEAR_CORRIDOR,OpenStreetMap contributors (ODbL),OPENSTREETMAP FEATURE (Precomputed Settlement Centroid)
node/7887157143,Kotali,hamlet,Point,30.17535,78.35117,7.37,NEAR_CORRIDOR,OpenStreetMap contributors (ODbL),OPENSTREETMAP FEATURE (Precomputed Settlement Centroid)
node/7887157144,Jakhani,hamlet,Point,30.16989,78.34128,7.02,NEAR_CORRIDOR,OpenStreetMap contributors (ODbL),OPENSTREETMAP FEATURE (Precomputed Settlement Centroid)
node/7887157145,Kandar,hamlet,Point,30.17285,78.34568,7.23,NEAR_CORRIDOR,OpenStreetMap contributors (ODbL),OPENSTREETMAP FEATURE (Precomputed Settlement Centroid)
node/7887157146,Bhengarki Talli,hamlet,Point,30.17336,78.32783,7.67,NEAR_CORRIDOR,OpenStreetMap contributors (ODbL),OPENSTREETMAP FEATURE (Precomputed Settlement Centroid)
node/7887157147,Devaldhar,hamlet,Point,30.1745,78.33276,7.68,NEAR_CORRIDOR,OpenStreetMap contributors (ODbL),OPENSTREETMAP FEATURE (Precomputed Settlement Centroid)
node/7887157148,Dhapou,hamlet,Point,30.17578,78.33893,7.68,NEAR_CORRIDOR,OpenStreetMap contributors (ODbL),OPENSTREETMAP FEATURE (Precomputed Settlement Centroid)
node/7887543641,Kharangaon,hamlet,Point,30.09153,78.3799,1.86,IN_CORRIDOR,OpenStreetMap contributors (ODbL),OPENSTREETMAP FEATURE (Precomputed Settlement Centroid)
node/7887543642,Simalkhat,hamlet,Point,30.10123,78.37153,0.68,IN_CORRIDOR,OpenStreetMap contributors (ODbL),OPENSTREETMAP FEATURE (Precomputed Settlement Centroid)
node/7887543643,Kharodi,hamlet,Point,30.09912,78.37996,1.08,IN_CORRIDOR,OpenStreetMap contributors (ODbL),OPENSTREETMAP FEATURE (Precomputed Settlement Centroid)
node/7887543644,Pastora,hamlet,Point,30.09639,78.38622,1.5,IN_CORRIDOR,OpenStreetMap contributors (ODbL),OPENSTREETMAP FEATURE (Precomputed Settlement Centroid)
node/7887543645,Palyalgaon,hamlet,Point,30.10348,78.40342,1.12,IN_CORRIDOR,OpenStreetMap contributors (ODbL),OPENSTREETMAP FEATURE (Precomputed Settlement Centroid)
node/7887543646,Pulani,hamlet,Point,30.11593,78.40958,0.05,IN_CORRIDOR,OpenStreetMap contributors (ODbL),OPENSTREETMAP FEATURE (Precomputed Settlement Centroid)
node/7887543647,Gular Dogi,hamlet,Point,30.11722,78.43614,0.32,IN_CORRIDOR,OpenStreetMap contributors (ODbL),OPENSTREETMAP FEATURE (Precomputed Settlement Centroid)
node/7887543648,Kunir Gad,hamlet,Point,30.09917,78.4444,2.34,IN_CORRIDOR,OpenStreetMap contributors (ODbL),OPENSTREETMAP FEATURE (Precomputed Settlement Centroid)
node/7887543649,Kandasu Gad,hamlet,Point,30.09693,78.43957,2.48,IN_CORRIDOR,OpenStreetMap contributors (ODbL),OPENSTREETMAP FEATURE (Precomputed Settlement Centroid)
node/7887543650,Sirasu,hamlet,Point,30.10873,78.42979,1.08,IN_CORRIDOR,OpenStreetMap contributors (ODbL),OPENSTREETMAP FEATURE (Precomputed Settlement Centroid)
node/7887543652,Wilogi,hamlet,Point,30.11367,78.44612,0.87,IN_CORRIDOR,OpenStreetMap contributors (ODbL),OPENSTREETMAP FEATURE (Precomputed Settlement Centroid)
node/7887543653,Gattu Gad,hamlet,Point,30.1166,78.45159,0.67,IN_CORRIDOR,OpenStreetMap contributors (ODbL),OPENSTREETMAP FEATURE (Precomputed Settlement Centroid)
node/7887543654,Devi Danda,hamlet,Point,30.09798,78.46016,2.76,IN_CORRIDOR,OpenStreetMap contributors (ODbL),OPENSTREETMAP FEATURE (Precomputed Settlement Centroid)
node/7887543655,Lorsi,hamlet,Point,30.10771,78.45693,1.69,IN_CORRIDOR,OpenStreetMap contributors (ODbL),OPENSTREETMAP FEATURE (Precomputed Settlement Centroid)
node/7887543656,Badir,hamlet,Point,30.08478,78.48412,4.53,NEAR_CORRIDOR,OpenStreetMap contributors (ODbL),OPENSTREETMAP FEATURE (Precomputed Settlement Centroid)
node/7887543657,Daindh,hamlet,Point,30.09453,78.49663,3.72,NEAR_CORRIDOR,OpenStreetMap contributors (ODbL),OPENSTREETMAP FEATURE (Precomputed Settlement Centroid)
node/7887543658,Bugala,hamlet,Point,30.10018,78.4862,2.96,IN_CORRIDOR,OpenStreetMap contributors (ODbL),OPENSTREETMAP FEATURE (Precomputed Settlement Centroid)
node/7887543659,Gangalsi,hamlet,Point,30.09598,78.48122,3.32,NEAR_CORRIDOR,OpenStreetMap contributors (ODbL),OPENSTREETMAP FEATURE (Precomputed Settlement Centroid)
node/7887543660,Nasogi,hamlet,Point,30.10168,78.47897,2.69,IN_CORRIDOR,OpenStreetMap contributors (ODbL),OPENSTREETMAP FEATURE (Precomputed Settlement Centroid)
node/7887543661,Mundala,hamlet,Point,30.10704,78.4735,2.05,IN_CORRIDOR,OpenStreetMap contributors (ODbL),OPENSTREETMAP FEATURE (Precomputed Settlement Centroid)
node/7887543662,Mandiyargaon,hamlet,Point,30.11363,78.47659,1.41,IN_CORRIDOR,OpenStreetMap contributors (ODbL),OPENSTREETMAP FEATURE (Precomputed Settlement Centroid)
node/7888665215,Serainala,hamlet,Point,30.08542,78.43097,3.51,NEAR_CORRIDOR,OpenStreetMap contributors (ODbL),OPENSTREETMAP FEATURE (Precomputed Settlement Centroid)
node/7888665216,Bansani,hamlet,Point,30.09076,78.42148,2.78,IN_CORRIDOR,OpenStreetMap contributors (ODbL),OPENSTREETMAP FEATURE (Precomputed Settlement Centroid)
node/7888665217,Mala,hamlet,Point,30.08938,78.4098,2.7,IN_CORRIDOR,OpenStreetMap contributors (ODbL),OPENSTREETMAP FEATURE (Precomputed Settlement Centroid)
node/7889169908,Talain,hamlet,Point,30.08309,78.36767,2.46,IN_CORRIDOR,OpenStreetMap contributors (ODbL),OPENSTREETMAP FEATURE (Precomputed Settlement Centroid)
node/7889169922,Patna,hamlet,Point,30.11172,78.36335,0.57,IN_CORRIDOR,OpenStreetMap contributors (ODbL),OPENSTREETMAP FEATURE (Precomputed Settlement Centroid)
node/7889169923,Haldogi,hamlet,Point,30.10805,78.35779,0.31,IN_CORRIDOR,OpenStreetMap contributors (ODbL),OPENSTREETMAP FEATURE (Precomputed Settlement Centroid)
node/7889169924,Amsur,hamlet,Point,30.09364,78.35022,1.0,IN_CORRIDOR,OpenStreetMap contributors (ODbL),OPENSTREETMAP FEATURE (Precomputed Settlement Centroid)
node/7889169925,Bhadasi,hamlet,Point,30.09701,78.35231,0.7,IN_CORRIDOR,OpenStreetMap contributors (ODbL),OPENSTREETMAP FEATURE (Precomputed Settlement Centroid)
node/7889169926,Marai,hamlet,Point,30.09282,78.35286,1.15,IN_CORRIDOR,OpenStreetMap contributors (ODbL),OPENSTREETMAP FEATURE (Precomputed Settlement Centroid)
node/7889169927,Toli,hamlet,Point,30.08523,78.3416,1.68,IN_CORRIDOR,OpenStreetMap contributors (ODbL),OPENSTREETMAP FEATURE (Precomputed Settlement Centroid)
node/7889169928,Pundrasu,hamlet,Point,30.08755,78.3328,1.26,IN_CORRIDOR,OpenStreetMap contributors (ODbL),OPENSTREETMAP FEATURE (Precomputed Settlement Centroid)
node/7889169929,Gudanugaon,hamlet,Point,30.1061,78.33117,0.69,IN_CORRIDOR,OpenStreetMap contributors (ODbL),OPENSTREETMAP FEATURE (Precomputed Settlement Centroid)
node/7944723363,Masniya Bani,village,Point,30.14576,78.60088,0.3,IN_CORRIDOR,OpenStreetMap contributors (ODbL),OPENSTREETMAP FEATURE (Precomputed Settlement Centroid)
node/8273026814,Bhaun,hamlet,Point,30.10872,78.33923,0.78,IN_CORRIDOR,OpenStreetMap contributors (ODbL),OPENSTREETMAP FEATURE (Precomputed Settlement Centroid)
node/10809898962,Khairgal,hamlet,Point,30.10569,78.34162,0.42,IN_CORRIDOR,OpenStreetMap contributors (ODbL),OPENSTREETMAP FEATURE (Precomputed Settlement Centroid)
node/10813290303,Malli,hamlet,Point,30.13655,78.33909,3.64,NEAR_CORRIDOR,OpenStreetMap contributors (ODbL),OPENSTREETMAP FEATURE (Precomputed Settlement Centroid)
way/102682221,Simaldhandi,village,Polygon,30.10905,78.34843,0.62,IN_CORRIDOR,OpenStreetMap contributors (ODbL),OPENSTREETMAP FEATURE (Precomputed Settlement Centroid)
way/102684513,Unnamed Settlement,hamlet,Polygon,30.12691,78.34059,2.62,IN_CORRIDOR,OpenStreetMap contributors (ODbL),OPENSTREETMAP FEATURE (Precomputed Settlement Centroid)
way/425936059,Village Haldogi,village,Polygon,30.10829,78.35807,0.33,IN_CORRIDOR,OpenStreetMap contributors (ODbL),OPENSTREETMAP FEATURE (Precomputed Settlement Centroid)
way/570372263,Bhadsi,village,Polygon,30.0961,78.35048,0.76,IN_CORRIDOR,OpenStreetMap contributors (ODbL),OPENSTREETMAP FEATURE (Precomputed Settlement Centroid)
node/342113927,Ajetpur,village,Point,29.88281,78.13065,4.43,NEAR_CORRIDOR,OpenStreetMap contributors (ODbL),OPENSTREETMAP FEATURE (Precomputed Settlement Centroid)
node/342114816,Barrage,village,Point,30.07207,78.28385,1.79,IN_CORRIDOR,OpenStreetMap contributors (ODbL),OPENSTREETMAP FEATURE (Precomputed Settlement Centroid)
node/342114822,Diuli,village,Point,30.05997,78.35175,4.5,NEAR_CORRIDOR,OpenStreetMap contributors (ODbL),OPENSTREETMAP FEATURE (Precomputed Settlement Centroid)
node/342115896,Chila,village,Point,29.97449,78.21309,2.61,IN_CORRIDOR,OpenStreetMap contributors (ODbL),OPENSTREETMAP FEATURE (Precomputed Settlement Centroid)
node/342115903,Rajaji Park Gate,locality,Point,29.95468,78.10089,6.7,NEAR_CORRIDOR,OpenStreetMap contributors (ODbL),OPENSTREETMAP FEATURE (Precomputed Settlement Centroid)
node/1185827080,Swargashram,suburb,Point,30.11855,78.31382,2.34,IN_CORRIDOR,OpenStreetMap contributors (ODbL),OPENSTREETMAP FEATURE (Precomputed Settlement Centroid)
node/1211180500,Haridwār,city,Point,29.93845,78.1453,2.04,IN_CORRIDOR,OpenStreetMap contributors (ODbL),OPENSTREETMAP FEATURE (Precomputed Settlement Centroid)
node/2377440462,Jawālāpur,hamlet,Point,29.92426,78.10757,6.18,NEAR_CORRIDOR,OpenStreetMap contributors (ODbL),OPENSTREETMAP FEATURE (Precomputed Settlement Centroid)
node/2377440464,Kankhal,hamlet,Point,29.92597,78.14526,2.24,IN_CORRIDOR,OpenStreetMap contributors (ODbL),OPENSTREETMAP FEATURE (Precomputed Settlement Centroid)
node/2377440468,Rāiwāla Bara,hamlet,Point,30.02182,78.21495,0.04,IN_CORRIDOR,OpenStreetMap contributors (ODbL),OPENSTREETMAP FEATURE (Precomputed Settlement Centroid)
node/2377440472,Virbhadra,hamlet,Point,30.0712,78.28189,1.84,IN_CORRIDOR,OpenStreetMap contributors (ODbL),OPENSTREETMAP FEATURE (Precomputed Settlement Centroid)
node/2505866220,Ghughatyani Talli,hamlet,Point,30.13597,78.31668,4.07,NEAR_CORRIDOR,OpenStreetMap contributors (ODbL),OPENSTREETMAP FEATURE (Precomputed Settlement Centroid)
node/3735821429,Rishikesh,town,Point,30.10865,78.29162,1.8,IN_CORRIDOR,OpenStreetMap contributors (ODbL),OPENSTREETMAP FEATURE (Precomputed Settlement Centroid)
node/3821187545,Maya Kund,suburb,Point,30.10587,78.29885,1.36,IN_CORRIDOR,OpenStreetMap contributors (ODbL),OPENSTREETMAP FEATURE (Precomputed Settlement Centroid)
node/3821187546,Chauda Bigha,suburb,Point,30.11335,78.30246,2.05,IN_CORRIDOR,OpenStreetMap contributors (ODbL),OPENSTREETMAP FEATURE (Precomputed Settlement Centroid)
node/3821187547,Dhalwala,suburb,Point,30.12139,78.28608,3.23,NEAR_CORRIDOR,OpenStreetMap contributors (ODbL),OPENSTREETMAP FEATURE (Precomputed Settlement Centroid)
node/3821187548,Muni Ki Reti,suburb,Point,30.11983,78.30629,2.63,IN_CORRIDOR,OpenStreetMap contributors (ODbL),OPENSTREETMAP FEATURE (Precomputed Settlement Centroid)
node/3821275158,Ganga Vatika,suburb,Point,30.12416,78.30537,3.1,NEAR_CORRIDOR,OpenStreetMap contributors (ODbL),OPENSTREETMAP FEATURE (Precomputed Settlement Centroid)
node/3821275159,Adarsh Nagar,suburb,Point,30.10431,78.28817,1.43,IN_CORRIDOR,OpenStreetMap contributors (ODbL),OPENSTREETMAP FEATURE (Precomputed Settlement Centroid)
node/3821275160,TDHC Colony,suburb,Point,30.10791,78.28211,1.93,IN_CORRIDOR,OpenStreetMap contributors (ODbL),OPENSTREETMAP FEATURE (Precomputed Settlement Centroid)
node/3821275161,Pragati Vihar,suburb,Point,30.11066,78.28408,2.17,IN_CORRIDOR,OpenStreetMap contributors (ODbL),OPENSTREETMAP FEATURE (Precomputed Settlement Centroid)
node/3821275162,Ashutosh Nagar,suburb,Point,30.11429,78.28635,2.49,IN_CORRIDOR,OpenStreetMap contributors (ODbL),OPENSTREETMAP FEATURE (Precomputed Settlement Centroid)
node/3821275163,Adarsh Gram,suburb,Point,30.11047,78.29381,1.94,IN_CORRIDOR,OpenStreetMap contributors (ODbL),OPENSTREETMAP FEATURE (Precomputed Settlement Centroid)
node/3821275164,BSNL Colony,suburb,Point,30.11512,78.28179,2.67,IN_CORRIDOR,OpenStreetMap contributors (ODbL),OPENSTREETMAP FEATURE (Precomputed Settlement Centroid)
node/3821275165,Someshwar Nagar,suburb,Point,30.0973,78.27773,0.93,IN_CORRIDOR,OpenStreetMap contributors (ODbL),OPENSTREETMAP FEATURE (Precomputed Settlement Centroid)
node/3821275166,Kolghatti,suburb,Point,30.09573,78.28623,0.59,IN_CORRIDOR,OpenStreetMap contributors (ODbL),OPENSTREETMAP FEATURE (Precomputed Settlement Centroid)
node/5954089236,Shyampur,suburb,Point,30.06334,78.23532,1.1,IN_CORRIDOR,OpenStreetMap contributors (ODbL),OPENSTREETMAP FEATURE (Precomputed Settlement Centroid)
node/5954089237,Virbhadra,town,Point,30.07927,78.25201,0.78,IN_CORRIDOR,OpenStreetMap contributors (ODbL),OPENSTREETMAP FEATURE (Precomputed Settlement Centroid)
node/5984981985,Har Ki Pauri,suburb,Point,29.95664,78.17086,0.07,IN_CORRIDOR,OpenStreetMap contributors (ODbL),OPENSTREETMAP FEATURE (Precomputed Settlement Centroid)
node/7704040279,IDPL Colony,suburb,Point,30.0783,78.26413,0.27,IN_CORRIDOR,OpenStreetMap contributors (ODbL),OPENSTREETMAP FEATURE (Precomputed Settlement Centroid)
node/7887157121,Palsara,hamlet,Point,30.14348,78.29465,5.31,NEAR_CORRIDOR,OpenStreetMap contributors (ODbL),OPENSTREETMAP FEATURE (Precomputed Settlement Centroid)
node/7887157122,Ghughatyani Malli,hamlet,Point,30.14121,78.31527,4.64,NEAR_CORRIDOR,OpenStreetMap contributors (ODbL),OPENSTREETMAP FEATURE (Precomputed Settlement Centroid)
node/7887157123,Dhoulsot,hamlet,Point,30.14769,78.31516,5.3,NEAR_CORRIDOR,OpenStreetMap contributors (ODbL),OPENSTREETMAP FEATURE (Precomputed Settlement Centroid)
node/7887157125,Pathaur,hamlet,Point,30.13563,78.30862,4.21,NEAR_CORRIDOR,OpenStreetMap contributors (ODbL),OPENSTREETMAP FEATURE (Precomputed Settlement Centroid)
node/7888719799,Natura,hamlet,Point,30.03249,78.37355,7.79,NEAR_CORRIDOR,OpenStreetMap contributors (ODbL),OPENSTREETMAP FEATURE (Precomputed Settlement Centroid)
node/7888719800,Phaldakot,hamlet,Point,30.03669,78.3746,7.38,NEAR_CORRIDOR,OpenStreetMap contributors (ODbL),OPENSTREETMAP FEATURE (Precomputed Settlement Centroid)
node/7888719801,Kandwalgaon,hamlet,Point,30.04042,78.3728,6.96,NEAR_CORRIDOR,OpenStreetMap contributors (ODbL),OPENSTREETMAP FEATURE (Precomputed Settlement Centroid)
node/7888719802,Kkretidhar,hamlet,Point,30.04411,78.37756,6.68,NEAR_CORRIDOR,OpenStreetMap contributors (ODbL),OPENSTREETMAP FEATURE (Precomputed Settlement Centroid)
node/7888719809,Bheldunga,hamlet,Point,30.05613,78.36986,5.28,NEAR_CORRIDOR,OpenStreetMap contributors (ODbL),OPENSTREETMAP FEATURE (Precomputed Settlement Centroid)
node/7888719840,Talla Naugaon,hamlet,Point,30.00197,78.37739,11.01,OUTSIDE_CORRIDOR,OpenStreetMap contributors (ODbL),OPENSTREETMAP FEATURE (Precomputed Settlement Centroid)
node/7889169906,Bairagarh,hamlet,Point,30.06575,78.37318,4.37,NEAR_CORRIDOR,OpenStreetMap contributors (ODbL),OPENSTREETMAP FEATURE (Precomputed Settlement Centroid)
node/7889169907,Judda,hamlet,Point,30.07925,78.35887,2.67,IN_CORRIDOR,OpenStreetMap contributors (ODbL),OPENSTREETMAP FEATURE (Precomputed Settlement Centroid)
node/7889169909,Amri,hamlet,Point,30.07291,78.36427,3.44,NEAR_CORRIDOR,OpenStreetMap contributors (ODbL),OPENSTREETMAP FEATURE (Precomputed Settlement Centroid)
node/7889169910,Gyuntha,hamlet,Point,30.07,78.35816,3.6,NEAR_CORRIDOR,OpenStreetMap contributors (ODbL),OPENSTREETMAP FEATURE (Precomputed Settlement Centroid)
node/7889169911,Maun,hamlet,Point,30.07462,78.35603,3.08,NEAR_CORRIDOR,OpenStreetMap contributors (ODbL),OPENSTREETMAP FEATURE (Precomputed Settlement Centroid)
node/7889169912,Iriya,hamlet,Point,30.06757,78.35252,3.73,NEAR_CORRIDOR,OpenStreetMap contributors (ODbL),OPENSTREETMAP FEATURE (Precomputed Settlement Centroid)
node/7889169913,Kuthar,hamlet,Point,30.06843,78.34821,3.55,NEAR_CORRIDOR,OpenStreetMap contributors (ODbL),OPENSTREETMAP FEATURE (Precomputed Settlement Centroid)
node/7889169914,Bhaun,hamlet,Point,30.07244,78.3376,2.91,IN_CORRIDOR,OpenStreetMap contributors (ODbL),OPENSTREETMAP FEATURE (Precomputed Settlement Centroid)
node/7889169915,Kharosha,hamlet,Point,30.06376,78.34048,3.87,NEAR_CORRIDOR,OpenStreetMap contributors (ODbL),OPENSTREETMAP FEATURE (Precomputed Settlement Centroid)
node/7889169916,Banstola,hamlet,Point,30.06077,78.34475,4.26,NEAR_CORRIDOR,OpenStreetMap contributors (ODbL),OPENSTREETMAP FEATURE (Precomputed Settlement Centroid)
node/7889169917,Devrana,hamlet,Point,30.05483,78.3431,4.84,NEAR_CORRIDOR,OpenStreetMap contributors (ODbL),OPENSTREETMAP FEATURE (Precomputed Settlement Centroid)
node/7889169918,Paiyan,hamlet,Point,30.04519,78.36087,6.21,NEAR_CORRIDOR,OpenStreetMap contributors (ODbL),OPENSTREETMAP FEATURE (Precomputed Settlement Centroid)
node/7889169919,Juledi,hamlet,Point,30.0511,78.35308,5.44,NEAR_CORRIDOR,OpenStreetMap contributors (ODbL),OPENSTREETMAP FEATURE (Precomputed Settlement Centroid)
node/7889169920,Chamanpuri,hamlet,Point,30.04794,78.33749,5.43,NEAR_CORRIDOR,OpenStreetMap contributors (ODbL),OPENSTREETMAP FEATURE (Precomputed Settlement Centroid)
node/7889169921,Dhamand,village,Point,30.04335,78.3296,5.73,NEAR_CORRIDOR,OpenStreetMap contributors (ODbL),OPENSTREETMAP FEATURE (Precomputed Settlement Centroid)
node/7889219695,Umara,hamlet,Point,30.03451,78.3675,7.45,NEAR_CORRIDOR,OpenStreetMap contributors (ODbL),OPENSTREETMAP FEATURE (Precomputed Settlement Centroid)
node/7889219696,Amgadi,hamlet,Point,30.03204,78.36182,7.59,NEAR_CORRIDOR,OpenStreetMap contributors (ODbL),OPENSTREETMAP FEATURE (Precomputed Settlement Centroid)
node/7889219697,Kumrana,hamlet,Point,30.03893,78.35825,6.8,NEAR_CORRIDOR,OpenStreetMap contributors (ODbL),OPENSTREETMAP FEATURE (Precomputed Settlement Centroid)
node/7889219698,Majendi,hamlet,Point,30.03908,78.35393,6.69,NEAR_CORRIDOR,OpenStreetMap contributors (ODbL),OPENSTREETMAP FEATURE (Precomputed Settlement Centroid)
node/7889219699,Binjakhet,hamlet,Point,30.03958,78.34691,6.49,NEAR_CORRIDOR,OpenStreetMap contributors (ODbL),OPENSTREETMAP FEATURE (Precomputed Settlement Centroid)
node/7889219700,Dhausain,hamlet,Point,30.03003,78.34623,7.46,NEAR_CORRIDOR,OpenStreetMap contributors (ODbL),OPENSTREETMAP FEATURE (Precomputed Settlement Centroid)
node/7889219701,Ghorkatal,hamlet,Point,30.02584,78.3455,7.87,NEAR_CORRIDOR,OpenStreetMap contributors (ODbL),OPENSTREETMAP FEATURE (Precomputed Settlement Centroid)
node/7889219703,Danni Katal,hamlet,Point,30.02183,78.3495,8.37,NEAR_CORRIDOR,OpenStreetMap contributors (ODbL),OPENSTREETMAP FEATURE (Precomputed Settlement Centroid)
node/7889219704,Dubra,hamlet,Point,30.02008,78.36625,8.91,NEAR_CORRIDOR,OpenStreetMap contributors (ODbL),OPENSTREETMAP FEATURE (Precomputed Settlement Centroid)
node/7889219706,Unnamed Settlement,hamlet,Point,30.00844,78.34966,9.75,NEAR_CORRIDOR,OpenStreetMap contributors (ODbL),OPENSTREETMAP FEATURE (Precomputed Settlement Centroid)
node/7889219707,Bukandi,hamlet,Point,30.00542,78.34297,9.92,NEAR_CORRIDOR,OpenStreetMap contributors (ODbL),OPENSTREETMAP FEATURE (Precomputed Settlement Centroid)
node/7889219708,Silkoli,hamlet,Point,30.01656,78.33752,8.65,NEAR_CORRIDOR,OpenStreetMap contributors (ODbL),OPENSTREETMAP FEATURE (Precomputed Settlement Centroid)
node/7889219709,tola,hamlet,Point,30.01058,78.33909,9.3,NEAR_CORRIDOR,OpenStreetMap contributors (ODbL),OPENSTREETMAP FEATURE (Precomputed Settlement Centroid)
node/7889219710,Bewala,hamlet,Point,30.01136,78.33153,9.06,NEAR_CORRIDOR,OpenStreetMap contributors (ODbL),OPENSTREETMAP FEATURE (Precomputed Settlement Centroid)
node/7889219711,Banadora,hamlet,Point,30.00889,78.33069,9.3,NEAR_CORRIDOR,OpenStreetMap contributors (ODbL),OPENSTREETMAP FEATURE (Precomputed Settlement Centroid)
node/7889219712,Satrak,hamlet,Point,30.00506,78.33002,9.67,NEAR_CORRIDOR,OpenStreetMap contributors (ODbL),OPENSTREETMAP FEATURE (Precomputed Settlement Centroid)
node/7889219713,Nalani,hamlet,Point,30.00205,78.32357,9.84,NEAR_CORRIDOR,OpenStreetMap contributors (ODbL),OPENSTREETMAP FEATURE (Precomputed Settlement Centroid)
node/7889219714,Keshubari,hamlet,Point,30.02907,78.33291,7.27,NEAR_CORRIDOR,OpenStreetMap contributors (ODbL),OPENSTREETMAP FEATURE (Precomputed Settlement Centroid)
node/8003086369,Ranjwala,hamlet,Point,29.94331,78.36623,16.8,OUTSIDE_CORRIDOR,OpenStreetMap contributors (ODbL),OPENSTREETMAP FEATURE (Precomputed Settlement Centroid)
node/8003086370,Kimsari,hamlet,Point,29.9496,78.37046,16.24,OUTSIDE_CORRIDOR,OpenStreetMap contributors (ODbL),OPENSTREETMAP FEATURE (Precomputed Settlement Centroid)
node/8003086371,Begra,hamlet,Point,29.95224,78.36614,15.88,OUTSIDE_CORRIDOR,OpenStreetMap contributors (ODbL),OPENSTREETMAP FEATURE (Precomputed Settlement Centroid)
node/8003086372,Digoli,hamlet,Point,29.95665,78.37359,15.59,OUTSIDE_CORRIDOR,OpenStreetMap contributors (ODbL),OPENSTREETMAP FEATURE (Precomputed Settlement Centroid)
node/8003086374,Dandi,hamlet,Point,29.96094,78.37297,15.13,OUTSIDE_CORRIDOR,OpenStreetMap contributors (ODbL),OPENSTREETMAP FEATURE (Precomputed Settlement Centroid)
node/8003086375,Kota,hamlet,Point,29.9741,78.36797,13.67,OUTSIDE_CORRIDOR,OpenStreetMap contributors (ODbL),OPENSTREETMAP FEATURE (Precomputed Settlement Centroid)
node/8003086376,Silori,village,Point,29.98912,78.36741,12.12,OUTSIDE_CORRIDOR,OpenStreetMap contributors (ODbL),OPENSTREETMAP FEATURE (Precomputed Settlement Centroid)
node/8003086377,Uddha,village,Point,29.99696,78.36807,11.33,OUTSIDE_CORRIDOR,OpenStreetMap contributors (ODbL),OPENSTREETMAP FEATURE (Precomputed Settlement Centroid)
node/8003097759,Jogiyana,village,Point,29.99614,78.37874,11.64,OUTSIDE_CORRIDOR,OpenStreetMap contributors (ODbL),OPENSTREETMAP FEATURE (Precomputed Settlement Centroid)
node/8003097760,Toli,hamlet,Point,29.99878,78.37421,11.27,OUTSIDE_CORRIDOR,OpenStreetMap contributors (ODbL),OPENSTREETMAP FEATURE (Precomputed Settlement Centroid)
node/8003097767,Chiloli,hamlet,Point,29.97858,78.37651,13.4,OUTSIDE_CORRIDOR,OpenStreetMap contributors (ODbL),OPENSTREETMAP FEATURE (Precomputed Settlement Centroid)
node/8003129515,Garakot,hamlet,Point,29.90559,78.37272,20.51,OUTSIDE_CORRIDOR,OpenStreetMap contributors (ODbL),OPENSTREETMAP FEATURE (Precomputed Settlement Centroid)
node/8003129516,Nahkhet,hamlet,Point,29.91124,78.37,19.92,OUTSIDE_CORRIDOR,OpenStreetMap contributors (ODbL),OPENSTREETMAP FEATURE (Precomputed Settlement Centroid)
node/8003830845,Uliyal,hamlet,Point,29.94491,78.34473,15.64,OUTSIDE_CORRIDOR,OpenStreetMap contributors (ODbL),OPENSTREETMAP FEATURE (Precomputed Settlement Centroid)
node/8003830846,Jogiyana,village,Point,29.9509,78.35509,15.78,OUTSIDE_CORRIDOR,OpenStreetMap contributors (ODbL),OPENSTREETMAP FEATURE (Precomputed Settlement Centroid)
node/8003830847,Bhumiyasari,hamlet,Point,29.95663,78.34061,14.53,OUTSIDE_CORRIDOR,OpenStreetMap contributors (ODbL),OPENSTREETMAP FEATURE (Precomputed Settlement Centroid)
node/8003830848,Sanspun,hamlet,Point,29.99414,78.33366,10.87,OUTSIDE_CORRIDOR,OpenStreetMap contributors (ODbL),OPENSTREETMAP FEATURE (Precomputed Settlement Centroid)
node/8003830849,Sairaki,hamlet,Point,29.99949,78.33821,10.42,OUTSIDE_CORRIDOR,OpenStreetMap contributors (ODbL),OPENSTREETMAP FEATURE (Precomputed Settlement Centroid)
node/8003830850,Dawaidi,hamlet,Point,29.99078,78.34875,11.54,OUTSIDE_CORRIDOR,OpenStreetMap contributors (ODbL),OPENSTREETMAP FEATURE (Precomputed Settlement Centroid)
node/8003830851,Churgadi,hamlet,Point,29.98295,78.3516,12.41,OUTSIDE_CORRIDOR,OpenStreetMap contributors (ODbL),OPENSTREETMAP FEATURE (Precomputed Settlement Centroid)
node/8003830852,Simalkhet,hamlet,Point,29.96765,78.33688,13.5,OUTSIDE_CORRIDOR,OpenStreetMap contributors (ODbL),OPENSTREETMAP FEATURE (Precomputed Settlement Centroid)
node/8003830853,Kasani,hamlet,Point,29.95981,78.3346,13.83,OUTSIDE_CORRIDOR,OpenStreetMap contributors (ODbL),OPENSTREETMAP FEATURE (Precomputed Settlement Centroid)
node/8003830854,Banda Malla,hamlet,Point,29.95964,78.34797,14.73,OUTSIDE_CORRIDOR,OpenStreetMap contributors (ODbL),OPENSTREETMAP FEATURE (Precomputed Settlement Centroid)
node/8003830855,Aulankatal,hamlet,Point,29.9672,78.35492,14.1,OUTSIDE_CORRIDOR,OpenStreetMap contributors (ODbL),OPENSTREETMAP FEATURE (Precomputed Settlement Centroid)
node/8003830856,Mauja Saijad,hamlet,Point,29.97196,78.35518,13.62,OUTSIDE_CORRIDOR,OpenStreetMap contributors (ODbL),OPENSTREETMAP FEATURE (Precomputed Settlement Centroid)
node/8003830857,Khaijana Tok,village,Point,29.97533,78.35318,13.23,OUTSIDE_CORRIDOR,OpenStreetMap contributors (ODbL),OPENSTREETMAP FEATURE (Precomputed Settlement Centroid)
node/8003830858,Talai,village,Point,29.97745,78.34962,12.93,OUTSIDE_CORRIDOR,OpenStreetMap contributors (ODbL),OPENSTREETMAP FEATURE (Precomputed Settlement Centroid)
node/8003830859,Amkarat,village,Point,29.98581,78.33529,11.77,OUTSIDE_CORRIDOR,OpenStreetMap contributors (ODbL),OPENSTREETMAP FEATURE (Precomputed Settlement Centroid)
node/8003870262,Kanur,hamlet,Point,29.95282,78.37949,16.11,OUTSIDE_CORRIDOR,OpenStreetMap contributors (ODbL),OPENSTREETMAP FEATURE (Precomputed Settlement Centroid)
node/8003870264,Amdhar,hamlet,Point,29.93898,78.37893,17.52,OUTSIDE_CORRIDOR,OpenStreetMap contributors (ODbL),OPENSTREETMAP FEATURE (Precomputed Settlement Centroid)
node/10565932730,Roshanabad,suburb,Point,29.9732,78.05713,11.61,OUTSIDE_CORRIDOR,OpenStreetMap contributors (ODbL),OPENSTREETMAP FEATURE (Precomputed Settlement Centroid)
node/10565932731,Integrated Industrial Estate,suburb,Point,29.95962,78.06576,10.43,OUTSIDE_CORRIDOR,OpenStreetMap contributors (ODbL),OPENSTREETMAP FEATURE (Precomputed Settlement Centroid)
node/10565932778,BHEL Township,suburb,Point,29.93861,78.11228,5.47,NEAR_CORRIDOR,OpenStreetMap contributors (ODbL),OPENSTREETMAP FEATURE (Precomputed Settlement Centroid)
node/11476306713,Bhagwatipuram Colony,hamlet,Point,29.91643,78.1234,4.66,NEAR_CORRIDOR,OpenStreetMap contributors (ODbL),OPENSTREETMAP FEATURE (Precomputed Settlement Centroid)
node/13316699990,Missarpur,suburb,Point,29.88985,78.13382,3.99,NEAR_CORRIDOR,OpenStreetMap contributors (ODbL),OPENSTREETMAP FEATURE (Precomputed Settlement Centroid)
node/13728016471,Chak Jogiwala,village,Point,30.08058,78.19131,5.84,NEAR_CORRIDOR,OpenStreetMap contributors (ODbL),OPENSTREETMAP FEATURE (Precomputed Settlement Centroid)
way/104687182,Chila,village,Polygon,29.97388,78.21334,2.66,IN_CORRIDOR,OpenStreetMap contributors (ODbL),OPENSTREETMAP FEATURE (Precomputed Settlement Centroid)
node/342113919,Lāl Dhāng,village,Point,29.8515,78.31646,14.38,OUTSIDE_CORRIDOR,OpenStreetMap contributors (ODbL),OPENSTREETMAP FEATURE (Precomputed Settlement Centroid)
node/342113937,Pathri Gujjar Camp,hamlet,Point,29.81698,78.1087,7.74,NEAR_CORRIDOR,OpenStreetMap contributors (ODbL),OPENSTREETMAP FEATURE (Precomputed Settlement Centroid)
node/342113946,Lahadpur,village,Point,29.76334,78.27896,9.32,NEAR_CORRIDOR,OpenStreetMap contributors (ODbL),OPENSTREETMAP FEATURE (Precomputed Settlement Centroid)
node/342115376,Bahādrābād,suburb,Point,29.91973,78.04367,12.89,OUTSIDE_CORRIDOR,OpenStreetMap contributors (ODbL),OPENSTREETMAP FEATURE (Precomputed Settlement Centroid)
node/1209740205,Bijnor,city,Point,29.36952,78.13714,0.95,IN_CORRIDOR,OpenStreetMap contributors (ODbL),OPENSTREETMAP FEATURE (Precomputed Settlement Centroid)
node/1210121524,Najibabad,town,Point,29.61313,78.34301,16.03,OUTSIDE_CORRIDOR,OpenStreetMap contributors (ODbL),OPENSTREETMAP FEATURE (Precomputed Settlement Centroid)
node/1210657123,Nagal,village,Point,29.66312,78.19116,0.2,IN_CORRIDOR,OpenStreetMap contributors (ODbL),OPENSTREETMAP FEATURE (Precomputed Settlement Centroid)
node/1210688695,Mandawar,village,Point,29.4866,78.12908,3.28,NEAR_CORRIDOR,OpenStreetMap contributors (ODbL),OPENSTREETMAP FEATURE (Precomputed Settlement Centroid)
node/1210709356,Kiratpur,town,Point,29.50445,78.20275,3.65,NEAR_CORRIDOR,OpenStreetMap contributors (ODbL),OPENSTREETMAP FEATURE (Precomputed Settlement Centroid)
node/2321295911,Laksar,town,Point,29.74744,78.02381,17.47,OUTSIDE_CORRIDOR,OpenStreetMap contributors (ODbL),OPENSTREETMAP FEATURE (Precomputed Settlement Centroid)
node/2377341373,Laksar,village,Point,29.75893,78.04073,15.56,OUTSIDE_CORRIDOR,OpenStreetMap contributors (ODbL),OPENSTREETMAP FEATURE (Precomputed Settlement Centroid)
node/2377341739,Simli,hamlet,Point,29.7517,78.01851,17.97,OUTSIDE_CORRIDOR,OpenStreetMap contributors (ODbL),OPENSTREETMAP FEATURE (Precomputed Settlement Centroid)
node/2377341767,Sultānpur,town,Point,29.75879,78.10786,8.57,NEAR_CORRIDOR,OpenStreetMap contributors (ODbL),OPENSTREETMAP FEATURE (Precomputed Settlement Centroid)
node/3162719984,Mangolpura,village,Point,29.85928,78.29351,12.11,OUTSIDE_CORRIDOR,OpenStreetMap contributors (ODbL),OPENSTREETMAP FEATURE (Precomputed Settlement Centroid)
node/5910112582,Sahanpur,town,Point,29.6333,78.32292,13.8,OUTSIDE_CORRIDOR,OpenStreetMap contributors (ODbL),OPENSTREETMAP FEATURE (Precomputed Settlement Centroid)
node/6400275048,Jalalabad,village,Point,29.59674,78.31587,13.29,OUTSIDE_CORRIDOR,OpenStreetMap contributors (ODbL),OPENSTREETMAP FEATURE (Precomputed Settlement Centroid)
node/6400305670,Kalheri,village,Point,29.60689,78.29774,11.33,OUTSIDE_CORRIDOR,OpenStreetMap contributors (ODbL),OPENSTREETMAP FEATURE (Precomputed Settlement Centroid)
node/8003830842,Rasulipur,village,Point,29.86406,78.30795,13.69,OUTSIDE_CORRIDOR,OpenStreetMap contributors (ODbL),OPENSTREETMAP FEATURE (Precomputed Settlement Centroid)
node/8003830843,Aryanagar,village,Point,29.87029,78.30025,12.98,OUTSIDE_CORRIDOR,OpenStreetMap contributors (ODbL),OPENSTREETMAP FEATURE (Precomputed Settlement Centroid)
node/8170252876,Unnamed Settlement,hamlet,Point,29.3029,78.06065,10.5,OUTSIDE_CORRIDOR,OpenStreetMap contributors (ODbL),OPENSTREETMAP FEATURE (Precomputed Settlement Centroid)
node/8170252877,Unnamed Settlement,hamlet,Point,29.31353,78.03675,11.73,OUTSIDE_CORRIDOR,OpenStreetMap contributors (ODbL),OPENSTREETMAP FEATURE (Precomputed Settlement Centroid)
node/8170252878,Unnamed Settlement,hamlet,Point,29.32906,78.04563,10.09,OUTSIDE_CORRIDOR,OpenStreetMap contributors (ODbL),OPENSTREETMAP FEATURE (Precomputed Settlement Centroid)
node/8170252879,Unnamed Settlement,hamlet,Point,29.33707,78.03125,11.11,OUTSIDE_CORRIDOR,OpenStreetMap contributors (ODbL),OPENSTREETMAP FEATURE (Precomputed Settlement Centroid)
node/8170252885,Unnamed Settlement,hamlet,Point,29.34623,78.00683,13.28,OUTSIDE_CORRIDOR,OpenStreetMap contributors (ODbL),OPENSTREETMAP FEATURE (Precomputed Settlement Centroid)
node/8170252886,Unnamed Settlement,hamlet,Point,29.35502,78.01619,12.13,OUTSIDE_CORRIDOR,OpenStreetMap contributors (ODbL),OPENSTREETMAP FEATURE (Precomputed Settlement Centroid)
node/8170252887,Unnamed Settlement,hamlet,Point,29.35779,78.07009,6.54,NEAR_CORRIDOR,OpenStreetMap contributors (ODbL),OPENSTREETMAP FEATURE (Precomputed Settlement Centroid)
node/8170252888,Unnamed Settlement,hamlet,Point,29.36991,78.05756,7.62,NEAR_CORRIDOR,OpenStreetMap contributors (ODbL),OPENSTREETMAP FEATURE (Precomputed Settlement Centroid)
node/8170252889,Unnamed Settlement,hamlet,Point,29.36336,78.10138,3.24,NEAR_CORRIDOR,OpenStreetMap contributors (ODbL),OPENSTREETMAP FEATURE (Precomputed Settlement Centroid)
node/8170252890,Unnamed Settlement,hamlet,Point,29.34066,78.10678,4.35,NEAR_CORRIDOR,OpenStreetMap contributors (ODbL),OPENSTREETMAP FEATURE (Precomputed Settlement Centroid)
node/8173041850,Unnamed Settlement,hamlet,Point,29.61753,78.0016,19.78,OUTSIDE_CORRIDOR,OpenStreetMap contributors (ODbL),OPENSTREETMAP FEATURE (Precomputed Settlement Centroid)
node/8173041864,Tugalpur,village,Point,29.64547,78.00761,19.33,OUTSIDE_CORRIDOR,OpenStreetMap contributors (ODbL),OPENSTREETMAP FEATURE (Precomputed Settlement Centroid)
node/8173041865,Unnamed Settlement,village,Point,29.63635,78.00377,19.67,OUTSIDE_CORRIDOR,OpenStreetMap contributors (ODbL),OPENSTREETMAP FEATURE (Precomputed Settlement Centroid)
node/8592617166,Deval,village,Point,29.34802,78.00756,13.16,OUTSIDE_CORRIDOR,OpenStreetMap contributors (ODbL),OPENSTREETMAP FEATURE (Precomputed Settlement Centroid)
node/9146655260,Unnamed Settlement,village,Point,29.83141,78.30321,12.71,OUTSIDE_CORRIDOR,OpenStreetMap contributors (ODbL),OPENSTREETMAP FEATURE (Precomputed Settlement Centroid)
node/9146655261,Unnamed Settlement,village,Point,29.72291,78.14343,5.32,NEAR_CORRIDOR,OpenStreetMap contributors (ODbL),OPENSTREETMAP FEATURE (Precomputed Settlement Centroid)
node/9146655262,Unnamed Settlement,village,Point,29.71881,78.17425,2.16,IN_CORRIDOR,OpenStreetMap contributors (ODbL),OPENSTREETMAP FEATURE (Precomputed Settlement Centroid)
node/9146655263,Unnamed Settlement,village,Point,29.70535,78.15721,4.04,NEAR_CORRIDOR,OpenStreetMap contributors (ODbL),OPENSTREETMAP FEATURE (Precomputed Settlement Centroid)
node/9146655264,Unnamed Settlement,village,Point,29.69089,78.14,5.75,NEAR_CORRIDOR,OpenStreetMap contributors (ODbL),OPENSTREETMAP FEATURE (Precomputed Settlement Centroid)
node/9146655265,Unnamed Settlement,village,Point,29.67955,78.11799,7.98,NEAR_CORRIDOR,OpenStreetMap contributors (ODbL),OPENSTREETMAP FEATURE (Precomputed Settlement Centroid)
node/9146655266,Unnamed Settlement,village,Point,29.68992,78.11447,8.42,NEAR_CORRIDOR,OpenStreetMap contributors (ODbL),OPENSTREETMAP FEATURE (Precomputed Settlement Centroid)
node/9146655267,Unnamed Settlement,village,Point,29.69957,78.10816,9.14,NEAR_CORRIDOR,OpenStreetMap contributors (ODbL),OPENSTREETMAP FEATURE (Precomputed Settlement Centroid)
node/9146655268,Unnamed Settlement,village,Point,29.67717,78.09859,10.0,NEAR_CORRIDOR,OpenStreetMap contributors (ODbL),OPENSTREETMAP FEATURE (Precomputed Settlement Centroid)
node/9146655269,Unnamed Settlement,village,Point,29.6718,78.08988,10.88,OUTSIDE_CORRIDOR,OpenStreetMap contributors (ODbL),OPENSTREETMAP FEATURE (Precomputed Settlement Centroid)
node/9146655270,Unnamed Settlement,village,Point,29.66643,78.08327,11.53,OUTSIDE_CORRIDOR,OpenStreetMap contributors (ODbL),OPENSTREETMAP FEATURE (Precomputed Settlement Centroid)
node/9146655271,Unnamed Settlement,village,Point,29.65233,78.07627,12.18,OUTSIDE_CORRIDOR,OpenStreetMap contributors (ODbL),OPENSTREETMAP FEATURE (Precomputed Settlement Centroid)
node/9146655272,Unnamed Settlement,village,Point,29.65043,78.08885,10.85,OUTSIDE_CORRIDOR,OpenStreetMap contributors (ODbL),OPENSTREETMAP FEATURE (Precomputed Settlement Centroid)
node/9146655273,Unnamed Settlement,village,Point,29.67057,78.00756,19.49,OUTSIDE_CORRIDOR,OpenStreetMap contributors (ODbL),OPENSTREETMAP FEATURE (Precomputed Settlement Centroid)
node/9146655274,Unnamed Settlement,village,Point,29.66926,78.00233,20.03,OUTSIDE_CORRIDOR,OpenStreetMap contributors (ODbL),OPENSTREETMAP FEATURE (Precomputed Settlement Centroid)
node/9146655275,Unnamed Settlement,village,Point,29.68507,78.00203,20.17,OUTSIDE_CORRIDOR,OpenStreetMap contributors (ODbL),OPENSTREETMAP FEATURE (Precomputed Settlement Centroid)
node/9146655278,Unnamed Settlement,village,Point,29.75447,78.00289,19.56,OUTSIDE_CORRIDOR,OpenStreetMap contributors (ODbL),OPENSTREETMAP FEATURE (Precomputed Settlement Centroid)
node/9146655291,Unnamed Settlement,village,Point,29.78751,78.00035,19.41,OUTSIDE_CORRIDOR,OpenStreetMap contributors (ODbL),OPENSTREETMAP FEATURE (Precomputed Settlement Centroid)
node/9277086526,Khatai,village,Point,29.52083,78.24748,7.7,NEAR_CORRIDOR,OpenStreetMap contributors (ODbL),OPENSTREETMAP FEATURE (Precomputed Settlement Centroid)
node/11698417942,Police Line,suburb,Point,29.37551,78.13172,0.16,IN_CORRIDOR,OpenStreetMap contributors (ODbL),OPENSTREETMAP FEATURE (Precomputed Settlement Centroid)
node/11698528838,Chashirin,suburb,Point,29.37022,78.13724,0.91,IN_CORRIDOR,OpenStreetMap contributors (ODbL),OPENSTREETMAP FEATURE (Precomputed Settlement Centroid)
node/12277111631,Mudhala,village,Point,29.46074,78.17704,2.3,IN_CORRIDOR,OpenStreetMap contributors (ODbL),OPENSTREETMAP FEATURE (Precomputed Settlement Centroid)
node/12277111632,Raisi,village,Point,29.6822,78.06224,13.84,OUTSIDE_CORRIDOR,OpenStreetMap contributors (ODbL),OPENSTREETMAP FEATURE (Precomputed Settlement Centroid)
node/12277111644,Jhalu,village,Point,29.33514,78.22515,10.83,OUTSIDE_CORRIDOR,OpenStreetMap contributors (ODbL),OPENSTREETMAP FEATURE (Precomputed Settlement Centroid)
node/12650342989,Mandawali,village,Point,29.64524,78.25526,6.63,NEAR_CORRIDOR,OpenStreetMap contributors (ODbL),OPENSTREETMAP FEATURE (Precomputed Settlement Centroid)
way/492159061,Unnamed Settlement,village,Polygon,29.77822,78.02208,17.26,OUTSIDE_CORRIDOR,OpenStreetMap contributors (ODbL),OPENSTREETMAP FEATURE (Precomputed Settlement Centroid)
way/492159068,Unnamed Settlement,village,Polygon,29.77163,78.034,16.1,OUTSIDE_CORRIDOR,OpenStreetMap contributors (ODbL),OPENSTREETMAP FEATURE (Precomputed Settlement Centroid)
way/492159072,Unnamed Settlement,village,Polygon,29.76202,78.02821,16.83,OUTSIDE_CORRIDOR,OpenStreetMap contributors (ODbL),OPENSTREETMAP FEATURE (Precomputed Settlement Centroid)
way/492159074,Unnamed Settlement,village,Polygon,29.75852,78.04022,15.62,OUTSIDE_CORRIDOR,OpenStreetMap contributors (ODbL),OPENSTREETMAP FEATURE (Precomputed Settlement Centroid)
way/492165312,Unnamed Settlement,village,Polygon,29.77365,78.08892,10.35,OUTSIDE_CORRIDOR,OpenStreetMap contributors (ODbL),OPENSTREETMAP FEATURE (Precomputed Settlement Centroid)
way/492165316,Unnamed Settlement,village,Polygon,29.76788,78.08087,11.27,OUTSIDE_CORRIDOR,OpenStreetMap contributors (ODbL),OPENSTREETMAP FEATURE (Precomputed Settlement Centroid)
way/492165324,Unnamed Settlement,village,Polygon,29.78456,78.08305,10.83,OUTSIDE_CORRIDOR,OpenStreetMap contributors (ODbL),OPENSTREETMAP FEATURE (Precomputed Settlement Centroid)
way/492166787,Unnamed Settlement,village,Polygon,29.79108,78.04299,14.92,OUTSIDE_CORRIDOR,OpenStreetMap contributors (ODbL),OPENSTREETMAP FEATURE (Precomputed Settlement Centroid)
way/492166791,Unnamed Settlement,village,Polygon,29.77596,78.04149,15.27,OUTSIDE_CORRIDOR,OpenStreetMap contributors (ODbL),OPENSTREETMAP FEATURE (Precomputed Settlement Centroid)
way/492166794,Unnamed Settlement,village,Polygon,29.78787,78.03382,15.92,OUTSIDE_CORRIDOR,OpenStreetMap contributors (ODbL),OPENSTREETMAP FEATURE (Precomputed Settlement Centroid)
way/492166797,Unnamed Settlement,village,Polygon,29.81566,78.00325,18.71,OUTSIDE_CORRIDOR,OpenStreetMap contributors (ODbL),OPENSTREETMAP FEATURE (Precomputed Settlement Centroid)
