timestamp,rainfall_bhagirathi_tekhla_mm,rainfall_bhilangna_mm,rainfall_lateral_intermediate_mm,rainfall_source
2024-06-01 00:00:00+00:00,0.0,0.0,0.0,ERA5-LAND HOURLY PRECIPITATION SAMPLED AT NEAREST MODEL-GRID LOCATIONS VIA OPEN-METEO AND SPATIALLY WEIGHTED OVER THE TEHRI CATCHMENT.
2024-06-01 01:00:00+00:00,0.0,0.0,0.0,ERA5-LAND HOURLY PRECIPITATION SAMPLED AT NEAREST MODEL-GRID LOCATIONS VIA OPEN-METEO AND SPATIALLY WEIGHTED OVER THE TEHRI CATCHMENT.
2024-06-01 02:00:00+00:00,0.0,0.0,0.0,ERA5-LAND HOURLY PRECIPITATION SAMPLED AT NEAREST MODEL-GRID LOCATIONS VIA OPEN-METEO AND SPATIALLY WEIGHTED OVER THE TEHRI CATCHMENT.
2024-06-01 03:00:00+00:00,0.0,0.0,0.0,ERA5-LAND HOURLY PRECIPITATION SAMPLED AT NEAREST MODEL-GRID LOCATIONS VIA OPEN-METEO AND SPATIALLY WEIGHTED OVER THE TEHRI CATCHMENT.
2024-06-01 04:00:00+00:00,0.0,0.0,0.0,ERA5-LAND HOURLY PRECIPITATION SAMPLED AT NEAREST MODEL-GRID LOCATIONS VIA OPEN-METEO AND SPATIALLY WEIGHTED OVER THE TEHRI CATCHMENT.
2024-06-01 05:00:00+00:00,0.0,0.0,0.0,ERA5-LAND HOURLY PRECIPITATION SAMPLED AT NEAREST MODEL-GRID LOCATIONS VIA OPEN-METEO AND SPATIALLY WEIGHTED OVER THE TEHRI CATCHMENT.
2024-06-01 06:00:00+00:00,0.0,0.0,0.0,ERA5-LAND HOURLY PRECIPITATION SAMPLED AT NEAREST MODEL-GRID LOCATIONS VIA OPEN-METEO AND SPATIALLY WEIGHTED OVER THE TEHRI CATCHMENT.
2024-06-01 07:00:00+00:00,0.004,0.004,0.001,ERA5-LAND HOURLY PRECIPITATION SAMPLED AT NEAREST MODEL-GRID LOCATIONS VIA OPEN-METEO AND SPATIALLY WEIGHTED OVER THE TEHRI CATCHMENT.
2024-06-01 08:00:00+00:00,0.009,0.029,0.005,ERA5-LAND HOURLY PRECIPITATION SAMPLED AT NEAREST MODEL-GRID LOCATIONS VIA OPEN-METEO AND SPATIALLY WEIGHTED OVER THE TEHRI CATCHMENT.
2024-06-01 09:00:00+00:00,0.032,0.056,0.007,ERA5-LAND HOURLY PRECIPITATION SAMPLED AT NEAREST MODEL-GRID LOCATIONS VIA OPEN-METEO AND SPATIALLY WEIGHTED OVER THE TEHRI CATCHMENT.
2024-06-01 10:00:00+00:00,0.037,0.048,0.005,ERA5-LAND HOURLY PRECIPITATION SAMPLED AT NEAREST MODEL-GRID LOCATIONS VIA OPEN-METEO AND SPATIALLY WEIGHTED OVER THE TEHRI CATCHMENT.
2024-06-01 11:00:00+00:00,0.021,0.029,0.003,ERA5-LAND HOURLY PRECIPITATION SAMPLED AT NEAREST MODEL-GRID LOCATIONS VIA OPEN-METEO AND SPATIALLY WEIGHTED OVER THE TEHRI CATCHMENT.
2024-06-01 12:00:00+00:00,0.024,0.064,0.007,ERA5-LAND HOURLY PRECIPITATION SAMPLED AT NEAREST MODEL-GRID LOCATIONS VIA OPEN-METEO AND SPATIALLY WEIGHTED OVER THE TEHRI CATCHMENT.
2024-06-01 13:00:00+00:00,0.009,0.009,0.003,ERA5-LAND HOURLY PRECIPITATION SAMPLED AT NEAREST MODEL-GRID LOCATIONS VIA OPEN-METEO AND SPATIALLY WEIGHTED OVER THE TEHRI CATCHMENT.
2024-06-01 14:00:00+00:00,0.003,0.0,0.0,ERA5-LAND HOURLY PRECIPITATION SAMPLED AT NEAREST MODEL-GRID LOCATIONS VIA OPEN-METEO AND SPATIALLY WEIGHTED OVER THE TEHRI CATCHMENT.
2024-06-01 15:00:00+00:00,0.001,0.009,0.0,ERA5-LAND HOURLY PRECIPITATION SAMPLED AT NEAREST MODEL-GRID LOCATIONS VIA OPEN-METEO AND SPATIALLY WEIGHTED OVER THE TEHRI CATCHMENT.
2024-06-01 16:00:00+00:00,0.0,0.0,0.0,ERA5-LAND HOURLY PRECIPITATION SAMPLED AT NEAREST MODEL-GRID LOCATIONS VIA OPEN-METEO AND SPATIALLY WEIGHTED OVER THE TEHRI CATCHMENT.
2024-06-01 17:00:00+00:00,0.0,0.0,0.0,ERA5-LAND HOURLY PRECIPITATION SAMPLED AT NEAREST MODEL-GRID LOCATIONS VIA OPEN-METEO AND SPATIALLY WEIGHTED OVER THE TEHRI CATCHMENT.
2024-06-01 18:00:00+00:00,0.0,0.0,0.0,ERA5-LAND HOURLY PRECIPITATION SAMPLED AT NEAREST MODEL-GRID LOCATIONS VIA OPEN-METEO AND SPATIALLY WEIGHTED OVER THE TEHRI CATCHMENT.
2024-06-01 19:00:00+00:00,0.0,0.0,0.0,ERA5-LAND HOURLY PRECIPITATION SAMPLED AT NEAREST MODEL-GRID LOCATIONS VIA OPEN-METEO AND SPATIALLY WEIGHTED OVER THE TEHRI CATCHMENT.
2024-06-01 20:00:00+00:00,0.0,0.0,0.0,ERA5-LAND HOURLY PRECIPITATION SAMPLED AT NEAREST MODEL-GRID LOCATIONS VIA OPEN-METEO AND SPATIALLY WEIGHTED OVER THE TEHRI CATCHMENT.
2024-06-01 21:00:00+00:00,0.0,0.0,0.0,ERA5-LAND HOURLY PRECIPITATION SAMPLED AT NEAREST MODEL-GRID LOCATIONS VIA OPEN-METEO AND SPATIALLY WEIGHTED OVER THE TEHRI CATCHMENT.
2024-06-01 22:00:00+00:00,0.0,0.0,0.0,ERA5-LAND HOURLY PRECIPITATION SAMPLED AT NEAREST MODEL-GRID LOCATIONS VIA OPEN-METEO AND SPATIALLY WEIGHTED OVER THE TEHRI CATCHMENT.
2024-06-01 23:00:00+00:00,0.001,0.004,0.001,ERA5-LAND HOURLY PRECIPITATION SAMPLED AT NEAREST MODEL-GRID LOCATIONS VIA OPEN-METEO AND SPATIALLY WEIGHTED OVER THE TEHRI CATCHMENT.
2024-06-02 00:00:00+00:00,0.0,0.0,0.0,ERA5-LAND HOURLY PRECIPITATION SAMPLED AT NEAREST MODEL-GRID LOCATIONS VIA OPEN-METEO AND SPATIALLY WEIGHTED OVER THE TEHRI CATCHMENT.
2024-06-02 01:00:00+00:00,0.012,0.504,1.314,ERA5-LAND HOURLY PRECIPITATION SAMPLED AT NEAREST MODEL-GRID LOCATIONS VIA OPEN-METEO AND SPATIALLY WEIGHTED OVER THE TEHRI CATCHMENT.
2024-06-02 02:00:00+00:00,0.013,0.079,0.019,ERA5-LAND HOURLY PRECIPITATION SAMPLED AT NEAREST MODEL-GRID LOCATIONS VIA OPEN-METEO AND SPATIALLY WEIGHTED OVER THE TEHRI CATCHMENT.
2024-06-02 03:00:00+00:00,0.034,0.05,0.001,ERA5-LAND HOURLY PRECIPITATION SAMPLED AT NEAREST MODEL-GRID LOCATIONS VIA OPEN-METEO AND SPATIALLY WEIGHTED OVER THE TEHRI CATCHMENT.
2024-06-02 04:00:00+00:00,0.086,0.116,0.015,ERA5-LAND HOURLY PRECIPITATION SAMPLED AT NEAREST MODEL-GRID LOCATIONS VIA OPEN-METEO AND SPATIALLY WEIGHTED OVER THE TEHRI CATCHMENT.
2024-06-02 05:00:00+00:00,0.127,0.15,0.008,ERA5-LAND HOURLY PRECIPITATION SAMPLED AT NEAREST MODEL-GRID LOCATIONS VIA OPEN-METEO AND SPATIALLY WEIGHTED OVER THE TEHRI CATCHMENT.
2024-06-02 06:00:00+00:00,0.158,0.141,0.034,ERA5-LAND HOURLY PRECIPITATION SAMPLED AT NEAREST MODEL-GRID LOCATIONS VIA OPEN-METEO AND SPATIALLY WEIGHTED OVER THE TEHRI CATCHMENT.
2024-06-02 07:00:00+00:00,0.179,0.217,0.107,ERA5-LAND HOURLY PRECIPITATION SAMPLED AT NEAREST MODEL-GRID LOCATIONS VIA OPEN-METEO AND SPATIALLY WEIGHTED OVER THE TEHRI CATCHMENT.
2024-06-02 08:00:00+00:00,0.137,0.211,0.165,ERA5-LAND HOURLY PRECIPITATION SAMPLED AT NEAREST MODEL-GRID LOCATIONS VIA OPEN-METEO AND SPATIALLY WEIGHTED OVER THE TEHRI CATCHMENT.
2024-06-02 09:00:00+00:00,0.161,0.315,0.046,ERA5-LAND HOURLY PRECIPITATION SAMPLED AT NEAREST MODEL-GRID LOCATIONS VIA OPEN-METEO AND SPATIALLY WEIGHTED OVER THE TEHRI CATCHMENT.
2024-06-02 10:00:00+00:00,0.046,0.095,0.01,ERA5-LAND HOURLY PRECIPITATION SAMPLED AT NEAREST MODEL-GRID LOCATIONS VIA OPEN-METEO AND SPATIALLY WEIGHTED OVER THE TEHRI CATCHMENT.
2024-06-02 11:00:00+00:00,0.013,0.039,0.014,ERA5-LAND HOURLY PRECIPITATION SAMPLED AT NEAREST MODEL-GRID LOCATIONS VIA OPEN-METEO AND SPATIALLY WEIGHTED OVER THE TEHRI CATCHMENT.
2024-06-02 12:00:00+00:00,0.018,0.064,0.002,ERA5-LAND HOURLY PRECIPITATION SAMPLED AT NEAREST MODEL-GRID LOCATIONS VIA OPEN-METEO AND SPATIALLY WEIGHTED OVER THE TEHRI CATCHMENT.
2024-06-02 13:00:00+00:00,0.008,0.011,0.001,ERA5-LAND HOURLY PRECIPITATION SAMPLED AT NEAREST MODEL-GRID LOCATIONS VIA OPEN-METEO AND SPATIALLY WEIGHTED OVER THE TEHRI CATCHMENT.
2024-06-02 14:00:00+00:00,0.002,0.004,0.0,ERA5-LAND HOURLY PRECIPITATION SAMPLED AT NEAREST MODEL-GRID LOCATIONS VIA OPEN-METEO AND SPATIALLY WEIGHTED OVER THE TEHRI CATCHMENT.
2024-06-02 15:00:00+00:00,0.0,0.0,0.0,ERA5-LAND HOURLY PRECIPITATION SAMPLED AT NEAREST MODEL-GRID LOCATIONS VIA OPEN-METEO AND SPATIALLY WEIGHTED OVER THE TEHRI CATCHMENT.
2024-06-02 16:00:00+00:00,0.0,0.0,0.0,ERA5-LAND HOURLY PRECIPITATION SAMPLED AT NEAREST MODEL-GRID LOCATIONS VIA OPEN-METEO AND SPATIALLY WEIGHTED OVER THE TEHRI CATCHMENT.
2024-06-02 17:00:00+00:00,0.0,0.0,0.0,ERA5-LAND HOURLY PRECIPITATION SAMPLED AT NEAREST MODEL-GRID LOCATIONS VIA OPEN-METEO AND SPATIALLY WEIGHTED OVER THE TEHRI CATCHMENT.
2024-06-02 18:00:00+00:00,0.0,0.0,0.0,ERA5-LAND HOURLY PRECIPITATION SAMPLED AT NEAREST MODEL-GRID LOCATIONS VIA OPEN-METEO AND SPATIALLY WEIGHTED OVER THE TEHRI CATCHMENT.
2024-06-02 19:00:00+00:00,0.0,0.0,0.0,ERA5-LAND HOURLY PRECIPITATION SAMPLED AT NEAREST MODEL-GRID LOCATIONS VIA OPEN-METEO AND SPATIALLY WEIGHTED OVER THE TEHRI CATCHMENT.
2024-06-02 20:00:00+00:00,0.0,0.0,0.0,ERA5-LAND HOURLY PRECIPITATION SAMPLED AT NEAREST MODEL-GRID LOCATIONS VIA OPEN-METEO AND SPATIALLY WEIGHTED OVER THE TEHRI CATCHMENT.
2024-06-02 21:00:00+00:00,0.0,0.0,0.0,ERA5-LAND HOURLY PRECIPITATION SAMPLED AT NEAREST MODEL-GRID LOCATIONS VIA OPEN-METEO AND SPATIALLY WEIGHTED OVER THE TEHRI CATCHMENT.
2024-06-02 22:00:00+00:00,0.0,0.0,0.0,ERA5-LAND HOURLY PRECIPITATION SAMPLED AT NEAREST MODEL-GRID LOCATIONS VIA OPEN-METEO AND SPATIALLY WEIGHTED OVER THE TEHRI CATCHMENT.
2024-06-02 23:00:00+00:00,0.0,0.0,0.0,ERA5-LAND HOURLY PRECIPITATION SAMPLED AT NEAREST MODEL-GRID LOCATIONS VIA OPEN-METEO AND SPATIALLY WEIGHTED OVER THE TEHRI CATCHMENT.
2024-06-03 00:00:00+00:00,0.0,0.0,0.0,ERA5-LAND HOURLY PRECIPITATION SAMPLED AT NEAREST MODEL-GRID LOCATIONS VIA OPEN-METEO AND SPATIALLY WEIGHTED OVER THE TEHRI CATCHMENT.
2024-06-03 01:00:00+00:00,0.0,0.0,0.0,ERA5-LAND HOURLY PRECIPITATION SAMPLED AT NEAREST MODEL-GRID LOCATIONS VIA OPEN-METEO AND SPATIALLY WEIGHTED OVER THE TEHRI CATCHMENT.
2024-06-03 02:00:00+00:00,0.0,0.0,0.0,ERA5-LAND HOURLY PRECIPITATION SAMPLED AT NEAREST MODEL-GRID LOCATIONS VIA OPEN-METEO AND SPATIALLY WEIGHTED OVER THE TEHRI CATCHMENT.
2024-06-03 03:00:00+00:00,0.0,0.0,0.0,ERA5-LAND HOURLY PRECIPITATION SAMPLED AT NEAREST MODEL-GRID LOCATIONS VIA OPEN-METEO AND SPATIALLY WEIGHTED OVER THE TEHRI CATCHMENT.
2024-06-03 04:00:00+00:00,0.03,0.009,0.023,ERA5-LAND HOURLY PRECIPITATION SAMPLED AT NEAREST MODEL-GRID LOCATIONS VIA OPEN-METEO AND SPATIALLY WEIGHTED OVER THE TEHRI CATCHMENT.
2024-06-03 05:00:00+00:00,0.079,0.023,0.001,ERA5-LAND HOURLY PRECIPITATION SAMPLED AT NEAREST MODEL-GRID LOCATIONS VIA OPEN-METEO AND SPATIALLY WEIGHTED OVER THE TEHRI CATCHMENT.
2024-06-03 06:00:00+00:00,0.061,0.057,0.003,ERA5-LAND HOURLY PRECIPITATION SAMPLED AT NEAREST MODEL-GRID LOCATIONS VIA OPEN-METEO AND SPATIALLY WEIGHTED OVER THE TEHRI CATCHMENT.
2024-06-03 07:00:00+00:00,0.087,0.071,0.005,ERA5-LAND HOURLY PRECIPITATION SAMPLED AT NEAREST MODEL-GRID LOCATIONS VIA OPEN-METEO AND SPATIALLY WEIGHTED OVER THE TEHRI CATCHMENT.
2024-06-03 08:00:00+00:00,0.145,0.4,0.011,ERA5-LAND HOURLY PRECIPITATION SAMPLED AT NEAREST MODEL-GRID LOCATIONS VIA OPEN-METEO AND SPATIALLY WEIGHTED OVER THE TEHRI CATCHMENT.
2024-06-03 09:00:00+00:00,0.186,0.104,0.033,ERA5-LAND HOURLY PRECIPITATION SAMPLED AT NEAREST MODEL-GRID LOCATIONS VIA OPEN-METEO AND SPATIALLY WEIGHTED OVER THE TEHRI CATCHMENT.
2024-06-03 10:00:00+00:00,0.309,0.603,0.234,ERA5-LAND HOURLY PRECIPITATION SAMPLED AT NEAREST MODEL-GRID LOCATIONS VIA OPEN-METEO AND SPATIALLY WEIGHTED OVER THE TEHRI CATCHMENT.
2024-06-03 11:00:00+00:00,0.272,0.106,0.04,ERA5-LAND HOURLY PRECIPITATION SAMPLED AT NEAREST MODEL-GRID LOCATIONS VIA OPEN-METEO AND SPATIALLY WEIGHTED OVER THE TEHRI CATCHMENT.
2024-06-03 12:00:00+00:00,0.099,0.018,0.327,ERA5-LAND HOURLY PRECIPITATION SAMPLED AT NEAREST MODEL-GRID LOCATIONS VIA OPEN-METEO AND SPATIALLY WEIGHTED OVER THE TEHRI CATCHMENT.
2024-06-03 13:00:00+00:00,0.064,0.144,0.27,ERA5-LAND HOURLY PRECIPITATION SAMPLED AT NEAREST MODEL-GRID LOCATIONS VIA OPEN-METEO AND SPATIALLY WEIGHTED OVER THE TEHRI CATCHMENT.
2024-06-03 14:00:00+00:00,0.01,0.045,0.097,ERA5-LAND HOURLY PRECIPITATION SAMPLED AT NEAREST MODEL-GRID LOCATIONS VIA OPEN-METEO AND SPATIALLY WEIGHTED OVER THE TEHRI CATCHMENT.
2024-06-03 15:00:00+00:00,0.003,0.0,0.0,ERA5-LAND HOURLY PRECIPITATION SAMPLED AT NEAREST MODEL-GRID LOCATIONS VIA OPEN-METEO AND SPATIALLY WEIGHTED OVER THE TEHRI CATCHMENT.
2024-06-03 16:00:00+00:00,0.001,0.0,0.0,ERA5-LAND HOURLY PRECIPITATION SAMPLED AT NEAREST MODEL-GRID LOCATIONS VIA OPEN-METEO AND SPATIALLY WEIGHTED OVER THE TEHRI CATCHMENT.
2024-06-03 17:00:00+00:00,0.0,0.0,0.0,ERA5-LAND HOURLY PRECIPITATION SAMPLED AT NEAREST MODEL-GRID LOCATIONS VIA OPEN-METEO AND SPATIALLY WEIGHTED OVER THE TEHRI CATCHMENT.
2024-06-03 18:00:00+00:00,0.0,0.0,0.0,ERA5-LAND HOURLY PRECIPITATION SAMPLED AT NEAREST MODEL-GRID LOCATIONS VIA OPEN-METEO AND SPATIALLY WEIGHTED OVER THE TEHRI CATCHMENT.
2024-06-03 19:00:00+00:00,0.0,0.0,0.0,ERA5-LAND HOURLY PRECIPITATION SAMPLED AT NEAREST MODEL-GRID LOCATIONS VIA OPEN-METEO AND SPATIALLY WEIGHTED OVER THE TEHRI CATCHMENT.
2024-06-03 20:00:00+00:00,0.0,0.0,0.0,ERA5-LAND HOURLY PRECIPITATION SAMPLED AT NEAREST MODEL-GRID LOCATIONS VIA OPEN-METEO AND SPATIALLY WEIGHTED OVER THE TEHRI CATCHMENT.
2024-06-03 21:00:00+00:00,0.0,0.0,0.0,ERA5-LAND HOURLY PRECIPITATION SAMPLED AT NEAREST MODEL-GRID LOCATIONS VIA OPEN-METEO AND SPATIALLY WEIGHTED OVER THE TEHRI CATCHMENT.
2024-06-03 22:00:00+00:00,0.0,0.0,0.0,ERA5-LAND HOURLY PRECIPITATION SAMPLED AT NEAREST MODEL-GRID LOCATIONS VIA OPEN-METEO AND SPATIALLY WEIGHTED OVER THE TEHRI CATCHMENT.
2024-06-03 23:00:00+00:00,0.0,0.0,0.0,ERA5-LAND HOURLY PRECIPITATION SAMPLED AT NEAREST MODEL-GRID LOCATIONS VIA OPEN-METEO AND SPATIALLY WEIGHTED OVER THE TEHRI CATCHMENT.
2024-06-04 00:00:00+00:00,0.0,0.0,0.0,ERA5-LAND HOURLY PRECIPITATION SAMPLED AT NEAREST MODEL-GRID LOCATIONS VIA OPEN-METEO AND SPATIALLY WEIGHTED OVER THE TEHRI CATCHMENT.
2024-06-04 01:00:00+00:00,0.0,0.0,0.0,ERA5-LAND HOURLY PRECIPITATION SAMPLED AT NEAREST MODEL-GRID LOCATIONS VIA OPEN-METEO AND SPATIALLY WEIGHTED OVER THE TEHRI CATCHMENT.
2024-06-04 02:00:00+00:00,0.0,0.014,0.0,ERA5-LAND HOURLY PRECIPITATION SAMPLED AT NEAREST MODEL-GRID LOCATIONS VIA OPEN-METEO AND SPATIALLY WEIGHTED OVER THE TEHRI CATCHMENT.
2024-06-04 03:00:00+00:00,0.009,0.116,0.001,ERA5-LAND HOURLY PRECIPITATION SAMPLED AT NEAREST MODEL-GRID LOCATIONS VIA OPEN-METEO AND SPATIALLY WEIGHTED OVER THE TEHRI CATCHMENT.
2024-06-04 04:00:00+00:00,0.028,0.076,0.041,ERA5-LAND HOURLY PRECIPITATION SAMPLED AT NEAREST MODEL-GRID LOCATIONS VIA OPEN-METEO AND SPATIALLY WEIGHTED OVER THE TEHRI CATCHMENT.
2024-06-04 05:00:00+00:00,0.043,0.104,0.017,ERA5-LAND HOURLY PRECIPITATION SAMPLED AT NEAREST MODEL-GRID LOCATIONS VIA OPEN-METEO AND SPATIALLY WEIGHTED OVER THE TEHRI CATCHMENT.
2024-06-04 06:00:00+00:00,0.203,0.224,0.032,ERA5-LAND HOURLY PRECIPITATION SAMPLED AT NEAREST MODEL-GRID LOCATIONS VIA OPEN-METEO AND SPATIALLY WEIGHTED OVER THE TEHRI CATCHMENT.
2024-06-04 07:00:00+00:00,0.215,0.289,0.018,ERA5-LAND HOURLY PRECIPITATION SAMPLED AT NEAREST MODEL-GRID LOCATIONS VIA OPEN-METEO AND SPATIALLY WEIGHTED OVER THE TEHRI CATCHMENT.
2024-06-04 08:00:00+00:00,0.286,0.229,0.024,ERA5-LAND HOURLY PRECIPITATION SAMPLED AT NEAREST MODEL-GRID LOCATIONS VIA OPEN-METEO AND SPATIALLY WEIGHTED OVER THE TEHRI CATCHMENT.
2024-06-04 09:00:00+00:00,0.609,0.393,0.115,ERA5-LAND HOURLY PRECIPITATION SAMPLED AT NEAREST MODEL-GRID LOCATIONS VIA OPEN-METEO AND SPATIALLY WEIGHTED OVER THE TEHRI CATCHMENT.
2024-06-04 10:00:00+00:00,0.331,0.912,0.116,ERA5-LAND HOURLY PRECIPITATION SAMPLED AT NEAREST MODEL-GRID LOCATIONS VIA OPEN-METEO AND SPATIALLY WEIGHTED OVER THE TEHRI CATCHMENT.
2024-06-04 11:00:00+00:00,0.213,0.077,0.022,ERA5-LAND HOURLY PRECIPITATION SAMPLED AT NEAREST MODEL-GRID LOCATIONS VIA OPEN-METEO AND SPATIALLY WEIGHTED OVER THE TEHRI CATCHMENT.
2024-06-04 12:00:00+00:00,0.187,0.096,0.016,ERA5-LAND HOURLY PRECIPITATION SAMPLED AT NEAREST MODEL-GRID LOCATIONS VIA OPEN-METEO AND SPATIALLY WEIGHTED OVER THE TEHRI CATCHMENT.
2024-06-04 13:00:00+00:00,0.064,0.017,0.002,ERA5-LAND HOURLY PRECIPITATION SAMPLED AT NEAREST MODEL-GRID LOCATIONS VIA OPEN-METEO AND SPATIALLY WEIGHTED OVER THE TEHRI CATCHMENT.
2024-06-04 14:00:00+00:00,0.009,0.0,0.0,ERA5-LAND HOURLY PRECIPITATION SAMPLED AT NEAREST MODEL-GRID LOCATIONS VIA OPEN-METEO AND SPATIALLY WEIGHTED OVER THE TEHRI CATCHMENT.
2024-06-04 15:00:00+00:00,0.008,0.0,0.0,ERA5-LAND HOURLY PRECIPITATION SAMPLED AT NEAREST MODEL-GRID LOCATIONS VIA OPEN-METEO AND SPATIALLY WEIGHTED OVER THE TEHRI CATCHMENT.
2024-06-04 16:00:00+00:00,0.003,0.0,0.0,ERA5-LAND HOURLY PRECIPITATION SAMPLED AT NEAREST MODEL-GRID LOCATIONS VIA OPEN-METEO AND SPATIALLY WEIGHTED OVER THE TEHRI CATCHMENT.
2024-06-04 17:00:00+00:00,0.0,0.0,0.0,ERA5-LAND HOURLY PRECIPITATION SAMPLED AT NEAREST MODEL-GRID LOCATIONS VIA OPEN-METEO AND SPATIALLY WEIGHTED OVER THE TEHRI CATCHMENT.
2024-06-04 18:00:00+00:00,0.0,0.0,0.0,ERA5-LAND HOURLY PRECIPITATION SAMPLED AT NEAREST MODEL-GRID LOCATIONS VIA OPEN-METEO AND SPATIALLY WEIGHTED OVER THE TEHRI CATCHMENT.
2024-06-04 19:00:00+00:00,0.0,0.0,0.0,ERA5-LAND HOURLY PRECIPITATION SAMPLED AT NEAREST MODEL-GRID LOCATIONS VIA OPEN-METEO AND SPATIALLY WEIGHTED OVER THE TEHRI CATCHMENT.
2024-06-04 20:00:00+00:00,0.0,0.0,0.0,ERA5-LAND HOURLY PRECIPITATION SAMPLED AT NEAREST MODEL-GRID LOCATIONS VIA OPEN-METEO AND SPATIALLY WEIGHTED OVER THE TEHRI CATCHMENT.
2024-06-04 21:00:00+00:00,0.0,0.0,0.0,ERA5-LAND HOURLY PRECIPITATION SAMPLED AT NEAREST MODEL-GRID LOCATIONS VIA OPEN-METEO AND SPATIALLY WEIGHTED OVER THE TEHRI CATCHMENT.
2024-06-04 22:00:00+00:00,0.0,0.0,0.0,ERA5-LAND HOURLY PRECIPITATION SAMPLED AT NEAREST MODEL-GRID LOCATIONS VIA OPEN-METEO AND SPATIALLY WEIGHTED OVER THE TEHRI CATCHMENT.
2024-06-04 23:00:00+00:00,0.0,0.0,0.0,ERA5-LAND HOURLY PRECIPITATION SAMPLED AT NEAREST MODEL-GRID LOCATIONS VIA OPEN-METEO AND SPATIALLY WEIGHTED OVER THE TEHRI CATCHMENT.
2024-06-05 00:00:00+00:00,0.0,0.0,0.0,ERA5-LAND HOURLY PRECIPITATION SAMPLED AT NEAREST MODEL-GRID LOCATIONS VIA OPEN-METEO AND SPATIALLY WEIGHTED OVER THE TEHRI CATCHMENT.
2024-06-05 01:00:00+00:00,0.0,0.0,0.019,ERA5-LAND HOURLY PRECIPITATION SAMPLED AT NEAREST MODEL-GRID LOCATIONS VIA OPEN-METEO AND SPATIALLY WEIGHTED OVER THE TEHRI CATCHMENT.
2024-06-05 02:00:00+00:00,0.0,0.0,0.0,ERA5-LAND HOURLY PRECIPITATION SAMPLED AT NEAREST MODEL-GRID LOCATIONS VIA OPEN-METEO AND SPATIALLY WEIGHTED OVER THE TEHRI CATCHMENT.
2024-06-05 03:00:00+00:00,0.005,0.005,0.0,ERA5-LAND HOURLY PRECIPITATION SAMPLED AT NEAREST MODEL-GRID LOCATIONS VIA OPEN-METEO AND SPATIALLY WEIGHTED OVER THE TEHRI CATCHMENT.
2024-06-05 04:00:00+00:00,0.052,0.172,0.162,ERA5-LAND HOURLY PRECIPITATION SAMPLED AT NEAREST MODEL-GRID LOCATIONS VIA OPEN-METEO AND SPATIALLY WEIGHTED OVER THE TEHRI CATCHMENT.
2024-06-05 05:00:00+00:00,0.104,0.366,0.086,ERA5-LAND HOURLY PRECIPITATION SAMPLED AT NEAREST MODEL-GRID LOCATIONS VIA OPEN-METEO AND SPATIALLY WEIGHTED OVER THE TEHRI CATCHMENT.
2024-06-05 06:00:00+00:00,0.112,0.027,0.003,ERA5-LAND HOURLY PRECIPITATION SAMPLED AT NEAREST MODEL-GRID LOCATIONS VIA OPEN-METEO AND SPATIALLY WEIGHTED OVER THE TEHRI CATCHMENT.
2024-06-05 07:00:00+00:00,0.117,0.157,0.003,ERA5-LAND HOURLY PRECIPITATION SAMPLED AT NEAREST MODEL-GRID LOCATIONS VIA OPEN-METEO AND SPATIALLY WEIGHTED OVER THE TEHRI CATCHMENT.
2024-06-05 08:00:00+00:00,0.162,0.163,0.016,ERA5-LAND HOURLY PRECIPITATION SAMPLED AT NEAREST MODEL-GRID LOCATIONS VIA OPEN-METEO AND SPATIALLY WEIGHTED OVER THE TEHRI CATCHMENT.
2024-06-05 09:00:00+00:00,0.3,0.322,0.07,ERA5-LAND HOURLY PRECIPITATION SAMPLED AT NEAREST MODEL-GRID LOCATIONS VIA OPEN-METEO AND SPATIALLY WEIGHTED OVER THE TEHRI CATCHMENT.
2024-06-05 10:00:00+00:00,0.263,0.185,0.107,ERA5-LAND HOURLY PRECIPITATION SAMPLED AT NEAREST MODEL-GRID LOCATIONS VIA OPEN-METEO AND SPATIALLY WEIGHTED OVER THE TEHRI CATCHMENT.
2024-06-05 11:00:00+00:00,0.32,0.165,0.06,ERA5-LAND HOURLY PRECIPITATION SAMPLED AT NEAREST MODEL-GRID LOCATIONS VIA OPEN-METEO AND SPATIALLY WEIGHTED OVER THE TEHRI CATCHMENT.
2024-06-05 12:00:00+00:00,0.179,0.04,0.032,ERA5-LAND HOURLY PRECIPITATION SAMPLED AT NEAREST MODEL-GRID LOCATIONS VIA OPEN-METEO AND SPATIALLY WEIGHTED OVER THE TEHRI CATCHMENT.
2024-06-05 13:00:00+00:00,0.392,0.225,1.022,ERA5-LAND HOURLY PRECIPITATION SAMPLED AT NEAREST MODEL-GRID LOCATIONS VIA OPEN-METEO AND SPATIALLY WEIGHTED OVER THE TEHRI CATCHMENT.
2024-06-05 14:00:00+00:00,0.301,0.134,0.069,ERA5-LAND HOURLY PRECIPITATION SAMPLED AT NEAREST MODEL-GRID LOCATIONS VIA OPEN-METEO AND SPATIALLY WEIGHTED OVER THE TEHRI CATCHMENT.
2024-06-05 15:00:00+00:00,0.107,0.141,0.003,ERA5-LAND HOURLY PRECIPITATION SAMPLED AT NEAREST MODEL-GRID LOCATIONS VIA OPEN-METEO AND SPATIALLY WEIGHTED OVER THE TEHRI CATCHMENT.
2024-06-05 16:00:00+00:00,0.018,0.011,0.0,ERA5-LAND HOURLY PRECIPITATION SAMPLED AT NEAREST MODEL-GRID LOCATIONS VIA OPEN-METEO AND SPATIALLY WEIGHTED OVER THE TEHRI CATCHMENT.
2024-06-05 17:00:00+00:00,0.0,0.0,0.0,ERA5-LAND HOURLY PRECIPITATION SAMPLED AT NEAREST MODEL-GRID LOCATIONS VIA OPEN-METEO AND SPATIALLY WEIGHTED OVER THE TEHRI CATCHMENT.
2024-06-05 18:00:00+00:00,0.0,0.0,0.0,ERA5-LAND HOURLY PRECIPITATION SAMPLED AT NEAREST MODEL-GRID LOCATIONS VIA OPEN-METEO AND SPATIALLY WEIGHTED OVER THE TEHRI CATCHMENT.
2024-06-05 19:00:00+00:00,0.0,0.0,0.0,ERA5-LAND HOURLY PRECIPITATION SAMPLED AT NEAREST MODEL-GRID LOCATIONS VIA OPEN-METEO AND SPATIALLY WEIGHTED OVER THE TEHRI CATCHMENT.
2024-06-05 20:00:00+00:00,0.0,0.0,0.0,ERA5-LAND HOURLY PRECIPITATION SAMPLED AT NEAREST MODEL-GRID LOCATIONS VIA OPEN-METEO AND SPATIALLY WEIGHTED OVER THE TEHRI CATCHMENT.
2024-06-05 21:00:00+00:00,0.0,0.0,0.0,ERA5-LAND HOURLY PRECIPITATION SAMPLED AT NEAREST MODEL-GRID LOCATIONS VIA OPEN-METEO AND SPATIALLY WEIGHTED OVER THE TEHRI CATCHMENT.
2024-06-05 22:00:00+00:00,0.0,0.0,0.0,ERA5-LAND HOURLY PRECIPITATION SAMPLED AT NEAREST MODEL-GRID LOCATIONS VIA OPEN-METEO AND SPATIALLY WEIGHTED OVER THE TEHRI CATCHMENT.
2024-06-05 23:00:00+00:00,0.0,0.0,0.0,ERA5-LAND HOURLY PRECIPITATION SAMPLED AT NEAREST MODEL-GRID LOCATIONS VIA OPEN-METEO AND SPATIALLY WEIGHTED OVER THE TEHRI CATCHMENT.
2024-06-06 00:00:00+00:00,0.0,0.0,0.0,ERA5-LAND HOURLY PRECIPITATION SAMPLED AT NEAREST MODEL-GRID LOCATIONS VIA OPEN-METEO AND SPATIALLY WEIGHTED OVER THE TEHRI CATCHMENT.
2024-06-06 01:00:00+00:00,0.0,0.0,0.0,ERA5-LAND HOURLY PRECIPITATION SAMPLED AT NEAREST MODEL-GRID LOCATIONS VIA OPEN-METEO AND SPATIALLY WEIGHTED OVER THE TEHRI CATCHMENT.
2024-06-06 02:00:00+00:00,0.0,0.0,0.0,ERA5-LAND HOURLY PRECIPITATION SAMPLED AT NEAREST MODEL-GRID LOCATIONS VIA OPEN-METEO AND SPATIALLY WEIGHTED OVER THE TEHRI CATCHMENT.
2024-06-06 03:00:00+00:00,0.0,0.0,0.0,ERA5-LAND HOURLY PRECIPITATION SAMPLED AT NEAREST MODEL-GRID LOCATIONS VIA OPEN-METEO AND SPATIALLY WEIGHTED OVER THE TEHRI CATCHMENT.
2024-06-06 04:00:00+00:00,0.005,0.002,0.0,ERA5-LAND HOURLY PRECIPITATION SAMPLED AT NEAREST MODEL-GRID LOCATIONS VIA OPEN-METEO AND SPATIALLY WEIGHTED OVER THE TEHRI CATCHMENT.
2024-06-06 05:00:00+00:00,0.027,0.057,0.001,ERA5-LAND HOURLY PRECIPITATION SAMPLED AT NEAREST MODEL-GRID LOCATIONS VIA OPEN-METEO AND SPATIALLY WEIGHTED OVER THE TEHRI CATCHMENT.
2024-06-06 06:00:00+00:00,0.096,0.132,0.006,ERA5-LAND HOURLY PRECIPITATION SAMPLED AT NEAREST MODEL-GRID LOCATIONS VIA OPEN-METEO AND SPATIALLY WEIGHTED OVER THE TEHRI CATCHMENT.
2024-06-06 07:00:00+00:00,0.142,0.08,0.004,ERA5-LAND HOURLY PRECIPITATION SAMPLED AT NEAREST MODEL-GRID LOCATIONS VIA OPEN-METEO AND SPATIALLY WEIGHTED OVER THE TEHRI CATCHMENT.
2024-06-06 08:00:00+00:00,0.164,0.235,0.015,ERA5-LAND HOURLY PRECIPITATION SAMPLED AT NEAREST MODEL-GRID LOCATIONS VIA OPEN-METEO AND SPATIALLY WEIGHTED OVER THE TEHRI CATCHMENT.
2024-06-06 09:00:00+00:00,0.146,0.116,0.02,ERA5-LAND HOURLY PRECIPITATION SAMPLED AT NEAREST MODEL-GRID LOCATIONS VIA OPEN-METEO AND SPATIALLY WEIGHTED OVER THE TEHRI CATCHMENT.
2024-06-06 10:00:00+00:00,0.146,0.065,0.009,ERA5-LAND HOURLY PRECIPITATION SAMPLED AT NEAREST MODEL-GRID LOCATIONS VIA OPEN-METEO AND SPATIALLY WEIGHTED OVER THE TEHRI CATCHMENT.
2024-06-06 11:00:00+00:00,0.105,0.058,0.017,ERA5-LAND HOURLY PRECIPITATION SAMPLED AT NEAREST MODEL-GRID LOCATIONS VIA OPEN-METEO AND SPATIALLY WEIGHTED OVER THE TEHRI CATCHMENT.
2024-06-06 12:00:00+00:00,0.019,0.012,0.007,ERA5-LAND HOURLY PRECIPITATION SAMPLED AT NEAREST MODEL-GRID LOCATIONS VIA OPEN-METEO AND SPATIALLY WEIGHTED OVER THE TEHRI CATCHMENT.
2024-06-06 13:00:00+00:00,0.061,0.012,0.002,ERA5-LAND HOURLY PRECIPITATION SAMPLED AT NEAREST MODEL-GRID LOCATIONS VIA OPEN-METEO AND SPATIALLY WEIGHTED OVER THE TEHRI CATCHMENT.
2024-06-06 14:00:00+00:00,0.0,0.0,0.0,ERA5-LAND HOURLY PRECIPITATION SAMPLED AT NEAREST MODEL-GRID LOCATIONS VIA OPEN-METEO AND SPATIALLY WEIGHTED OVER THE TEHRI CATCHMENT.
2024-06-06 15:00:00+00:00,0.0,0.0,0.0,ERA5-LAND HOURLY PRECIPITATION SAMPLED AT NEAREST MODEL-GRID LOCATIONS VIA OPEN-METEO AND SPATIALLY WEIGHTED OVER THE TEHRI CATCHMENT.
2024-06-06 16:00:00+00:00,0.0,0.0,0.0,ERA5-LAND HOURLY PRECIPITATION SAMPLED AT NEAREST MODEL-GRID LOCATIONS VIA OPEN-METEO AND SPATIALLY WEIGHTED OVER THE TEHRI CATCHMENT.
2024-06-06 17:00:00+00:00,0.0,0.0,0.0,ERA5-LAND HOURLY PRECIPITATION SAMPLED AT NEAREST MODEL-GRID LOCATIONS VIA OPEN-METEO AND SPATIALLY WEIGHTED OVER THE TEHRI CATCHMENT.
2024-06-06 18:00:00+00:00,0.0,0.0,0.0,ERA5-LAND HOURLY PRECIPITATION SAMPLED AT NEAREST MODEL-GRID LOCATIONS VIA OPEN-METEO AND SPATIALLY WEIGHTED OVER THE TEHRI CATCHMENT.
2024-06-06 19:00:00+00:00,0.0,0.0,0.0,ERA5-LAND HOURLY PRECIPITATION SAMPLED AT NEAREST MODEL-GRID LOCATIONS VIA OPEN-METEO AND SPATIALLY WEIGHTED OVER THE TEHRI CATCHMENT.
2024-06-06 20:00:00+00:00,0.0,0.0,0.0,ERA5-LAND HOURLY PRECIPITATION SAMPLED AT NEAREST MODEL-GRID LOCATIONS VIA OPEN-METEO AND SPATIALLY WEIGHTED OVER THE TEHRI CATCHMENT.
2024-06-06 21:00:00+00:00,0.0,0.0,0.0,ERA5-LAND HOURLY PRECIPITATION SAMPLED AT NEAREST MODEL-GRID LOCATIONS VIA OPEN-METEO AND SPATIALLY WEIGHTED OVER THE TEHRI CATCHMENT.
2024-06-06 22:00:00+00:00,0.0,0.0,0.0,ERA5-LAND HOURLY PRECIPITATION SAMPLED AT NEAREST MODEL-GRID LOCATIONS VIA OPEN-METEO AND SPATIALLY WEIGHTED OVER THE TEHRI CATCHMENT.
2024-06-06 23:00:00+00:00,0.0,0.0,0.0,ERA5-LAND HOURLY PRECIPITATION SAMPLED AT NEAREST MODEL-GRID LOCATIONS VIA OPEN-METEO AND SPATIALLY WEIGHTED OVER THE TEHRI CATCHMENT.
2024-06-07 00:00:00+00:00,0.0,0.0,0.0,ERA5-LAND HOURLY PRECIPITATION SAMPLED AT NEAREST MODEL-GRID LOCATIONS VIA OPEN-METEO AND SPATIALLY WEIGHTED OVER THE TEHRI CATCHMENT.
2024-06-07 01:00:00+00:00,0.0,0.0,0.0,ERA5-LAND HOURLY PRECIPITATION SAMPLED AT NEAREST MODEL-GRID LOCATIONS VIA OPEN-METEO AND SPATIALLY WEIGHTED OVER THE TEHRI CATCHMENT.
2024-06-07 02:00:00+00:00,0.0,0.0,0.0,ERA5-LAND HOURLY PRECIPITATION SAMPLED AT NEAREST MODEL-GRID LOCATIONS VIA OPEN-METEO AND SPATIALLY WEIGHTED OVER THE TEHRI CATCHMENT.
2024-06-07 03:00:00+00:00,0.0,0.0,0.0,ERA5-LAND HOURLY PRECIPITATION SAMPLED AT NEAREST MODEL-GRID LOCATIONS VIA OPEN-METEO AND SPATIALLY WEIGHTED OVER THE TEHRI CATCHMENT.
2024-06-07 04:00:00+00:00,0.0,0.0,0.0,ERA5-LAND HOURLY PRECIPITATION SAMPLED AT NEAREST MODEL-GRID LOCATIONS VIA OPEN-METEO AND SPATIALLY WEIGHTED OVER THE TEHRI CATCHMENT.
2024-06-07 05:00:00+00:00,0.002,0.014,0.001,ERA5-LAND HOURLY PRECIPITATION SAMPLED AT NEAREST MODEL-GRID LOCATIONS VIA OPEN-METEO AND SPATIALLY WEIGHTED OVER THE TEHRI CATCHMENT.
2024-06-07 06:00:00+00:00,0.026,0.029,0.002,ERA5-LAND HOURLY PRECIPITATION SAMPLED AT NEAREST MODEL-GRID LOCATIONS VIA OPEN-METEO AND SPATIALLY WEIGHTED OVER THE TEHRI CATCHMENT.
2024-06-07 07:00:00+00:00,0.034,0.074,0.009,ERA5-LAND HOURLY PRECIPITATION SAMPLED AT NEAREST MODEL-GRID LOCATIONS VIA OPEN-METEO AND SPATIALLY WEIGHTED OVER THE TEHRI CATCHMENT.
2024-06-07 08:00:00+00:00,0.136,0.1,0.038,ERA5-LAND HOURLY PRECIPITATION SAMPLED AT NEAREST MODEL-GRID LOCATIONS VIA OPEN-METEO AND SPATIALLY WEIGHTED OVER THE TEHRI CATCHMENT.
2024-06-07 09:00:00+00:00,0.189,0.074,0.009,ERA5-LAND HOURLY PRECIPITATION SAMPLED AT NEAREST MODEL-GRID LOCATIONS VIA OPEN-METEO AND SPATIALLY WEIGHTED OVER THE TEHRI CATCHMENT.
2024-06-07 10:00:00+00:00,0.159,0.073,0.016,ERA5-LAND HOURLY PRECIPITATION SAMPLED AT NEAREST MODEL-GRID LOCATIONS VIA OPEN-METEO AND SPATIALLY WEIGHTED OVER THE TEHRI CATCHMENT.
2024-06-07 11:00:00+00:00,0.115,0.1,0.022,ERA5-LAND HOURLY PRECIPITATION SAMPLED AT NEAREST MODEL-GRID LOCATIONS VIA OPEN-METEO AND SPATIALLY WEIGHTED OVER THE TEHRI CATCHMENT.
2024-06-07 12:00:00+00:00,0.043,0.036,0.009,ERA5-LAND HOURLY PRECIPITATION SAMPLED AT NEAREST MODEL-GRID LOCATIONS VIA OPEN-METEO AND SPATIALLY WEIGHTED OVER THE TEHRI CATCHMENT.
2024-06-07 13:00:00+00:00,0.004,0.007,0.0,ERA5-LAND HOURLY PRECIPITATION SAMPLED AT NEAREST MODEL-GRID LOCATIONS VIA OPEN-METEO AND SPATIALLY WEIGHTED OVER THE TEHRI CATCHMENT.
2024-06-07 14:00:00+00:00,0.0,0.0,0.0,ERA5-LAND HOURLY PRECIPITATION SAMPLED AT NEAREST MODEL-GRID LOCATIONS VIA OPEN-METEO AND SPATIALLY WEIGHTED OVER THE TEHRI CATCHMENT.
2024-06-07 15:00:00+00:00,0.0,0.0,0.0,ERA5-LAND HOURLY PRECIPITATION SAMPLED AT NEAREST MODEL-GRID LOCATIONS VIA OPEN-METEO AND SPATIALLY WEIGHTED OVER THE TEHRI CATCHMENT.
2024-06-07 16:00:00+00:00,0.0,0.0,0.0,ERA5-LAND HOURLY PRECIPITATION SAMPLED AT NEAREST MODEL-GRID LOCATIONS VIA OPEN-METEO AND SPATIALLY WEIGHTED OVER THE TEHRI CATCHMENT.
2024-06-07 17:00:00+00:00,0.0,0.0,0.0,ERA5-LAND HOURLY PRECIPITATION SAMPLED AT NEAREST MODEL-GRID LOCATIONS VIA OPEN-METEO AND SPATIALLY WEIGHTED OVER THE TEHRI CATCHMENT.
2024-06-07 18:00:00+00:00,0.0,0.0,0.0,ERA5-LAND HOURLY PRECIPITATION SAMPLED AT NEAREST MODEL-GRID LOCATIONS VIA OPEN-METEO AND SPATIALLY WEIGHTED OVER THE TEHRI CATCHMENT.
2024-06-07 19:00:00+00:00,0.0,0.0,0.0,ERA5-LAND HOURLY PRECIPITATION SAMPLED AT NEAREST MODEL-GRID LOCATIONS VIA OPEN-METEO AND SPATIALLY WEIGHTED OVER THE TEHRI CATCHMENT.
2024-06-07 20:00:00+00:00,0.0,0.0,0.0,ERA5-LAND HOURLY PRECIPITATION SAMPLED AT NEAREST MODEL-GRID LOCATIONS VIA OPEN-METEO AND SPATIALLY WEIGHTED OVER THE TEHRI CATCHMENT.
2024-06-07 21:00:00+00:00,0.0,0.0,0.0,ERA5-LAND HOURLY PRECIPITATION SAMPLED AT NEAREST MODEL-GRID LOCATIONS VIA OPEN-METEO AND SPATIALLY WEIGHTED OVER THE TEHRI CATCHMENT.
2024-06-07 22:00:00+00:00,0.0,0.0,0.0,ERA5-LAND HOURLY PRECIPITATION SAMPLED AT NEAREST MODEL-GRID LOCATIONS VIA OPEN-METEO AND SPATIALLY WEIGHTED OVER THE TEHRI CATCHMENT.
2024-06-07 23:00:00+00:00,0.0,0.0,0.0,ERA5-LAND HOURLY PRECIPITATION SAMPLED AT NEAREST MODEL-GRID LOCATIONS VIA OPEN-METEO AND SPATIALLY WEIGHTED OVER THE TEHRI CATCHMENT.
2024-06-08 00:00:00+00:00,0.0,0.0,0.0,ERA5-LAND HOURLY PRECIPITATION SAMPLED AT NEAREST MODEL-GRID LOCATIONS VIA OPEN-METEO AND SPATIALLY WEIGHTED OVER THE TEHRI CATCHMENT.
2024-06-08 01:00:00+00:00,0.0,0.0,0.0,ERA5-LAND HOURLY PRECIPITATION SAMPLED AT NEAREST MODEL-GRID LOCATIONS VIA OPEN-METEO AND SPATIALLY WEIGHTED OVER THE TEHRI CATCHMENT.
2024-06-08 02:00:00+00:00,0.0,0.0,0.0,ERA5-LAND HOURLY PRECIPITATION SAMPLED AT NEAREST MODEL-GRID LOCATIONS VIA OPEN-METEO AND SPATIALLY WEIGHTED OVER THE TEHRI CATCHMENT.
2024-06-08 03:00:00+00:00,0.0,0.0,0.0,ERA5-LAND HOURLY PRECIPITATION SAMPLED AT NEAREST MODEL-GRID LOCATIONS VIA OPEN-METEO AND SPATIALLY WEIGHTED OVER THE TEHRI CATCHMENT.
2024-06-08 04:00:00+00:00,0.0,0.002,0.0,ERA5-LAND HOURLY PRECIPITATION SAMPLED AT NEAREST MODEL-GRID LOCATIONS VIA OPEN-METEO AND SPATIALLY WEIGHTED OVER THE TEHRI CATCHMENT.
2024-06-08 05:00:00+00:00,0.003,0.03,0.001,ERA5-LAND HOURLY PRECIPITATION SAMPLED AT NEAREST MODEL-GRID LOCATIONS VIA OPEN-METEO AND SPATIALLY WEIGHTED OVER THE TEHRI CATCHMENT.
2024-06-08 06:00:00+00:00,0.015,0.06,0.001,ERA5-LAND HOURLY PRECIPITATION SAMPLED AT NEAREST MODEL-GRID LOCATIONS VIA OPEN-METEO AND SPATIALLY WEIGHTED OVER THE TEHRI CATCHMENT.
2024-06-08 07:00:00+00:00,0.028,0.067,0.004,ERA5-LAND HOURLY PRECIPITATION SAMPLED AT NEAREST MODEL-GRID LOCATIONS VIA OPEN-METEO AND SPATIALLY WEIGHTED OVER THE TEHRI CATCHMENT.
2024-06-08 08:00:00+00:00,0.062,0.057,0.004,ERA5-LAND HOURLY PRECIPITATION SAMPLED AT NEAREST MODEL-GRID LOCATIONS VIA OPEN-METEO AND SPATIALLY WEIGHTED OVER THE TEHRI CATCHMENT.
2024-06-08 09:00:00+00:00,0.088,0.047,0.009,ERA5-LAND HOURLY PRECIPITATION SAMPLED AT NEAREST MODEL-GRID LOCATIONS VIA OPEN-METEO AND SPATIALLY WEIGHTED OVER THE TEHRI CATCHMENT.
2024-06-08 10:00:00+00:00,0.091,0.043,0.009,ERA5-LAND HOURLY PRECIPITATION SAMPLED AT NEAREST MODEL-GRID LOCATIONS VIA OPEN-METEO AND SPATIALLY WEIGHTED OVER THE TEHRI CATCHMENT.
2024-06-08 11:00:00+00:00,0.056,0.032,0.004,ERA5-LAND HOURLY PRECIPITATION SAMPLED AT NEAREST MODEL-GRID LOCATIONS VIA OPEN-METEO AND SPATIALLY WEIGHTED OVER THE TEHRI CATCHMENT.
2024-06-08 12:00:00+00:00,0.047,0.031,0.003,ERA5-LAND HOURLY PRECIPITATION SAMPLED AT NEAREST MODEL-GRID LOCATIONS VIA OPEN-METEO AND SPATIALLY WEIGHTED OVER THE TEHRI CATCHMENT.
2024-06-08 13:00:00+00:00,0.104,0.128,0.003,ERA5-LAND HOURLY PRECIPITATION SAMPLED AT NEAREST MODEL-GRID LOCATIONS VIA OPEN-METEO AND SPATIALLY WEIGHTED OVER THE TEHRI CATCHMENT.
2024-06-08 14:00:00+00:00,0.116,0.077,0.003,ERA5-LAND HOURLY PRECIPITATION SAMPLED AT NEAREST MODEL-GRID LOCATIONS VIA OPEN-METEO AND SPATIALLY WEIGHTED OVER THE TEHRI CATCHMENT.
2024-06-08 15:00:00+00:00,0.04,0.014,0.0,ERA5-LAND HOURLY PRECIPITATION SAMPLED AT NEAREST MODEL-GRID LOCATIONS VIA OPEN-METEO AND SPATIALLY WEIGHTED OVER THE TEHRI CATCHMENT.
2024-06-08 16:00:00+00:00,0.01,0.0,0.0,ERA5-LAND HOURLY PRECIPITATION SAMPLED AT NEAREST MODEL-GRID LOCATIONS VIA OPEN-METEO AND SPATIALLY WEIGHTED OVER THE TEHRI CATCHMENT.
2024-06-08 17:00:00+00:00,0.0,0.0,0.0,ERA5-LAND HOURLY PRECIPITATION SAMPLED AT NEAREST MODEL-GRID LOCATIONS VIA OPEN-METEO AND SPATIALLY WEIGHTED OVER THE TEHRI CATCHMENT.
2024-06-08 18:00:00+00:00,0.0,0.0,0.0,ERA5-LAND HOURLY PRECIPITATION SAMPLED AT NEAREST MODEL-GRID LOCATIONS VIA OPEN-METEO AND SPATIALLY WEIGHTED OVER THE TEHRI CATCHMENT.
2024-06-08 19:00:00+00:00,0.0,0.0,0.0,ERA5-LAND HOURLY PRECIPITATION SAMPLED AT NEAREST MODEL-GRID LOCATIONS VIA OPEN-METEO AND SPATIALLY WEIGHTED OVER THE TEHRI CATCHMENT.
2024-06-08 20:00:00+00:00,0.0,0.0,0.0,ERA5-LAND HOURLY PRECIPITATION SAMPLED AT NEAREST MODEL-GRID LOCATIONS VIA OPEN-METEO AND SPATIALLY WEIGHTED OVER THE TEHRI CATCHMENT.
2024-06-08 21:00:00+00:00,0.002,0.0,0.0,ERA5-LAND HOURLY PRECIPITATION SAMPLED AT NEAREST MODEL-GRID LOCATIONS VIA OPEN-METEO AND SPATIALLY WEIGHTED OVER THE TEHRI CATCHMENT.
2024-06-08 22:00:00+00:00,0.002,0.0,0.0,ERA5-LAND HOURLY PRECIPITATION SAMPLED AT NEAREST MODEL-GRID LOCATIONS VIA OPEN-METEO AND SPATIALLY WEIGHTED OVER THE TEHRI CATCHMENT.
2024-06-08 23:00:00+00:00,0.0,0.0,0.0,ERA5-LAND HOURLY PRECIPITATION SAMPLED AT NEAREST MODEL-GRID LOCATIONS VIA OPEN-METEO AND SPATIALLY WEIGHTED OVER THE TEHRI CATCHMENT.
2024-06-09 00:00:00+00:00,0.001,0.0,0.0,ERA5-LAND HOURLY PRECIPITATION SAMPLED AT NEAREST MODEL-GRID LOCATIONS VIA OPEN-METEO AND SPATIALLY WEIGHTED OVER THE TEHRI CATCHMENT.
2024-06-09 01:00:00+00:00,0.011,0.007,0.0,ERA5-LAND HOURLY PRECIPITATION SAMPLED AT NEAREST MODEL-GRID LOCATIONS VIA OPEN-METEO AND SPATIALLY WEIGHTED OVER THE TEHRI CATCHMENT.
2024-06-09 02:00:00+00:00,0.017,0.033,0.0,ERA5-LAND HOURLY PRECIPITATION SAMPLED AT NEAREST MODEL-GRID LOCATIONS VIA OPEN-METEO AND SPATIALLY WEIGHTED OVER THE TEHRI CATCHMENT.
2024-06-09 03:00:00+00:00,0.036,0.025,0.0,ERA5-LAND HOURLY PRECIPITATION SAMPLED AT NEAREST MODEL-GRID LOCATIONS VIA OPEN-METEO AND SPATIALLY WEIGHTED OVER THE TEHRI CATCHMENT.
2024-06-09 04:00:00+00:00,0.05,0.073,0.002,ERA5-LAND HOURLY PRECIPITATION SAMPLED AT NEAREST MODEL-GRID LOCATIONS VIA OPEN-METEO AND SPATIALLY WEIGHTED OVER THE TEHRI CATCHMENT.
2024-06-09 05:00:00+00:00,0.059,0.051,0.002,ERA5-LAND HOURLY PRECIPITATION SAMPLED AT NEAREST MODEL-GRID LOCATIONS VIA OPEN-METEO AND SPATIALLY WEIGHTED OVER THE TEHRI CATCHMENT.
2024-06-09 06:00:00+00:00,0.113,0.174,0.006,ERA5-LAND HOURLY PRECIPITATION SAMPLED AT NEAREST MODEL-GRID LOCATIONS VIA OPEN-METEO AND SPATIALLY WEIGHTED OVER THE TEHRI CATCHMENT.
2024-06-09 07:00:00+00:00,0.191,0.203,0.013,ERA5-LAND HOURLY PRECIPITATION SAMPLED AT NEAREST MODEL-GRID LOCATIONS VIA OPEN-METEO AND SPATIALLY WEIGHTED OVER THE TEHRI CATCHMENT.
2024-06-09 08:00:00+00:00,0.18,0.45,0.02,ERA5-LAND HOURLY PRECIPITATION SAMPLED AT NEAREST MODEL-GRID LOCATIONS VIA OPEN-METEO AND SPATIALLY WEIGHTED OVER THE TEHRI CATCHMENT.
2024-06-09 09:00:00+00:00,0.297,0.064,0.016,ERA5-LAND HOURLY PRECIPITATION SAMPLED AT NEAREST MODEL-GRID LOCATIONS VIA OPEN-METEO AND SPATIALLY WEIGHTED OVER THE TEHRI CATCHMENT.
2024-06-09 10:00:00+00:00,0.41,0.221,0.023,ERA5-LAND HOURLY PRECIPITATION SAMPLED AT NEAREST MODEL-GRID LOCATIONS VIA OPEN-METEO AND SPATIALLY WEIGHTED OVER THE TEHRI CATCHMENT.
2024-06-09 11:00:00+00:00,0.228,0.225,0.015,ERA5-LAND HOURLY PRECIPITATION SAMPLED AT NEAREST MODEL-GRID LOCATIONS VIA OPEN-METEO AND SPATIALLY WEIGHTED OVER THE TEHRI CATCHMENT.
2024-06-09 12:00:00+00:00,0.108,0.192,0.003,ERA5-LAND HOURLY PRECIPITATION SAMPLED AT NEAREST MODEL-GRID LOCATIONS VIA OPEN-METEO AND SPATIALLY WEIGHTED OVER THE TEHRI CATCHMENT.
2024-06-09 13:00:00+00:00,0.02,0.032,0.001,ERA5-LAND HOURLY PRECIPITATION SAMPLED AT NEAREST MODEL-GRID LOCATIONS VIA OPEN-METEO AND SPATIALLY WEIGHTED OVER THE TEHRI CATCHMENT.
2024-06-09 14:00:00+00:00,0.009,0.0,0.0,ERA5-LAND HOURLY PRECIPITATION SAMPLED AT NEAREST MODEL-GRID LOCATIONS VIA OPEN-METEO AND SPATIALLY WEIGHTED OVER THE TEHRI CATCHMENT.
2024-06-09 15:00:00+00:00,0.0,0.0,0.0,ERA5-LAND HOURLY PRECIPITATION SAMPLED AT NEAREST MODEL-GRID LOCATIONS VIA OPEN-METEO AND SPATIALLY WEIGHTED OVER THE TEHRI CATCHMENT.
2024-06-09 16:00:00+00:00,0.0,0.0,0.0,ERA5-LAND HOURLY PRECIPITATION SAMPLED AT NEAREST MODEL-GRID LOCATIONS VIA OPEN-METEO AND SPATIALLY WEIGHTED OVER THE TEHRI CATCHMENT.
2024-06-09 17:00:00+00:00,0.0,0.0,0.0,ERA5-LAND HOURLY PRECIPITATION SAMPLED AT NEAREST MODEL-GRID LOCATIONS VIA OPEN-METEO AND SPATIALLY WEIGHTED OVER THE TEHRI CATCHMENT.
2024-06-09 18:00:00+00:00,0.0,0.0,0.0,ERA5-LAND HOURLY PRECIPITATION SAMPLED AT NEAREST MODEL-GRID LOCATIONS VIA OPEN-METEO AND SPATIALLY WEIGHTED OVER THE TEHRI CATCHMENT.
2024-06-09 19:00:00+00:00,0.0,0.0,0.0,ERA5-LAND HOURLY PRECIPITATION SAMPLED AT NEAREST MODEL-GRID LOCATIONS VIA OPEN-METEO AND SPATIALLY WEIGHTED OVER THE TEHRI CATCHMENT.
2024-06-09 20:00:00+00:00,0.0,0.0,0.0,ERA5-LAND HOURLY PRECIPITATION SAMPLED AT NEAREST MODEL-GRID LOCATIONS VIA OPEN-METEO AND SPATIALLY WEIGHTED OVER THE TEHRI CATCHMENT.
2024-06-09 21:00:00+00:00,0.0,0.0,0.0,ERA5-LAND HOURLY PRECIPITATION SAMPLED AT NEAREST MODEL-GRID LOCATIONS VIA OPEN-METEO AND SPATIALLY WEIGHTED OVER THE TEHRI CATCHMENT.
2024-06-09 22:00:00+00:00,0.0,0.0,0.0,ERA5-LAND HOURLY PRECIPITATION SAMPLED AT NEAREST MODEL-GRID LOCATIONS VIA OPEN-METEO AND SPATIALLY WEIGHTED OVER THE TEHRI CATCHMENT.
2024-06-09 23:00:00+00:00,0.0,0.0,0.0,ERA5-LAND HOURLY PRECIPITATION SAMPLED AT NEAREST MODEL-GRID LOCATIONS VIA OPEN-METEO AND SPATIALLY WEIGHTED OVER THE TEHRI CATCHMENT.
2024-06-10 00:00:00+00:00,0.0,0.0,0.0,ERA5-LAND HOURLY PRECIPITATION SAMPLED AT NEAREST MODEL-GRID LOCATIONS VIA OPEN-METEO AND SPATIALLY WEIGHTED OVER THE TEHRI CATCHMENT.
2024-06-10 01:00:00+00:00,0.0,0.0,0.0,ERA5-LAND HOURLY PRECIPITATION SAMPLED AT NEAREST MODEL-GRID LOCATIONS VIA OPEN-METEO AND SPATIALLY WEIGHTED OVER THE TEHRI CATCHMENT.
2024-06-10 02:00:00+00:00,0.0,0.0,0.0,ERA5-LAND HOURLY PRECIPITATION SAMPLED AT NEAREST MODEL-GRID LOCATIONS VIA OPEN-METEO AND SPATIALLY WEIGHTED OVER THE TEHRI CATCHMENT.
2024-06-10 03:00:00+00:00,0.001,0.017,0.0,ERA5-LAND HOURLY PRECIPITATION SAMPLED AT NEAREST MODEL-GRID LOCATIONS VIA OPEN-METEO AND SPATIALLY WEIGHTED OVER THE TEHRI CATCHMENT.
2024-06-10 04:00:00+00:00,0.004,0.03,0.0,ERA5-LAND HOURLY PRECIPITATION SAMPLED AT NEAREST MODEL-GRID LOCATIONS VIA OPEN-METEO AND SPATIALLY WEIGHTED OVER THE TEHRI CATCHMENT.
2024-06-10 05:00:00+00:00,0.045,0.061,0.003,ERA5-LAND HOURLY PRECIPITATION SAMPLED AT NEAREST MODEL-GRID LOCATIONS VIA OPEN-METEO AND SPATIALLY WEIGHTED OVER THE TEHRI CATCHMENT.
2024-06-10 06:00:00+00:00,0.069,0.061,0.0,ERA5-LAND HOURLY PRECIPITATION SAMPLED AT NEAREST MODEL-GRID LOCATIONS VIA OPEN-METEO AND SPATIALLY WEIGHTED OVER THE TEHRI CATCHMENT.
2024-06-10 07:00:00+00:00,0.089,0.074,0.0,ERA5-LAND HOURLY PRECIPITATION SAMPLED AT NEAREST MODEL-GRID LOCATIONS VIA OPEN-METEO AND SPATIALLY WEIGHTED OVER THE TEHRI CATCHMENT.
2024-06-10 08:00:00+00:00,0.089,0.133,0.001,ERA5-LAND HOURLY PRECIPITATION SAMPLED AT NEAREST MODEL-GRID LOCATIONS VIA OPEN-METEO AND SPATIALLY WEIGHTED OVER THE TEHRI CATCHMENT.
2024-06-10 09:00:00+00:00,0.137,0.148,0.003,ERA5-LAND HOURLY PRECIPITATION SAMPLED AT NEAREST MODEL-GRID LOCATIONS VIA OPEN-METEO AND SPATIALLY WEIGHTED OVER THE TEHRI CATCHMENT.
2024-06-10 10:00:00+00:00,0.223,0.124,0.008,ERA5-LAND HOURLY PRECIPITATION SAMPLED AT NEAREST MODEL-GRID LOCATIONS VIA OPEN-METEO AND SPATIALLY WEIGHTED OVER THE TEHRI CATCHMENT.
2024-06-10 11:00:00+00:00,0.125,0.184,0.012,ERA5-LAND HOURLY PRECIPITATION SAMPLED AT NEAREST MODEL-GRID LOCATIONS VIA OPEN-METEO AND SPATIALLY WEIGHTED OVER THE TEHRI CATCHMENT.
2024-06-10 12:00:00+00:00,0.106,0.166,0.005,ERA5-LAND HOURLY PRECIPITATION SAMPLED AT NEAREST MODEL-GRID LOCATIONS VIA OPEN-METEO AND SPATIALLY WEIGHTED OVER THE TEHRI CATCHMENT.
2024-06-10 13:00:00+00:00,0.089,0.064,0.003,ERA5-LAND HOURLY PRECIPITATION SAMPLED AT NEAREST MODEL-GRID LOCATIONS VIA OPEN-METEO AND SPATIALLY WEIGHTED OVER THE TEHRI CATCHMENT.
2024-06-10 14:00:00+00:00,0.038,0.027,0.001,ERA5-LAND HOURLY PRECIPITATION SAMPLED AT NEAREST MODEL-GRID LOCATIONS VIA OPEN-METEO AND SPATIALLY WEIGHTED OVER THE TEHRI CATCHMENT.
2024-06-10 15:00:00+00:00,0.013,0.01,0.0,ERA5-LAND HOURLY PRECIPITATION SAMPLED AT NEAREST MODEL-GRID LOCATIONS VIA OPEN-METEO AND SPATIALLY WEIGHTED OVER THE TEHRI CATCHMENT.
2024-06-10 16:00:00+00:00,0.003,0.0,0.0,ERA5-LAND HOURLY PRECIPITATION SAMPLED AT NEAREST MODEL-GRID LOCATIONS VIA OPEN-METEO AND SPATIALLY WEIGHTED OVER THE TEHRI CATCHMENT.
2024-06-10 17:00:00+00:00,0.0,0.0,0.0,ERA5-LAND HOURLY PRECIPITATION SAMPLED AT NEAREST MODEL-GRID LOCATIONS VIA OPEN-METEO AND SPATIALLY WEIGHTED OVER THE TEHRI CATCHMENT.
2024-06-10 18:00:00+00:00,0.0,0.0,0.0,ERA5-LAND HOURLY PRECIPITATION SAMPLED AT NEAREST MODEL-GRID LOCATIONS VIA OPEN-METEO AND SPATIALLY WEIGHTED OVER THE TEHRI CATCHMENT.
2024-06-10 19:00:00+00:00,0.0,0.0,0.0,ERA5-LAND HOURLY PRECIPITATION SAMPLED AT NEAREST MODEL-GRID LOCATIONS VIA OPEN-METEO AND SPATIALLY WEIGHTED OVER THE TEHRI CATCHMENT.
2024-06-10 20:00:00+00:00,0.0,0.0,0.0,ERA5-LAND HOURLY PRECIPITATION SAMPLED AT NEAREST MODEL-GRID LOCATIONS VIA OPEN-METEO AND SPATIALLY WEIGHTED OVER THE TEHRI CATCHMENT.
2024-06-10 21:00:00+00:00,0.0,0.0,0.0,ERA5-LAND HOURLY PRECIPITATION SAMPLED AT NEAREST MODEL-GRID LOCATIONS VIA OPEN-METEO AND SPATIALLY WEIGHTED OVER THE TEHRI CATCHMENT.
2024-06-10 22:00:00+00:00,0.0,0.0,0.0,ERA5-LAND HOURLY PRECIPITATION SAMPLED AT NEAREST MODEL-GRID LOCATIONS VIA OPEN-METEO AND SPATIALLY WEIGHTED OVER THE TEHRI CATCHMENT.
2024-06-10 23:00:00+00:00,0.0,0.0,0.0,ERA5-LAND HOURLY PRECIPITATION SAMPLED AT NEAREST MODEL-GRID LOCATIONS VIA OPEN-METEO AND SPATIALLY WEIGHTED OVER THE TEHRI CATCHMENT.
2024-06-11 00:00:00+00:00,0.0,0.0,0.0,ERA5-LAND HOURLY PRECIPITATION SAMPLED AT NEAREST MODEL-GRID LOCATIONS VIA OPEN-METEO AND SPATIALLY WEIGHTED OVER THE TEHRI CATCHMENT.
2024-06-11 01:00:00+00:00,0.003,0.015,0.0,ERA5-LAND HOURLY PRECIPITATION SAMPLED AT NEAREST MODEL-GRID LOCATIONS VIA OPEN-METEO AND SPATIALLY WEIGHTED OVER THE TEHRI CATCHMENT.
2024-06-11 02:00:00+00:00,0.01,0.042,0.0,ERA5-LAND HOURLY PRECIPITATION SAMPLED AT NEAREST MODEL-GRID LOCATIONS VIA OPEN-METEO AND SPATIALLY WEIGHTED OVER THE TEHRI CATCHMENT.
2024-06-11 03:00:00+00:00,0.009,0.013,0.001,ERA5-LAND HOURLY PRECIPITATION SAMPLED AT NEAREST MODEL-GRID LOCATIONS VIA OPEN-METEO AND SPATIALLY WEIGHTED OVER THE TEHRI CATCHMENT.
2024-06-11 04:00:00+00:00,0.018,0.106,0.001,ERA5-LAND HOURLY PRECIPITATION SAMPLED AT NEAREST MODEL-GRID LOCATIONS VIA OPEN-METEO AND SPATIALLY WEIGHTED OVER THE TEHRI CATCHMENT.
2024-06-11 05:00:00+00:00,0.085,0.134,0.029,ERA5-LAND HOURLY PRECIPITATION SAMPLED AT NEAREST MODEL-GRID LOCATIONS VIA OPEN-METEO AND SPATIALLY WEIGHTED OVER THE TEHRI CATCHMENT.
2024-06-11 06:00:00+00:00,0.169,0.092,0.003,ERA5-LAND HOURLY PRECIPITATION SAMPLED AT NEAREST MODEL-GRID LOCATIONS VIA OPEN-METEO AND SPATIALLY WEIGHTED OVER THE TEHRI CATCHMENT.
2024-06-11 07:00:00+00:00,0.166,0.16,0.016,ERA5-LAND HOURLY PRECIPITATION SAMPLED AT NEAREST MODEL-GRID LOCATIONS VIA OPEN-METEO AND SPATIALLY WEIGHTED OVER THE TEHRI CATCHMENT.
2024-06-11 08:00:00+00:00,0.186,0.16,0.003,ERA5-LAND HOURLY PRECIPITATION SAMPLED AT NEAREST MODEL-GRID LOCATIONS VIA OPEN-METEO AND SPATIALLY WEIGHTED OVER THE TEHRI CATCHMENT.
2024-06-11 09:00:00+00:00,0.162,0.122,0.002,ERA5-LAND HOURLY PRECIPITATION SAMPLED AT NEAREST MODEL-GRID LOCATIONS VIA OPEN-METEO AND SPATIALLY WEIGHTED OVER THE TEHRI CATCHMENT.
2024-06-11 10:00:00+00:00,0.105,0.076,0.002,ERA5-LAND HOURLY PRECIPITATION SAMPLED AT NEAREST MODEL-GRID LOCATIONS VIA OPEN-METEO AND SPATIALLY WEIGHTED OVER THE TEHRI CATCHMENT.
2024-06-11 11:00:00+00:00,0.072,0.04,0.001,ERA5-LAND HOURLY PRECIPITATION SAMPLED AT NEAREST MODEL-GRID LOCATIONS VIA OPEN-METEO AND SPATIALLY WEIGHTED OVER THE TEHRI CATCHMENT.
2024-06-11 12:00:00+00:00,0.053,0.027,0.001,ERA5-LAND HOURLY PRECIPITATION SAMPLED AT NEAREST MODEL-GRID LOCATIONS VIA OPEN-METEO AND SPATIALLY WEIGHTED OVER THE TEHRI CATCHMENT.
2024-06-11 13:00:00+00:00,0.025,0.008,0.0,ERA5-LAND HOURLY PRECIPITATION SAMPLED AT NEAREST MODEL-GRID LOCATIONS VIA OPEN-METEO AND SPATIALLY WEIGHTED OVER THE TEHRI CATCHMENT.
2024-06-11 14:00:00+00:00,0.014,0.005,0.0,ERA5-LAND HOURLY PRECIPITATION SAMPLED AT NEAREST MODEL-GRID LOCATIONS VIA OPEN-METEO AND SPATIALLY WEIGHTED OVER THE TEHRI CATCHMENT.
2024-06-11 15:00:00+00:00,0.004,0.0,0.0,ERA5-LAND HOURLY PRECIPITATION SAMPLED AT NEAREST MODEL-GRID LOCATIONS VIA OPEN-METEO AND SPATIALLY WEIGHTED OVER THE TEHRI CATCHMENT.
2024-06-11 16:00:00+00:00,0.0,0.0,0.0,ERA5-LAND HOURLY PRECIPITATION SAMPLED AT NEAREST MODEL-GRID LOCATIONS VIA OPEN-METEO AND SPATIALLY WEIGHTED OVER THE TEHRI CATCHMENT.
2024-06-11 17:00:00+00:00,0.0,0.0,0.0,ERA5-LAND HOURLY PRECIPITATION SAMPLED AT NEAREST MODEL-GRID LOCATIONS VIA OPEN-METEO AND SPATIALLY WEIGHTED OVER THE TEHRI CATCHMENT.
2024-06-11 18:00:00+00:00,0.0,0.0,0.0,ERA5-LAND HOURLY PRECIPITATION SAMPLED AT NEAREST MODEL-GRID LOCATIONS VIA OPEN-METEO AND SPATIALLY WEIGHTED OVER THE TEHRI CATCHMENT.
2024-06-11 19:00:00+00:00,0.0,0.0,0.0,ERA5-LAND HOURLY PRECIPITATION SAMPLED AT NEAREST MODEL-GRID LOCATIONS VIA OPEN-METEO AND SPATIALLY WEIGHTED OVER THE TEHRI CATCHMENT.
2024-06-11 20:00:00+00:00,0.0,0.0,0.0,ERA5-LAND HOURLY PRECIPITATION SAMPLED AT NEAREST MODEL-GRID LOCATIONS VIA OPEN-METEO AND SPATIALLY WEIGHTED OVER THE TEHRI CATCHMENT.
2024-06-11 21:00:00+00:00,0.0,0.0,0.0,ERA5-LAND HOURLY PRECIPITATION SAMPLED AT NEAREST MODEL-GRID LOCATIONS VIA OPEN-METEO AND SPATIALLY WEIGHTED OVER THE TEHRI CATCHMENT.
2024-06-11 22:00:00+00:00,0.0,0.0,0.0,ERA5-LAND HOURLY PRECIPITATION SAMPLED AT NEAREST MODEL-GRID LOCATIONS VIA OPEN-METEO AND SPATIALLY WEIGHTED OVER THE TEHRI CATCHMENT.
2024-06-11 23:00:00+00:00,0.0,0.0,0.0,ERA5-LAND HOURLY PRECIPITATION SAMPLED AT NEAREST MODEL-GRID LOCATIONS VIA OPEN-METEO AND SPATIALLY WEIGHTED OVER THE TEHRI CATCHMENT.
2024-06-12 00:00:00+00:00,0.0,0.0,0.0,ERA5-LAND HOURLY PRECIPITATION SAMPLED AT NEAREST MODEL-GRID LOCATIONS VIA OPEN-METEO AND SPATIALLY WEIGHTED OVER THE TEHRI CATCHMENT.
2024-06-12 01:00:00+00:00,0.0,0.0,0.0,ERA5-LAND HOURLY PRECIPITATION SAMPLED AT NEAREST MODEL-GRID LOCATIONS VIA OPEN-METEO AND SPATIALLY WEIGHTED OVER THE TEHRI CATCHMENT.
2024-06-12 02:00:00+00:00,0.0,0.0,0.0,ERA5-LAND HOURLY PRECIPITATION SAMPLED AT NEAREST MODEL-GRID LOCATIONS VIA OPEN-METEO AND SPATIALLY WEIGHTED OVER THE TEHRI CATCHMENT.
2024-06-12 03:00:00+00:00,0.0,0.0,0.0,ERA5-LAND HOURLY PRECIPITATION SAMPLED AT NEAREST MODEL-GRID LOCATIONS VIA OPEN-METEO AND SPATIALLY WEIGHTED OVER THE TEHRI CATCHMENT.
2024-06-12 04:00:00+00:00,0.0,0.0,0.0,ERA5-LAND HOURLY PRECIPITATION SAMPLED AT NEAREST MODEL-GRID LOCATIONS VIA OPEN-METEO AND SPATIALLY WEIGHTED OVER THE TEHRI CATCHMENT.
2024-06-12 05:00:00+00:00,0.0,0.0,0.0,ERA5-LAND HOURLY PRECIPITATION SAMPLED AT NEAREST MODEL-GRID LOCATIONS VIA OPEN-METEO AND SPATIALLY WEIGHTED OVER THE TEHRI CATCHMENT.
2024-06-12 06:00:00+00:00,0.0,0.009,0.0,ERA5-LAND HOURLY PRECIPITATION SAMPLED AT NEAREST MODEL-GRID LOCATIONS VIA OPEN-METEO AND SPATIALLY WEIGHTED OVER THE TEHRI CATCHMENT.
2024-06-12 07:00:00+00:00,0.002,0.083,0.001,ERA5-LAND HOURLY PRECIPITATION SAMPLED AT NEAREST MODEL-GRID LOCATIONS VIA OPEN-METEO AND SPATIALLY WEIGHTED OVER THE TEHRI CATCHMENT.
2024-06-12 08:00:00+00:00,0.009,0.101,0.003,ERA5-LAND HOURLY PRECIPITATION SAMPLED AT NEAREST MODEL-GRID LOCATIONS VIA OPEN-METEO AND SPATIALLY WEIGHTED OVER THE TEHRI CATCHMENT.
2024-06-12 09:00:00+00:00,0.028,0.06,0.003,ERA5-LAND HOURLY PRECIPITATION SAMPLED AT NEAREST MODEL-GRID LOCATIONS VIA OPEN-METEO AND SPATIALLY WEIGHTED OVER THE TEHRI CATCHMENT.
2024-06-12 10:00:00+00:00,0.052,0.061,0.005,ERA5-LAND HOURLY PRECIPITATION SAMPLED AT NEAREST MODEL-GRID LOCATIONS VIA OPEN-METEO AND SPATIALLY WEIGHTED OVER THE TEHRI CATCHMENT.
2024-06-12 11:00:00+00:00,0.062,0.077,0.006,ERA5-LAND HOURLY PRECIPITATION SAMPLED AT NEAREST MODEL-GRID LOCATIONS VIA OPEN-METEO AND SPATIALLY WEIGHTED OVER THE TEHRI CATCHMENT.
2024-06-12 12:00:00+00:00,0.054,0.046,0.003,ERA5-LAND HOURLY PRECIPITATION SAMPLED AT NEAREST MODEL-GRID LOCATIONS VIA OPEN-METEO AND SPATIALLY WEIGHTED OVER THE TEHRI CATCHMENT.
2024-06-12 13:00:00+00:00,0.021,0.047,0.004,ERA5-LAND HOURLY PRECIPITATION SAMPLED AT NEAREST MODEL-GRID LOCATIONS VIA OPEN-METEO AND SPATIALLY WEIGHTED OVER THE TEHRI CATCHMENT.
2024-06-12 14:00:00+00:00,0.008,0.028,0.001,ERA5-LAND HOURLY PRECIPITATION SAMPLED AT NEAREST MODEL-GRID LOCATIONS VIA OPEN-METEO AND SPATIALLY WEIGHTED OVER THE TEHRI CATCHMENT.
2024-06-12 15:00:00+00:00,0.001,0.0,0.0,ERA5-LAND HOURLY PRECIPITATION SAMPLED AT NEAREST MODEL-GRID LOCATIONS VIA OPEN-METEO AND SPATIALLY WEIGHTED OVER THE TEHRI CATCHMENT.
2024-06-12 16:00:00+00:00,0.0,0.0,0.0,ERA5-LAND HOURLY PRECIPITATION SAMPLED AT NEAREST MODEL-GRID LOCATIONS VIA OPEN-METEO AND SPATIALLY WEIGHTED OVER THE TEHRI CATCHMENT.
2024-06-12 17:00:00+00:00,0.0,0.0,0.0,ERA5-LAND HOURLY PRECIPITATION SAMPLED AT NEAREST MODEL-GRID LOCATIONS VIA OPEN-METEO AND SPATIALLY WEIGHTED OVER THE TEHRI CATCHMENT.
2024-06-12 18:00:00+00:00,0.0,0.0,0.0,ERA5-LAND HOURLY PRECIPITATION SAMPLED AT NEAREST MODEL-GRID LOCATIONS VIA OPEN-METEO AND SPATIALLY WEIGHTED OVER THE TEHRI CATCHMENT.
2024-06-12 19:00:00+00:00,0.0,0.0,0.0,ERA5-LAND HOURLY PRECIPITATION SAMPLED AT NEAREST MODEL-GRID LOCATIONS VIA OPEN-METEO AND SPATIALLY WEIGHTED OVER THE TEHRI CATCHMENT.
2024-06-12 20:00:00+00:00,0.0,0.0,0.0,ERA5-LAND HOURLY PRECIPITATION SAMPLED AT NEAREST MODEL-GRID LOCATIONS VIA OPEN-METEO AND SPATIALLY WEIGHTED OVER THE TEHRI CATCHMENT.
2024-06-12 21:00:00+00:00,0.0,0.0,0.0,ERA5-LAND HOURLY PRECIPITATION SAMPLED AT NEAREST MODEL-GRID LOCATIONS VIA OPEN-METEO AND SPATIALLY WEIGHTED OVER THE TEHRI CATCHMENT.
2024-06-12 22:00:00+00:00,0.0,0.0,0.0,ERA5-LAND HOURLY PRECIPITATION SAMPLED AT NEAREST MODEL-GRID LOCATIONS VIA OPEN-METEO AND SPATIALLY WEIGHTED OVER THE TEHRI CATCHMENT.
2024-06-12 23:00:00+00:00,0.0,0.0,0.0,ERA5-LAND HOURLY PRECIPITATION SAMPLED AT NEAREST MODEL-GRID LOCATIONS VIA OPEN-METEO AND SPATIALLY WEIGHTED OVER THE TEHRI CATCHMENT.
2024-06-13 00:00:00+00:00,0.0,0.0,0.0,ERA5-LAND HOURLY PRECIPITATION SAMPLED AT NEAREST MODEL-GRID LOCATIONS VIA OPEN-METEO AND SPATIALLY WEIGHTED OVER THE TEHRI CATCHMENT.
2024-06-13 01:00:00+00:00,0.0,0.0,0.0,ERA5-LAND HOURLY PRECIPITATION SAMPLED AT NEAREST MODEL-GRID LOCATIONS VIA OPEN-METEO AND SPATIALLY WEIGHTED OVER THE TEHRI CATCHMENT.
2024-06-13 02:00:00+00:00,0.0,0.0,0.0,ERA5-LAND HOURLY PRECIPITATION SAMPLED AT NEAREST MODEL-GRID LOCATIONS VIA OPEN-METEO AND SPATIALLY WEIGHTED OVER THE TEHRI CATCHMENT.
2024-06-13 03:00:00+00:00,0.0,0.0,0.0,ERA5-LAND HOURLY PRECIPITATION SAMPLED AT NEAREST MODEL-GRID LOCATIONS VIA OPEN-METEO AND SPATIALLY WEIGHTED OVER THE TEHRI CATCHMENT.
2024-06-13 04:00:00+00:00,0.0,0.0,0.0,ERA5-LAND HOURLY PRECIPITATION SAMPLED AT NEAREST MODEL-GRID LOCATIONS VIA OPEN-METEO AND SPATIALLY WEIGHTED OVER THE TEHRI CATCHMENT.
2024-06-13 05:00:00+00:00,0.0,0.0,0.0,ERA5-LAND HOURLY PRECIPITATION SAMPLED AT NEAREST MODEL-GRID LOCATIONS VIA OPEN-METEO AND SPATIALLY WEIGHTED OVER THE TEHRI CATCHMENT.
2024-06-13 06:00:00+00:00,0.0,0.014,0.001,ERA5-LAND HOURLY PRECIPITATION SAMPLED AT NEAREST MODEL-GRID LOCATIONS VIA OPEN-METEO AND SPATIALLY WEIGHTED OVER THE TEHRI CATCHMENT.
2024-06-13 07:00:00+00:00,0.009,0.08,0.002,ERA5-LAND HOURLY PRECIPITATION SAMPLED AT NEAREST MODEL-GRID LOCATIONS VIA OPEN-METEO AND SPATIALLY WEIGHTED OVER THE TEHRI CATCHMENT.
2024-06-13 08:00:00+00:00,0.035,0.043,0.005,ERA5-LAND HOURLY PRECIPITATION SAMPLED AT NEAREST MODEL-GRID LOCATIONS VIA OPEN-METEO AND SPATIALLY WEIGHTED OVER THE TEHRI CATCHMENT.
2024-06-13 09:00:00+00:00,0.049,0.027,0.002,ERA5-LAND HOURLY PRECIPITATION SAMPLED AT NEAREST MODEL-GRID LOCATIONS VIA OPEN-METEO AND SPATIALLY WEIGHTED OVER THE TEHRI CATCHMENT.
2024-06-13 10:00:00+00:00,0.042,0.017,0.002,ERA5-LAND HOURLY PRECIPITATION SAMPLED AT NEAREST MODEL-GRID LOCATIONS VIA OPEN-METEO AND SPATIALLY WEIGHTED OVER THE TEHRI CATCHMENT.
2024-06-13 11:00:00+00:00,0.051,0.011,0.001,ERA5-LAND HOURLY PRECIPITATION SAMPLED AT NEAREST MODEL-GRID LOCATIONS VIA OPEN-METEO AND SPATIALLY WEIGHTED OVER THE TEHRI CATCHMENT.
2024-06-13 12:00:00+00:00,0.02,0.012,0.001,ERA5-LAND HOURLY PRECIPITATION SAMPLED AT NEAREST MODEL-GRID LOCATIONS VIA OPEN-METEO AND SPATIALLY WEIGHTED OVER THE TEHRI CATCHMENT.
2024-06-13 13:00:00+00:00,0.02,0.007,0.001,ERA5-LAND HOURLY PRECIPITATION SAMPLED AT NEAREST MODEL-GRID LOCATIONS VIA OPEN-METEO AND SPATIALLY WEIGHTED OVER THE TEHRI CATCHMENT.
2024-06-13 14:00:00+00:00,0.005,0.009,0.001,ERA5-LAND HOURLY PRECIPITATION SAMPLED AT NEAREST MODEL-GRID LOCATIONS VIA OPEN-METEO AND SPATIALLY WEIGHTED OVER THE TEHRI CATCHMENT.
2024-06-13 15:00:00+00:00,0.003,0.004,0.001,ERA5-LAND HOURLY PRECIPITATION SAMPLED AT NEAREST MODEL-GRID LOCATIONS VIA OPEN-METEO AND SPATIALLY WEIGHTED OVER THE TEHRI CATCHMENT.
2024-06-13 16:00:00+00:00,0.0,0.0,0.0,ERA5-LAND HOURLY PRECIPITATION SAMPLED AT NEAREST MODEL-GRID LOCATIONS VIA OPEN-METEO AND SPATIALLY WEIGHTED OVER THE TEHRI CATCHMENT.
2024-06-13 17:00:00+00:00,0.0,0.0,0.0,ERA5-LAND HOURLY PRECIPITATION SAMPLED AT NEAREST MODEL-GRID LOCATIONS VIA OPEN-METEO AND SPATIALLY WEIGHTED OVER THE TEHRI CATCHMENT.
2024-06-13 18:00:00+00:00,0.0,0.0,0.0,ERA5-LAND HOURLY PRECIPITATION SAMPLED AT NEAREST MODEL-GRID LOCATIONS VIA OPEN-METEO AND SPATIALLY WEIGHTED OVER THE TEHRI CATCHMENT.
2024-06-13 19:00:00+00:00,0.0,0.0,0.0,ERA5-LAND HOURLY PRECIPITATION SAMPLED AT NEAREST MODEL-GRID LOCATIONS VIA OPEN-METEO AND SPATIALLY WEIGHTED OVER THE TEHRI CATCHMENT.
2024-06-13 20:00:00+00:00,0.0,0.0,0.0,ERA5-LAND HOURLY PRECIPITATION SAMPLED AT NEAREST MODEL-GRID LOCATIONS VIA OPEN-METEO AND SPATIALLY WEIGHTED OVER THE TEHRI CATCHMENT.
2024-06-13 21:00:00+00:00,0.0,0.0,0.0,ERA5-LAND HOURLY PRECIPITATION SAMPLED AT NEAREST MODEL-GRID LOCATIONS VIA OPEN-METEO AND SPATIALLY WEIGHTED OVER THE TEHRI CATCHMENT.
2024-06-13 22:00:00+00:00,0.0,0.0,0.0,ERA5-LAND HOURLY PRECIPITATION SAMPLED AT NEAREST MODEL-GRID LOCATIONS VIA OPEN-METEO AND SPATIALLY WEIGHTED OVER THE TEHRI CATCHMENT.
2024-06-13 23:00:00+00:00,0.0,0.0,0.0,ERA5-LAND HOURLY PRECIPITATION SAMPLED AT NEAREST MODEL-GRID LOCATIONS VIA OPEN-METEO AND SPATIALLY WEIGHTED OVER THE TEHRI CATCHMENT.
2024-06-14 00:00:00+00:00,0.0,0.0,0.0,ERA5-LAND HOURLY PRECIPITATION SAMPLED AT NEAREST MODEL-GRID LOCATIONS VIA OPEN-METEO AND SPATIALLY WEIGHTED OVER THE TEHRI CATCHMENT.
2024-06-14 01:00:00+00:00,0.0,0.0,0.0,ERA5-LAND HOURLY PRECIPITATION SAMPLED AT NEAREST MODEL-GRID LOCATIONS VIA OPEN-METEO AND SPATIALLY WEIGHTED OVER THE TEHRI CATCHMENT.
2024-06-14 02:00:00+00:00,0.001,0.004,0.0,ERA5-LAND HOURLY PRECIPITATION SAMPLED AT NEAREST MODEL-GRID LOCATIONS VIA OPEN-METEO AND SPATIALLY WEIGHTED OVER THE TEHRI CATCHMENT.
2024-06-14 03:00:00+00:00,0.0,0.0,0.0,ERA5-LAND HOURLY PRECIPITATION SAMPLED AT NEAREST MODEL-GRID LOCATIONS VIA OPEN-METEO AND SPATIALLY WEIGHTED OVER THE TEHRI CATCHMENT.
2024-06-14 04:00:00+00:00,0.008,0.024,0.0,ERA5-LAND HOURLY PRECIPITATION SAMPLED AT NEAREST MODEL-GRID LOCATIONS VIA OPEN-METEO AND SPATIALLY WEIGHTED OVER THE TEHRI CATCHMENT.
2024-06-14 05:00:00+00:00,0.037,0.053,0.001,ERA5-LAND HOURLY PRECIPITATION SAMPLED AT NEAREST MODEL-GRID LOCATIONS VIA OPEN-METEO AND SPATIALLY WEIGHTED OVER THE TEHRI CATCHMENT.
2024-06-14 06:00:00+00:00,0.042,0.048,0.003,ERA5-LAND HOURLY PRECIPITATION SAMPLED AT NEAREST MODEL-GRID LOCATIONS VIA OPEN-METEO AND SPATIALLY WEIGHTED OVER THE TEHRI CATCHMENT.
2024-06-14 07:00:00+00:00,0.03,0.04,0.002,ERA5-LAND HOURLY PRECIPITATION SAMPLED AT NEAREST MODEL-GRID LOCATIONS VIA OPEN-METEO AND SPATIALLY WEIGHTED OVER THE TEHRI CATCHMENT.
2024-06-14 08:00:00+00:00,0.056,0.079,0.01,ERA5-LAND HOURLY PRECIPITATION SAMPLED AT NEAREST MODEL-GRID LOCATIONS VIA OPEN-METEO AND SPATIALLY WEIGHTED OVER THE TEHRI CATCHMENT.
2024-06-14 09:00:00+00:00,0.058,0.04,0.006,ERA5-LAND HOURLY PRECIPITATION SAMPLED AT NEAREST MODEL-GRID LOCATIONS VIA OPEN-METEO AND SPATIALLY WEIGHTED OVER THE TEHRI CATCHMENT.
2024-06-14 10:00:00+00:00,0.039,0.022,0.003,ERA5-LAND HOURLY PRECIPITATION SAMPLED AT NEAREST MODEL-GRID LOCATIONS VIA OPEN-METEO AND SPATIALLY WEIGHTED OVER THE TEHRI CATCHMENT.
2024-06-14 11:00:00+00:00,0.049,0.027,0.003,ERA5-LAND HOURLY PRECIPITATION SAMPLED AT NEAREST MODEL-GRID LOCATIONS VIA OPEN-METEO AND SPATIALLY WEIGHTED OVER THE TEHRI CATCHMENT.
2024-06-14 12:00:00+00:00,0.041,0.043,0.004,ERA5-LAND HOURLY PRECIPITATION SAMPLED AT NEAREST MODEL-GRID LOCATIONS VIA OPEN-METEO AND SPATIALLY WEIGHTED OVER THE TEHRI CATCHMENT.
2024-06-14 13:00:00+00:00,0.03,0.038,0.002,ERA5-LAND HOURLY PRECIPITATION SAMPLED AT NEAREST MODEL-GRID LOCATIONS VIA OPEN-METEO AND SPATIALLY WEIGHTED OVER THE TEHRI CATCHMENT.
2024-06-14 14:00:00+00:00,0.006,0.009,0.0,ERA5-LAND HOURLY PRECIPITATION SAMPLED AT NEAREST MODEL-GRID LOCATIONS VIA OPEN-METEO AND SPATIALLY WEIGHTED OVER THE TEHRI CATCHMENT.
2024-06-14 15:00:00+00:00,0.0,0.0,0.0,ERA5-LAND HOURLY PRECIPITATION SAMPLED AT NEAREST MODEL-GRID LOCATIONS VIA OPEN-METEO AND SPATIALLY WEIGHTED OVER THE TEHRI CATCHMENT.
2024-06-14 16:00:00+00:00,0.0,0.0,0.0,ERA5-LAND HOURLY PRECIPITATION SAMPLED AT NEAREST MODEL-GRID LOCATIONS VIA OPEN-METEO AND SPATIALLY WEIGHTED OVER THE TEHRI CATCHMENT.
2024-06-14 17:00:00+00:00,0.0,0.0,0.0,ERA5-LAND HOURLY PRECIPITATION SAMPLED AT NEAREST MODEL-GRID LOCATIONS VIA OPEN-METEO AND SPATIALLY WEIGHTED OVER THE TEHRI CATCHMENT.
2024-06-14 18:00:00+00:00,0.0,0.0,0.0,ERA5-LAND HOURLY PRECIPITATION SAMPLED AT NEAREST MODEL-GRID LOCATIONS VIA OPEN-METEO AND SPATIALLY WEIGHTED OVER THE TEHRI CATCHMENT.
2024-06-14 19:00:00+00:00,0.0,0.0,0.0,ERA5-LAND HOURLY PRECIPITATION SAMPLED AT NEAREST MODEL-GRID LOCATIONS VIA OPEN-METEO AND SPATIALLY WEIGHTED OVER THE TEHRI CATCHMENT.
2024-06-14 20:00:00+00:00,0.0,0.0,0.0,ERA5-LAND HOURLY PRECIPITATION SAMPLED AT NEAREST MODEL-GRID LOCATIONS VIA OPEN-METEO AND SPATIALLY WEIGHTED OVER THE TEHRI CATCHMENT.
2024-06-14 21:00:00+00:00,0.0,0.0,0.0,ERA5-LAND HOURLY PRECIPITATION SAMPLED AT NEAREST MODEL-GRID LOCATIONS VIA OPEN-METEO AND SPATIALLY WEIGHTED OVER THE TEHRI CATCHMENT.
2024-06-14 22:00:00+00:00,0.0,0.0,0.0,ERA5-LAND HOURLY PRECIPITATION SAMPLED AT NEAREST MODEL-GRID LOCATIONS VIA OPEN-METEO AND SPATIALLY WEIGHTED OVER THE TEHRI CATCHMENT.
2024-06-14 23:00:00+00:00,0.0,0.0,0.0,ERA5-LAND HOURLY PRECIPITATION SAMPLED AT NEAREST MODEL-GRID LOCATIONS VIA OPEN-METEO AND SPATIALLY WEIGHTED OVER THE TEHRI CATCHMENT.
2024-06-15 00:00:00+00:00,0.0,0.0,0.0,ERA5-LAND HOURLY PRECIPITATION SAMPLED AT NEAREST MODEL-GRID LOCATIONS VIA OPEN-METEO AND SPATIALLY WEIGHTED OVER THE TEHRI CATCHMENT.
2024-06-15 01:00:00+00:00,0.0,0.0,0.0,ERA5-LAND HOURLY PRECIPITATION SAMPLED AT NEAREST MODEL-GRID LOCATIONS VIA OPEN-METEO AND SPATIALLY WEIGHTED OVER THE TEHRI CATCHMENT.
2024-06-15 02:00:00+00:00,0.0,0.0,0.0,ERA5-LAND HOURLY PRECIPITATION SAMPLED AT NEAREST MODEL-GRID LOCATIONS VIA OPEN-METEO AND SPATIALLY WEIGHTED OVER THE TEHRI CATCHMENT.
2024-06-15 03:00:00+00:00,0.0,0.0,0.0,ERA5-LAND HOURLY PRECIPITATION SAMPLED AT NEAREST MODEL-GRID LOCATIONS VIA OPEN-METEO AND SPATIALLY WEIGHTED OVER THE TEHRI CATCHMENT.
2024-06-15 04:00:00+00:00,0.0,0.0,0.0,ERA5-LAND HOURLY PRECIPITATION SAMPLED AT NEAREST MODEL-GRID LOCATIONS VIA OPEN-METEO AND SPATIALLY WEIGHTED OVER THE TEHRI CATCHMENT.
2024-06-15 05:00:00+00:00,0.0,0.018,0.0,ERA5-LAND HOURLY PRECIPITATION SAMPLED AT NEAREST MODEL-GRID LOCATIONS VIA OPEN-METEO AND SPATIALLY WEIGHTED OVER THE TEHRI CATCHMENT.
2024-06-15 06:00:00+00:00,0.0,0.036,0.0,ERA5-LAND HOURLY PRECIPITATION SAMPLED AT NEAREST MODEL-GRID LOCATIONS VIA OPEN-METEO AND SPATIALLY WEIGHTED OVER THE TEHRI CATCHMENT.
2024-06-15 07:00:00+00:00,0.005,0.068,0.001,ERA5-LAND HOURLY PRECIPITATION SAMPLED AT NEAREST MODEL-GRID LOCATIONS VIA OPEN-METEO AND SPATIALLY WEIGHTED OVER THE TEHRI CATCHMENT.
2024-06-15 08:00:00+00:00,0.032,0.088,0.003,ERA5-LAND HOURLY PRECIPITATION SAMPLED AT NEAREST MODEL-GRID LOCATIONS VIA OPEN-METEO AND SPATIALLY WEIGHTED OVER THE TEHRI CATCHMENT.
2024-06-15 09:00:00+00:00,0.074,0.104,0.009,ERA5-LAND HOURLY PRECIPITATION SAMPLED AT NEAREST MODEL-GRID LOCATIONS VIA OPEN-METEO AND SPATIALLY WEIGHTED OVER THE TEHRI CATCHMENT.
2024-06-15 10:00:00+00:00,0.093,0.129,0.007,ERA5-LAND HOURLY PRECIPITATION SAMPLED AT NEAREST MODEL-GRID LOCATIONS VIA OPEN-METEO AND SPATIALLY WEIGHTED OVER THE TEHRI CATCHMENT.
2024-06-15 11:00:00+00:00,0.095,0.073,0.004,ERA5-LAND HOURLY PRECIPITATION SAMPLED AT NEAREST MODEL-GRID LOCATIONS VIA OPEN-METEO AND SPATIALLY WEIGHTED OVER THE TEHRI CATCHMENT.
2024-06-15 12:00:00+00:00,0.048,0.032,0.001,ERA5-LAND HOURLY PRECIPITATION SAMPLED AT NEAREST MODEL-GRID LOCATIONS VIA OPEN-METEO AND SPATIALLY WEIGHTED OVER THE TEHRI CATCHMENT.
2024-06-15 13:00:00+00:00,0.005,0.02,0.004,ERA5-LAND HOURLY PRECIPITATION SAMPLED AT NEAREST MODEL-GRID LOCATIONS VIA OPEN-METEO AND SPATIALLY WEIGHTED OVER THE TEHRI CATCHMENT.
2024-06-15 14:00:00+00:00,0.001,0.002,0.0,ERA5-LAND HOURLY PRECIPITATION SAMPLED AT NEAREST MODEL-GRID LOCATIONS VIA OPEN-METEO AND SPATIALLY WEIGHTED OVER THE TEHRI CATCHMENT.
2024-06-15 15:00:00+00:00,0.0,0.0,0.0,ERA5-LAND HOURLY PRECIPITATION SAMPLED AT NEAREST MODEL-GRID LOCATIONS VIA OPEN-METEO AND SPATIALLY WEIGHTED OVER THE TEHRI CATCHMENT.
2024-06-15 16:00:00+00:00,0.0,0.0,0.0,ERA5-LAND HOURLY PRECIPITATION SAMPLED AT NEAREST MODEL-GRID LOCATIONS VIA OPEN-METEO AND SPATIALLY WEIGHTED OVER THE TEHRI CATCHMENT.
2024-06-15 17:00:00+00:00,0.0,0.0,0.0,ERA5-LAND HOURLY PRECIPITATION SAMPLED AT NEAREST MODEL-GRID LOCATIONS VIA OPEN-METEO AND SPATIALLY WEIGHTED OVER THE TEHRI CATCHMENT.
2024-06-15 18:00:00+00:00,0.0,0.0,0.0,ERA5-LAND HOURLY PRECIPITATION SAMPLED AT NEAREST MODEL-GRID LOCATIONS VIA OPEN-METEO AND SPATIALLY WEIGHTED OVER THE TEHRI CATCHMENT.
2024-06-15 19:00:00+00:00,0.0,0.0,0.0,ERA5-LAND HOURLY PRECIPITATION SAMPLED AT NEAREST MODEL-GRID LOCATIONS VIA OPEN-METEO AND SPATIALLY WEIGHTED OVER THE TEHRI CATCHMENT.
2024-06-15 20:00:00+00:00,0.0,0.0,0.0,ERA5-LAND HOURLY PRECIPITATION SAMPLED AT NEAREST MODEL-GRID LOCATIONS VIA OPEN-METEO AND SPATIALLY WEIGHTED OVER THE TEHRI CATCHMENT.
2024-06-15 21:00:00+00:00,0.0,0.0,0.0,ERA5-LAND HOURLY PRECIPITATION SAMPLED AT NEAREST MODEL-GRID LOCATIONS VIA OPEN-METEO AND SPATIALLY WEIGHTED OVER THE TEHRI CATCHMENT.
2024-06-15 22:00:00+00:00,0.0,0.0,0.0,ERA5-LAND HOURLY PRECIPITATION SAMPLED AT NEAREST MODEL-GRID LOCATIONS VIA OPEN-METEO AND SPATIALLY WEIGHTED OVER THE TEHRI CATCHMENT.
2024-06-15 23:00:00+00:00,0.0,0.0,0.0,ERA5-LAND HOURLY PRECIPITATION SAMPLED AT NEAREST MODEL-GRID LOCATIONS VIA OPEN-METEO AND SPATIALLY WEIGHTED OVER THE TEHRI CATCHMENT.
2024-06-16 00:00:00+00:00,0.0,0.0,0.0,ERA5-LAND HOURLY PRECIPITATION SAMPLED AT NEAREST MODEL-GRID LOCATIONS VIA OPEN-METEO AND SPATIALLY WEIGHTED OVER THE TEHRI CATCHMENT.
2024-06-16 01:00:00+00:00,0.0,0.0,0.0,ERA5-LAND HOURLY PRECIPITATION SAMPLED AT NEAREST MODEL-GRID LOCATIONS VIA OPEN-METEO AND SPATIALLY WEIGHTED OVER THE TEHRI CATCHMENT.
2024-06-16 02:00:00+00:00,0.0,0.0,0.0,ERA5-LAND HOURLY PRECIPITATION SAMPLED AT NEAREST MODEL-GRID LOCATIONS VIA OPEN-METEO AND SPATIALLY WEIGHTED OVER THE TEHRI CATCHMENT.
2024-06-16 03:00:00+00:00,0.0,0.0,0.0,ERA5-LAND HOURLY PRECIPITATION SAMPLED AT NEAREST MODEL-GRID LOCATIONS VIA OPEN-METEO AND SPATIALLY WEIGHTED OVER THE TEHRI CATCHMENT.
2024-06-16 04:00:00+00:00,0.0,0.0,0.0,ERA5-LAND HOURLY PRECIPITATION SAMPLED AT NEAREST MODEL-GRID LOCATIONS VIA OPEN-METEO AND SPATIALLY WEIGHTED OVER THE TEHRI CATCHMENT.
2024-06-16 05:00:00+00:00,0.0,0.005,0.0,ERA5-LAND HOURLY PRECIPITATION SAMPLED AT NEAREST MODEL-GRID LOCATIONS VIA OPEN-METEO AND SPATIALLY WEIGHTED OVER THE TEHRI CATCHMENT.
2024-06-16 06:00:00+00:00,0.004,0.027,0.003,ERA5-LAND HOURLY PRECIPITATION SAMPLED AT NEAREST MODEL-GRID LOCATIONS VIA OPEN-METEO AND SPATIALLY WEIGHTED OVER THE TEHRI CATCHMENT.
2024-06-16 07:00:00+00:00,0.043,0.034,0.004,ERA5-LAND HOURLY PRECIPITATION SAMPLED AT NEAREST MODEL-GRID LOCATIONS VIA OPEN-METEO AND SPATIALLY WEIGHTED OVER THE TEHRI CATCHMENT.
2024-06-16 08:00:00+00:00,0.073,0.067,0.007,ERA5-LAND HOURLY PRECIPITATION SAMPLED AT NEAREST MODEL-GRID LOCATIONS VIA OPEN-METEO AND SPATIALLY WEIGHTED OVER THE TEHRI CATCHMENT.
2024-06-16 09:00:00+00:00,0.068,0.094,0.013,ERA5-LAND HOURLY PRECIPITATION SAMPLED AT NEAREST MODEL-GRID LOCATIONS VIA OPEN-METEO AND SPATIALLY WEIGHTED OVER THE TEHRI CATCHMENT.
2024-06-16 10:00:00+00:00,0.064,0.09,0.007,ERA5-LAND HOURLY PRECIPITATION SAMPLED AT NEAREST MODEL-GRID LOCATIONS VIA OPEN-METEO AND SPATIALLY WEIGHTED OVER THE TEHRI CATCHMENT.
2024-06-16 11:00:00+00:00,0.049,0.076,0.003,ERA5-LAND HOURLY PRECIPITATION SAMPLED AT NEAREST MODEL-GRID LOCATIONS VIA OPEN-METEO AND SPATIALLY WEIGHTED OVER THE TEHRI CATCHMENT.
2024-06-16 12:00:00+00:00,0.053,0.088,0.004,ERA5-LAND HOURLY PRECIPITATION SAMPLED AT NEAREST MODEL-GRID LOCATIONS VIA OPEN-METEO AND SPATIALLY WEIGHTED OVER THE TEHRI CATCHMENT.
2024-06-16 13:00:00+00:00,0.006,0.061,0.006,ERA5-LAND HOURLY PRECIPITATION SAMPLED AT NEAREST MODEL-GRID LOCATIONS VIA OPEN-METEO AND SPATIALLY WEIGHTED OVER THE TEHRI CATCHMENT.
2024-06-16 14:00:00+00:00,0.001,0.025,0.002,ERA5-LAND HOURLY PRECIPITATION SAMPLED AT NEAREST MODEL-GRID LOCATIONS VIA OPEN-METEO AND SPATIALLY WEIGHTED OVER THE TEHRI CATCHMENT.
2024-06-16 15:00:00+00:00,0.0,0.0,0.0,ERA5-LAND HOURLY PRECIPITATION SAMPLED AT NEAREST MODEL-GRID LOCATIONS VIA OPEN-METEO AND SPATIALLY WEIGHTED OVER THE TEHRI CATCHMENT.
2024-06-16 16:00:00+00:00,0.0,0.0,0.0,ERA5-LAND HOURLY PRECIPITATION SAMPLED AT NEAREST MODEL-GRID LOCATIONS VIA OPEN-METEO AND SPATIALLY WEIGHTED OVER THE TEHRI CATCHMENT.
2024-06-16 17:00:00+00:00,0.0,0.0,0.0,ERA5-LAND HOURLY PRECIPITATION SAMPLED AT NEAREST MODEL-GRID LOCATIONS VIA OPEN-METEO AND SPATIALLY WEIGHTED OVER THE TEHRI CATCHMENT.
2024-06-16 18:00:00+00:00,0.0,0.0,0.0,ERA5-LAND HOURLY PRECIPITATION SAMPLED AT NEAREST MODEL-GRID LOCATIONS VIA OPEN-METEO AND SPATIALLY WEIGHTED OVER THE TEHRI CATCHMENT.
2024-06-16 19:00:00+00:00,0.0,0.0,0.0,ERA5-LAND HOURLY PRECIPITATION SAMPLED AT NEAREST MODEL-GRID LOCATIONS VIA OPEN-METEO AND SPATIALLY WEIGHTED OVER THE TEHRI CATCHMENT.
2024-06-16 20:00:00+00:00,0.0,0.0,0.0,ERA5-LAND HOURLY PRECIPITATION SAMPLED AT NEAREST MODEL-GRID LOCATIONS VIA OPEN-METEO AND SPATIALLY WEIGHTED OVER THE TEHRI CATCHMENT.
2024-06-16 21:00:00+00:00,0.0,0.0,0.0,ERA5-LAND HOURLY PRECIPITATION SAMPLED AT NEAREST MODEL-GRID LOCATIONS VIA OPEN-METEO AND SPATIALLY WEIGHTED OVER THE TEHRI CATCHMENT.
2024-06-16 22:00:00+00:00,0.0,0.0,0.0,ERA5-LAND HOURLY PRECIPITATION SAMPLED AT NEAREST MODEL-GRID LOCATIONS VIA OPEN-METEO AND SPATIALLY WEIGHTED OVER THE TEHRI CATCHMENT.
2024-06-16 23:00:00+00:00,0.0,0.0,0.0,ERA5-LAND HOURLY PRECIPITATION SAMPLED AT NEAREST MODEL-GRID LOCATIONS VIA OPEN-METEO AND SPATIALLY WEIGHTED OVER THE TEHRI CATCHMENT.
2024-06-17 00:00:00+00:00,0.0,0.0,0.0,ERA5-LAND HOURLY PRECIPITATION SAMPLED AT NEAREST MODEL-GRID LOCATIONS VIA OPEN-METEO AND SPATIALLY WEIGHTED OVER THE TEHRI CATCHMENT.
2024-06-17 01:00:00+00:00,0.0,0.0,0.0,ERA5-LAND HOURLY PRECIPITATION SAMPLED AT NEAREST MODEL-GRID LOCATIONS VIA OPEN-METEO AND SPATIALLY WEIGHTED OVER THE TEHRI CATCHMENT.
2024-06-17 02:00:00+00:00,0.0,0.0,0.0,ERA5-LAND HOURLY PRECIPITATION SAMPLED AT NEAREST MODEL-GRID LOCATIONS VIA OPEN-METEO AND SPATIALLY WEIGHTED OVER THE TEHRI CATCHMENT.
2024-06-17 03:00:00+00:00,0.0,0.0,0.0,ERA5-LAND HOURLY PRECIPITATION SAMPLED AT NEAREST MODEL-GRID LOCATIONS VIA OPEN-METEO AND SPATIALLY WEIGHTED OVER THE TEHRI CATCHMENT.
2024-06-17 04:00:00+00:00,0.0,0.005,0.0,ERA5-LAND HOURLY PRECIPITATION SAMPLED AT NEAREST MODEL-GRID LOCATIONS VIA OPEN-METEO AND SPATIALLY WEIGHTED OVER THE TEHRI CATCHMENT.
2024-06-17 05:00:00+00:00,0.0,0.006,0.0,ERA5-LAND HOURLY PRECIPITATION SAMPLED AT NEAREST MODEL-GRID LOCATIONS VIA OPEN-METEO AND SPATIALLY WEIGHTED OVER THE TEHRI CATCHMENT.
2024-06-17 06:00:00+00:00,0.027,0.011,0.003,ERA5-LAND HOURLY PRECIPITATION SAMPLED AT NEAREST MODEL-GRID LOCATIONS VIA OPEN-METEO AND SPATIALLY WEIGHTED OVER THE TEHRI CATCHMENT.
2024-06-17 07:00:00+00:00,0.054,0.044,0.008,ERA5-LAND HOURLY PRECIPITATION SAMPLED AT NEAREST MODEL-GRID LOCATIONS VIA OPEN-METEO AND SPATIALLY WEIGHTED OVER THE TEHRI CATCHMENT.
2024-06-17 08:00:00+00:00,0.071,0.076,0.011,ERA5-LAND HOURLY PRECIPITATION SAMPLED AT NEAREST MODEL-GRID LOCATIONS VIA OPEN-METEO AND SPATIALLY WEIGHTED OVER THE TEHRI CATCHMENT.
2024-06-17 09:00:00+00:00,0.054,0.076,0.016,ERA5-LAND HOURLY PRECIPITATION SAMPLED AT NEAREST MODEL-GRID LOCATIONS VIA OPEN-METEO AND SPATIALLY WEIGHTED OVER THE TEHRI CATCHMENT.
2024-06-17 10:00:00+00:00,0.033,0.066,0.011,ERA5-LAND HOURLY PRECIPITATION SAMPLED AT NEAREST MODEL-GRID LOCATIONS VIA OPEN-METEO AND SPATIALLY WEIGHTED OVER THE TEHRI CATCHMENT.
2024-06-17 11:00:00+00:00,0.026,0.066,0.006,ERA5-LAND HOURLY PRECIPITATION SAMPLED AT NEAREST MODEL-GRID LOCATIONS VIA OPEN-METEO AND SPATIALLY WEIGHTED OVER THE TEHRI CATCHMENT.
2024-06-17 12:00:00+00:00,0.016,0.059,0.003,ERA5-LAND HOURLY PRECIPITATION SAMPLED AT NEAREST MODEL-GRID LOCATIONS VIA OPEN-METEO AND SPATIALLY WEIGHTED OVER THE TEHRI CATCHMENT.
2024-06-17 13:00:00+00:00,0.003,0.034,0.003,ERA5-LAND HOURLY PRECIPITATION SAMPLED AT NEAREST MODEL-GRID LOCATIONS VIA OPEN-METEO AND SPATIALLY WEIGHTED OVER THE TEHRI CATCHMENT.
2024-06-17 14:00:00+00:00,0.0,0.005,0.0,ERA5-LAND HOURLY PRECIPITATION SAMPLED AT NEAREST MODEL-GRID LOCATIONS VIA OPEN-METEO AND SPATIALLY WEIGHTED OVER THE TEHRI CATCHMENT.
2024-06-17 15:00:00+00:00,0.0,0.0,0.0,ERA5-LAND HOURLY PRECIPITATION SAMPLED AT NEAREST MODEL-GRID LOCATIONS VIA OPEN-METEO AND SPATIALLY WEIGHTED OVER THE TEHRI CATCHMENT.
2024-06-17 16:00:00+00:00,0.0,0.0,0.0,ERA5-LAND HOURLY PRECIPITATION SAMPLED AT NEAREST MODEL-GRID LOCATIONS VIA OPEN-METEO AND SPATIALLY WEIGHTED OVER THE TEHRI CATCHMENT.
2024-06-17 17:00:00+00:00,0.0,0.0,0.0,ERA5-LAND HOURLY PRECIPITATION SAMPLED AT NEAREST MODEL-GRID LOCATIONS VIA OPEN-METEO AND SPATIALLY WEIGHTED OVER THE TEHRI CATCHMENT.
2024-06-17 18:00:00+00:00,0.001,0.004,0.001,ERA5-LAND HOURLY PRECIPITATION SAMPLED AT NEAREST MODEL-GRID LOCATIONS VIA OPEN-METEO AND SPATIALLY WEIGHTED OVER THE TEHRI CATCHMENT.
2024-06-17 19:00:00+00:00,0.001,0.004,0.001,ERA5-LAND HOURLY PRECIPITATION SAMPLED AT NEAREST MODEL-GRID LOCATIONS VIA OPEN-METEO AND SPATIALLY WEIGHTED OVER THE TEHRI CATCHMENT.
2024-06-17 20:00:00+00:00,0.0,0.0,0.0,ERA5-LAND HOURLY PRECIPITATION SAMPLED AT NEAREST MODEL-GRID LOCATIONS VIA OPEN-METEO AND SPATIALLY WEIGHTED OVER THE TEHRI CATCHMENT.
2024-06-17 21:00:00+00:00,0.0,0.0,0.0,ERA5-LAND HOURLY PRECIPITATION SAMPLED AT NEAREST MODEL-GRID LOCATIONS VIA OPEN-METEO AND SPATIALLY WEIGHTED OVER THE TEHRI CATCHMENT.
2024-06-17 22:00:00+00:00,0.0,0.0,0.0,ERA5-LAND HOURLY PRECIPITATION SAMPLED AT NEAREST MODEL-GRID LOCATIONS VIA OPEN-METEO AND SPATIALLY WEIGHTED OVER THE TEHRI CATCHMENT.
2024-06-17 23:00:00+00:00,0.0,0.0,0.0,ERA5-LAND HOURLY PRECIPITATION SAMPLED AT NEAREST MODEL-GRID LOCATIONS VIA OPEN-METEO AND SPATIALLY WEIGHTED OVER THE TEHRI CATCHMENT.
2024-06-18 00:00:00+00:00,0.0,0.0,0.0,ERA5-LAND HOURLY PRECIPITATION SAMPLED AT NEAREST MODEL-GRID LOCATIONS VIA OPEN-METEO AND SPATIALLY WEIGHTED OVER THE TEHRI CATCHMENT.
2024-06-18 01:00:00+00:00,0.0,0.0,0.0,ERA5-LAND HOURLY PRECIPITATION SAMPLED AT NEAREST MODEL-GRID LOCATIONS VIA OPEN-METEO AND SPATIALLY WEIGHTED OVER THE TEHRI CATCHMENT.
2024-06-18 02:00:00+00:00,0.0,0.0,0.0,ERA5-LAND HOURLY PRECIPITATION SAMPLED AT NEAREST MODEL-GRID LOCATIONS VIA OPEN-METEO AND SPATIALLY WEIGHTED OVER THE TEHRI CATCHMENT.
2024-06-18 03:00:00+00:00,0.0,0.0,0.0,ERA5-LAND HOURLY PRECIPITATION SAMPLED AT NEAREST MODEL-GRID LOCATIONS VIA OPEN-METEO AND SPATIALLY WEIGHTED OVER THE TEHRI CATCHMENT.
2024-06-18 04:00:00+00:00,0.001,0.002,0.0,ERA5-LAND HOURLY PRECIPITATION SAMPLED AT NEAREST MODEL-GRID LOCATIONS VIA OPEN-METEO AND SPATIALLY WEIGHTED OVER THE TEHRI CATCHMENT.
2024-06-18 05:00:00+00:00,0.019,0.058,0.002,ERA5-LAND HOURLY PRECIPITATION SAMPLED AT NEAREST MODEL-GRID LOCATIONS VIA OPEN-METEO AND SPATIALLY WEIGHTED OVER THE TEHRI CATCHMENT.
2024-06-18 06:00:00+00:00,0.086,0.14,0.032,ERA5-LAND HOURLY PRECIPITATION SAMPLED AT NEAREST MODEL-GRID LOCATIONS VIA OPEN-METEO AND SPATIALLY WEIGHTED OVER THE TEHRI CATCHMENT.
2024-06-18 07:00:00+00:00,0.106,0.109,0.02,ERA5-LAND HOURLY PRECIPITATION SAMPLED AT NEAREST MODEL-GRID LOCATIONS VIA OPEN-METEO AND SPATIALLY WEIGHTED OVER THE TEHRI CATCHMENT.
2024-06-18 08:00:00+00:00,0.156,0.078,0.015,ERA5-LAND HOURLY PRECIPITATION SAMPLED AT NEAREST MODEL-GRID LOCATIONS VIA OPEN-METEO AND SPATIALLY WEIGHTED OVER THE TEHRI CATCHMENT.
2024-06-18 09:00:00+00:00,0.111,0.09,0.021,ERA5-LAND HOURLY PRECIPITATION SAMPLED AT NEAREST MODEL-GRID LOCATIONS VIA OPEN-METEO AND SPATIALLY WEIGHTED OVER THE TEHRI CATCHMENT.
2024-06-18 10:00:00+00:00,0.154,0.151,0.039,ERA5-LAND HOURLY PRECIPITATION SAMPLED AT NEAREST MODEL-GRID LOCATIONS VIA OPEN-METEO AND SPATIALLY WEIGHTED OVER THE TEHRI CATCHMENT.
2024-06-18 11:00:00+00:00,0.075,0.083,0.009,ERA5-LAND HOURLY PRECIPITATION SAMPLED AT NEAREST MODEL-GRID LOCATIONS VIA OPEN-METEO AND SPATIALLY WEIGHTED OVER THE TEHRI CATCHMENT.
2024-06-18 12:00:00+00:00,0.038,0.049,0.006,ERA5-LAND HOURLY PRECIPITATION SAMPLED AT NEAREST MODEL-GRID LOCATIONS VIA OPEN-METEO AND SPATIALLY WEIGHTED OVER THE TEHRI CATCHMENT.
2024-06-18 13:00:00+00:00,0.004,0.023,0.002,ERA5-LAND HOURLY PRECIPITATION SAMPLED AT NEAREST MODEL-GRID LOCATIONS VIA OPEN-METEO AND SPATIALLY WEIGHTED OVER THE TEHRI CATCHMENT.
2024-06-18 14:00:00+00:00,0.001,0.018,0.001,ERA5-LAND HOURLY PRECIPITATION SAMPLED AT NEAREST MODEL-GRID LOCATIONS VIA OPEN-METEO AND SPATIALLY WEIGHTED OVER THE TEHRI CATCHMENT.
2024-06-18 15:00:00+00:00,0.0,0.005,0.0,ERA5-LAND HOURLY PRECIPITATION SAMPLED AT NEAREST MODEL-GRID LOCATIONS VIA OPEN-METEO AND SPATIALLY WEIGHTED OVER THE TEHRI CATCHMENT.
2024-06-18 16:00:00+00:00,0.0,0.0,0.0,ERA5-LAND HOURLY PRECIPITATION SAMPLED AT NEAREST MODEL-GRID LOCATIONS VIA OPEN-METEO AND SPATIALLY WEIGHTED OVER THE TEHRI CATCHMENT.
2024-06-18 17:00:00+00:00,0.0,0.0,0.0,ERA5-LAND HOURLY PRECIPITATION SAMPLED AT NEAREST MODEL-GRID LOCATIONS VIA OPEN-METEO AND SPATIALLY WEIGHTED OVER THE TEHRI CATCHMENT.
2024-06-18 18:00:00+00:00,0.0,0.002,0.001,ERA5-LAND HOURLY PRECIPITATION SAMPLED AT NEAREST MODEL-GRID LOCATIONS VIA OPEN-METEO AND SPATIALLY WEIGHTED OVER THE TEHRI CATCHMENT.
2024-06-18 19:00:00+00:00,0.001,0.006,0.002,ERA5-LAND HOURLY PRECIPITATION SAMPLED AT NEAREST MODEL-GRID LOCATIONS VIA OPEN-METEO AND SPATIALLY WEIGHTED OVER THE TEHRI CATCHMENT.
2024-06-18 20:00:00+00:00,0.001,0.004,0.001,ERA5-LAND HOURLY PRECIPITATION SAMPLED AT NEAREST MODEL-GRID LOCATIONS VIA OPEN-METEO AND SPATIALLY WEIGHTED OVER THE TEHRI CATCHMENT.
2024-06-18 21:00:00+00:00,0.0,0.002,0.001,ERA5-LAND HOURLY PRECIPITATION SAMPLED AT NEAREST MODEL-GRID LOCATIONS VIA OPEN-METEO AND SPATIALLY WEIGHTED OVER THE TEHRI CATCHMENT.
2024-06-18 22:00:00+00:00,0.0,0.0,0.0,ERA5-LAND HOURLY PRECIPITATION SAMPLED AT NEAREST MODEL-GRID LOCATIONS VIA OPEN-METEO AND SPATIALLY WEIGHTED OVER THE TEHRI CATCHMENT.
2024-06-18 23:00:00+00:00,0.0,0.002,0.001,ERA5-LAND HOURLY PRECIPITATION SAMPLED AT NEAREST MODEL-GRID LOCATIONS VIA OPEN-METEO AND SPATIALLY WEIGHTED OVER THE TEHRI CATCHMENT.
2024-06-19 00:00:00+00:00,0.0,0.0,0.0,ERA5-LAND HOURLY PRECIPITATION SAMPLED AT NEAREST MODEL-GRID LOCATIONS VIA OPEN-METEO AND SPATIALLY WEIGHTED OVER THE TEHRI CATCHMENT.
2024-06-19 01:00:00+00:00,0.01,0.004,0.0,ERA5-LAND HOURLY PRECIPITATION SAMPLED AT NEAREST MODEL-GRID LOCATIONS VIA OPEN-METEO AND SPATIALLY WEIGHTED OVER THE TEHRI CATCHMENT.
2024-06-19 02:00:00+00:00,0.002,0.017,0.0,ERA5-LAND HOURLY PRECIPITATION SAMPLED AT NEAREST MODEL-GRID LOCATIONS VIA OPEN-METEO AND SPATIALLY WEIGHTED OVER THE TEHRI CATCHMENT.
2024-06-19 03:00:00+00:00,0.003,0.07,0.0,ERA5-LAND HOURLY PRECIPITATION SAMPLED AT NEAREST MODEL-GRID LOCATIONS VIA OPEN-METEO AND SPATIALLY WEIGHTED OVER THE TEHRI CATCHMENT.
2024-06-19 04:00:00+00:00,0.057,0.07,0.002,ERA5-LAND HOURLY PRECIPITATION SAMPLED AT NEAREST MODEL-GRID LOCATIONS VIA OPEN-METEO AND SPATIALLY WEIGHTED OVER THE TEHRI CATCHMENT.
2024-06-19 05:00:00+00:00,0.073,0.084,0.004,ERA5-LAND HOURLY PRECIPITATION SAMPLED AT NEAREST MODEL-GRID LOCATIONS VIA OPEN-METEO AND SPATIALLY WEIGHTED OVER THE TEHRI CATCHMENT.
2024-06-19 06:00:00+00:00,0.051,0.083,0.003,ERA5-LAND HOURLY PRECIPITATION SAMPLED AT NEAREST MODEL-GRID LOCATIONS VIA OPEN-METEO AND SPATIALLY WEIGHTED OVER THE TEHRI CATCHMENT.
2024-06-19 07:00:00+00:00,0.09,0.067,0.005,ERA5-LAND HOURLY PRECIPITATION SAMPLED AT NEAREST MODEL-GRID LOCATIONS VIA OPEN-METEO AND SPATIALLY WEIGHTED OVER THE TEHRI CATCHMENT.
2024-06-19 08:00:00+00:00,0.104,0.334,0.013,ERA5-LAND HOURLY PRECIPITATION SAMPLED AT NEAREST MODEL-GRID LOCATIONS VIA OPEN-METEO AND SPATIALLY WEIGHTED OVER THE TEHRI CATCHMENT.
2024-06-19 09:00:00+00:00,0.163,0.207,0.017,ERA5-LAND HOURLY PRECIPITATION SAMPLED AT NEAREST MODEL-GRID LOCATIONS VIA OPEN-METEO AND SPATIALLY WEIGHTED OVER THE TEHRI CATCHMENT.
2024-06-19 10:00:00+00:00,0.197,0.311,0.017,ERA5-LAND HOURLY PRECIPITATION SAMPLED AT NEAREST MODEL-GRID LOCATIONS VIA OPEN-METEO AND SPATIALLY WEIGHTED OVER THE TEHRI CATCHMENT.
2024-06-19 11:00:00+00:00,0.104,0.057,0.009,ERA5-LAND HOURLY PRECIPITATION SAMPLED AT NEAREST MODEL-GRID LOCATIONS VIA OPEN-METEO AND SPATIALLY WEIGHTED OVER THE TEHRI CATCHMENT.
2024-06-19 12:00:00+00:00,0.056,0.072,0.017,ERA5-LAND HOURLY PRECIPITATION SAMPLED AT NEAREST MODEL-GRID LOCATIONS VIA OPEN-METEO AND SPATIALLY WEIGHTED OVER THE TEHRI CATCHMENT.
2024-06-19 13:00:00+00:00,0.011,0.009,0.056,ERA5-LAND HOURLY PRECIPITATION SAMPLED AT NEAREST MODEL-GRID LOCATIONS VIA OPEN-METEO AND SPATIALLY WEIGHTED OVER THE TEHRI CATCHMENT.
2024-06-19 14:00:00+00:00,0.012,0.002,0.019,ERA5-LAND HOURLY PRECIPITATION SAMPLED AT NEAREST MODEL-GRID LOCATIONS VIA OPEN-METEO AND SPATIALLY WEIGHTED OVER THE TEHRI CATCHMENT.
2024-06-19 15:00:00+00:00,0.003,0.0,0.0,ERA5-LAND HOURLY PRECIPITATION SAMPLED AT NEAREST MODEL-GRID LOCATIONS VIA OPEN-METEO AND SPATIALLY WEIGHTED OVER THE TEHRI CATCHMENT.
2024-06-19 16:00:00+00:00,0.005,0.011,0.003,ERA5-LAND HOURLY PRECIPITATION SAMPLED AT NEAREST MODEL-GRID LOCATIONS VIA OPEN-METEO AND SPATIALLY WEIGHTED OVER THE TEHRI CATCHMENT.
2024-06-19 17:00:00+00:00,0.01,0.017,0.006,ERA5-LAND HOURLY PRECIPITATION SAMPLED AT NEAREST MODEL-GRID LOCATIONS VIA OPEN-METEO AND SPATIALLY WEIGHTED OVER THE TEHRI CATCHMENT.
2024-06-19 18:00:00+00:00,0.01,0.009,0.003,ERA5-LAND HOURLY PRECIPITATION SAMPLED AT NEAREST MODEL-GRID LOCATIONS VIA OPEN-METEO AND SPATIALLY WEIGHTED OVER THE TEHRI CATCHMENT.
2024-06-19 19:00:00+00:00,0.011,0.011,0.003,ERA5-LAND HOURLY PRECIPITATION SAMPLED AT NEAREST MODEL-GRID LOCATIONS VIA OPEN-METEO AND SPATIALLY WEIGHTED OVER THE TEHRI CATCHMENT.
2024-06-19 20:00:00+00:00,0.024,0.002,0.001,ERA5-LAND HOURLY PRECIPITATION SAMPLED AT NEAREST MODEL-GRID LOCATIONS VIA OPEN-METEO AND SPATIALLY WEIGHTED OVER THE TEHRI CATCHMENT.
2024-06-19 21:00:00+00:00,0.0,0.0,0.0,ERA5-LAND HOURLY PRECIPITATION SAMPLED AT NEAREST MODEL-GRID LOCATIONS VIA OPEN-METEO AND SPATIALLY WEIGHTED OVER THE TEHRI CATCHMENT.
2024-06-19 22:00:00+00:00,0.003,0.0,0.0,ERA5-LAND HOURLY PRECIPITATION SAMPLED AT NEAREST MODEL-GRID LOCATIONS VIA OPEN-METEO AND SPATIALLY WEIGHTED OVER THE TEHRI CATCHMENT.
2024-06-19 23:00:00+00:00,0.009,0.0,0.0,ERA5-LAND HOURLY PRECIPITATION SAMPLED AT NEAREST MODEL-GRID LOCATIONS VIA OPEN-METEO AND SPATIALLY WEIGHTED OVER THE TEHRI CATCHMENT.
2024-06-20 00:00:00+00:00,0.007,0.0,0.0,ERA5-LAND HOURLY PRECIPITATION SAMPLED AT NEAREST MODEL-GRID LOCATIONS VIA OPEN-METEO AND SPATIALLY WEIGHTED OVER THE TEHRI CATCHMENT.
2024-06-20 01:00:00+00:00,0.0,0.0,0.0,ERA5-LAND HOURLY PRECIPITATION SAMPLED AT NEAREST MODEL-GRID LOCATIONS VIA OPEN-METEO AND SPATIALLY WEIGHTED OVER THE TEHRI CATCHMENT.
2024-06-20 02:00:00+00:00,0.0,0.0,0.0,ERA5-LAND HOURLY PRECIPITATION SAMPLED AT NEAREST MODEL-GRID LOCATIONS VIA OPEN-METEO AND SPATIALLY WEIGHTED OVER THE TEHRI CATCHMENT.
2024-06-20 03:00:00+00:00,0.003,0.019,0.001,ERA5-LAND HOURLY PRECIPITATION SAMPLED AT NEAREST MODEL-GRID LOCATIONS VIA OPEN-METEO AND SPATIALLY WEIGHTED OVER THE TEHRI CATCHMENT.
2024-06-20 04:00:00+00:00,0.009,0.031,0.023,ERA5-LAND HOURLY PRECIPITATION SAMPLED AT NEAREST MODEL-GRID LOCATIONS VIA OPEN-METEO AND SPATIALLY WEIGHTED OVER THE TEHRI CATCHMENT.
2024-06-20 05:00:00+00:00,0.064,0.116,0.031,ERA5-LAND HOURLY PRECIPITATION SAMPLED AT NEAREST MODEL-GRID LOCATIONS VIA OPEN-METEO AND SPATIALLY WEIGHTED OVER THE TEHRI CATCHMENT.
2024-06-20 06:00:00+00:00,0.077,0.361,0.009,ERA5-LAND HOURLY PRECIPITATION SAMPLED AT NEAREST MODEL-GRID LOCATIONS VIA OPEN-METEO AND SPATIALLY WEIGHTED OVER THE TEHRI CATCHMENT.
2024-06-20 07:00:00+00:00,0.229,0.218,0.05,ERA5-LAND HOURLY PRECIPITATION SAMPLED AT NEAREST MODEL-GRID LOCATIONS VIA OPEN-METEO AND SPATIALLY WEIGHTED OVER THE TEHRI CATCHMENT.
2024-06-20 08:00:00+00:00,0.304,0.379,0.04,ERA5-LAND HOURLY PRECIPITATION SAMPLED AT NEAREST MODEL-GRID LOCATIONS VIA OPEN-METEO AND SPATIALLY WEIGHTED OVER THE TEHRI CATCHMENT.
2024-06-20 09:00:00+00:00,0.246,0.101,0.035,ERA5-LAND HOURLY PRECIPITATION SAMPLED AT NEAREST MODEL-GRID LOCATIONS VIA OPEN-METEO AND SPATIALLY WEIGHTED OVER THE TEHRI CATCHMENT.
2024-06-20 10:00:00+00:00,0.194,0.11,0.019,ERA5-LAND HOURLY PRECIPITATION SAMPLED AT NEAREST MODEL-GRID LOCATIONS VIA OPEN-METEO AND SPATIALLY WEIGHTED OVER THE TEHRI CATCHMENT.
2024-06-20 11:00:00+00:00,0.143,0.228,0.078,ERA5-LAND HOURLY PRECIPITATION SAMPLED AT NEAREST MODEL-GRID LOCATIONS VIA OPEN-METEO AND SPATIALLY WEIGHTED OVER THE TEHRI CATCHMENT.
2024-06-20 12:00:00+00:00,0.062,0.059,0.096,ERA5-LAND HOURLY PRECIPITATION SAMPLED AT NEAREST MODEL-GRID LOCATIONS VIA OPEN-METEO AND SPATIALLY WEIGHTED OVER THE TEHRI CATCHMENT.
2024-06-20 13:00:00+00:00,0.001,0.0,0.0,ERA5-LAND HOURLY PRECIPITATION SAMPLED AT NEAREST MODEL-GRID LOCATIONS VIA OPEN-METEO AND SPATIALLY WEIGHTED OVER THE TEHRI CATCHMENT.
2024-06-20 14:00:00+00:00,0.0,0.0,0.0,ERA5-LAND HOURLY PRECIPITATION SAMPLED AT NEAREST MODEL-GRID LOCATIONS VIA OPEN-METEO AND SPATIALLY WEIGHTED OVER THE TEHRI CATCHMENT.
2024-06-20 15:00:00+00:00,0.0,0.0,0.0,ERA5-LAND HOURLY PRECIPITATION SAMPLED AT NEAREST MODEL-GRID LOCATIONS VIA OPEN-METEO AND SPATIALLY WEIGHTED OVER THE TEHRI CATCHMENT.
2024-06-20 16:00:00+00:00,0.003,0.0,0.0,ERA5-LAND HOURLY PRECIPITATION SAMPLED AT NEAREST MODEL-GRID LOCATIONS VIA OPEN-METEO AND SPATIALLY WEIGHTED OVER THE TEHRI CATCHMENT.
2024-06-20 17:00:00+00:00,0.012,0.0,0.0,ERA5-LAND HOURLY PRECIPITATION SAMPLED AT NEAREST MODEL-GRID LOCATIONS VIA OPEN-METEO AND SPATIALLY WEIGHTED OVER THE TEHRI CATCHMENT.
2024-06-20 18:00:00+00:00,0.007,0.0,0.0,ERA5-LAND HOURLY PRECIPITATION SAMPLED AT NEAREST MODEL-GRID LOCATIONS VIA OPEN-METEO AND SPATIALLY WEIGHTED OVER THE TEHRI CATCHMENT.
2024-06-20 19:00:00+00:00,0.007,0.002,0.0,ERA5-LAND HOURLY PRECIPITATION SAMPLED AT NEAREST MODEL-GRID LOCATIONS VIA OPEN-METEO AND SPATIALLY WEIGHTED OVER THE TEHRI CATCHMENT.
2024-06-20 20:00:00+00:00,0.011,0.008,0.0,ERA5-LAND HOURLY PRECIPITATION SAMPLED AT NEAREST MODEL-GRID LOCATIONS VIA OPEN-METEO AND SPATIALLY WEIGHTED OVER THE TEHRI CATCHMENT.
2024-06-20 21:00:00+00:00,0.01,0.065,0.001,ERA5-LAND HOURLY PRECIPITATION SAMPLED AT NEAREST MODEL-GRID LOCATIONS VIA OPEN-METEO AND SPATIALLY WEIGHTED OVER THE TEHRI CATCHMENT.
2024-06-20 22:00:00+00:00,0.005,0.031,0.0,ERA5-LAND HOURLY PRECIPITATION SAMPLED AT NEAREST MODEL-GRID LOCATIONS VIA OPEN-METEO AND SPATIALLY WEIGHTED OVER THE TEHRI CATCHMENT.
2024-06-20 23:00:00+00:00,0.0,0.0,0.0,ERA5-LAND HOURLY PRECIPITATION SAMPLED AT NEAREST MODEL-GRID LOCATIONS VIA OPEN-METEO AND SPATIALLY WEIGHTED OVER THE TEHRI CATCHMENT.
2024-06-21 00:00:00+00:00,0.0,0.0,0.0,ERA5-LAND HOURLY PRECIPITATION SAMPLED AT NEAREST MODEL-GRID LOCATIONS VIA OPEN-METEO AND SPATIALLY WEIGHTED OVER THE TEHRI CATCHMENT.
2024-06-21 01:00:00+00:00,0.039,0.007,0.0,ERA5-LAND HOURLY PRECIPITATION SAMPLED AT NEAREST MODEL-GRID LOCATIONS VIA OPEN-METEO AND SPATIALLY WEIGHTED OVER THE TEHRI CATCHMENT.
2024-06-21 02:00:00+00:00,0.005,0.003,0.004,ERA5-LAND HOURLY PRECIPITATION SAMPLED AT NEAREST MODEL-GRID LOCATIONS VIA OPEN-METEO AND SPATIALLY WEIGHTED OVER THE TEHRI CATCHMENT.
2024-06-21 03:00:00+00:00,0.001,0.014,0.019,ERA5-LAND HOURLY PRECIPITATION SAMPLED AT NEAREST MODEL-GRID LOCATIONS VIA OPEN-METEO AND SPATIALLY WEIGHTED OVER THE TEHRI CATCHMENT.
2024-06-21 04:00:00+00:00,0.003,0.069,0.011,ERA5-LAND HOURLY PRECIPITATION SAMPLED AT NEAREST MODEL-GRID LOCATIONS VIA OPEN-METEO AND SPATIALLY WEIGHTED OVER THE TEHRI CATCHMENT.
2024-06-21 05:00:00+00:00,0.016,0.134,0.001,ERA5-LAND HOURLY PRECIPITATION SAMPLED AT NEAREST MODEL-GRID LOCATIONS VIA OPEN-METEO AND SPATIALLY WEIGHTED OVER THE TEHRI CATCHMENT.
2024-06-21 06:00:00+00:00,0.059,0.074,0.002,ERA5-LAND HOURLY PRECIPITATION SAMPLED AT NEAREST MODEL-GRID LOCATIONS VIA OPEN-METEO AND SPATIALLY WEIGHTED OVER THE TEHRI CATCHMENT.
2024-06-21 07:00:00+00:00,0.085,0.078,0.005,ERA5-LAND HOURLY PRECIPITATION SAMPLED AT NEAREST MODEL-GRID LOCATIONS VIA OPEN-METEO AND SPATIALLY WEIGHTED OVER THE TEHRI CATCHMENT.
2024-06-21 08:00:00+00:00,0.204,0.177,0.044,ERA5-LAND HOURLY PRECIPITATION SAMPLED AT NEAREST MODEL-GRID LOCATIONS VIA OPEN-METEO AND SPATIALLY WEIGHTED OVER THE TEHRI CATCHMENT.
2024-06-21 09:00:00+00:00,0.212,0.921,0.209,ERA5-LAND HOURLY PRECIPITATION SAMPLED AT NEAREST MODEL-GRID LOCATIONS VIA OPEN-METEO AND SPATIALLY WEIGHTED OVER THE TEHRI CATCHMENT.
2024-06-21 10:00:00+00:00,0.135,0.435,0.172,ERA5-LAND HOURLY PRECIPITATION SAMPLED AT NEAREST MODEL-GRID LOCATIONS VIA OPEN-METEO AND SPATIALLY WEIGHTED OVER THE TEHRI CATCHMENT.
2024-06-21 11:00:00+00:00,0.051,0.066,0.014,ERA5-LAND HOURLY PRECIPITATION SAMPLED AT NEAREST MODEL-GRID LOCATIONS VIA OPEN-METEO AND SPATIALLY WEIGHTED OVER THE TEHRI CATCHMENT.
2024-06-21 12:00:00+00:00,0.024,0.0,0.0,ERA5-LAND HOURLY PRECIPITATION SAMPLED AT NEAREST MODEL-GRID LOCATIONS VIA OPEN-METEO AND SPATIALLY WEIGHTED OVER THE TEHRI CATCHMENT.
2024-06-21 13:00:00+00:00,0.009,0.002,0.001,ERA5-LAND HOURLY PRECIPITATION SAMPLED AT NEAREST MODEL-GRID LOCATIONS VIA OPEN-METEO AND SPATIALLY WEIGHTED OVER THE TEHRI CATCHMENT.
2024-06-21 14:00:00+00:00,0.003,0.005,0.001,ERA5-LAND HOURLY PRECIPITATION SAMPLED AT NEAREST MODEL-GRID LOCATIONS VIA OPEN-METEO AND SPATIALLY WEIGHTED OVER THE TEHRI CATCHMENT.
2024-06-21 15:00:00+00:00,0.005,0.005,0.001,ERA5-LAND HOURLY PRECIPITATION SAMPLED AT NEAREST MODEL-GRID LOCATIONS VIA OPEN-METEO AND SPATIALLY WEIGHTED OVER THE TEHRI CATCHMENT.
2024-06-21 16:00:00+00:00,0.005,0.003,0.0,ERA5-LAND HOURLY PRECIPITATION SAMPLED AT NEAREST MODEL-GRID LOCATIONS VIA OPEN-METEO AND SPATIALLY WEIGHTED OVER THE TEHRI CATCHMENT.
2024-06-21 17:00:00+00:00,0.003,0.0,0.0,ERA5-LAND HOURLY PRECIPITATION SAMPLED AT NEAREST MODEL-GRID LOCATIONS VIA OPEN-METEO AND SPATIALLY WEIGHTED OVER THE TEHRI CATCHMENT.
2024-06-21 18:00:00+00:00,0.007,0.0,0.0,ERA5-LAND HOURLY PRECIPITATION SAMPLED AT NEAREST MODEL-GRID LOCATIONS VIA OPEN-METEO AND SPATIALLY WEIGHTED OVER THE TEHRI CATCHMENT.
2024-06-21 19:00:00+00:00,0.003,0.0,0.0,ERA5-LAND HOURLY PRECIPITATION SAMPLED AT NEAREST MODEL-GRID LOCATIONS VIA OPEN-METEO AND SPATIALLY WEIGHTED OVER THE TEHRI CATCHMENT.
2024-06-21 20:00:00+00:00,0.004,0.003,0.0,ERA5-LAND HOURLY PRECIPITATION SAMPLED AT NEAREST MODEL-GRID LOCATIONS VIA OPEN-METEO AND SPATIALLY WEIGHTED OVER THE TEHRI CATCHMENT.
2024-06-21 21:00:00+00:00,0.005,0.003,0.0,ERA5-LAND HOURLY PRECIPITATION SAMPLED AT NEAREST MODEL-GRID LOCATIONS VIA OPEN-METEO AND SPATIALLY WEIGHTED OVER THE TEHRI CATCHMENT.
2024-06-21 22:00:00+00:00,0.001,0.0,0.0,ERA5-LAND HOURLY PRECIPITATION SAMPLED AT NEAREST MODEL-GRID LOCATIONS VIA OPEN-METEO AND SPATIALLY WEIGHTED OVER THE TEHRI CATCHMENT.
2024-06-21 23:00:00+00:00,0.0,0.0,0.0,ERA5-LAND HOURLY PRECIPITATION SAMPLED AT NEAREST MODEL-GRID LOCATIONS VIA OPEN-METEO AND SPATIALLY WEIGHTED OVER THE TEHRI CATCHMENT.
2024-06-22 00:00:00+00:00,0.001,0.0,0.0,ERA5-LAND HOURLY PRECIPITATION SAMPLED AT NEAREST MODEL-GRID LOCATIONS VIA OPEN-METEO AND SPATIALLY WEIGHTED OVER THE TEHRI CATCHMENT.
2024-06-22 01:00:00+00:00,0.001,0.0,0.0,ERA5-LAND HOURLY PRECIPITATION SAMPLED AT NEAREST MODEL-GRID LOCATIONS VIA OPEN-METEO AND SPATIALLY WEIGHTED OVER THE TEHRI CATCHMENT.
2024-06-22 02:00:00+00:00,0.0,0.0,0.0,ERA5-LAND HOURLY PRECIPITATION SAMPLED AT NEAREST MODEL-GRID LOCATIONS VIA OPEN-METEO AND SPATIALLY WEIGHTED OVER THE TEHRI CATCHMENT.
2024-06-22 03:00:00+00:00,0.002,0.002,0.0,ERA5-LAND HOURLY PRECIPITATION SAMPLED AT NEAREST MODEL-GRID LOCATIONS VIA OPEN-METEO AND SPATIALLY WEIGHTED OVER THE TEHRI CATCHMENT.
2024-06-22 04:00:00+00:00,0.011,0.028,0.002,ERA5-LAND HOURLY PRECIPITATION SAMPLED AT NEAREST MODEL-GRID LOCATIONS VIA OPEN-METEO AND SPATIALLY WEIGHTED OVER THE TEHRI CATCHMENT.
2024-06-22 05:00:00+00:00,0.05,0.145,0.011,ERA5-LAND HOURLY PRECIPITATION SAMPLED AT NEAREST MODEL-GRID LOCATIONS VIA OPEN-METEO AND SPATIALLY WEIGHTED OVER THE TEHRI CATCHMENT.
2024-06-22 06:00:00+00:00,0.11,0.423,0.023,ERA5-LAND HOURLY PRECIPITATION SAMPLED AT NEAREST MODEL-GRID LOCATIONS VIA OPEN-METEO AND SPATIALLY WEIGHTED OVER THE TEHRI CATCHMENT.
2024-06-22 07:00:00+00:00,0.154,0.56,0.028,ERA5-LAND HOURLY PRECIPITATION SAMPLED AT NEAREST MODEL-GRID LOCATIONS VIA OPEN-METEO AND SPATIALLY WEIGHTED OVER THE TEHRI CATCHMENT.
2024-06-22 08:00:00+00:00,0.299,0.246,0.126,ERA5-LAND HOURLY PRECIPITATION SAMPLED AT NEAREST MODEL-GRID LOCATIONS VIA OPEN-METEO AND SPATIALLY WEIGHTED OVER THE TEHRI CATCHMENT.
2024-06-22 09:00:00+00:00,0.359,0.564,0.447,ERA5-LAND HOURLY PRECIPITATION SAMPLED AT NEAREST MODEL-GRID LOCATIONS VIA OPEN-METEO AND SPATIALLY WEIGHTED OVER THE TEHRI CATCHMENT.
2024-06-22 10:00:00+00:00,0.381,1.344,0.147,ERA5-LAND HOURLY PRECIPITATION SAMPLED AT NEAREST MODEL-GRID LOCATIONS VIA OPEN-METEO AND SPATIALLY WEIGHTED OVER THE TEHRI CATCHMENT.
2024-06-22 11:00:00+00:00,0.161,0.282,0.183,ERA5-LAND HOURLY PRECIPITATION SAMPLED AT NEAREST MODEL-GRID LOCATIONS VIA OPEN-METEO AND SPATIALLY WEIGHTED OVER THE TEHRI CATCHMENT.
2024-06-22 12:00:00+00:00,0.087,0.023,0.024,ERA5-LAND HOURLY PRECIPITATION SAMPLED AT NEAREST MODEL-GRID LOCATIONS VIA OPEN-METEO AND SPATIALLY WEIGHTED OVER THE TEHRI CATCHMENT.
2024-06-22 13:00:00+00:00,0.011,0.0,0.0,ERA5-LAND HOURLY PRECIPITATION SAMPLED AT NEAREST MODEL-GRID LOCATIONS VIA OPEN-METEO AND SPATIALLY WEIGHTED OVER THE TEHRI CATCHMENT.
2024-06-22 14:00:00+00:00,0.006,0.005,0.0,ERA5-LAND HOURLY PRECIPITATION SAMPLED AT NEAREST MODEL-GRID LOCATIONS VIA OPEN-METEO AND SPATIALLY WEIGHTED OVER THE TEHRI CATCHMENT.
2024-06-22 15:00:00+00:00,0.018,0.008,0.0,ERA5-LAND HOURLY PRECIPITATION SAMPLED AT NEAREST MODEL-GRID LOCATIONS VIA OPEN-METEO AND SPATIALLY WEIGHTED OVER THE TEHRI CATCHMENT.
2024-06-22 16:00:00+00:00,0.02,0.03,0.0,ERA5-LAND HOURLY PRECIPITATION SAMPLED AT NEAREST MODEL-GRID LOCATIONS VIA OPEN-METEO AND SPATIALLY WEIGHTED OVER THE TEHRI CATCHMENT.
2024-06-22 17:00:00+00:00,0.044,0.07,0.0,ERA5-LAND HOURLY PRECIPITATION SAMPLED AT NEAREST MODEL-GRID LOCATIONS VIA OPEN-METEO AND SPATIALLY WEIGHTED OVER THE TEHRI CATCHMENT.
2024-06-22 18:00:00+00:00,0.017,0.062,0.0,ERA5-LAND HOURLY PRECIPITATION SAMPLED AT NEAREST MODEL-GRID LOCATIONS VIA OPEN-METEO AND SPATIALLY WEIGHTED OVER THE TEHRI CATCHMENT.
2024-06-22 19:00:00+00:00,0.084,0.0,0.0,ERA5-LAND HOURLY PRECIPITATION SAMPLED AT NEAREST MODEL-GRID LOCATIONS VIA OPEN-METEO AND SPATIALLY WEIGHTED OVER THE TEHRI CATCHMENT.
2024-06-22 20:00:00+00:00,0.092,0.01,0.0,ERA5-LAND HOURLY PRECIPITATION SAMPLED AT NEAREST MODEL-GRID LOCATIONS VIA OPEN-METEO AND SPATIALLY WEIGHTED OVER THE TEHRI CATCHMENT.
2024-06-22 21:00:00+00:00,0.068,0.046,0.019,ERA5-LAND HOURLY PRECIPITATION SAMPLED AT NEAREST MODEL-GRID LOCATIONS VIA OPEN-METEO AND SPATIALLY WEIGHTED OVER THE TEHRI CATCHMENT.
2024-06-22 22:00:00+00:00,0.107,0.037,0.009,ERA5-LAND HOURLY PRECIPITATION SAMPLED AT NEAREST MODEL-GRID LOCATIONS VIA OPEN-METEO AND SPATIALLY WEIGHTED OVER THE TEHRI CATCHMENT.
2024-06-22 23:00:00+00:00,0.052,0.077,0.003,ERA5-LAND HOURLY PRECIPITATION SAMPLED AT NEAREST MODEL-GRID LOCATIONS VIA OPEN-METEO AND SPATIALLY WEIGHTED OVER THE TEHRI CATCHMENT.
2024-06-23 00:00:00+00:00,0.013,0.159,0.001,ERA5-LAND HOURLY PRECIPITATION SAMPLED AT NEAREST MODEL-GRID LOCATIONS VIA OPEN-METEO AND SPATIALLY WEIGHTED OVER THE TEHRI CATCHMENT.
2024-06-23 01:00:00+00:00,0.068,0.055,0.019,ERA5-LAND HOURLY PRECIPITATION SAMPLED AT NEAREST MODEL-GRID LOCATIONS VIA OPEN-METEO AND SPATIALLY WEIGHTED OVER THE TEHRI CATCHMENT.
2024-06-23 02:00:00+00:00,0.026,0.001,0.178,ERA5-LAND HOURLY PRECIPITATION SAMPLED AT NEAREST MODEL-GRID LOCATIONS VIA OPEN-METEO AND SPATIALLY WEIGHTED OVER THE TEHRI CATCHMENT.
2024-06-23 03:00:00+00:00,0.015,0.072,0.059,ERA5-LAND HOURLY PRECIPITATION SAMPLED AT NEAREST MODEL-GRID LOCATIONS VIA OPEN-METEO AND SPATIALLY WEIGHTED OVER THE TEHRI CATCHMENT.
2024-06-23 04:00:00+00:00,0.121,0.607,0.713,ERA5-LAND HOURLY PRECIPITATION SAMPLED AT NEAREST MODEL-GRID LOCATIONS VIA OPEN-METEO AND SPATIALLY WEIGHTED OVER THE TEHRI CATCHMENT.
2024-06-23 05:00:00+00:00,0.485,0.908,1.05,ERA5-LAND HOURLY PRECIPITATION SAMPLED AT NEAREST MODEL-GRID LOCATIONS VIA OPEN-METEO AND SPATIALLY WEIGHTED OVER THE TEHRI CATCHMENT.
2024-06-23 06:00:00+00:00,0.611,0.312,0.372,ERA5-LAND HOURLY PRECIPITATION SAMPLED AT NEAREST MODEL-GRID LOCATIONS VIA OPEN-METEO AND SPATIALLY WEIGHTED OVER THE TEHRI CATCHMENT.
2024-06-23 07:00:00+00:00,0.23,0.356,0.082,ERA5-LAND HOURLY PRECIPITATION SAMPLED AT NEAREST MODEL-GRID LOCATIONS VIA OPEN-METEO AND SPATIALLY WEIGHTED OVER THE TEHRI CATCHMENT.
2024-06-23 08:00:00+00:00,0.274,1.028,0.211,ERA5-LAND HOURLY PRECIPITATION SAMPLED AT NEAREST MODEL-GRID LOCATIONS VIA OPEN-METEO AND SPATIALLY WEIGHTED OVER THE TEHRI CATCHMENT.
2024-06-23 09:00:00+00:00,0.529,0.17,0.334,ERA5-LAND HOURLY PRECIPITATION SAMPLED AT NEAREST MODEL-GRID LOCATIONS VIA OPEN-METEO AND SPATIALLY WEIGHTED OVER THE TEHRI CATCHMENT.
2024-06-23 10:00:00+00:00,0.21,0.439,0.602,ERA5-LAND HOURLY PRECIPITATION SAMPLED AT NEAREST MODEL-GRID LOCATIONS VIA OPEN-METEO AND SPATIALLY WEIGHTED OVER THE TEHRI CATCHMENT.
2024-06-23 11:00:00+00:00,0.12,0.14,0.405,ERA5-LAND HOURLY PRECIPITATION SAMPLED AT NEAREST MODEL-GRID LOCATIONS VIA OPEN-METEO AND SPATIALLY WEIGHTED OVER THE TEHRI CATCHMENT.
2024-06-23 12:00:00+00:00,0.051,0.033,0.001,ERA5-LAND HOURLY PRECIPITATION SAMPLED AT NEAREST MODEL-GRID LOCATIONS VIA OPEN-METEO AND SPATIALLY WEIGHTED OVER THE TEHRI CATCHMENT.
2024-06-23 13:00:00+00:00,0.004,0.001,0.0,ERA5-LAND HOURLY PRECIPITATION SAMPLED AT NEAREST MODEL-GRID LOCATIONS VIA OPEN-METEO AND SPATIALLY WEIGHTED OVER THE TEHRI CATCHMENT.
2024-06-23 14:00:00+00:00,0.0,0.0,0.0,ERA5-LAND HOURLY PRECIPITATION SAMPLED AT NEAREST MODEL-GRID LOCATIONS VIA OPEN-METEO AND SPATIALLY WEIGHTED OVER THE TEHRI CATCHMENT.
2024-06-23 15:00:00+00:00,0.011,0.117,0.001,ERA5-LAND HOURLY PRECIPITATION SAMPLED AT NEAREST MODEL-GRID LOCATIONS VIA OPEN-METEO AND SPATIALLY WEIGHTED OVER THE TEHRI CATCHMENT.
2024-06-23 16:00:00+00:00,0.016,0.221,0.002,ERA5-LAND HOURLY PRECIPITATION SAMPLED AT NEAREST MODEL-GRID LOCATIONS VIA OPEN-METEO AND SPATIALLY WEIGHTED OVER THE TEHRI CATCHMENT.
2024-06-23 17:00:00+00:00,0.0,0.091,0.001,ERA5-LAND HOURLY PRECIPITATION SAMPLED AT NEAREST MODEL-GRID LOCATIONS VIA OPEN-METEO AND SPATIALLY WEIGHTED OVER THE TEHRI CATCHMENT.
2024-06-23 18:00:00+00:00,0.0,0.094,0.0,ERA5-LAND HOURLY PRECIPITATION SAMPLED AT NEAREST MODEL-GRID LOCATIONS VIA OPEN-METEO AND SPATIALLY WEIGHTED OVER THE TEHRI CATCHMENT.
2024-06-23 19:00:00+00:00,0.0,0.154,0.001,ERA5-LAND HOURLY PRECIPITATION SAMPLED AT NEAREST MODEL-GRID LOCATIONS VIA OPEN-METEO AND SPATIALLY WEIGHTED OVER THE TEHRI CATCHMENT.
2024-06-23 20:00:00+00:00,0.004,0.194,0.001,ERA5-LAND HOURLY PRECIPITATION SAMPLED AT NEAREST MODEL-GRID LOCATIONS VIA OPEN-METEO AND SPATIALLY WEIGHTED OVER THE TEHRI CATCHMENT.
2024-06-23 21:00:00+00:00,0.012,0.117,0.083,ERA5-LAND HOURLY PRECIPITATION SAMPLED AT NEAREST MODEL-GRID LOCATIONS VIA OPEN-METEO AND SPATIALLY WEIGHTED OVER THE TEHRI CATCHMENT.
2024-06-23 22:00:00+00:00,0.024,0.325,0.028,ERA5-LAND HOURLY PRECIPITATION SAMPLED AT NEAREST MODEL-GRID LOCATIONS VIA OPEN-METEO AND SPATIALLY WEIGHTED OVER THE TEHRI CATCHMENT.
2024-06-23 23:00:00+00:00,0.001,0.005,0.0,ERA5-LAND HOURLY PRECIPITATION SAMPLED AT NEAREST MODEL-GRID LOCATIONS VIA OPEN-METEO AND SPATIALLY WEIGHTED OVER THE TEHRI CATCHMENT.
2024-06-24 00:00:00+00:00,0.003,0.018,0.001,ERA5-LAND HOURLY PRECIPITATION SAMPLED AT NEAREST MODEL-GRID LOCATIONS VIA OPEN-METEO AND SPATIALLY WEIGHTED OVER THE TEHRI CATCHMENT.
2024-06-24 01:00:00+00:00,0.0,0.0,0.0,ERA5-LAND HOURLY PRECIPITATION SAMPLED AT NEAREST MODEL-GRID LOCATIONS VIA OPEN-METEO AND SPATIALLY WEIGHTED OVER THE TEHRI CATCHMENT.
2024-06-24 02:00:00+00:00,0.009,0.001,0.011,ERA5-LAND HOURLY PRECIPITATION SAMPLED AT NEAREST MODEL-GRID LOCATIONS VIA OPEN-METEO AND SPATIALLY WEIGHTED OVER THE TEHRI CATCHMENT.
2024-06-24 03:00:00+00:00,0.01,0.035,0.067,ERA5-LAND HOURLY PRECIPITATION SAMPLED AT NEAREST MODEL-GRID LOCATIONS VIA OPEN-METEO AND SPATIALLY WEIGHTED OVER THE TEHRI CATCHMENT.
2024-06-24 04:00:00+00:00,0.048,0.728,0.39,ERA5-LAND HOURLY PRECIPITATION SAMPLED AT NEAREST MODEL-GRID LOCATIONS VIA OPEN-METEO AND SPATIALLY WEIGHTED OVER THE TEHRI CATCHMENT.
2024-06-24 05:00:00+00:00,0.148,0.769,0.225,ERA5-LAND HOURLY PRECIPITATION SAMPLED AT NEAREST MODEL-GRID LOCATIONS VIA OPEN-METEO AND SPATIALLY WEIGHTED OVER THE TEHRI CATCHMENT.
2024-06-24 06:00:00+00:00,0.209,0.309,0.319,ERA5-LAND HOURLY PRECIPITATION SAMPLED AT NEAREST MODEL-GRID LOCATIONS VIA OPEN-METEO AND SPATIALLY WEIGHTED OVER THE TEHRI CATCHMENT.
2024-06-24 07:00:00+00:00,0.357,1.255,0.374,ERA5-LAND HOURLY PRECIPITATION SAMPLED AT NEAREST MODEL-GRID LOCATIONS VIA OPEN-METEO AND SPATIALLY WEIGHTED OVER THE TEHRI CATCHMENT.
2024-06-24 08:00:00+00:00,0.614,0.931,0.824,ERA5-LAND HOURLY PRECIPITATION SAMPLED AT NEAREST MODEL-GRID LOCATIONS VIA OPEN-METEO AND SPATIALLY WEIGHTED OVER THE TEHRI CATCHMENT.
2024-06-24 09:00:00+00:00,0.559,1.362,1.402,ERA5-LAND HOURLY PRECIPITATION SAMPLED AT NEAREST MODEL-GRID LOCATIONS VIA OPEN-METEO AND SPATIALLY WEIGHTED OVER THE TEHRI CATCHMENT.
2024-06-24 10:00:00+00:00,0.906,3.31,1.242,ERA5-LAND HOURLY PRECIPITATION SAMPLED AT NEAREST MODEL-GRID LOCATIONS VIA OPEN-METEO AND SPATIALLY WEIGHTED OVER THE TEHRI CATCHMENT.
2024-06-24 11:00:00+00:00,0.324,0.321,0.126,ERA5-LAND HOURLY PRECIPITATION SAMPLED AT NEAREST MODEL-GRID LOCATIONS VIA OPEN-METEO AND SPATIALLY WEIGHTED OVER THE TEHRI CATCHMENT.
2024-06-24 12:00:00+00:00,0.143,0.06,0.017,ERA5-LAND HOURLY PRECIPITATION SAMPLED AT NEAREST MODEL-GRID LOCATIONS VIA OPEN-METEO AND SPATIALLY WEIGHTED OVER THE TEHRI CATCHMENT.
2024-06-24 13:00:00+00:00,0.057,0.03,0.001,ERA5-LAND HOURLY PRECIPITATION SAMPLED AT NEAREST MODEL-GRID LOCATIONS VIA OPEN-METEO AND SPATIALLY WEIGHTED OVER THE TEHRI CATCHMENT.
2024-06-24 14:00:00+00:00,0.11,0.03,0.001,ERA5-LAND HOURLY PRECIPITATION SAMPLED AT NEAREST MODEL-GRID LOCATIONS VIA OPEN-METEO AND SPATIALLY WEIGHTED OVER THE TEHRI CATCHMENT.
2024-06-24 15:00:00+00:00,0.113,0.025,0.002,ERA5-LAND HOURLY PRECIPITATION SAMPLED AT NEAREST MODEL-GRID LOCATIONS VIA OPEN-METEO AND SPATIALLY WEIGHTED OVER THE TEHRI CATCHMENT.
2024-06-24 16:00:00+00:00,0.036,0.007,0.0,ERA5-LAND HOURLY PRECIPITATION SAMPLED AT NEAREST MODEL-GRID LOCATIONS VIA OPEN-METEO AND SPATIALLY WEIGHTED OVER THE TEHRI CATCHMENT.
2024-06-24 17:00:00+00:00,0.028,0.005,0.0,ERA5-LAND HOURLY PRECIPITATION SAMPLED AT NEAREST MODEL-GRID LOCATIONS VIA OPEN-METEO AND SPATIALLY WEIGHTED OVER THE TEHRI CATCHMENT.
2024-06-24 18:00:00+00:00,0.028,0.005,0.0,ERA5-LAND HOURLY PRECIPITATION SAMPLED AT NEAREST MODEL-GRID LOCATIONS VIA OPEN-METEO AND SPATIALLY WEIGHTED OVER THE TEHRI CATCHMENT.
2024-06-24 19:00:00+00:00,0.009,0.049,0.013,ERA5-LAND HOURLY PRECIPITATION SAMPLED AT NEAREST MODEL-GRID LOCATIONS VIA OPEN-METEO AND SPATIALLY WEIGHTED OVER THE TEHRI CATCHMENT.
2024-06-24 20:00:00+00:00,0.043,0.144,0.013,ERA5-LAND HOURLY PRECIPITATION SAMPLED AT NEAREST MODEL-GRID LOCATIONS VIA OPEN-METEO AND SPATIALLY WEIGHTED OVER THE TEHRI CATCHMENT.
2024-06-24 21:00:00+00:00,0.077,0.26,0.024,ERA5-LAND HOURLY PRECIPITATION SAMPLED AT NEAREST MODEL-GRID LOCATIONS VIA OPEN-METEO AND SPATIALLY WEIGHTED OVER THE TEHRI CATCHMENT.
2024-06-24 22:00:00+00:00,0.102,0.172,0.043,ERA5-LAND HOURLY PRECIPITATION SAMPLED AT NEAREST MODEL-GRID LOCATIONS VIA OPEN-METEO AND SPATIALLY WEIGHTED OVER THE TEHRI CATCHMENT.
2024-06-24 23:00:00+00:00,0.048,0.028,0.021,ERA5-LAND HOURLY PRECIPITATION SAMPLED AT NEAREST MODEL-GRID LOCATIONS VIA OPEN-METEO AND SPATIALLY WEIGHTED OVER THE TEHRI CATCHMENT.
2024-06-25 00:00:00+00:00,0.015,0.0,0.0,ERA5-LAND HOURLY PRECIPITATION SAMPLED AT NEAREST MODEL-GRID LOCATIONS VIA OPEN-METEO AND SPATIALLY WEIGHTED OVER THE TEHRI CATCHMENT.
2024-06-25 01:00:00+00:00,0.109,0.086,0.196,ERA5-LAND HOURLY PRECIPITATION SAMPLED AT NEAREST MODEL-GRID LOCATIONS VIA OPEN-METEO AND SPATIALLY WEIGHTED OVER THE TEHRI CATCHMENT.
2024-06-25 02:00:00+00:00,0.039,0.149,0.256,ERA5-LAND HOURLY PRECIPITATION SAMPLED AT NEAREST MODEL-GRID LOCATIONS VIA OPEN-METEO AND SPATIALLY WEIGHTED OVER THE TEHRI CATCHMENT.
2024-06-25 03:00:00+00:00,0.001,0.031,0.063,ERA5-LAND HOURLY PRECIPITATION SAMPLED AT NEAREST MODEL-GRID LOCATIONS VIA OPEN-METEO AND SPATIALLY WEIGHTED OVER THE TEHRI CATCHMENT.
2024-06-25 04:00:00+00:00,0.021,0.093,0.007,ERA5-LAND HOURLY PRECIPITATION SAMPLED AT NEAREST MODEL-GRID LOCATIONS VIA OPEN-METEO AND SPATIALLY WEIGHTED OVER THE TEHRI CATCHMENT.
2024-06-25 05:00:00+00:00,0.247,0.141,0.051,ERA5-LAND HOURLY PRECIPITATION SAMPLED AT NEAREST MODEL-GRID LOCATIONS VIA OPEN-METEO AND SPATIALLY WEIGHTED OVER THE TEHRI CATCHMENT.
2024-06-25 06:00:00+00:00,0.172,0.605,0.135,ERA5-LAND HOURLY PRECIPITATION SAMPLED AT NEAREST MODEL-GRID LOCATIONS VIA OPEN-METEO AND SPATIALLY WEIGHTED OVER THE TEHRI CATCHMENT.
2024-06-25 07:00:00+00:00,0.342,0.762,0.195,ERA5-LAND HOURLY PRECIPITATION SAMPLED AT NEAREST MODEL-GRID LOCATIONS VIA OPEN-METEO AND SPATIALLY WEIGHTED OVER THE TEHRI CATCHMENT.
2024-06-25 08:00:00+00:00,0.459,0.343,0.119,ERA5-LAND HOURLY PRECIPITATION SAMPLED AT NEAREST MODEL-GRID LOCATIONS VIA OPEN-METEO AND SPATIALLY WEIGHTED OVER THE TEHRI CATCHMENT.
2024-06-25 09:00:00+00:00,0.711,0.983,0.596,ERA5-LAND HOURLY PRECIPITATION SAMPLED AT NEAREST MODEL-GRID LOCATIONS VIA OPEN-METEO AND SPATIALLY WEIGHTED OVER THE TEHRI CATCHMENT.
2024-06-25 10:00:00+00:00,0.458,0.735,1.095,ERA5-LAND HOURLY PRECIPITATION SAMPLED AT NEAREST MODEL-GRID LOCATIONS VIA OPEN-METEO AND SPATIALLY WEIGHTED OVER THE TEHRI CATCHMENT.
2024-06-25 11:00:00+00:00,0.225,1.508,0.202,ERA5-LAND HOURLY PRECIPITATION SAMPLED AT NEAREST MODEL-GRID LOCATIONS VIA OPEN-METEO AND SPATIALLY WEIGHTED OVER THE TEHRI CATCHMENT.
2024-06-25 12:00:00+00:00,0.234,0.127,0.192,ERA5-LAND HOURLY PRECIPITATION SAMPLED AT NEAREST MODEL-GRID LOCATIONS VIA OPEN-METEO AND SPATIALLY WEIGHTED OVER THE TEHRI CATCHMENT.
2024-06-25 13:00:00+00:00,0.03,0.033,0.017,ERA5-LAND HOURLY PRECIPITATION SAMPLED AT NEAREST MODEL-GRID LOCATIONS VIA OPEN-METEO AND SPATIALLY WEIGHTED OVER THE TEHRI CATCHMENT.
2024-06-25 14:00:00+00:00,0.046,0.0,0.0,ERA5-LAND HOURLY PRECIPITATION SAMPLED AT NEAREST MODEL-GRID LOCATIONS VIA OPEN-METEO AND SPATIALLY WEIGHTED OVER THE TEHRI CATCHMENT.
2024-06-25 15:00:00+00:00,0.007,0.0,0.0,ERA5-LAND HOURLY PRECIPITATION SAMPLED AT NEAREST MODEL-GRID LOCATIONS VIA OPEN-METEO AND SPATIALLY WEIGHTED OVER THE TEHRI CATCHMENT.
2024-06-25 16:00:00+00:00,0.0,0.015,0.001,ERA5-LAND HOURLY PRECIPITATION SAMPLED AT NEAREST MODEL-GRID LOCATIONS VIA OPEN-METEO AND SPATIALLY WEIGHTED OVER THE TEHRI CATCHMENT.
2024-06-25 17:00:00+00:00,0.0,0.034,0.002,ERA5-LAND HOURLY PRECIPITATION SAMPLED AT NEAREST MODEL-GRID LOCATIONS VIA OPEN-METEO AND SPATIALLY WEIGHTED OVER THE TEHRI CATCHMENT.
2024-06-25 18:00:00+00:00,0.0,0.022,0.009,ERA5-LAND HOURLY PRECIPITATION SAMPLED AT NEAREST MODEL-GRID LOCATIONS VIA OPEN-METEO AND SPATIALLY WEIGHTED OVER THE TEHRI CATCHMENT.
2024-06-25 19:00:00+00:00,0.006,0.257,0.064,ERA5-LAND HOURLY PRECIPITATION SAMPLED AT NEAREST MODEL-GRID LOCATIONS VIA OPEN-METEO AND SPATIALLY WEIGHTED OVER THE TEHRI CATCHMENT.
2024-06-25 20:00:00+00:00,0.033,0.454,2.047,ERA5-LAND HOURLY PRECIPITATION SAMPLED AT NEAREST MODEL-GRID LOCATIONS VIA OPEN-METEO AND SPATIALLY WEIGHTED OVER THE TEHRI CATCHMENT.
2024-06-25 21:00:00+00:00,0.098,0.154,0.572,ERA5-LAND HOURLY PRECIPITATION SAMPLED AT NEAREST MODEL-GRID LOCATIONS VIA OPEN-METEO AND SPATIALLY WEIGHTED OVER THE TEHRI CATCHMENT.
2024-06-25 22:00:00+00:00,0.029,0.038,0.123,ERA5-LAND HOURLY PRECIPITATION SAMPLED AT NEAREST MODEL-GRID LOCATIONS VIA OPEN-METEO AND SPATIALLY WEIGHTED OVER THE TEHRI CATCHMENT.
2024-06-25 23:00:00+00:00,0.001,0.021,0.054,ERA5-LAND HOURLY PRECIPITATION SAMPLED AT NEAREST MODEL-GRID LOCATIONS VIA OPEN-METEO AND SPATIALLY WEIGHTED OVER THE TEHRI CATCHMENT.
2024-06-26 00:00:00+00:00,0.0,0.058,0.031,ERA5-LAND HOURLY PRECIPITATION SAMPLED AT NEAREST MODEL-GRID LOCATIONS VIA OPEN-METEO AND SPATIALLY WEIGHTED OVER THE TEHRI CATCHMENT.
2024-06-26 01:00:00+00:00,0.051,0.173,0.32,ERA5-LAND HOURLY PRECIPITATION SAMPLED AT NEAREST MODEL-GRID LOCATIONS VIA OPEN-METEO AND SPATIALLY WEIGHTED OVER THE TEHRI CATCHMENT.
2024-06-26 02:00:00+00:00,0.064,0.171,0.076,ERA5-LAND HOURLY PRECIPITATION SAMPLED AT NEAREST MODEL-GRID LOCATIONS VIA OPEN-METEO AND SPATIALLY WEIGHTED OVER THE TEHRI CATCHMENT.
2024-06-26 03:00:00+00:00,0.025,0.051,0.064,ERA5-LAND HOURLY PRECIPITATION SAMPLED AT NEAREST MODEL-GRID LOCATIONS VIA OPEN-METEO AND SPATIALLY WEIGHTED OVER THE TEHRI CATCHMENT.
2024-06-26 04:00:00+00:00,0.07,0.117,0.063,ERA5-LAND HOURLY PRECIPITATION SAMPLED AT NEAREST MODEL-GRID LOCATIONS VIA OPEN-METEO AND SPATIALLY WEIGHTED OVER THE TEHRI CATCHMENT.
2024-06-26 05:00:00+00:00,0.253,0.084,0.122,ERA5-LAND HOURLY PRECIPITATION SAMPLED AT NEAREST MODEL-GRID LOCATIONS VIA OPEN-METEO AND SPATIALLY WEIGHTED OVER THE TEHRI CATCHMENT.
2024-06-26 06:00:00+00:00,0.346,2.48,0.256,ERA5-LAND HOURLY PRECIPITATION SAMPLED AT NEAREST MODEL-GRID LOCATIONS VIA OPEN-METEO AND SPATIALLY WEIGHTED OVER THE TEHRI CATCHMENT.
2024-06-26 07:00:00+00:00,1.043,0.64,0.715,ERA5-LAND HOURLY PRECIPITATION SAMPLED AT NEAREST MODEL-GRID LOCATIONS VIA OPEN-METEO AND SPATIALLY WEIGHTED OVER THE TEHRI CATCHMENT.
2024-06-26 08:00:00+00:00,0.572,0.271,0.229,ERA5-LAND HOURLY PRECIPITATION SAMPLED AT NEAREST MODEL-GRID LOCATIONS VIA OPEN-METEO AND SPATIALLY WEIGHTED OVER THE TEHRI CATCHMENT.
2024-06-26 09:00:00+00:00,0.342,0.046,0.005,ERA5-LAND HOURLY PRECIPITATION SAMPLED AT NEAREST MODEL-GRID LOCATIONS VIA OPEN-METEO AND SPATIALLY WEIGHTED OVER THE TEHRI CATCHMENT.
2024-06-26 10:00:00+00:00,0.12,0.056,0.002,ERA5-LAND HOURLY PRECIPITATION SAMPLED AT NEAREST MODEL-GRID LOCATIONS VIA OPEN-METEO AND SPATIALLY WEIGHTED OVER THE TEHRI CATCHMENT.
2024-06-26 11:00:00+00:00,0.038,0.075,0.001,ERA5-LAND HOURLY PRECIPITATION SAMPLED AT NEAREST MODEL-GRID LOCATIONS VIA OPEN-METEO AND SPATIALLY WEIGHTED OVER THE TEHRI CATCHMENT.
2024-06-26 12:00:00+00:00,0.087,0.174,0.011,ERA5-LAND HOURLY PRECIPITATION SAMPLED AT NEAREST MODEL-GRID LOCATIONS VIA OPEN-METEO AND SPATIALLY WEIGHTED OVER THE TEHRI CATCHMENT.
2024-06-26 13:00:00+00:00,0.04,0.177,0.033,ERA5-LAND HOURLY PRECIPITATION SAMPLED AT NEAREST MODEL-GRID LOCATIONS VIA OPEN-METEO AND SPATIALLY WEIGHTED OVER THE TEHRI CATCHMENT.
2024-06-26 14:00:00+00:00,0.199,0.309,0.372,ERA5-LAND HOURLY PRECIPITATION SAMPLED AT NEAREST MODEL-GRID LOCATIONS VIA OPEN-METEO AND SPATIALLY WEIGHTED OVER THE TEHRI CATCHMENT.
2024-06-26 15:00:00+00:00,0.118,0.263,1.078,ERA5-LAND HOURLY PRECIPITATION SAMPLED AT NEAREST MODEL-GRID LOCATIONS VIA OPEN-METEO AND SPATIALLY WEIGHTED OVER THE TEHRI CATCHMENT.
2024-06-26 16:00:00+00:00,0.144,0.68,0.818,ERA5-LAND HOURLY PRECIPITATION SAMPLED AT NEAREST MODEL-GRID LOCATIONS VIA OPEN-METEO AND SPATIALLY WEIGHTED OVER THE TEHRI CATCHMENT.
2024-06-26 17:00:00+00:00,0.044,0.341,0.72,ERA5-LAND HOURLY PRECIPITATION SAMPLED AT NEAREST MODEL-GRID LOCATIONS VIA OPEN-METEO AND SPATIALLY WEIGHTED OVER THE TEHRI CATCHMENT.
2024-06-26 18:00:00+00:00,0.109,0.723,0.266,ERA5-LAND HOURLY PRECIPITATION SAMPLED AT NEAREST MODEL-GRID LOCATIONS VIA OPEN-METEO AND SPATIALLY WEIGHTED OVER THE TEHRI CATCHMENT.
2024-06-26 19:00:00+00:00,0.017,0.18,0.806,ERA5-LAND HOURLY PRECIPITATION SAMPLED AT NEAREST MODEL-GRID LOCATIONS VIA OPEN-METEO AND SPATIALLY WEIGHTED OVER THE TEHRI CATCHMENT.
2024-06-26 20:00:00+00:00,0.031,1.078,0.684,ERA5-LAND HOURLY PRECIPITATION SAMPLED AT NEAREST MODEL-GRID LOCATIONS VIA OPEN-METEO AND SPATIALLY WEIGHTED OVER THE TEHRI CATCHMENT.
2024-06-26 21:00:00+00:00,0.09,1.336,0.404,ERA5-LAND HOURLY PRECIPITATION SAMPLED AT NEAREST MODEL-GRID LOCATIONS VIA OPEN-METEO AND SPATIALLY WEIGHTED OVER THE TEHRI CATCHMENT.
2024-06-26 22:00:00+00:00,0.047,0.805,0.305,ERA5-LAND HOURLY PRECIPITATION SAMPLED AT NEAREST MODEL-GRID LOCATIONS VIA OPEN-METEO AND SPATIALLY WEIGHTED OVER THE TEHRI CATCHMENT.
2024-06-26 23:00:00+00:00,0.016,0.7,0.176,ERA5-LAND HOURLY PRECIPITATION SAMPLED AT NEAREST MODEL-GRID LOCATIONS VIA OPEN-METEO AND SPATIALLY WEIGHTED OVER THE TEHRI CATCHMENT.
2024-06-27 00:00:00+00:00,0.007,0.095,0.067,ERA5-LAND HOURLY PRECIPITATION SAMPLED AT NEAREST MODEL-GRID LOCATIONS VIA OPEN-METEO AND SPATIALLY WEIGHTED OVER THE TEHRI CATCHMENT.
2024-06-27 01:00:00+00:00,0.008,0.278,0.114,ERA5-LAND HOURLY PRECIPITATION SAMPLED AT NEAREST MODEL-GRID LOCATIONS VIA OPEN-METEO AND SPATIALLY WEIGHTED OVER THE TEHRI CATCHMENT.
2024-06-27 02:00:00+00:00,0.007,0.045,0.116,ERA5-LAND HOURLY PRECIPITATION SAMPLED AT NEAREST MODEL-GRID LOCATIONS VIA OPEN-METEO AND SPATIALLY WEIGHTED OVER THE TEHRI CATCHMENT.
2024-06-27 03:00:00+00:00,0.034,0.066,0.217,ERA5-LAND HOURLY PRECIPITATION SAMPLED AT NEAREST MODEL-GRID LOCATIONS VIA OPEN-METEO AND SPATIALLY WEIGHTED OVER THE TEHRI CATCHMENT.
2024-06-27 04:00:00+00:00,0.038,0.152,0.07,ERA5-LAND HOURLY PRECIPITATION SAMPLED AT NEAREST MODEL-GRID LOCATIONS VIA OPEN-METEO AND SPATIALLY WEIGHTED OVER THE TEHRI CATCHMENT.
2024-06-27 05:00:00+00:00,0.079,1.499,0.184,ERA5-LAND HOURLY PRECIPITATION SAMPLED AT NEAREST MODEL-GRID LOCATIONS VIA OPEN-METEO AND SPATIALLY WEIGHTED OVER THE TEHRI CATCHMENT.
2024-06-27 06:00:00+00:00,0.834,2.261,0.968,ERA5-LAND HOURLY PRECIPITATION SAMPLED AT NEAREST MODEL-GRID LOCATIONS VIA OPEN-METEO AND SPATIALLY WEIGHTED OVER THE TEHRI CATCHMENT.
2024-06-27 07:00:00+00:00,0.943,1.736,1.26,ERA5-LAND HOURLY PRECIPITATION SAMPLED AT NEAREST MODEL-GRID LOCATIONS VIA OPEN-METEO AND SPATIALLY WEIGHTED OVER THE TEHRI CATCHMENT.
2024-06-27 08:00:00+00:00,1.107,2.384,1.68,ERA5-LAND HOURLY PRECIPITATION SAMPLED AT NEAREST MODEL-GRID LOCATIONS VIA OPEN-METEO AND SPATIALLY WEIGHTED OVER THE TEHRI CATCHMENT.
2024-06-27 09:00:00+00:00,1.285,1.89,1.161,ERA5-LAND HOURLY PRECIPITATION SAMPLED AT NEAREST MODEL-GRID LOCATIONS VIA OPEN-METEO AND SPATIALLY WEIGHTED OVER THE TEHRI CATCHMENT.
2024-06-27 10:00:00+00:00,1.069,1.241,0.662,ERA5-LAND HOURLY PRECIPITATION SAMPLED AT NEAREST MODEL-GRID LOCATIONS VIA OPEN-METEO AND SPATIALLY WEIGHTED OVER THE TEHRI CATCHMENT.
2024-06-27 11:00:00+00:00,0.598,0.493,0.257,ERA5-LAND HOURLY PRECIPITATION SAMPLED AT NEAREST MODEL-GRID LOCATIONS VIA OPEN-METEO AND SPATIALLY WEIGHTED OVER THE TEHRI CATCHMENT.
2024-06-27 12:00:00+00:00,0.185,0.11,0.044,ERA5-LAND HOURLY PRECIPITATION SAMPLED AT NEAREST MODEL-GRID LOCATIONS VIA OPEN-METEO AND SPATIALLY WEIGHTED OVER THE TEHRI CATCHMENT.
2024-06-27 13:00:00+00:00,0.131,0.046,0.003,ERA5-LAND HOURLY PRECIPITATION SAMPLED AT NEAREST MODEL-GRID LOCATIONS VIA OPEN-METEO AND SPATIALLY WEIGHTED OVER THE TEHRI CATCHMENT.
2024-06-27 14:00:00+00:00,0.011,0.0,0.0,ERA5-LAND HOURLY PRECIPITATION SAMPLED AT NEAREST MODEL-GRID LOCATIONS VIA OPEN-METEO AND SPATIALLY WEIGHTED OVER THE TEHRI CATCHMENT.
2024-06-27 15:00:00+00:00,0.001,0.012,0.006,ERA5-LAND HOURLY PRECIPITATION SAMPLED AT NEAREST MODEL-GRID LOCATIONS VIA OPEN-METEO AND SPATIALLY WEIGHTED OVER THE TEHRI CATCHMENT.
2024-06-27 16:00:00+00:00,0.013,0.171,0.184,ERA5-LAND HOURLY PRECIPITATION SAMPLED AT NEAREST MODEL-GRID LOCATIONS VIA OPEN-METEO AND SPATIALLY WEIGHTED OVER THE TEHRI CATCHMENT.
2024-06-27 17:00:00+00:00,0.053,1.586,1.92,ERA5-LAND HOURLY PRECIPITATION SAMPLED AT NEAREST MODEL-GRID LOCATIONS VIA OPEN-METEO AND SPATIALLY WEIGHTED OVER THE TEHRI CATCHMENT.
2024-06-27 18:00:00+00:00,0.24,1.701,3.723,ERA5-LAND HOURLY PRECIPITATION SAMPLED AT NEAREST MODEL-GRID LOCATIONS VIA OPEN-METEO AND SPATIALLY WEIGHTED OVER THE TEHRI CATCHMENT.
2024-06-27 19:00:00+00:00,0.183,2.205,3.172,ERA5-LAND HOURLY PRECIPITATION SAMPLED AT NEAREST MODEL-GRID LOCATIONS VIA OPEN-METEO AND SPATIALLY WEIGHTED OVER THE TEHRI CATCHMENT.
2024-06-27 20:00:00+00:00,0.393,1.929,2.269,ERA5-LAND HOURLY PRECIPITATION SAMPLED AT NEAREST MODEL-GRID LOCATIONS VIA OPEN-METEO AND SPATIALLY WEIGHTED OVER THE TEHRI CATCHMENT.
2024-06-27 21:00:00+00:00,0.321,1.315,1.994,ERA5-LAND HOURLY PRECIPITATION SAMPLED AT NEAREST MODEL-GRID LOCATIONS VIA OPEN-METEO AND SPATIALLY WEIGHTED OVER THE TEHRI CATCHMENT.
2024-06-27 22:00:00+00:00,0.25,0.588,0.523,ERA5-LAND HOURLY PRECIPITATION SAMPLED AT NEAREST MODEL-GRID LOCATIONS VIA OPEN-METEO AND SPATIALLY WEIGHTED OVER THE TEHRI CATCHMENT.
2024-06-27 23:00:00+00:00,0.216,1.043,0.142,ERA5-LAND HOURLY PRECIPITATION SAMPLED AT NEAREST MODEL-GRID LOCATIONS VIA OPEN-METEO AND SPATIALLY WEIGHTED OVER THE TEHRI CATCHMENT.
2024-06-28 00:00:00+00:00,0.202,1.563,0.089,ERA5-LAND HOURLY PRECIPITATION SAMPLED AT NEAREST MODEL-GRID LOCATIONS VIA OPEN-METEO AND SPATIALLY WEIGHTED OVER THE TEHRI CATCHMENT.
2024-06-28 01:00:00+00:00,0.148,0.168,0.014,ERA5-LAND HOURLY PRECIPITATION SAMPLED AT NEAREST MODEL-GRID LOCATIONS VIA OPEN-METEO AND SPATIALLY WEIGHTED OVER THE TEHRI CATCHMENT.
2024-06-28 02:00:00+00:00,0.06,0.066,0.005,ERA5-LAND HOURLY PRECIPITATION SAMPLED AT NEAREST MODEL-GRID LOCATIONS VIA OPEN-METEO AND SPATIALLY WEIGHTED OVER THE TEHRI CATCHMENT.
2024-06-28 03:00:00+00:00,0.009,0.027,0.001,ERA5-LAND HOURLY PRECIPITATION SAMPLED AT NEAREST MODEL-GRID LOCATIONS VIA OPEN-METEO AND SPATIALLY WEIGHTED OVER THE TEHRI CATCHMENT.
2024-06-28 04:00:00+00:00,0.055,0.117,0.003,ERA5-LAND HOURLY PRECIPITATION SAMPLED AT NEAREST MODEL-GRID LOCATIONS VIA OPEN-METEO AND SPATIALLY WEIGHTED OVER THE TEHRI CATCHMENT.
2024-06-28 05:00:00+00:00,0.16,0.094,0.04,ERA5-LAND HOURLY PRECIPITATION SAMPLED AT NEAREST MODEL-GRID LOCATIONS VIA OPEN-METEO AND SPATIALLY WEIGHTED OVER THE TEHRI CATCHMENT.
2024-06-28 06:00:00+00:00,0.48,0.208,0.028,ERA5-LAND HOURLY PRECIPITATION SAMPLED AT NEAREST MODEL-GRID LOCATIONS VIA OPEN-METEO AND SPATIALLY WEIGHTED OVER THE TEHRI CATCHMENT.
2024-06-28 07:00:00+00:00,0.556,0.259,0.026,ERA5-LAND HOURLY PRECIPITATION SAMPLED AT NEAREST MODEL-GRID LOCATIONS VIA OPEN-METEO AND SPATIALLY WEIGHTED OVER THE TEHRI CATCHMENT.
2024-06-28 08:00:00+00:00,0.707,1.014,0.1,ERA5-LAND HOURLY PRECIPITATION SAMPLED AT NEAREST MODEL-GRID LOCATIONS VIA OPEN-METEO AND SPATIALLY WEIGHTED OVER THE TEHRI CATCHMENT.
2024-06-28 09:00:00+00:00,0.411,2.303,0.117,ERA5-LAND HOURLY PRECIPITATION SAMPLED AT NEAREST MODEL-GRID LOCATIONS VIA OPEN-METEO AND SPATIALLY WEIGHTED OVER THE TEHRI CATCHMENT.
2024-06-28 10:00:00+00:00,0.306,0.622,0.187,ERA5-LAND HOURLY PRECIPITATION SAMPLED AT NEAREST MODEL-GRID LOCATIONS VIA OPEN-METEO AND SPATIALLY WEIGHTED OVER THE TEHRI CATCHMENT.
2024-06-28 11:00:00+00:00,0.214,0.184,0.908,ERA5-LAND HOURLY PRECIPITATION SAMPLED AT NEAREST MODEL-GRID LOCATIONS VIA OPEN-METEO AND SPATIALLY WEIGHTED OVER THE TEHRI CATCHMENT.
2024-06-28 12:00:00+00:00,0.146,0.386,0.23,ERA5-LAND HOURLY PRECIPITATION SAMPLED AT NEAREST MODEL-GRID LOCATIONS VIA OPEN-METEO AND SPATIALLY WEIGHTED OVER THE TEHRI CATCHMENT.
2024-06-28 13:00:00+00:00,0.018,0.014,0.021,ERA5-LAND HOURLY PRECIPITATION SAMPLED AT NEAREST MODEL-GRID LOCATIONS VIA OPEN-METEO AND SPATIALLY WEIGHTED OVER THE TEHRI CATCHMENT.
2024-06-28 14:00:00+00:00,0.005,0.018,0.045,ERA5-LAND HOURLY PRECIPITATION SAMPLED AT NEAREST MODEL-GRID LOCATIONS VIA OPEN-METEO AND SPATIALLY WEIGHTED OVER THE TEHRI CATCHMENT.
2024-06-28 15:00:00+00:00,0.039,0.145,0.479,ERA5-LAND HOURLY PRECIPITATION SAMPLED AT NEAREST MODEL-GRID LOCATIONS VIA OPEN-METEO AND SPATIALLY WEIGHTED OVER THE TEHRI CATCHMENT.
2024-06-28 16:00:00+00:00,0.212,0.301,2.002,ERA5-LAND HOURLY PRECIPITATION SAMPLED AT NEAREST MODEL-GRID LOCATIONS VIA OPEN-METEO AND SPATIALLY WEIGHTED OVER THE TEHRI CATCHMENT.
2024-06-28 17:00:00+00:00,0.28,0.621,1.843,ERA5-LAND HOURLY PRECIPITATION SAMPLED AT NEAREST MODEL-GRID LOCATIONS VIA OPEN-METEO AND SPATIALLY WEIGHTED OVER THE TEHRI CATCHMENT.
2024-06-28 18:00:00+00:00,0.137,0.78,0.39,ERA5-LAND HOURLY PRECIPITATION SAMPLED AT NEAREST MODEL-GRID LOCATIONS VIA OPEN-METEO AND SPATIALLY WEIGHTED OVER THE TEHRI CATCHMENT.
2024-06-28 19:00:00+00:00,0.161,0.915,0.038,ERA5-LAND HOURLY PRECIPITATION SAMPLED AT NEAREST MODEL-GRID LOCATIONS VIA OPEN-METEO AND SPATIALLY WEIGHTED OVER THE TEHRI CATCHMENT.
2024-06-28 20:00:00+00:00,0.104,0.648,0.016,ERA5-LAND HOURLY PRECIPITATION SAMPLED AT NEAREST MODEL-GRID LOCATIONS VIA OPEN-METEO AND SPATIALLY WEIGHTED OVER THE TEHRI CATCHMENT.
2024-06-28 21:00:00+00:00,0.039,0.268,0.01,ERA5-LAND HOURLY PRECIPITATION SAMPLED AT NEAREST MODEL-GRID LOCATIONS VIA OPEN-METEO AND SPATIALLY WEIGHTED OVER THE TEHRI CATCHMENT.
2024-06-28 22:00:00+00:00,0.008,0.068,0.009,ERA5-LAND HOURLY PRECIPITATION SAMPLED AT NEAREST MODEL-GRID LOCATIONS VIA OPEN-METEO AND SPATIALLY WEIGHTED OVER THE TEHRI CATCHMENT.
2024-06-28 23:00:00+00:00,0.005,0.025,0.002,ERA5-LAND HOURLY PRECIPITATION SAMPLED AT NEAREST MODEL-GRID LOCATIONS VIA OPEN-METEO AND SPATIALLY WEIGHTED OVER THE TEHRI CATCHMENT.
2024-06-29 00:00:00+00:00,0.001,0.0,0.0,ERA5-LAND HOURLY PRECIPITATION SAMPLED AT NEAREST MODEL-GRID LOCATIONS VIA OPEN-METEO AND SPATIALLY WEIGHTED OVER THE TEHRI CATCHMENT.
2024-06-29 01:00:00+00:00,0.0,0.005,0.015,ERA5-LAND HOURLY PRECIPITATION SAMPLED AT NEAREST MODEL-GRID LOCATIONS VIA OPEN-METEO AND SPATIALLY WEIGHTED OVER THE TEHRI CATCHMENT.
2024-06-29 02:00:00+00:00,0.0,0.026,0.015,ERA5-LAND HOURLY PRECIPITATION SAMPLED AT NEAREST MODEL-GRID LOCATIONS VIA OPEN-METEO AND SPATIALLY WEIGHTED OVER THE TEHRI CATCHMENT.
2024-06-29 03:00:00+00:00,0.007,0.087,0.204,ERA5-LAND HOURLY PRECIPITATION SAMPLED AT NEAREST MODEL-GRID LOCATIONS VIA OPEN-METEO AND SPATIALLY WEIGHTED OVER THE TEHRI CATCHMENT.
2024-06-29 04:00:00+00:00,0.032,0.14,0.196,ERA5-LAND HOURLY PRECIPITATION SAMPLED AT NEAREST MODEL-GRID LOCATIONS VIA OPEN-METEO AND SPATIALLY WEIGHTED OVER THE TEHRI CATCHMENT.
2024-06-29 05:00:00+00:00,0.116,0.348,0.192,ERA5-LAND HOURLY PRECIPITATION SAMPLED AT NEAREST MODEL-GRID LOCATIONS VIA OPEN-METEO AND SPATIALLY WEIGHTED OVER THE TEHRI CATCHMENT.
2024-06-29 06:00:00+00:00,0.264,0.515,0.184,ERA5-LAND HOURLY PRECIPITATION SAMPLED AT NEAREST MODEL-GRID LOCATIONS VIA OPEN-METEO AND SPATIALLY WEIGHTED OVER THE TEHRI CATCHMENT.
2024-06-29 07:00:00+00:00,0.281,0.489,0.141,ERA5-LAND HOURLY PRECIPITATION SAMPLED AT NEAREST MODEL-GRID LOCATIONS VIA OPEN-METEO AND SPATIALLY WEIGHTED OVER THE TEHRI CATCHMENT.
2024-06-29 08:00:00+00:00,0.416,1.932,0.284,ERA5-LAND HOURLY PRECIPITATION SAMPLED AT NEAREST MODEL-GRID LOCATIONS VIA OPEN-METEO AND SPATIALLY WEIGHTED OVER THE TEHRI CATCHMENT.
2024-06-29 09:00:00+00:00,0.497,1.955,0.281,ERA5-LAND HOURLY PRECIPITATION SAMPLED AT NEAREST MODEL-GRID LOCATIONS VIA OPEN-METEO AND SPATIALLY WEIGHTED OVER THE TEHRI CATCHMENT.
2024-06-29 10:00:00+00:00,0.277,0.343,0.55,ERA5-LAND HOURLY PRECIPITATION SAMPLED AT NEAREST MODEL-GRID LOCATIONS VIA OPEN-METEO AND SPATIALLY WEIGHTED OVER THE TEHRI CATCHMENT.
2024-06-29 11:00:00+00:00,0.201,0.522,0.354,ERA5-LAND HOURLY PRECIPITATION SAMPLED AT NEAREST MODEL-GRID LOCATIONS VIA OPEN-METEO AND SPATIALLY WEIGHTED OVER THE TEHRI CATCHMENT.
2024-06-29 12:00:00+00:00,0.07,0.202,0.365,ERA5-LAND HOURLY PRECIPITATION SAMPLED AT NEAREST MODEL-GRID LOCATIONS VIA OPEN-METEO AND SPATIALLY WEIGHTED OVER THE TEHRI CATCHMENT.
2024-06-29 13:00:00+00:00,0.028,0.021,0.03,ERA5-LAND HOURLY PRECIPITATION SAMPLED AT NEAREST MODEL-GRID LOCATIONS VIA OPEN-METEO AND SPATIALLY WEIGHTED OVER THE TEHRI CATCHMENT.
2024-06-29 14:00:00+00:00,0.014,0.002,0.015,ERA5-LAND HOURLY PRECIPITATION SAMPLED AT NEAREST MODEL-GRID LOCATIONS VIA OPEN-METEO AND SPATIALLY WEIGHTED OVER THE TEHRI CATCHMENT.
2024-06-29 15:00:00+00:00,0.008,0.001,0.358,ERA5-LAND HOURLY PRECIPITATION SAMPLED AT NEAREST MODEL-GRID LOCATIONS VIA OPEN-METEO AND SPATIALLY WEIGHTED OVER THE TEHRI CATCHMENT.
2024-06-29 16:00:00+00:00,0.026,0.006,0.178,ERA5-LAND HOURLY PRECIPITATION SAMPLED AT NEAREST MODEL-GRID LOCATIONS VIA OPEN-METEO AND SPATIALLY WEIGHTED OVER THE TEHRI CATCHMENT.
2024-06-29 17:00:00+00:00,0.014,0.041,0.021,ERA5-LAND HOURLY PRECIPITATION SAMPLED AT NEAREST MODEL-GRID LOCATIONS VIA OPEN-METEO AND SPATIALLY WEIGHTED OVER THE TEHRI CATCHMENT.
2024-06-29 18:00:00+00:00,0.005,0.094,0.064,ERA5-LAND HOURLY PRECIPITATION SAMPLED AT NEAREST MODEL-GRID LOCATIONS VIA OPEN-METEO AND SPATIALLY WEIGHTED OVER THE TEHRI CATCHMENT.
2024-06-29 19:00:00+00:00,0.01,0.149,0.112,ERA5-LAND HOURLY PRECIPITATION SAMPLED AT NEAREST MODEL-GRID LOCATIONS VIA OPEN-METEO AND SPATIALLY WEIGHTED OVER THE TEHRI CATCHMENT.
2024-06-29 20:00:00+00:00,0.003,0.126,0.14,ERA5-LAND HOURLY PRECIPITATION SAMPLED AT NEAREST MODEL-GRID LOCATIONS VIA OPEN-METEO AND SPATIALLY WEIGHTED OVER THE TEHRI CATCHMENT.
2024-06-29 21:00:00+00:00,0.003,0.138,0.074,ERA5-LAND HOURLY PRECIPITATION SAMPLED AT NEAREST MODEL-GRID LOCATIONS VIA OPEN-METEO AND SPATIALLY WEIGHTED OVER THE TEHRI CATCHMENT.
2024-06-29 22:00:00+00:00,0.004,0.132,0.046,ERA5-LAND HOURLY PRECIPITATION SAMPLED AT NEAREST MODEL-GRID LOCATIONS VIA OPEN-METEO AND SPATIALLY WEIGHTED OVER THE TEHRI CATCHMENT.
2024-06-29 23:00:00+00:00,0.007,0.082,0.035,ERA5-LAND HOURLY PRECIPITATION SAMPLED AT NEAREST MODEL-GRID LOCATIONS VIA OPEN-METEO AND SPATIALLY WEIGHTED OVER THE TEHRI CATCHMENT.
2024-06-30 00:00:00+00:00,0.004,0.06,0.049,ERA5-LAND HOURLY PRECIPITATION SAMPLED AT NEAREST MODEL-GRID LOCATIONS VIA OPEN-METEO AND SPATIALLY WEIGHTED OVER THE TEHRI CATCHMENT.
2024-06-30 01:00:00+00:00,0.0,0.0,0.0,ERA5-LAND HOURLY PRECIPITATION SAMPLED AT NEAREST MODEL-GRID LOCATIONS VIA OPEN-METEO AND SPATIALLY WEIGHTED OVER THE TEHRI CATCHMENT.
2024-06-30 02:00:00+00:00,0.0,0.0,0.0,ERA5-LAND HOURLY PRECIPITATION SAMPLED AT NEAREST MODEL-GRID LOCATIONS VIA OPEN-METEO AND SPATIALLY WEIGHTED OVER THE TEHRI CATCHMENT.
2024-06-30 03:00:00+00:00,0.0,0.0,0.0,ERA5-LAND HOURLY PRECIPITATION SAMPLED AT NEAREST MODEL-GRID LOCATIONS VIA OPEN-METEO AND SPATIALLY WEIGHTED OVER THE TEHRI CATCHMENT.
2024-06-30 04:00:00+00:00,0.003,0.038,0.015,ERA5-LAND HOURLY PRECIPITATION SAMPLED AT NEAREST MODEL-GRID LOCATIONS VIA OPEN-METEO AND SPATIALLY WEIGHTED OVER THE TEHRI CATCHMENT.
2024-06-30 05:00:00+00:00,0.021,0.161,0.062,ERA5-LAND HOURLY PRECIPITATION SAMPLED AT NEAREST MODEL-GRID LOCATIONS VIA OPEN-METEO AND SPATIALLY WEIGHTED OVER THE TEHRI CATCHMENT.
2024-06-30 06:00:00+00:00,0.042,0.293,0.12,ERA5-LAND HOURLY PRECIPITATION SAMPLED AT NEAREST MODEL-GRID LOCATIONS VIA OPEN-METEO AND SPATIALLY WEIGHTED OVER THE TEHRI CATCHMENT.
2024-06-30 07:00:00+00:00,0.078,0.319,0.223,ERA5-LAND HOURLY PRECIPITATION SAMPLED AT NEAREST MODEL-GRID LOCATIONS VIA OPEN-METEO AND SPATIALLY WEIGHTED OVER THE TEHRI CATCHMENT.
2024-06-30 08:00:00+00:00,0.11,0.343,0.353,ERA5-LAND HOURLY PRECIPITATION SAMPLED AT NEAREST MODEL-GRID LOCATIONS VIA OPEN-METEO AND SPATIALLY WEIGHTED OVER THE TEHRI CATCHMENT.
2024-06-30 09:00:00+00:00,0.106,0.574,0.246,ERA5-LAND HOURLY PRECIPITATION SAMPLED AT NEAREST MODEL-GRID LOCATIONS VIA OPEN-METEO AND SPATIALLY WEIGHTED OVER THE TEHRI CATCHMENT.
2024-06-30 10:00:00+00:00,0.104,0.468,0.274,ERA5-LAND HOURLY PRECIPITATION SAMPLED AT NEAREST MODEL-GRID LOCATIONS VIA OPEN-METEO AND SPATIALLY WEIGHTED OVER THE TEHRI CATCHMENT.
2024-06-30 11:00:00+00:00,0.066,0.312,0.239,ERA5-LAND HOURLY PRECIPITATION SAMPLED AT NEAREST MODEL-GRID LOCATIONS VIA OPEN-METEO AND SPATIALLY WEIGHTED OVER THE TEHRI CATCHMENT.
2024-06-30 12:00:00+00:00,0.056,0.178,0.374,ERA5-LAND HOURLY PRECIPITATION SAMPLED AT NEAREST MODEL-GRID LOCATIONS VIA OPEN-METEO AND SPATIALLY WEIGHTED OVER THE TEHRI CATCHMENT.
2024-06-30 13:00:00+00:00,0.024,0.09,0.094,ERA5-LAND HOURLY PRECIPITATION SAMPLED AT NEAREST MODEL-GRID LOCATIONS VIA OPEN-METEO AND SPATIALLY WEIGHTED OVER THE TEHRI CATCHMENT.
2024-06-30 14:00:00+00:00,0.013,0.036,0.024,ERA5-LAND HOURLY PRECIPITATION SAMPLED AT NEAREST MODEL-GRID LOCATIONS VIA OPEN-METEO AND SPATIALLY WEIGHTED OVER THE TEHRI CATCHMENT.
2024-06-30 15:00:00+00:00,0.056,0.17,0.151,ERA5-LAND HOURLY PRECIPITATION SAMPLED AT NEAREST MODEL-GRID LOCATIONS VIA OPEN-METEO AND SPATIALLY WEIGHTED OVER THE TEHRI CATCHMENT.
2024-06-30 16:00:00+00:00,0.073,0.785,0.323,ERA5-LAND HOURLY PRECIPITATION SAMPLED AT NEAREST MODEL-GRID LOCATIONS VIA OPEN-METEO AND SPATIALLY WEIGHTED OVER THE TEHRI CATCHMENT.
2024-06-30 17:00:00+00:00,0.031,1.673,0.328,ERA5-LAND HOURLY PRECIPITATION SAMPLED AT NEAREST MODEL-GRID LOCATIONS VIA OPEN-METEO AND SPATIALLY WEIGHTED OVER THE TEHRI CATCHMENT.
2024-06-30 18:00:00+00:00,0.043,0.51,0.548,ERA5-LAND HOURLY PRECIPITATION SAMPLED AT NEAREST MODEL-GRID LOCATIONS VIA OPEN-METEO AND SPATIALLY WEIGHTED OVER THE TEHRI CATCHMENT.
2024-06-30 19:00:00+00:00,0.081,0.274,0.376,ERA5-LAND HOURLY PRECIPITATION SAMPLED AT NEAREST MODEL-GRID LOCATIONS VIA OPEN-METEO AND SPATIALLY WEIGHTED OVER THE TEHRI CATCHMENT.
2024-06-30 20:00:00+00:00,0.066,0.114,0.332,ERA5-LAND HOURLY PRECIPITATION SAMPLED AT NEAREST MODEL-GRID LOCATIONS VIA OPEN-METEO AND SPATIALLY WEIGHTED OVER THE TEHRI CATCHMENT.
2024-06-30 21:00:00+00:00,0.032,0.173,0.376,ERA5-LAND HOURLY PRECIPITATION SAMPLED AT NEAREST MODEL-GRID LOCATIONS VIA OPEN-METEO AND SPATIALLY WEIGHTED OVER THE TEHRI CATCHMENT.
2024-06-30 22:00:00+00:00,0.013,0.096,0.329,ERA5-LAND HOURLY PRECIPITATION SAMPLED AT NEAREST MODEL-GRID LOCATIONS VIA OPEN-METEO AND SPATIALLY WEIGHTED OVER THE TEHRI CATCHMENT.
2024-06-30 23:00:00+00:00,0.001,0.022,0.067,ERA5-LAND HOURLY PRECIPITATION SAMPLED AT NEAREST MODEL-GRID LOCATIONS VIA OPEN-METEO AND SPATIALLY WEIGHTED OVER THE TEHRI CATCHMENT.
2024-07-01 00:00:00+00:00,0.001,0.015,0.051,ERA5-LAND HOURLY PRECIPITATION SAMPLED AT NEAREST MODEL-GRID LOCATIONS VIA OPEN-METEO AND SPATIALLY WEIGHTED OVER THE TEHRI CATCHMENT.
2024-07-01 01:00:00+00:00,0.0,0.0,0.039,ERA5-LAND HOURLY PRECIPITATION SAMPLED AT NEAREST MODEL-GRID LOCATIONS VIA OPEN-METEO AND SPATIALLY WEIGHTED OVER THE TEHRI CATCHMENT.
2024-07-01 02:00:00+00:00,0.011,0.014,0.102,ERA5-LAND HOURLY PRECIPITATION SAMPLED AT NEAREST MODEL-GRID LOCATIONS VIA OPEN-METEO AND SPATIALLY WEIGHTED OVER THE TEHRI CATCHMENT.
2024-07-01 03:00:00+00:00,0.006,0.075,0.304,ERA5-LAND HOURLY PRECIPITATION SAMPLED AT NEAREST MODEL-GRID LOCATIONS VIA OPEN-METEO AND SPATIALLY WEIGHTED OVER THE TEHRI CATCHMENT.
2024-07-01 04:00:00+00:00,0.004,0.107,0.308,ERA5-LAND HOURLY PRECIPITATION SAMPLED AT NEAREST MODEL-GRID LOCATIONS VIA OPEN-METEO AND SPATIALLY WEIGHTED OVER THE TEHRI CATCHMENT.
2024-07-01 05:00:00+00:00,0.04,0.306,0.323,ERA5-LAND HOURLY PRECIPITATION SAMPLED AT NEAREST MODEL-GRID LOCATIONS VIA OPEN-METEO AND SPATIALLY WEIGHTED OVER THE TEHRI CATCHMENT.
2024-07-01 06:00:00+00:00,0.11,0.338,0.704,ERA5-LAND HOURLY PRECIPITATION SAMPLED AT NEAREST MODEL-GRID LOCATIONS VIA OPEN-METEO AND SPATIALLY WEIGHTED OVER THE TEHRI CATCHMENT.
2024-07-01 07:00:00+00:00,0.19,1.026,0.605,ERA5-LAND HOURLY PRECIPITATION SAMPLED AT NEAREST MODEL-GRID LOCATIONS VIA OPEN-METEO AND SPATIALLY WEIGHTED OVER THE TEHRI CATCHMENT.
2024-07-01 08:00:00+00:00,0.217,2.609,0.431,ERA5-LAND HOURLY PRECIPITATION SAMPLED AT NEAREST MODEL-GRID LOCATIONS VIA OPEN-METEO AND SPATIALLY WEIGHTED OVER THE TEHRI CATCHMENT.
2024-07-01 09:00:00+00:00,0.389,0.733,0.23,ERA5-LAND HOURLY PRECIPITATION SAMPLED AT NEAREST MODEL-GRID LOCATIONS VIA OPEN-METEO AND SPATIALLY WEIGHTED OVER THE TEHRI CATCHMENT.
2024-07-01 10:00:00+00:00,0.186,1.039,0.131,ERA5-LAND HOURLY PRECIPITATION SAMPLED AT NEAREST MODEL-GRID LOCATIONS VIA OPEN-METEO AND SPATIALLY WEIGHTED OVER THE TEHRI CATCHMENT.
2024-07-01 11:00:00+00:00,0.148,0.378,0.744,ERA5-LAND HOURLY PRECIPITATION SAMPLED AT NEAREST MODEL-GRID LOCATIONS VIA OPEN-METEO AND SPATIALLY WEIGHTED OVER THE TEHRI CATCHMENT.
2024-07-01 12:00:00+00:00,0.083,0.391,0.245,ERA5-LAND HOURLY PRECIPITATION SAMPLED AT NEAREST MODEL-GRID LOCATIONS VIA OPEN-METEO AND SPATIALLY WEIGHTED OVER THE TEHRI CATCHMENT.
2024-07-01 13:00:00+00:00,0.073,0.302,0.078,ERA5-LAND HOURLY PRECIPITATION SAMPLED AT NEAREST MODEL-GRID LOCATIONS VIA OPEN-METEO AND SPATIALLY WEIGHTED OVER THE TEHRI CATCHMENT.
2024-07-01 14:00:00+00:00,0.196,0.609,0.181,ERA5-LAND HOURLY PRECIPITATION SAMPLED AT NEAREST MODEL-GRID LOCATIONS VIA OPEN-METEO AND SPATIALLY WEIGHTED OVER THE TEHRI CATCHMENT.
2024-07-01 15:00:00+00:00,0.408,0.71,0.211,ERA5-LAND HOURLY PRECIPITATION SAMPLED AT NEAREST MODEL-GRID LOCATIONS VIA OPEN-METEO AND SPATIALLY WEIGHTED OVER THE TEHRI CATCHMENT.
2024-07-01 16:00:00+00:00,0.832,0.618,0.201,ERA5-LAND HOURLY PRECIPITATION SAMPLED AT NEAREST MODEL-GRID LOCATIONS VIA OPEN-METEO AND SPATIALLY WEIGHTED OVER THE TEHRI CATCHMENT.
2024-07-01 17:00:00+00:00,0.918,0.409,0.058,ERA5-LAND HOURLY PRECIPITATION SAMPLED AT NEAREST MODEL-GRID LOCATIONS VIA OPEN-METEO AND SPATIALLY WEIGHTED OVER THE TEHRI CATCHMENT.
2024-07-01 18:00:00+00:00,0.651,0.258,0.056,ERA5-LAND HOURLY PRECIPITATION SAMPLED AT NEAREST MODEL-GRID LOCATIONS VIA OPEN-METEO AND SPATIALLY WEIGHTED OVER THE TEHRI CATCHMENT.
2024-07-01 19:00:00+00:00,0.265,0.096,0.053,ERA5-LAND HOURLY PRECIPITATION SAMPLED AT NEAREST MODEL-GRID LOCATIONS VIA OPEN-METEO AND SPATIALLY WEIGHTED OVER THE TEHRI CATCHMENT.
2024-07-01 20:00:00+00:00,0.068,0.026,0.013,ERA5-LAND HOURLY PRECIPITATION SAMPLED AT NEAREST MODEL-GRID LOCATIONS VIA OPEN-METEO AND SPATIALLY WEIGHTED OVER THE TEHRI CATCHMENT.
2024-07-01 21:00:00+00:00,0.009,0.009,0.03,ERA5-LAND HOURLY PRECIPITATION SAMPLED AT NEAREST MODEL-GRID LOCATIONS VIA OPEN-METEO AND SPATIALLY WEIGHTED OVER THE TEHRI CATCHMENT.
2024-07-01 22:00:00+00:00,0.056,0.009,0.052,ERA5-LAND HOURLY PRECIPITATION SAMPLED AT NEAREST MODEL-GRID LOCATIONS VIA OPEN-METEO AND SPATIALLY WEIGHTED OVER THE TEHRI CATCHMENT.
2024-07-01 23:00:00+00:00,0.027,0.014,0.028,ERA5-LAND HOURLY PRECIPITATION SAMPLED AT NEAREST MODEL-GRID LOCATIONS VIA OPEN-METEO AND SPATIALLY WEIGHTED OVER THE TEHRI CATCHMENT.
2024-07-02 00:00:00+00:00,0.01,0.006,0.021,ERA5-LAND HOURLY PRECIPITATION SAMPLED AT NEAREST MODEL-GRID LOCATIONS VIA OPEN-METEO AND SPATIALLY WEIGHTED OVER THE TEHRI CATCHMENT.
2024-07-02 01:00:00+00:00,0.015,0.02,0.006,ERA5-LAND HOURLY PRECIPITATION SAMPLED AT NEAREST MODEL-GRID LOCATIONS VIA OPEN-METEO AND SPATIALLY WEIGHTED OVER THE TEHRI CATCHMENT.
2024-07-02 02:00:00+00:00,0.009,0.027,0.015,ERA5-LAND HOURLY PRECIPITATION SAMPLED AT NEAREST MODEL-GRID LOCATIONS VIA OPEN-METEO AND SPATIALLY WEIGHTED OVER THE TEHRI CATCHMENT.
2024-07-02 03:00:00+00:00,0.041,0.142,0.043,ERA5-LAND HOURLY PRECIPITATION SAMPLED AT NEAREST MODEL-GRID LOCATIONS VIA OPEN-METEO AND SPATIALLY WEIGHTED OVER THE TEHRI CATCHMENT.
2024-07-02 04:00:00+00:00,0.033,0.151,0.08,ERA5-LAND HOURLY PRECIPITATION SAMPLED AT NEAREST MODEL-GRID LOCATIONS VIA OPEN-METEO AND SPATIALLY WEIGHTED OVER THE TEHRI CATCHMENT.
2024-07-02 05:00:00+00:00,0.095,0.185,0.119,ERA5-LAND HOURLY PRECIPITATION SAMPLED AT NEAREST MODEL-GRID LOCATIONS VIA OPEN-METEO AND SPATIALLY WEIGHTED OVER THE TEHRI CATCHMENT.
2024-07-02 06:00:00+00:00,0.417,1.461,0.242,ERA5-LAND HOURLY PRECIPITATION SAMPLED AT NEAREST MODEL-GRID LOCATIONS VIA OPEN-METEO AND SPATIALLY WEIGHTED OVER THE TEHRI CATCHMENT.
2024-07-02 07:00:00+00:00,0.323,1.114,1.042,ERA5-LAND HOURLY PRECIPITATION SAMPLED AT NEAREST MODEL-GRID LOCATIONS VIA OPEN-METEO AND SPATIALLY WEIGHTED OVER THE TEHRI CATCHMENT.
2024-07-02 08:00:00+00:00,0.607,2.4,1.605,ERA5-LAND HOURLY PRECIPITATION SAMPLED AT NEAREST MODEL-GRID LOCATIONS VIA OPEN-METEO AND SPATIALLY WEIGHTED OVER THE TEHRI CATCHMENT.
2024-07-02 09:00:00+00:00,0.514,0.611,1.432,ERA5-LAND HOURLY PRECIPITATION SAMPLED AT NEAREST MODEL-GRID LOCATIONS VIA OPEN-METEO AND SPATIALLY WEIGHTED OVER THE TEHRI CATCHMENT.
2024-07-02 10:00:00+00:00,0.355,1.262,4.565,ERA5-LAND HOURLY PRECIPITATION SAMPLED AT NEAREST MODEL-GRID LOCATIONS VIA OPEN-METEO AND SPATIALLY WEIGHTED OVER THE TEHRI CATCHMENT.
2024-07-02 11:00:00+00:00,0.692,0.787,0.347,ERA5-LAND HOURLY PRECIPITATION SAMPLED AT NEAREST MODEL-GRID LOCATIONS VIA OPEN-METEO AND SPATIALLY WEIGHTED OVER THE TEHRI CATCHMENT.
2024-07-02 12:00:00+00:00,0.169,1.135,0.434,ERA5-LAND HOURLY PRECIPITATION SAMPLED AT NEAREST MODEL-GRID LOCATIONS VIA OPEN-METEO AND SPATIALLY WEIGHTED OVER THE TEHRI CATCHMENT.
2024-07-02 13:00:00+00:00,0.437,0.87,1.295,ERA5-LAND HOURLY PRECIPITATION SAMPLED AT NEAREST MODEL-GRID LOCATIONS VIA OPEN-METEO AND SPATIALLY WEIGHTED OVER THE TEHRI CATCHMENT.
2024-07-02 14:00:00+00:00,0.117,0.783,0.687,ERA5-LAND HOURLY PRECIPITATION SAMPLED AT NEAREST MODEL-GRID LOCATIONS VIA OPEN-METEO AND SPATIALLY WEIGHTED OVER THE TEHRI CATCHMENT.
2024-07-02 15:00:00+00:00,0.042,0.262,0.774,ERA5-LAND HOURLY PRECIPITATION SAMPLED AT NEAREST MODEL-GRID LOCATIONS VIA OPEN-METEO AND SPATIALLY WEIGHTED OVER THE TEHRI CATCHMENT.
2024-07-02 16:00:00+00:00,0.017,0.126,0.17,ERA5-LAND HOURLY PRECIPITATION SAMPLED AT NEAREST MODEL-GRID LOCATIONS VIA OPEN-METEO AND SPATIALLY WEIGHTED OVER THE TEHRI CATCHMENT.
2024-07-02 17:00:00+00:00,0.013,1.018,0.297,ERA5-LAND HOURLY PRECIPITATION SAMPLED AT NEAREST MODEL-GRID LOCATIONS VIA OPEN-METEO AND SPATIALLY WEIGHTED OVER THE TEHRI CATCHMENT.
2024-07-02 18:00:00+00:00,0.076,1.533,1.777,ERA5-LAND HOURLY PRECIPITATION SAMPLED AT NEAREST MODEL-GRID LOCATIONS VIA OPEN-METEO AND SPATIALLY WEIGHTED OVER THE TEHRI CATCHMENT.
2024-07-02 19:00:00+00:00,0.038,1.123,1.111,ERA5-LAND HOURLY PRECIPITATION SAMPLED AT NEAREST MODEL-GRID LOCATIONS VIA OPEN-METEO AND SPATIALLY WEIGHTED OVER THE TEHRI CATCHMENT.
2024-07-02 20:00:00+00:00,0.015,1.842,2.724,ERA5-LAND HOURLY PRECIPITATION SAMPLED AT NEAREST MODEL-GRID LOCATIONS VIA OPEN-METEO AND SPATIALLY WEIGHTED OVER THE TEHRI CATCHMENT.
2024-07-02 21:00:00+00:00,0.028,2.146,1.841,ERA5-LAND HOURLY PRECIPITATION SAMPLED AT NEAREST MODEL-GRID LOCATIONS VIA OPEN-METEO AND SPATIALLY WEIGHTED OVER THE TEHRI CATCHMENT.
2024-07-02 22:00:00+00:00,0.019,0.428,1.191,ERA5-LAND HOURLY PRECIPITATION SAMPLED AT NEAREST MODEL-GRID LOCATIONS VIA OPEN-METEO AND SPATIALLY WEIGHTED OVER THE TEHRI CATCHMENT.
2024-07-02 23:00:00+00:00,0.0,2.613,1.188,ERA5-LAND HOURLY PRECIPITATION SAMPLED AT NEAREST MODEL-GRID LOCATIONS VIA OPEN-METEO AND SPATIALLY WEIGHTED OVER THE TEHRI CATCHMENT.
2024-07-03 00:00:00+00:00,0.009,0.838,2.06,ERA5-LAND HOURLY PRECIPITATION SAMPLED AT NEAREST MODEL-GRID LOCATIONS VIA OPEN-METEO AND SPATIALLY WEIGHTED OVER THE TEHRI CATCHMENT.
2024-07-03 01:00:00+00:00,0.0,0.093,0.358,ERA5-LAND HOURLY PRECIPITATION SAMPLED AT NEAREST MODEL-GRID LOCATIONS VIA OPEN-METEO AND SPATIALLY WEIGHTED OVER THE TEHRI CATCHMENT.
2024-07-03 02:00:00+00:00,0.004,0.04,0.032,ERA5-LAND HOURLY PRECIPITATION SAMPLED AT NEAREST MODEL-GRID LOCATIONS VIA OPEN-METEO AND SPATIALLY WEIGHTED OVER THE TEHRI CATCHMENT.
2024-07-03 03:00:00+00:00,0.029,0.091,0.091,ERA5-LAND HOURLY PRECIPITATION SAMPLED AT NEAREST MODEL-GRID LOCATIONS VIA OPEN-METEO AND SPATIALLY WEIGHTED OVER THE TEHRI CATCHMENT.
2024-07-03 04:00:00+00:00,0.051,0.276,0.158,ERA5-LAND HOURLY PRECIPITATION SAMPLED AT NEAREST MODEL-GRID LOCATIONS VIA OPEN-METEO AND SPATIALLY WEIGHTED OVER THE TEHRI CATCHMENT.
2024-07-03 05:00:00+00:00,0.059,0.1,0.184,ERA5-LAND HOURLY PRECIPITATION SAMPLED AT NEAREST MODEL-GRID LOCATIONS VIA OPEN-METEO AND SPATIALLY WEIGHTED OVER THE TEHRI CATCHMENT.
2024-07-03 06:00:00+00:00,0.136,0.232,0.165,ERA5-LAND HOURLY PRECIPITATION SAMPLED AT NEAREST MODEL-GRID LOCATIONS VIA OPEN-METEO AND SPATIALLY WEIGHTED OVER THE TEHRI CATCHMENT.
2024-07-03 07:00:00+00:00,0.414,0.235,0.31,ERA5-LAND HOURLY PRECIPITATION SAMPLED AT NEAREST MODEL-GRID LOCATIONS VIA OPEN-METEO AND SPATIALLY WEIGHTED OVER THE TEHRI CATCHMENT.
2024-07-03 08:00:00+00:00,0.458,0.389,0.542,ERA5-LAND HOURLY PRECIPITATION SAMPLED AT NEAREST MODEL-GRID LOCATIONS VIA OPEN-METEO AND SPATIALLY WEIGHTED OVER THE TEHRI CATCHMENT.
2024-07-03 09:00:00+00:00,0.371,2.211,0.444,ERA5-LAND HOURLY PRECIPITATION SAMPLED AT NEAREST MODEL-GRID LOCATIONS VIA OPEN-METEO AND SPATIALLY WEIGHTED OVER THE TEHRI CATCHMENT.
2024-07-03 10:00:00+00:00,0.455,0.861,0.614,ERA5-LAND HOURLY PRECIPITATION SAMPLED AT NEAREST MODEL-GRID LOCATIONS VIA OPEN-METEO AND SPATIALLY WEIGHTED OVER THE TEHRI CATCHMENT.
2024-07-03 11:00:00+00:00,0.332,0.385,0.572,ERA5-LAND HOURLY PRECIPITATION SAMPLED AT NEAREST MODEL-GRID LOCATIONS VIA OPEN-METEO AND SPATIALLY WEIGHTED OVER THE TEHRI CATCHMENT.
2024-07-03 12:00:00+00:00,0.175,0.677,0.465,ERA5-LAND HOURLY PRECIPITATION SAMPLED AT NEAREST MODEL-GRID LOCATIONS VIA OPEN-METEO AND SPATIALLY WEIGHTED OVER THE TEHRI CATCHMENT.
2024-07-03 13:00:00+00:00,0.206,0.36,1.004,ERA5-LAND HOURLY PRECIPITATION SAMPLED AT NEAREST MODEL-GRID LOCATIONS VIA OPEN-METEO AND SPATIALLY WEIGHTED OVER THE TEHRI CATCHMENT.
2024-07-03 14:00:00+00:00,0.124,0.159,0.314,ERA5-LAND HOURLY PRECIPITATION SAMPLED AT NEAREST MODEL-GRID LOCATIONS VIA OPEN-METEO AND SPATIALLY WEIGHTED OVER THE TEHRI CATCHMENT.
2024-07-03 15:00:00+00:00,0.101,0.119,0.104,ERA5-LAND HOURLY PRECIPITATION SAMPLED AT NEAREST MODEL-GRID LOCATIONS VIA OPEN-METEO AND SPATIALLY WEIGHTED OVER THE TEHRI CATCHMENT.
2024-07-03 16:00:00+00:00,0.054,0.062,0.004,ERA5-LAND HOURLY PRECIPITATION SAMPLED AT NEAREST MODEL-GRID LOCATIONS VIA OPEN-METEO AND SPATIALLY WEIGHTED OVER THE TEHRI CATCHMENT.
2024-07-03 17:00:00+00:00,0.047,0.031,0.008,ERA5-LAND HOURLY PRECIPITATION SAMPLED AT NEAREST MODEL-GRID LOCATIONS VIA OPEN-METEO AND SPATIALLY WEIGHTED OVER THE TEHRI CATCHMENT.
2024-07-03 18:00:00+00:00,0.15,0.1,0.101,ERA5-LAND HOURLY PRECIPITATION SAMPLED AT NEAREST MODEL-GRID LOCATIONS VIA OPEN-METEO AND SPATIALLY WEIGHTED OVER THE TEHRI CATCHMENT.
2024-07-03 19:00:00+00:00,0.16,0.227,0.114,ERA5-LAND HOURLY PRECIPITATION SAMPLED AT NEAREST MODEL-GRID LOCATIONS VIA OPEN-METEO AND SPATIALLY WEIGHTED OVER THE TEHRI CATCHMENT.
2024-07-03 20:00:00+00:00,0.107,0.121,0.036,ERA5-LAND HOURLY PRECIPITATION SAMPLED AT NEAREST MODEL-GRID LOCATIONS VIA OPEN-METEO AND SPATIALLY WEIGHTED OVER THE TEHRI CATCHMENT.
2024-07-03 21:00:00+00:00,0.086,0.051,0.029,ERA5-LAND HOURLY PRECIPITATION SAMPLED AT NEAREST MODEL-GRID LOCATIONS VIA OPEN-METEO AND SPATIALLY WEIGHTED OVER THE TEHRI CATCHMENT.
2024-07-03 22:00:00+00:00,0.092,0.145,0.051,ERA5-LAND HOURLY PRECIPITATION SAMPLED AT NEAREST MODEL-GRID LOCATIONS VIA OPEN-METEO AND SPATIALLY WEIGHTED OVER THE TEHRI CATCHMENT.
2024-07-03 23:00:00+00:00,0.07,0.123,0.056,ERA5-LAND HOURLY PRECIPITATION SAMPLED AT NEAREST MODEL-GRID LOCATIONS VIA OPEN-METEO AND SPATIALLY WEIGHTED OVER THE TEHRI CATCHMENT.
2024-07-04 00:00:00+00:00,0.027,0.042,0.001,ERA5-LAND HOURLY PRECIPITATION SAMPLED AT NEAREST MODEL-GRID LOCATIONS VIA OPEN-METEO AND SPATIALLY WEIGHTED OVER THE TEHRI CATCHMENT.
2024-07-04 01:00:00+00:00,0.0,0.059,0.082,ERA5-LAND HOURLY PRECIPITATION SAMPLED AT NEAREST MODEL-GRID LOCATIONS VIA OPEN-METEO AND SPATIALLY WEIGHTED OVER THE TEHRI CATCHMENT.
2024-07-04 02:00:00+00:00,0.001,0.027,0.017,ERA5-LAND HOURLY PRECIPITATION SAMPLED AT NEAREST MODEL-GRID LOCATIONS VIA OPEN-METEO AND SPATIALLY WEIGHTED OVER THE TEHRI CATCHMENT.
2024-07-04 03:00:00+00:00,0.008,0.026,0.017,ERA5-LAND HOURLY PRECIPITATION SAMPLED AT NEAREST MODEL-GRID LOCATIONS VIA OPEN-METEO AND SPATIALLY WEIGHTED OVER THE TEHRI CATCHMENT.
2024-07-04 04:00:00+00:00,0.051,0.066,0.045,ERA5-LAND HOURLY PRECIPITATION SAMPLED AT NEAREST MODEL-GRID LOCATIONS VIA OPEN-METEO AND SPATIALLY WEIGHTED OVER THE TEHRI CATCHMENT.
2024-07-04 05:00:00+00:00,0.122,0.126,0.076,ERA5-LAND HOURLY PRECIPITATION SAMPLED AT NEAREST MODEL-GRID LOCATIONS VIA OPEN-METEO AND SPATIALLY WEIGHTED OVER THE TEHRI CATCHMENT.
2024-07-04 06:00:00+00:00,0.162,0.347,0.076,ERA5-LAND HOURLY PRECIPITATION SAMPLED AT NEAREST MODEL-GRID LOCATIONS VIA OPEN-METEO AND SPATIALLY WEIGHTED OVER THE TEHRI CATCHMENT.
2024-07-04 07:00:00+00:00,0.721,0.432,0.835,ERA5-LAND HOURLY PRECIPITATION SAMPLED AT NEAREST MODEL-GRID LOCATIONS VIA OPEN-METEO AND SPATIALLY WEIGHTED OVER THE TEHRI CATCHMENT.
2024-07-04 08:00:00+00:00,0.363,0.543,0.209,ERA5-LAND HOURLY PRECIPITATION SAMPLED AT NEAREST MODEL-GRID LOCATIONS VIA OPEN-METEO AND SPATIALLY WEIGHTED OVER THE TEHRI CATCHMENT.
2024-07-04 09:00:00+00:00,0.252,1.208,0.162,ERA5-LAND HOURLY PRECIPITATION SAMPLED AT NEAREST MODEL-GRID LOCATIONS VIA OPEN-METEO AND SPATIALLY WEIGHTED OVER THE TEHRI CATCHMENT.
2024-07-04 10:00:00+00:00,0.646,0.675,0.175,ERA5-LAND HOURLY PRECIPITATION SAMPLED AT NEAREST MODEL-GRID LOCATIONS VIA OPEN-METEO AND SPATIALLY WEIGHTED OVER THE TEHRI CATCHMENT.
2024-07-04 11:00:00+00:00,0.264,1.065,0.472,ERA5-LAND HOURLY PRECIPITATION SAMPLED AT NEAREST MODEL-GRID LOCATIONS VIA OPEN-METEO AND SPATIALLY WEIGHTED OVER THE TEHRI CATCHMENT.
2024-07-04 12:00:00+00:00,0.182,0.689,0.476,ERA5-LAND HOURLY PRECIPITATION SAMPLED AT NEAREST MODEL-GRID LOCATIONS VIA OPEN-METEO AND SPATIALLY WEIGHTED OVER THE TEHRI CATCHMENT.
2024-07-04 13:00:00+00:00,0.265,0.275,0.448,ERA5-LAND HOURLY PRECIPITATION SAMPLED AT NEAREST MODEL-GRID LOCATIONS VIA OPEN-METEO AND SPATIALLY WEIGHTED OVER THE TEHRI CATCHMENT.
2024-07-04 14:00:00+00:00,0.5,0.695,0.283,ERA5-LAND HOURLY PRECIPITATION SAMPLED AT NEAREST MODEL-GRID LOCATIONS VIA OPEN-METEO AND SPATIALLY WEIGHTED OVER THE TEHRI CATCHMENT.
2024-07-04 15:00:00+00:00,0.408,0.657,0.211,ERA5-LAND HOURLY PRECIPITATION SAMPLED AT NEAREST MODEL-GRID LOCATIONS VIA OPEN-METEO AND SPATIALLY WEIGHTED OVER THE TEHRI CATCHMENT.
2024-07-04 16:00:00+00:00,0.7,1.18,0.558,ERA5-LAND HOURLY PRECIPITATION SAMPLED AT NEAREST MODEL-GRID LOCATIONS VIA OPEN-METEO AND SPATIALLY WEIGHTED OVER THE TEHRI CATCHMENT.
2024-07-04 17:00:00+00:00,0.84,3.049,1.483,ERA5-LAND HOURLY PRECIPITATION SAMPLED AT NEAREST MODEL-GRID LOCATIONS VIA OPEN-METEO AND SPATIALLY WEIGHTED OVER THE TEHRI CATCHMENT.
2024-07-04 18:00:00+00:00,0.508,2.989,0.983,ERA5-LAND HOURLY PRECIPITATION SAMPLED AT NEAREST MODEL-GRID LOCATIONS VIA OPEN-METEO AND SPATIALLY WEIGHTED OVER THE TEHRI CATCHMENT.
2024-07-04 19:00:00+00:00,0.319,2.806,1.58,ERA5-LAND HOURLY PRECIPITATION SAMPLED AT NEAREST MODEL-GRID LOCATIONS VIA OPEN-METEO AND SPATIALLY WEIGHTED OVER THE TEHRI CATCHMENT.
2024-07-04 20:00:00+00:00,0.601,2.244,1.204,ERA5-LAND HOURLY PRECIPITATION SAMPLED AT NEAREST MODEL-GRID LOCATIONS VIA OPEN-METEO AND SPATIALLY WEIGHTED OVER THE TEHRI CATCHMENT.
2024-07-04 21:00:00+00:00,0.428,1.73,0.69,ERA5-LAND HOURLY PRECIPITATION SAMPLED AT NEAREST MODEL-GRID LOCATIONS VIA OPEN-METEO AND SPATIALLY WEIGHTED OVER THE TEHRI CATCHMENT.
2024-07-04 22:00:00+00:00,0.777,1.773,1.222,ERA5-LAND HOURLY PRECIPITATION SAMPLED AT NEAREST MODEL-GRID LOCATIONS VIA OPEN-METEO AND SPATIALLY WEIGHTED OVER THE TEHRI CATCHMENT.
2024-07-04 23:00:00+00:00,0.932,2.01,2.913,ERA5-LAND HOURLY PRECIPITATION SAMPLED AT NEAREST MODEL-GRID LOCATIONS VIA OPEN-METEO AND SPATIALLY WEIGHTED OVER THE TEHRI CATCHMENT.
2024-07-05 00:00:00+00:00,0.87,2.27,3.752,ERA5-LAND HOURLY PRECIPITATION SAMPLED AT NEAREST MODEL-GRID LOCATIONS VIA OPEN-METEO AND SPATIALLY WEIGHTED OVER THE TEHRI CATCHMENT.
2024-07-05 01:00:00+00:00,0.44,1.529,3.868,ERA5-LAND HOURLY PRECIPITATION SAMPLED AT NEAREST MODEL-GRID LOCATIONS VIA OPEN-METEO AND SPATIALLY WEIGHTED OVER THE TEHRI CATCHMENT.
2024-07-05 02:00:00+00:00,0.482,2.033,2.923,ERA5-LAND HOURLY PRECIPITATION SAMPLED AT NEAREST MODEL-GRID LOCATIONS VIA OPEN-METEO AND SPATIALLY WEIGHTED OVER THE TEHRI CATCHMENT.
2024-07-05 03:00:00+00:00,0.671,2.376,3.364,ERA5-LAND HOURLY PRECIPITATION SAMPLED AT NEAREST MODEL-GRID LOCATIONS VIA OPEN-METEO AND SPATIALLY WEIGHTED OVER THE TEHRI CATCHMENT.
2024-07-05 04:00:00+00:00,1.291,2.085,4.242,ERA5-LAND HOURLY PRECIPITATION SAMPLED AT NEAREST MODEL-GRID LOCATIONS VIA OPEN-METEO AND SPATIALLY WEIGHTED OVER THE TEHRI CATCHMENT.
2024-07-05 05:00:00+00:00,1.378,2.663,3.783,ERA5-LAND HOURLY PRECIPITATION SAMPLED AT NEAREST MODEL-GRID LOCATIONS VIA OPEN-METEO AND SPATIALLY WEIGHTED OVER THE TEHRI CATCHMENT.
2024-07-05 06:00:00+00:00,1.073,2.527,2.953,ERA5-LAND HOURLY PRECIPITATION SAMPLED AT NEAREST MODEL-GRID LOCATIONS VIA OPEN-METEO AND SPATIALLY WEIGHTED OVER THE TEHRI CATCHMENT.
2024-07-05 07:00:00+00:00,0.852,1.818,1.718,ERA5-LAND HOURLY PRECIPITATION SAMPLED AT NEAREST MODEL-GRID LOCATIONS VIA OPEN-METEO AND SPATIALLY WEIGHTED OVER THE TEHRI CATCHMENT.
2024-07-05 08:00:00+00:00,0.498,0.806,0.781,ERA5-LAND HOURLY PRECIPITATION SAMPLED AT NEAREST MODEL-GRID LOCATIONS VIA OPEN-METEO AND SPATIALLY WEIGHTED OVER THE TEHRI CATCHMENT.
2024-07-05 09:00:00+00:00,0.279,0.359,0.712,ERA5-LAND HOURLY PRECIPITATION SAMPLED AT NEAREST MODEL-GRID LOCATIONS VIA OPEN-METEO AND SPATIALLY WEIGHTED OVER THE TEHRI CATCHMENT.
2024-07-05 10:00:00+00:00,0.228,0.33,0.668,ERA5-LAND HOURLY PRECIPITATION SAMPLED AT NEAREST MODEL-GRID LOCATIONS VIA OPEN-METEO AND SPATIALLY WEIGHTED OVER THE TEHRI CATCHMENT.
2024-07-05 11:00:00+00:00,0.199,0.325,0.315,ERA5-LAND HOURLY PRECIPITATION SAMPLED AT NEAREST MODEL-GRID LOCATIONS VIA OPEN-METEO AND SPATIALLY WEIGHTED OVER THE TEHRI CATCHMENT.
2024-07-05 12:00:00+00:00,0.147,0.28,0.102,ERA5-LAND HOURLY PRECIPITATION SAMPLED AT NEAREST MODEL-GRID LOCATIONS VIA OPEN-METEO AND SPATIALLY WEIGHTED OVER THE TEHRI CATCHMENT.
2024-07-05 13:00:00+00:00,0.252,1.874,1.292,ERA5-LAND HOURLY PRECIPITATION SAMPLED AT NEAREST MODEL-GRID LOCATIONS VIA OPEN-METEO AND SPATIALLY WEIGHTED OVER THE TEHRI CATCHMENT.
2024-07-05 14:00:00+00:00,0.486,1.371,1.841,ERA5-LAND HOURLY PRECIPITATION SAMPLED AT NEAREST MODEL-GRID LOCATIONS VIA OPEN-METEO AND SPATIALLY WEIGHTED OVER THE TEHRI CATCHMENT.
2024-07-05 15:00:00+00:00,0.485,1.012,1.257,ERA5-LAND HOURLY PRECIPITATION SAMPLED AT NEAREST MODEL-GRID LOCATIONS VIA OPEN-METEO AND SPATIALLY WEIGHTED OVER THE TEHRI CATCHMENT.
2024-07-05 16:00:00+00:00,0.429,0.464,1.648,ERA5-LAND HOURLY PRECIPITATION SAMPLED AT NEAREST MODEL-GRID LOCATIONS VIA OPEN-METEO AND SPATIALLY WEIGHTED OVER THE TEHRI CATCHMENT.
2024-07-05 17:00:00+00:00,0.399,0.202,0.198,ERA5-LAND HOURLY PRECIPITATION SAMPLED AT NEAREST MODEL-GRID LOCATIONS VIA OPEN-METEO AND SPATIALLY WEIGHTED OVER THE TEHRI CATCHMENT.
2024-07-05 18:00:00+00:00,0.397,0.219,0.28,ERA5-LAND HOURLY PRECIPITATION SAMPLED AT NEAREST MODEL-GRID LOCATIONS VIA OPEN-METEO AND SPATIALLY WEIGHTED OVER THE TEHRI CATCHMENT.
2024-07-05 19:00:00+00:00,0.427,0.346,0.096,ERA5-LAND HOURLY PRECIPITATION SAMPLED AT NEAREST MODEL-GRID LOCATIONS VIA OPEN-METEO AND SPATIALLY WEIGHTED OVER THE TEHRI CATCHMENT.
2024-07-05 20:00:00+00:00,0.315,0.149,0.04,ERA5-LAND HOURLY PRECIPITATION SAMPLED AT NEAREST MODEL-GRID LOCATIONS VIA OPEN-METEO AND SPATIALLY WEIGHTED OVER THE TEHRI CATCHMENT.
2024-07-05 21:00:00+00:00,0.151,0.03,0.004,ERA5-LAND HOURLY PRECIPITATION SAMPLED AT NEAREST MODEL-GRID LOCATIONS VIA OPEN-METEO AND SPATIALLY WEIGHTED OVER THE TEHRI CATCHMENT.
2024-07-05 22:00:00+00:00,0.049,0.026,0.001,ERA5-LAND HOURLY PRECIPITATION SAMPLED AT NEAREST MODEL-GRID LOCATIONS VIA OPEN-METEO AND SPATIALLY WEIGHTED OVER THE TEHRI CATCHMENT.
2024-07-05 23:00:00+00:00,0.026,0.013,0.006,ERA5-LAND HOURLY PRECIPITATION SAMPLED AT NEAREST MODEL-GRID LOCATIONS VIA OPEN-METEO AND SPATIALLY WEIGHTED OVER THE TEHRI CATCHMENT.
2024-07-06 00:00:00+00:00,0.052,0.017,0.02,ERA5-LAND HOURLY PRECIPITATION SAMPLED AT NEAREST MODEL-GRID LOCATIONS VIA OPEN-METEO AND SPATIALLY WEIGHTED OVER THE TEHRI CATCHMENT.
2024-07-06 01:00:00+00:00,0.01,0.342,0.075,ERA5-LAND HOURLY PRECIPITATION SAMPLED AT NEAREST MODEL-GRID LOCATIONS VIA OPEN-METEO AND SPATIALLY WEIGHTED OVER THE TEHRI CATCHMENT.
2024-07-06 02:00:00+00:00,0.043,0.519,0.143,ERA5-LAND HOURLY PRECIPITATION SAMPLED AT NEAREST MODEL-GRID LOCATIONS VIA OPEN-METEO AND SPATIALLY WEIGHTED OVER THE TEHRI CATCHMENT.
2024-07-06 03:00:00+00:00,0.145,0.382,0.197,ERA5-LAND HOURLY PRECIPITATION SAMPLED AT NEAREST MODEL-GRID LOCATIONS VIA OPEN-METEO AND SPATIALLY WEIGHTED OVER THE TEHRI CATCHMENT.
2024-07-06 04:00:00+00:00,0.32,0.637,0.134,ERA5-LAND HOURLY PRECIPITATION SAMPLED AT NEAREST MODEL-GRID LOCATIONS VIA OPEN-METEO AND SPATIALLY WEIGHTED OVER THE TEHRI CATCHMENT.
2024-07-06 05:00:00+00:00,0.567,1.62,0.498,ERA5-LAND HOURLY PRECIPITATION SAMPLED AT NEAREST MODEL-GRID LOCATIONS VIA OPEN-METEO AND SPATIALLY WEIGHTED OVER THE TEHRI CATCHMENT.
2024-07-06 06:00:00+00:00,0.637,1.349,0.439,ERA5-LAND HOURLY PRECIPITATION SAMPLED AT NEAREST MODEL-GRID LOCATIONS VIA OPEN-METEO AND SPATIALLY WEIGHTED OVER THE TEHRI CATCHMENT.
2024-07-06 07:00:00+00:00,0.463,0.783,0.158,ERA5-LAND HOURLY PRECIPITATION SAMPLED AT NEAREST MODEL-GRID LOCATIONS VIA OPEN-METEO AND SPATIALLY WEIGHTED OVER THE TEHRI CATCHMENT.
2024-07-06 08:00:00+00:00,0.466,1.598,0.278,ERA5-LAND HOURLY PRECIPITATION SAMPLED AT NEAREST MODEL-GRID LOCATIONS VIA OPEN-METEO AND SPATIALLY WEIGHTED OVER THE TEHRI CATCHMENT.
2024-07-06 09:00:00+00:00,0.54,1.891,0.374,ERA5-LAND HOURLY PRECIPITATION SAMPLED AT NEAREST MODEL-GRID LOCATIONS VIA OPEN-METEO AND SPATIALLY WEIGHTED OVER THE TEHRI CATCHMENT.
2024-07-06 10:00:00+00:00,0.562,1.532,0.534,ERA5-LAND HOURLY PRECIPITATION SAMPLED AT NEAREST MODEL-GRID LOCATIONS VIA OPEN-METEO AND SPATIALLY WEIGHTED OVER THE TEHRI CATCHMENT.
2024-07-06 11:00:00+00:00,0.417,0.729,0.443,ERA5-LAND HOURLY PRECIPITATION SAMPLED AT NEAREST MODEL-GRID LOCATIONS VIA OPEN-METEO AND SPATIALLY WEIGHTED OVER THE TEHRI CATCHMENT.
2024-07-06 12:00:00+00:00,0.3,0.654,0.192,ERA5-LAND HOURLY PRECIPITATION SAMPLED AT NEAREST MODEL-GRID LOCATIONS VIA OPEN-METEO AND SPATIALLY WEIGHTED OVER THE TEHRI CATCHMENT.
2024-07-06 13:00:00+00:00,0.413,0.376,0.278,ERA5-LAND HOURLY PRECIPITATION SAMPLED AT NEAREST MODEL-GRID LOCATIONS VIA OPEN-METEO AND SPATIALLY WEIGHTED OVER THE TEHRI CATCHMENT.
2024-07-06 14:00:00+00:00,0.194,0.665,0.156,ERA5-LAND HOURLY PRECIPITATION SAMPLED AT NEAREST MODEL-GRID LOCATIONS VIA OPEN-METEO AND SPATIALLY WEIGHTED OVER THE TEHRI CATCHMENT.
2024-07-06 15:00:00+00:00,0.055,0.875,0.047,ERA5-LAND HOURLY PRECIPITATION SAMPLED AT NEAREST MODEL-GRID LOCATIONS VIA OPEN-METEO AND SPATIALLY WEIGHTED OVER THE TEHRI CATCHMENT.
2024-07-06 16:00:00+00:00,0.059,1.818,0.126,ERA5-LAND HOURLY PRECIPITATION SAMPLED AT NEAREST MODEL-GRID LOCATIONS VIA OPEN-METEO AND SPATIALLY WEIGHTED OVER THE TEHRI CATCHMENT.
2024-07-06 17:00:00+00:00,0.097,1.776,0.479,ERA5-LAND HOURLY PRECIPITATION SAMPLED AT NEAREST MODEL-GRID LOCATIONS VIA OPEN-METEO AND SPATIALLY WEIGHTED OVER THE TEHRI CATCHMENT.
2024-07-06 18:00:00+00:00,0.236,0.801,0.808,ERA5-LAND HOURLY PRECIPITATION SAMPLED AT NEAREST MODEL-GRID LOCATIONS VIA OPEN-METEO AND SPATIALLY WEIGHTED OVER THE TEHRI CATCHMENT.
2024-07-06 19:00:00+00:00,0.204,0.238,0.51,ERA5-LAND HOURLY PRECIPITATION SAMPLED AT NEAREST MODEL-GRID LOCATIONS VIA OPEN-METEO AND SPATIALLY WEIGHTED OVER THE TEHRI CATCHMENT.
2024-07-06 20:00:00+00:00,0.05,0.027,0.073,ERA5-LAND HOURLY PRECIPITATION SAMPLED AT NEAREST MODEL-GRID LOCATIONS VIA OPEN-METEO AND SPATIALLY WEIGHTED OVER THE TEHRI CATCHMENT.
2024-07-06 21:00:00+00:00,0.0,0.0,0.0,ERA5-LAND HOURLY PRECIPITATION SAMPLED AT NEAREST MODEL-GRID LOCATIONS VIA OPEN-METEO AND SPATIALLY WEIGHTED OVER THE TEHRI CATCHMENT.
2024-07-06 22:00:00+00:00,0.002,0.007,0.001,ERA5-LAND HOURLY PRECIPITATION SAMPLED AT NEAREST MODEL-GRID LOCATIONS VIA OPEN-METEO AND SPATIALLY WEIGHTED OVER THE TEHRI CATCHMENT.
2024-07-06 23:00:00+00:00,0.022,0.02,0.006,ERA5-LAND HOURLY PRECIPITATION SAMPLED AT NEAREST MODEL-GRID LOCATIONS VIA OPEN-METEO AND SPATIALLY WEIGHTED OVER THE TEHRI CATCHMENT.
2024-07-07 00:00:00+00:00,0.012,0.011,0.004,ERA5-LAND HOURLY PRECIPITATION SAMPLED AT NEAREST MODEL-GRID LOCATIONS VIA OPEN-METEO AND SPATIALLY WEIGHTED OVER THE TEHRI CATCHMENT.
2024-07-07 01:00:00+00:00,0.0,0.0,0.0,ERA5-LAND HOURLY PRECIPITATION SAMPLED AT NEAREST MODEL-GRID LOCATIONS VIA OPEN-METEO AND SPATIALLY WEIGHTED OVER THE TEHRI CATCHMENT.
2024-07-07 02:00:00+00:00,0.0,0.0,0.0,ERA5-LAND HOURLY PRECIPITATION SAMPLED AT NEAREST MODEL-GRID LOCATIONS VIA OPEN-METEO AND SPATIALLY WEIGHTED OVER THE TEHRI CATCHMENT.
2024-07-07 03:00:00+00:00,0.0,0.0,0.001,ERA5-LAND HOURLY PRECIPITATION SAMPLED AT NEAREST MODEL-GRID LOCATIONS VIA OPEN-METEO AND SPATIALLY WEIGHTED OVER THE TEHRI CATCHMENT.
2024-07-07 04:00:00+00:00,0.001,0.006,0.0,ERA5-LAND HOURLY PRECIPITATION SAMPLED AT NEAREST MODEL-GRID LOCATIONS VIA OPEN-METEO AND SPATIALLY WEIGHTED OVER THE TEHRI CATCHMENT.
2024-07-07 05:00:00+00:00,0.025,0.056,0.007,ERA5-LAND HOURLY PRECIPITATION SAMPLED AT NEAREST MODEL-GRID LOCATIONS VIA OPEN-METEO AND SPATIALLY WEIGHTED OVER THE TEHRI CATCHMENT.
2024-07-07 06:00:00+00:00,0.054,0.212,0.019,ERA5-LAND HOURLY PRECIPITATION SAMPLED AT NEAREST MODEL-GRID LOCATIONS VIA OPEN-METEO AND SPATIALLY WEIGHTED OVER THE TEHRI CATCHMENT.
2024-07-07 07:00:00+00:00,0.22,0.638,0.149,ERA5-LAND HOURLY PRECIPITATION SAMPLED AT NEAREST MODEL-GRID LOCATIONS VIA OPEN-METEO AND SPATIALLY WEIGHTED OVER THE TEHRI CATCHMENT.
2024-07-07 08:00:00+00:00,0.701,1.893,0.401,ERA5-LAND HOURLY PRECIPITATION SAMPLED AT NEAREST MODEL-GRID LOCATIONS VIA OPEN-METEO AND SPATIALLY WEIGHTED OVER THE TEHRI CATCHMENT.
2024-07-07 09:00:00+00:00,0.348,1.029,1.025,ERA5-LAND HOURLY PRECIPITATION SAMPLED AT NEAREST MODEL-GRID LOCATIONS VIA OPEN-METEO AND SPATIALLY WEIGHTED OVER THE TEHRI CATCHMENT.
2024-07-07 10:00:00+00:00,0.364,1.278,0.906,ERA5-LAND HOURLY PRECIPITATION SAMPLED AT NEAREST MODEL-GRID LOCATIONS VIA OPEN-METEO AND SPATIALLY WEIGHTED OVER THE TEHRI CATCHMENT.
2024-07-07 11:00:00+00:00,0.404,1.159,1.082,ERA5-LAND HOURLY PRECIPITATION SAMPLED AT NEAREST MODEL-GRID LOCATIONS VIA OPEN-METEO AND SPATIALLY WEIGHTED OVER THE TEHRI CATCHMENT.
2024-07-07 12:00:00+00:00,0.284,0.794,0.698,ERA5-LAND HOURLY PRECIPITATION SAMPLED AT NEAREST MODEL-GRID LOCATIONS VIA OPEN-METEO AND SPATIALLY WEIGHTED OVER THE TEHRI CATCHMENT.
2024-07-07 13:00:00+00:00,0.148,0.364,0.09,ERA5-LAND HOURLY PRECIPITATION SAMPLED AT NEAREST MODEL-GRID LOCATIONS VIA OPEN-METEO AND SPATIALLY WEIGHTED OVER THE TEHRI CATCHMENT.
2024-07-07 14:00:00+00:00,0.179,0.431,0.137,ERA5-LAND HOURLY PRECIPITATION SAMPLED AT NEAREST MODEL-GRID LOCATIONS VIA OPEN-METEO AND SPATIALLY WEIGHTED OVER THE TEHRI CATCHMENT.
2024-07-07 15:00:00+00:00,0.114,0.481,0.098,ERA5-LAND HOURLY PRECIPITATION SAMPLED AT NEAREST MODEL-GRID LOCATIONS VIA OPEN-METEO AND SPATIALLY WEIGHTED OVER THE TEHRI CATCHMENT.
2024-07-07 16:00:00+00:00,0.095,1.01,0.068,ERA5-LAND HOURLY PRECIPITATION SAMPLED AT NEAREST MODEL-GRID LOCATIONS VIA OPEN-METEO AND SPATIALLY WEIGHTED OVER THE TEHRI CATCHMENT.
2024-07-07 17:00:00+00:00,0.069,0.414,0.16,ERA5-LAND HOURLY PRECIPITATION SAMPLED AT NEAREST MODEL-GRID LOCATIONS VIA OPEN-METEO AND SPATIALLY WEIGHTED OVER THE TEHRI CATCHMENT.
2024-07-07 18:00:00+00:00,0.042,0.058,0.105,ERA5-LAND HOURLY PRECIPITATION SAMPLED AT NEAREST MODEL-GRID LOCATIONS VIA OPEN-METEO AND SPATIALLY WEIGHTED OVER THE TEHRI CATCHMENT.
2024-07-07 19:00:00+00:00,0.027,0.123,0.282,ERA5-LAND HOURLY PRECIPITATION SAMPLED AT NEAREST MODEL-GRID LOCATIONS VIA OPEN-METEO AND SPATIALLY WEIGHTED OVER THE TEHRI CATCHMENT.
2024-07-07 20:00:00+00:00,0.066,0.744,0.091,ERA5-LAND HOURLY PRECIPITATION SAMPLED AT NEAREST MODEL-GRID LOCATIONS VIA OPEN-METEO AND SPATIALLY WEIGHTED OVER THE TEHRI CATCHMENT.
2024-07-07 21:00:00+00:00,0.083,0.577,0.057,ERA5-LAND HOURLY PRECIPITATION SAMPLED AT NEAREST MODEL-GRID LOCATIONS VIA OPEN-METEO AND SPATIALLY WEIGHTED OVER THE TEHRI CATCHMENT.
2024-07-07 22:00:00+00:00,0.108,0.168,0.298,ERA5-LAND HOURLY PRECIPITATION SAMPLED AT NEAREST MODEL-GRID LOCATIONS VIA OPEN-METEO AND SPATIALLY WEIGHTED OVER THE TEHRI CATCHMENT.
2024-07-07 23:00:00+00:00,0.047,0.089,0.043,ERA5-LAND HOURLY PRECIPITATION SAMPLED AT NEAREST MODEL-GRID LOCATIONS VIA OPEN-METEO AND SPATIALLY WEIGHTED OVER THE TEHRI CATCHMENT.
2024-07-08 00:00:00+00:00,0.064,0.085,0.024,ERA5-LAND HOURLY PRECIPITATION SAMPLED AT NEAREST MODEL-GRID LOCATIONS VIA OPEN-METEO AND SPATIALLY WEIGHTED OVER THE TEHRI CATCHMENT.
2024-07-08 01:00:00+00:00,0.383,0.452,0.591,ERA5-LAND HOURLY PRECIPITATION SAMPLED AT NEAREST MODEL-GRID LOCATIONS VIA OPEN-METEO AND SPATIALLY WEIGHTED OVER THE TEHRI CATCHMENT.
2024-07-08 02:00:00+00:00,0.543,0.916,0.941,ERA5-LAND HOURLY PRECIPITATION SAMPLED AT NEAREST MODEL-GRID LOCATIONS VIA OPEN-METEO AND SPATIALLY WEIGHTED OVER THE TEHRI CATCHMENT.
2024-07-08 03:00:00+00:00,0.4,0.459,0.479,ERA5-LAND HOURLY PRECIPITATION SAMPLED AT NEAREST MODEL-GRID LOCATIONS VIA OPEN-METEO AND SPATIALLY WEIGHTED OVER THE TEHRI CATCHMENT.
2024-07-08 04:00:00+00:00,0.29,0.144,0.131,ERA5-LAND HOURLY PRECIPITATION SAMPLED AT NEAREST MODEL-GRID LOCATIONS VIA OPEN-METEO AND SPATIALLY WEIGHTED OVER THE TEHRI CATCHMENT.
2024-07-08 05:00:00+00:00,0.278,0.261,0.021,ERA5-LAND HOURLY PRECIPITATION SAMPLED AT NEAREST MODEL-GRID LOCATIONS VIA OPEN-METEO AND SPATIALLY WEIGHTED OVER THE TEHRI CATCHMENT.
2024-07-08 06:00:00+00:00,0.364,0.525,0.033,ERA5-LAND HOURLY PRECIPITATION SAMPLED AT NEAREST MODEL-GRID LOCATIONS VIA OPEN-METEO AND SPATIALLY WEIGHTED OVER THE TEHRI CATCHMENT.
2024-07-08 07:00:00+00:00,0.367,0.428,0.07,ERA5-LAND HOURLY PRECIPITATION SAMPLED AT NEAREST MODEL-GRID LOCATIONS VIA OPEN-METEO AND SPATIALLY WEIGHTED OVER THE TEHRI CATCHMENT.
2024-07-08 08:00:00+00:00,0.403,0.644,0.088,ERA5-LAND HOURLY PRECIPITATION SAMPLED AT NEAREST MODEL-GRID LOCATIONS VIA OPEN-METEO AND SPATIALLY WEIGHTED OVER THE TEHRI CATCHMENT.
2024-07-08 09:00:00+00:00,0.861,0.42,0.603,ERA5-LAND HOURLY PRECIPITATION SAMPLED AT NEAREST MODEL-GRID LOCATIONS VIA OPEN-METEO AND SPATIALLY WEIGHTED OVER THE TEHRI CATCHMENT.
2024-07-08 10:00:00+00:00,0.434,0.333,0.304,ERA5-LAND HOURLY PRECIPITATION SAMPLED AT NEAREST MODEL-GRID LOCATIONS VIA OPEN-METEO AND SPATIALLY WEIGHTED OVER THE TEHRI CATCHMENT.
2024-07-08 11:00:00+00:00,0.162,0.24,0.036,ERA5-LAND HOURLY PRECIPITATION SAMPLED AT NEAREST MODEL-GRID LOCATIONS VIA OPEN-METEO AND SPATIALLY WEIGHTED OVER THE TEHRI CATCHMENT.
2024-07-08 12:00:00+00:00,0.07,0.044,0.009,ERA5-LAND HOURLY PRECIPITATION SAMPLED AT NEAREST MODEL-GRID LOCATIONS VIA OPEN-METEO AND SPATIALLY WEIGHTED OVER THE TEHRI CATCHMENT.
2024-07-08 13:00:00+00:00,0.024,0.011,0.006,ERA5-LAND HOURLY PRECIPITATION SAMPLED AT NEAREST MODEL-GRID LOCATIONS VIA OPEN-METEO AND SPATIALLY WEIGHTED OVER THE TEHRI CATCHMENT.
2024-07-08 14:00:00+00:00,0.017,0.023,0.019,ERA5-LAND HOURLY PRECIPITATION SAMPLED AT NEAREST MODEL-GRID LOCATIONS VIA OPEN-METEO AND SPATIALLY WEIGHTED OVER THE TEHRI CATCHMENT.
2024-07-08 15:00:00+00:00,0.049,0.051,0.067,ERA5-LAND HOURLY PRECIPITATION SAMPLED AT NEAREST MODEL-GRID LOCATIONS VIA OPEN-METEO AND SPATIALLY WEIGHTED OVER THE TEHRI CATCHMENT.
2024-07-08 16:00:00+00:00,0.044,0.014,0.145,ERA5-LAND HOURLY PRECIPITATION SAMPLED AT NEAREST MODEL-GRID LOCATIONS VIA OPEN-METEO AND SPATIALLY WEIGHTED OVER THE TEHRI CATCHMENT.
2024-07-08 17:00:00+00:00,0.046,0.0,0.203,ERA5-LAND HOURLY PRECIPITATION SAMPLED AT NEAREST MODEL-GRID LOCATIONS VIA OPEN-METEO AND SPATIALLY WEIGHTED OVER THE TEHRI CATCHMENT.
2024-07-08 18:00:00+00:00,0.035,0.0,0.047,ERA5-LAND HOURLY PRECIPITATION SAMPLED AT NEAREST MODEL-GRID LOCATIONS VIA OPEN-METEO AND SPATIALLY WEIGHTED OVER THE TEHRI CATCHMENT.
2024-07-08 19:00:00+00:00,0.067,0.01,0.001,ERA5-LAND HOURLY PRECIPITATION SAMPLED AT NEAREST MODEL-GRID LOCATIONS VIA OPEN-METEO AND SPATIALLY WEIGHTED OVER THE TEHRI CATCHMENT.
2024-07-08 20:00:00+00:00,0.056,0.0,0.001,ERA5-LAND HOURLY PRECIPITATION SAMPLED AT NEAREST MODEL-GRID LOCATIONS VIA OPEN-METEO AND SPATIALLY WEIGHTED OVER THE TEHRI CATCHMENT.
2024-07-08 21:00:00+00:00,0.03,0.0,0.0,ERA5-LAND HOURLY PRECIPITATION SAMPLED AT NEAREST MODEL-GRID LOCATIONS VIA OPEN-METEO AND SPATIALLY WEIGHTED OVER THE TEHRI CATCHMENT.
2024-07-08 22:00:00+00:00,0.009,0.0,0.0,ERA5-LAND HOURLY PRECIPITATION SAMPLED AT NEAREST MODEL-GRID LOCATIONS VIA OPEN-METEO AND SPATIALLY WEIGHTED OVER THE TEHRI CATCHMENT.
2024-07-08 23:00:00+00:00,0.01,0.0,0.0,ERA5-LAND HOURLY PRECIPITATION SAMPLED AT NEAREST MODEL-GRID LOCATIONS VIA OPEN-METEO AND SPATIALLY WEIGHTED OVER THE TEHRI CATCHMENT.
2024-07-09 00:00:00+00:00,0.012,0.0,0.003,ERA5-LAND HOURLY PRECIPITATION SAMPLED AT NEAREST MODEL-GRID LOCATIONS VIA OPEN-METEO AND SPATIALLY WEIGHTED OVER THE TEHRI CATCHMENT.
2024-07-09 01:00:00+00:00,0.0,0.019,0.006,ERA5-LAND HOURLY PRECIPITATION SAMPLED AT NEAREST MODEL-GRID LOCATIONS VIA OPEN-METEO AND SPATIALLY WEIGHTED OVER THE TEHRI CATCHMENT.
2024-07-09 02:00:00+00:00,0.0,0.0,0.008,ERA5-LAND HOURLY PRECIPITATION SAMPLED AT NEAREST MODEL-GRID LOCATIONS VIA OPEN-METEO AND SPATIALLY WEIGHTED OVER THE TEHRI CATCHMENT.
2024-07-09 03:00:00+00:00,0.0,0.012,0.026,ERA5-LAND HOURLY PRECIPITATION SAMPLED AT NEAREST MODEL-GRID LOCATIONS VIA OPEN-METEO AND SPATIALLY WEIGHTED OVER THE TEHRI CATCHMENT.
2024-07-09 04:00:00+00:00,0.006,0.079,0.014,ERA5-LAND HOURLY PRECIPITATION SAMPLED AT NEAREST MODEL-GRID LOCATIONS VIA OPEN-METEO AND SPATIALLY WEIGHTED OVER THE TEHRI CATCHMENT.
2024-07-09 05:00:00+00:00,0.037,0.223,0.159,ERA5-LAND HOURLY PRECIPITATION SAMPLED AT NEAREST MODEL-GRID LOCATIONS VIA OPEN-METEO AND SPATIALLY WEIGHTED OVER THE TEHRI CATCHMENT.
2024-07-09 06:00:00+00:00,0.06,0.293,0.25,ERA5-LAND HOURLY PRECIPITATION SAMPLED AT NEAREST MODEL-GRID LOCATIONS VIA OPEN-METEO AND SPATIALLY WEIGHTED OVER THE TEHRI CATCHMENT.
2024-07-09 07:00:00+00:00,0.061,0.279,0.182,ERA5-LAND HOURLY PRECIPITATION SAMPLED AT NEAREST MODEL-GRID LOCATIONS VIA OPEN-METEO AND SPATIALLY WEIGHTED OVER THE TEHRI CATCHMENT.
2024-07-09 08:00:00+00:00,0.069,0.348,0.216,ERA5-LAND HOURLY PRECIPITATION SAMPLED AT NEAREST MODEL-GRID LOCATIONS VIA OPEN-METEO AND SPATIALLY WEIGHTED OVER THE TEHRI CATCHMENT.
2024-07-09 09:00:00+00:00,0.121,0.353,0.25,ERA5-LAND HOURLY PRECIPITATION SAMPLED AT NEAREST MODEL-GRID LOCATIONS VIA OPEN-METEO AND SPATIALLY WEIGHTED OVER THE TEHRI CATCHMENT.
2024-07-09 10:00:00+00:00,0.096,0.313,0.494,ERA5-LAND HOURLY PRECIPITATION SAMPLED AT NEAREST MODEL-GRID LOCATIONS VIA OPEN-METEO AND SPATIALLY WEIGHTED OVER THE TEHRI CATCHMENT.
2024-07-09 11:00:00+00:00,0.048,0.081,0.13,ERA5-LAND HOURLY PRECIPITATION SAMPLED AT NEAREST MODEL-GRID LOCATIONS VIA OPEN-METEO AND SPATIALLY WEIGHTED OVER THE TEHRI CATCHMENT.
2024-07-09 12:00:00+00:00,0.011,0.026,0.013,ERA5-LAND HOURLY PRECIPITATION SAMPLED AT NEAREST MODEL-GRID LOCATIONS VIA OPEN-METEO AND SPATIALLY WEIGHTED OVER THE TEHRI CATCHMENT.
2024-07-09 13:00:00+00:00,0.015,0.026,0.0,ERA5-LAND HOURLY PRECIPITATION SAMPLED AT NEAREST MODEL-GRID LOCATIONS VIA OPEN-METEO AND SPATIALLY WEIGHTED OVER THE TEHRI CATCHMENT.
2024-07-09 14:00:00+00:00,0.009,0.024,0.007,ERA5-LAND HOURLY PRECIPITATION SAMPLED AT NEAREST MODEL-GRID LOCATIONS VIA OPEN-METEO AND SPATIALLY WEIGHTED OVER THE TEHRI CATCHMENT.
2024-07-09 15:00:00+00:00,0.011,0.018,0.183,ERA5-LAND HOURLY PRECIPITATION SAMPLED AT NEAREST MODEL-GRID LOCATIONS VIA OPEN-METEO AND SPATIALLY WEIGHTED OVER THE TEHRI CATCHMENT.
2024-07-09 16:00:00+00:00,0.009,0.135,0.234,ERA5-LAND HOURLY PRECIPITATION SAMPLED AT NEAREST MODEL-GRID LOCATIONS VIA OPEN-METEO AND SPATIALLY WEIGHTED OVER THE TEHRI CATCHMENT.
2024-07-09 17:00:00+00:00,0.014,0.286,0.136,ERA5-LAND HOURLY PRECIPITATION SAMPLED AT NEAREST MODEL-GRID LOCATIONS VIA OPEN-METEO AND SPATIALLY WEIGHTED OVER THE TEHRI CATCHMENT.
2024-07-09 18:00:00+00:00,0.033,0.269,0.206,ERA5-LAND HOURLY PRECIPITATION SAMPLED AT NEAREST MODEL-GRID LOCATIONS VIA OPEN-METEO AND SPATIALLY WEIGHTED OVER THE TEHRI CATCHMENT.
2024-07-09 19:00:00+00:00,0.091,0.169,0.098,ERA5-LAND HOURLY PRECIPITATION SAMPLED AT NEAREST MODEL-GRID LOCATIONS VIA OPEN-METEO AND SPATIALLY WEIGHTED OVER THE TEHRI CATCHMENT.
2024-07-09 20:00:00+00:00,0.136,0.203,0.064,ERA5-LAND HOURLY PRECIPITATION SAMPLED AT NEAREST MODEL-GRID LOCATIONS VIA OPEN-METEO AND SPATIALLY WEIGHTED OVER THE TEHRI CATCHMENT.
2024-07-09 21:00:00+00:00,0.095,0.085,0.183,ERA5-LAND HOURLY PRECIPITATION SAMPLED AT NEAREST MODEL-GRID LOCATIONS VIA OPEN-METEO AND SPATIALLY WEIGHTED OVER THE TEHRI CATCHMENT.
2024-07-09 22:00:00+00:00,0.015,0.004,0.062,ERA5-LAND HOURLY PRECIPITATION SAMPLED AT NEAREST MODEL-GRID LOCATIONS VIA OPEN-METEO AND SPATIALLY WEIGHTED OVER THE TEHRI CATCHMENT.
2024-07-09 23:00:00+00:00,0.0,0.0,0.0,ERA5-LAND HOURLY PRECIPITATION SAMPLED AT NEAREST MODEL-GRID LOCATIONS VIA OPEN-METEO AND SPATIALLY WEIGHTED OVER THE TEHRI CATCHMENT.
2024-07-10 00:00:00+00:00,0.0,0.0,0.0,ERA5-LAND HOURLY PRECIPITATION SAMPLED AT NEAREST MODEL-GRID LOCATIONS VIA OPEN-METEO AND SPATIALLY WEIGHTED OVER THE TEHRI CATCHMENT.
2024-07-10 01:00:00+00:00,0.0,0.0,0.0,ERA5-LAND HOURLY PRECIPITATION SAMPLED AT NEAREST MODEL-GRID LOCATIONS VIA OPEN-METEO AND SPATIALLY WEIGHTED OVER THE TEHRI CATCHMENT.
2024-07-10 02:00:00+00:00,0.002,0.012,0.0,ERA5-LAND HOURLY PRECIPITATION SAMPLED AT NEAREST MODEL-GRID LOCATIONS VIA OPEN-METEO AND SPATIALLY WEIGHTED OVER THE TEHRI CATCHMENT.
2024-07-10 03:00:00+00:00,0.004,0.066,0.008,ERA5-LAND HOURLY PRECIPITATION SAMPLED AT NEAREST MODEL-GRID LOCATIONS VIA OPEN-METEO AND SPATIALLY WEIGHTED OVER THE TEHRI CATCHMENT.
2024-07-10 04:00:00+00:00,0.006,0.096,0.067,ERA5-LAND HOURLY PRECIPITATION SAMPLED AT NEAREST MODEL-GRID LOCATIONS VIA OPEN-METEO AND SPATIALLY WEIGHTED OVER THE TEHRI CATCHMENT.
2024-07-10 05:00:00+00:00,0.013,0.239,0.167,ERA5-LAND HOURLY PRECIPITATION SAMPLED AT NEAREST MODEL-GRID LOCATIONS VIA OPEN-METEO AND SPATIALLY WEIGHTED OVER THE TEHRI CATCHMENT.
2024-07-10 06:00:00+00:00,0.038,0.277,0.177,ERA5-LAND HOURLY PRECIPITATION SAMPLED AT NEAREST MODEL-GRID LOCATIONS VIA OPEN-METEO AND SPATIALLY WEIGHTED OVER THE TEHRI CATCHMENT.
2024-07-10 07:00:00+00:00,0.052,0.278,0.116,ERA5-LAND HOURLY PRECIPITATION SAMPLED AT NEAREST MODEL-GRID LOCATIONS VIA OPEN-METEO AND SPATIALLY WEIGHTED OVER THE TEHRI CATCHMENT.
2024-07-10 08:00:00+00:00,0.075,0.227,0.082,ERA5-LAND HOURLY PRECIPITATION SAMPLED AT NEAREST MODEL-GRID LOCATIONS VIA OPEN-METEO AND SPATIALLY WEIGHTED OVER THE TEHRI CATCHMENT.
2024-07-10 09:00:00+00:00,0.082,0.217,0.098,ERA5-LAND HOURLY PRECIPITATION SAMPLED AT NEAREST MODEL-GRID LOCATIONS VIA OPEN-METEO AND SPATIALLY WEIGHTED OVER THE TEHRI CATCHMENT.
2024-07-10 10:00:00+00:00,0.076,0.23,0.061,ERA5-LAND HOURLY PRECIPITATION SAMPLED AT NEAREST MODEL-GRID LOCATIONS VIA OPEN-METEO AND SPATIALLY WEIGHTED OVER THE TEHRI CATCHMENT.
2024-07-10 11:00:00+00:00,0.054,0.171,0.125,ERA5-LAND HOURLY PRECIPITATION SAMPLED AT NEAREST MODEL-GRID LOCATIONS VIA OPEN-METEO AND SPATIALLY WEIGHTED OVER THE TEHRI CATCHMENT.
2024-07-10 12:00:00+00:00,0.07,0.139,0.219,ERA5-LAND HOURLY PRECIPITATION SAMPLED AT NEAREST MODEL-GRID LOCATIONS VIA OPEN-METEO AND SPATIALLY WEIGHTED OVER THE TEHRI CATCHMENT.
2024-07-10 13:00:00+00:00,0.044,0.044,0.008,ERA5-LAND HOURLY PRECIPITATION SAMPLED AT NEAREST MODEL-GRID LOCATIONS VIA OPEN-METEO AND SPATIALLY WEIGHTED OVER THE TEHRI CATCHMENT.
2024-07-10 14:00:00+00:00,0.033,0.028,0.023,ERA5-LAND HOURLY PRECIPITATION SAMPLED AT NEAREST MODEL-GRID LOCATIONS VIA OPEN-METEO AND SPATIALLY WEIGHTED OVER THE TEHRI CATCHMENT.
2024-07-10 15:00:00+00:00,0.033,0.039,0.05,ERA5-LAND HOURLY PRECIPITATION SAMPLED AT NEAREST MODEL-GRID LOCATIONS VIA OPEN-METEO AND SPATIALLY WEIGHTED OVER THE TEHRI CATCHMENT.
2024-07-10 16:00:00+00:00,0.006,0.046,0.079,ERA5-LAND HOURLY PRECIPITATION SAMPLED AT NEAREST MODEL-GRID LOCATIONS VIA OPEN-METEO AND SPATIALLY WEIGHTED OVER THE TEHRI CATCHMENT.
2024-07-10 17:00:00+00:00,0.006,0.077,0.104,ERA5-LAND HOURLY PRECIPITATION SAMPLED AT NEAREST MODEL-GRID LOCATIONS VIA OPEN-METEO AND SPATIALLY WEIGHTED OVER THE TEHRI CATCHMENT.
2024-07-10 18:00:00+00:00,0.012,0.039,0.05,ERA5-LAND HOURLY PRECIPITATION SAMPLED AT NEAREST MODEL-GRID LOCATIONS VIA OPEN-METEO AND SPATIALLY WEIGHTED OVER THE TEHRI CATCHMENT.
2024-07-10 19:00:00+00:00,0.017,0.061,0.057,ERA5-LAND HOURLY PRECIPITATION SAMPLED AT NEAREST MODEL-GRID LOCATIONS VIA OPEN-METEO AND SPATIALLY WEIGHTED OVER THE TEHRI CATCHMENT.
2024-07-10 20:00:00+00:00,0.014,0.079,0.135,ERA5-LAND HOURLY PRECIPITATION SAMPLED AT NEAREST MODEL-GRID LOCATIONS VIA OPEN-METEO AND SPATIALLY WEIGHTED OVER THE TEHRI CATCHMENT.
2024-07-10 21:00:00+00:00,0.001,0.108,0.294,ERA5-LAND HOURLY PRECIPITATION SAMPLED AT NEAREST MODEL-GRID LOCATIONS VIA OPEN-METEO AND SPATIALLY WEIGHTED OVER THE TEHRI CATCHMENT.
2024-07-10 22:00:00+00:00,0.005,0.066,0.446,ERA5-LAND HOURLY PRECIPITATION SAMPLED AT NEAREST MODEL-GRID LOCATIONS VIA OPEN-METEO AND SPATIALLY WEIGHTED OVER THE TEHRI CATCHMENT.
2024-07-10 23:00:00+00:00,0.003,0.099,0.386,ERA5-LAND HOURLY PRECIPITATION SAMPLED AT NEAREST MODEL-GRID LOCATIONS VIA OPEN-METEO AND SPATIALLY WEIGHTED OVER THE TEHRI CATCHMENT.
2024-07-11 00:00:00+00:00,0.003,0.186,0.229,ERA5-LAND HOURLY PRECIPITATION SAMPLED AT NEAREST MODEL-GRID LOCATIONS VIA OPEN-METEO AND SPATIALLY WEIGHTED OVER THE TEHRI CATCHMENT.
2024-07-11 01:00:00+00:00,0.053,3.115,2.61,ERA5-LAND HOURLY PRECIPITATION SAMPLED AT NEAREST MODEL-GRID LOCATIONS VIA OPEN-METEO AND SPATIALLY WEIGHTED OVER THE TEHRI CATCHMENT.
2024-07-11 02:00:00+00:00,0.078,3.864,1.224,ERA5-LAND HOURLY PRECIPITATION SAMPLED AT NEAREST MODEL-GRID LOCATIONS VIA OPEN-METEO AND SPATIALLY WEIGHTED OVER THE TEHRI CATCHMENT.
2024-07-11 03:00:00+00:00,0.063,5.313,1.39,ERA5-LAND HOURLY PRECIPITATION SAMPLED AT NEAREST MODEL-GRID LOCATIONS VIA OPEN-METEO AND SPATIALLY WEIGHTED OVER THE TEHRI CATCHMENT.
2024-07-11 04:00:00+00:00,0.023,2.387,0.436,ERA5-LAND HOURLY PRECIPITATION SAMPLED AT NEAREST MODEL-GRID LOCATIONS VIA OPEN-METEO AND SPATIALLY WEIGHTED OVER THE TEHRI CATCHMENT.
2024-07-11 05:00:00+00:00,0.016,0.453,0.055,ERA5-LAND HOURLY PRECIPITATION SAMPLED AT NEAREST MODEL-GRID LOCATIONS VIA OPEN-METEO AND SPATIALLY WEIGHTED OVER THE TEHRI CATCHMENT.
2024-07-11 06:00:00+00:00,0.026,0.151,0.003,ERA5-LAND HOURLY PRECIPITATION SAMPLED AT NEAREST MODEL-GRID LOCATIONS VIA OPEN-METEO AND SPATIALLY WEIGHTED OVER THE TEHRI CATCHMENT.
2024-07-11 07:00:00+00:00,0.101,0.265,0.039,ERA5-LAND HOURLY PRECIPITATION SAMPLED AT NEAREST MODEL-GRID LOCATIONS VIA OPEN-METEO AND SPATIALLY WEIGHTED OVER THE TEHRI CATCHMENT.
2024-07-11 08:00:00+00:00,0.192,0.662,0.117,ERA5-LAND HOURLY PRECIPITATION SAMPLED AT NEAREST MODEL-GRID LOCATIONS VIA OPEN-METEO AND SPATIALLY WEIGHTED OVER THE TEHRI CATCHMENT.
2024-07-11 09:00:00+00:00,0.163,1.437,0.208,ERA5-LAND HOURLY PRECIPITATION SAMPLED AT NEAREST MODEL-GRID LOCATIONS VIA OPEN-METEO AND SPATIALLY WEIGHTED OVER THE TEHRI CATCHMENT.
2024-07-11 10:00:00+00:00,0.098,0.192,0.412,ERA5-LAND HOURLY PRECIPITATION SAMPLED AT NEAREST MODEL-GRID LOCATIONS VIA OPEN-METEO AND SPATIALLY WEIGHTED OVER THE TEHRI CATCHMENT.
2024-07-11 11:00:00+00:00,0.087,0.27,0.266,ERA5-LAND HOURLY PRECIPITATION SAMPLED AT NEAREST MODEL-GRID LOCATIONS VIA OPEN-METEO AND SPATIALLY WEIGHTED OVER THE TEHRI CATCHMENT.
2024-07-11 12:00:00+00:00,0.075,0.097,0.199,ERA5-LAND HOURLY PRECIPITATION SAMPLED AT NEAREST MODEL-GRID LOCATIONS VIA OPEN-METEO AND SPATIALLY WEIGHTED OVER THE TEHRI CATCHMENT.
2024-07-11 13:00:00+00:00,0.055,0.062,0.027,ERA5-LAND HOURLY PRECIPITATION SAMPLED AT NEAREST MODEL-GRID LOCATIONS VIA OPEN-METEO AND SPATIALLY WEIGHTED OVER THE TEHRI CATCHMENT.
2024-07-11 14:00:00+00:00,0.049,0.11,0.063,ERA5-LAND HOURLY PRECIPITATION SAMPLED AT NEAREST MODEL-GRID LOCATIONS VIA OPEN-METEO AND SPATIALLY WEIGHTED OVER THE TEHRI CATCHMENT.
2024-07-11 15:00:00+00:00,0.044,0.091,0.081,ERA5-LAND HOURLY PRECIPITATION SAMPLED AT NEAREST MODEL-GRID LOCATIONS VIA OPEN-METEO AND SPATIALLY WEIGHTED OVER THE TEHRI CATCHMENT.
2024-07-11 16:00:00+00:00,0.037,0.037,0.049,ERA5-LAND HOURLY PRECIPITATION SAMPLED AT NEAREST MODEL-GRID LOCATIONS VIA OPEN-METEO AND SPATIALLY WEIGHTED OVER THE TEHRI CATCHMENT.
2024-07-11 17:00:00+00:00,0.019,0.019,0.065,ERA5-LAND HOURLY PRECIPITATION SAMPLED AT NEAREST MODEL-GRID LOCATIONS VIA OPEN-METEO AND SPATIALLY WEIGHTED OVER THE TEHRI CATCHMENT.
2024-07-11 18:00:00+00:00,0.038,0.05,0.081,ERA5-LAND HOURLY PRECIPITATION SAMPLED AT NEAREST MODEL-GRID LOCATIONS VIA OPEN-METEO AND SPATIALLY WEIGHTED OVER THE TEHRI CATCHMENT.
2024-07-11 19:00:00+00:00,0.023,0.107,0.112,ERA5-LAND HOURLY PRECIPITATION SAMPLED AT NEAREST MODEL-GRID LOCATIONS VIA OPEN-METEO AND SPATIALLY WEIGHTED OVER THE TEHRI CATCHMENT.
2024-07-11 20:00:00+00:00,0.01,0.073,0.029,ERA5-LAND HOURLY PRECIPITATION SAMPLED AT NEAREST MODEL-GRID LOCATIONS VIA OPEN-METEO AND SPATIALLY WEIGHTED OVER THE TEHRI CATCHMENT.
2024-07-11 21:00:00+00:00,0.0,0.063,0.021,ERA5-LAND HOURLY PRECIPITATION SAMPLED AT NEAREST MODEL-GRID LOCATIONS VIA OPEN-METEO AND SPATIALLY WEIGHTED OVER THE TEHRI CATCHMENT.
2024-07-11 22:00:00+00:00,0.002,0.037,0.02,ERA5-LAND HOURLY PRECIPITATION SAMPLED AT NEAREST MODEL-GRID LOCATIONS VIA OPEN-METEO AND SPATIALLY WEIGHTED OVER THE TEHRI CATCHMENT.
2024-07-11 23:00:00+00:00,0.0,0.019,0.037,ERA5-LAND HOURLY PRECIPITATION SAMPLED AT NEAREST MODEL-GRID LOCATIONS VIA OPEN-METEO AND SPATIALLY WEIGHTED OVER THE TEHRI CATCHMENT.
2024-07-12 00:00:00+00:00,0.007,0.009,0.029,ERA5-LAND HOURLY PRECIPITATION SAMPLED AT NEAREST MODEL-GRID LOCATIONS VIA OPEN-METEO AND SPATIALLY WEIGHTED OVER THE TEHRI CATCHMENT.
2024-07-12 01:00:00+00:00,0.012,0.013,0.047,ERA5-LAND HOURLY PRECIPITATION SAMPLED AT NEAREST MODEL-GRID LOCATIONS VIA OPEN-METEO AND SPATIALLY WEIGHTED OVER THE TEHRI CATCHMENT.
2024-07-12 02:00:00+00:00,0.005,0.146,0.04,ERA5-LAND HOURLY PRECIPITATION SAMPLED AT NEAREST MODEL-GRID LOCATIONS VIA OPEN-METEO AND SPATIALLY WEIGHTED OVER THE TEHRI CATCHMENT.
2024-07-12 03:00:00+00:00,0.016,0.131,0.101,ERA5-LAND HOURLY PRECIPITATION SAMPLED AT NEAREST MODEL-GRID LOCATIONS VIA OPEN-METEO AND SPATIALLY WEIGHTED OVER THE TEHRI CATCHMENT.
2024-07-12 04:00:00+00:00,0.018,0.128,0.163,ERA5-LAND HOURLY PRECIPITATION SAMPLED AT NEAREST MODEL-GRID LOCATIONS VIA OPEN-METEO AND SPATIALLY WEIGHTED OVER THE TEHRI CATCHMENT.
2024-07-12 05:00:00+00:00,0.034,0.153,0.195,ERA5-LAND HOURLY PRECIPITATION SAMPLED AT NEAREST MODEL-GRID LOCATIONS VIA OPEN-METEO AND SPATIALLY WEIGHTED OVER THE TEHRI CATCHMENT.
2024-07-12 06:00:00+00:00,0.049,0.281,0.076,ERA5-LAND HOURLY PRECIPITATION SAMPLED AT NEAREST MODEL-GRID LOCATIONS VIA OPEN-METEO AND SPATIALLY WEIGHTED OVER THE TEHRI CATCHMENT.
2024-07-12 07:00:00+00:00,0.053,0.188,0.031,ERA5-LAND HOURLY PRECIPITATION SAMPLED AT NEAREST MODEL-GRID LOCATIONS VIA OPEN-METEO AND SPATIALLY WEIGHTED OVER THE TEHRI CATCHMENT.
2024-07-12 08:00:00+00:00,0.045,0.132,0.029,ERA5-LAND HOURLY PRECIPITATION SAMPLED AT NEAREST MODEL-GRID LOCATIONS VIA OPEN-METEO AND SPATIALLY WEIGHTED OVER THE TEHRI CATCHMENT.
2024-07-12 09:00:00+00:00,0.044,0.179,0.092,ERA5-LAND HOURLY PRECIPITATION SAMPLED AT NEAREST MODEL-GRID LOCATIONS VIA OPEN-METEO AND SPATIALLY WEIGHTED OVER THE TEHRI CATCHMENT.
2024-07-12 10:00:00+00:00,0.054,0.25,0.167,ERA5-LAND HOURLY PRECIPITATION SAMPLED AT NEAREST MODEL-GRID LOCATIONS VIA OPEN-METEO AND SPATIALLY WEIGHTED OVER THE TEHRI CATCHMENT.
2024-07-12 11:00:00+00:00,0.041,0.294,0.174,ERA5-LAND HOURLY PRECIPITATION SAMPLED AT NEAREST MODEL-GRID LOCATIONS VIA OPEN-METEO AND SPATIALLY WEIGHTED OVER THE TEHRI CATCHMENT.
2024-07-12 12:00:00+00:00,0.035,0.212,0.166,ERA5-LAND HOURLY PRECIPITATION SAMPLED AT NEAREST MODEL-GRID LOCATIONS VIA OPEN-METEO AND SPATIALLY WEIGHTED OVER THE TEHRI CATCHMENT.
2024-07-12 13:00:00+00:00,0.041,0.068,0.03,ERA5-LAND HOURLY PRECIPITATION SAMPLED AT NEAREST MODEL-GRID LOCATIONS VIA OPEN-METEO AND SPATIALLY WEIGHTED OVER THE TEHRI CATCHMENT.
2024-07-12 14:00:00+00:00,0.022,0.024,0.007,ERA5-LAND HOURLY PRECIPITATION SAMPLED AT NEAREST MODEL-GRID LOCATIONS VIA OPEN-METEO AND SPATIALLY WEIGHTED OVER THE TEHRI CATCHMENT.
2024-07-12 15:00:00+00:00,0.038,0.016,0.02,ERA5-LAND HOURLY PRECIPITATION SAMPLED AT NEAREST MODEL-GRID LOCATIONS VIA OPEN-METEO AND SPATIALLY WEIGHTED OVER THE TEHRI CATCHMENT.
2024-07-12 16:00:00+00:00,0.069,0.009,0.247,ERA5-LAND HOURLY PRECIPITATION SAMPLED AT NEAREST MODEL-GRID LOCATIONS VIA OPEN-METEO AND SPATIALLY WEIGHTED OVER THE TEHRI CATCHMENT.
2024-07-12 17:00:00+00:00,0.034,0.012,0.044,ERA5-LAND HOURLY PRECIPITATION SAMPLED AT NEAREST MODEL-GRID LOCATIONS VIA OPEN-METEO AND SPATIALLY WEIGHTED OVER THE TEHRI CATCHMENT.
2024-07-12 18:00:00+00:00,0.044,0.081,0.042,ERA5-LAND HOURLY PRECIPITATION SAMPLED AT NEAREST MODEL-GRID LOCATIONS VIA OPEN-METEO AND SPATIALLY WEIGHTED OVER THE TEHRI CATCHMENT.
2024-07-12 19:00:00+00:00,0.066,0.002,0.022,ERA5-LAND HOURLY PRECIPITATION SAMPLED AT NEAREST MODEL-GRID LOCATIONS VIA OPEN-METEO AND SPATIALLY WEIGHTED OVER THE TEHRI CATCHMENT.
2024-07-12 20:00:00+00:00,0.015,0.108,0.371,ERA5-LAND HOURLY PRECIPITATION SAMPLED AT NEAREST MODEL-GRID LOCATIONS VIA OPEN-METEO AND SPATIALLY WEIGHTED OVER THE TEHRI CATCHMENT.
2024-07-12 21:00:00+00:00,0.038,0.164,0.389,ERA5-LAND HOURLY PRECIPITATION SAMPLED AT NEAREST MODEL-GRID LOCATIONS VIA OPEN-METEO AND SPATIALLY WEIGHTED OVER THE TEHRI CATCHMENT.
2024-07-12 22:00:00+00:00,0.018,0.033,0.09,ERA5-LAND HOURLY PRECIPITATION SAMPLED AT NEAREST MODEL-GRID LOCATIONS VIA OPEN-METEO AND SPATIALLY WEIGHTED OVER THE TEHRI CATCHMENT.
2024-07-12 23:00:00+00:00,0.0,0.006,0.0,ERA5-LAND HOURLY PRECIPITATION SAMPLED AT NEAREST MODEL-GRID LOCATIONS VIA OPEN-METEO AND SPATIALLY WEIGHTED OVER THE TEHRI CATCHMENT.
2024-07-13 00:00:00+00:00,0.0,0.001,0.0,ERA5-LAND HOURLY PRECIPITATION SAMPLED AT NEAREST MODEL-GRID LOCATIONS VIA OPEN-METEO AND SPATIALLY WEIGHTED OVER THE TEHRI CATCHMENT.
2024-07-13 01:00:00+00:00,0.0,0.006,0.113,ERA5-LAND HOURLY PRECIPITATION SAMPLED AT NEAREST MODEL-GRID LOCATIONS VIA OPEN-METEO AND SPATIALLY WEIGHTED OVER THE TEHRI CATCHMENT.
2024-07-13 02:00:00+00:00,0.004,0.001,0.01,ERA5-LAND HOURLY PRECIPITATION SAMPLED AT NEAREST MODEL-GRID LOCATIONS VIA OPEN-METEO AND SPATIALLY WEIGHTED OVER THE TEHRI CATCHMENT.
2024-07-13 03:00:00+00:00,0.004,0.0,0.0,ERA5-LAND HOURLY PRECIPITATION SAMPLED AT NEAREST MODEL-GRID LOCATIONS VIA OPEN-METEO AND SPATIALLY WEIGHTED OVER THE TEHRI CATCHMENT.
2024-07-13 04:00:00+00:00,0.0,0.088,0.0,ERA5-LAND HOURLY PRECIPITATION SAMPLED AT NEAREST MODEL-GRID LOCATIONS VIA OPEN-METEO AND SPATIALLY WEIGHTED OVER THE TEHRI CATCHMENT.
2024-07-13 05:00:00+00:00,0.02,0.125,0.001,ERA5-LAND HOURLY PRECIPITATION SAMPLED AT NEAREST MODEL-GRID LOCATIONS VIA OPEN-METEO AND SPATIALLY WEIGHTED OVER THE TEHRI CATCHMENT.
2024-07-13 06:00:00+00:00,0.149,0.303,0.006,ERA5-LAND HOURLY PRECIPITATION SAMPLED AT NEAREST MODEL-GRID LOCATIONS VIA OPEN-METEO AND SPATIALLY WEIGHTED OVER THE TEHRI CATCHMENT.
2024-07-13 07:00:00+00:00,0.2,0.26,0.024,ERA5-LAND HOURLY PRECIPITATION SAMPLED AT NEAREST MODEL-GRID LOCATIONS VIA OPEN-METEO AND SPATIALLY WEIGHTED OVER THE TEHRI CATCHMENT.
2024-07-13 08:00:00+00:00,0.177,0.353,0.036,ERA5-LAND HOURLY PRECIPITATION SAMPLED AT NEAREST MODEL-GRID LOCATIONS VIA OPEN-METEO AND SPATIALLY WEIGHTED OVER THE TEHRI CATCHMENT.
2024-07-13 09:00:00+00:00,0.184,0.213,0.042,ERA5-LAND HOURLY PRECIPITATION SAMPLED AT NEAREST MODEL-GRID LOCATIONS VIA OPEN-METEO AND SPATIALLY WEIGHTED OVER THE TEHRI CATCHMENT.
2024-07-13 10:00:00+00:00,0.18,0.48,0.016,ERA5-LAND HOURLY PRECIPITATION SAMPLED AT NEAREST MODEL-GRID LOCATIONS VIA OPEN-METEO AND SPATIALLY WEIGHTED OVER THE TEHRI CATCHMENT.
2024-07-13 11:00:00+00:00,0.166,0.207,0.011,ERA5-LAND HOURLY PRECIPITATION SAMPLED AT NEAREST MODEL-GRID LOCATIONS VIA OPEN-METEO AND SPATIALLY WEIGHTED OVER THE TEHRI CATCHMENT.
2024-07-13 12:00:00+00:00,0.056,0.114,0.01,ERA5-LAND HOURLY PRECIPITATION SAMPLED AT NEAREST MODEL-GRID LOCATIONS VIA OPEN-METEO AND SPATIALLY WEIGHTED OVER THE TEHRI CATCHMENT.
2024-07-13 13:00:00+00:00,0.016,0.012,0.0,ERA5-LAND HOURLY PRECIPITATION SAMPLED AT NEAREST MODEL-GRID LOCATIONS VIA OPEN-METEO AND SPATIALLY WEIGHTED OVER THE TEHRI CATCHMENT.
2024-07-13 14:00:00+00:00,0.002,0.0,0.0,ERA5-LAND HOURLY PRECIPITATION SAMPLED AT NEAREST MODEL-GRID LOCATIONS VIA OPEN-METEO AND SPATIALLY WEIGHTED OVER THE TEHRI CATCHMENT.
2024-07-13 15:00:00+00:00,0.0,0.031,0.0,ERA5-LAND HOURLY PRECIPITATION SAMPLED AT NEAREST MODEL-GRID LOCATIONS VIA OPEN-METEO AND SPATIALLY WEIGHTED OVER THE TEHRI CATCHMENT.
2024-07-13 16:00:00+00:00,0.002,0.071,0.0,ERA5-LAND HOURLY PRECIPITATION SAMPLED AT NEAREST MODEL-GRID LOCATIONS VIA OPEN-METEO AND SPATIALLY WEIGHTED OVER THE TEHRI CATCHMENT.
2024-07-13 17:00:00+00:00,0.002,0.127,0.001,ERA5-LAND HOURLY PRECIPITATION SAMPLED AT NEAREST MODEL-GRID LOCATIONS VIA OPEN-METEO AND SPATIALLY WEIGHTED OVER THE TEHRI CATCHMENT.
2024-07-13 18:00:00+00:00,0.009,0.101,0.003,ERA5-LAND HOURLY PRECIPITATION SAMPLED AT NEAREST MODEL-GRID LOCATIONS VIA OPEN-METEO AND SPATIALLY WEIGHTED OVER THE TEHRI CATCHMENT.
2024-07-13 19:00:00+00:00,0.017,0.037,0.038,ERA5-LAND HOURLY PRECIPITATION SAMPLED AT NEAREST MODEL-GRID LOCATIONS VIA OPEN-METEO AND SPATIALLY WEIGHTED OVER THE TEHRI CATCHMENT.
2024-07-13 20:00:00+00:00,0.093,0.042,0.095,ERA5-LAND HOURLY PRECIPITATION SAMPLED AT NEAREST MODEL-GRID LOCATIONS VIA OPEN-METEO AND SPATIALLY WEIGHTED OVER THE TEHRI CATCHMENT.
2024-07-13 21:00:00+00:00,0.043,0.034,0.259,ERA5-LAND HOURLY PRECIPITATION SAMPLED AT NEAREST MODEL-GRID LOCATIONS VIA OPEN-METEO AND SPATIALLY WEIGHTED OVER THE TEHRI CATCHMENT.
2024-07-13 22:00:00+00:00,0.113,0.155,0.007,ERA5-LAND HOURLY PRECIPITATION SAMPLED AT NEAREST MODEL-GRID LOCATIONS VIA OPEN-METEO AND SPATIALLY WEIGHTED OVER THE TEHRI CATCHMENT.
2024-07-13 23:00:00+00:00,0.039,0.038,0.0,ERA5-LAND HOURLY PRECIPITATION SAMPLED AT NEAREST MODEL-GRID LOCATIONS VIA OPEN-METEO AND SPATIALLY WEIGHTED OVER THE TEHRI CATCHMENT.
2024-07-14 00:00:00+00:00,0.011,0.087,0.0,ERA5-LAND HOURLY PRECIPITATION SAMPLED AT NEAREST MODEL-GRID LOCATIONS VIA OPEN-METEO AND SPATIALLY WEIGHTED OVER THE TEHRI CATCHMENT.
2024-07-14 01:00:00+00:00,0.0,0.0,0.0,ERA5-LAND HOURLY PRECIPITATION SAMPLED AT NEAREST MODEL-GRID LOCATIONS VIA OPEN-METEO AND SPATIALLY WEIGHTED OVER THE TEHRI CATCHMENT.
2024-07-14 02:00:00+00:00,0.0,0.0,0.0,ERA5-LAND HOURLY PRECIPITATION SAMPLED AT NEAREST MODEL-GRID LOCATIONS VIA OPEN-METEO AND SPATIALLY WEIGHTED OVER THE TEHRI CATCHMENT.
2024-07-14 03:00:00+00:00,0.011,0.005,0.001,ERA5-LAND HOURLY PRECIPITATION SAMPLED AT NEAREST MODEL-GRID LOCATIONS VIA OPEN-METEO AND SPATIALLY WEIGHTED OVER THE TEHRI CATCHMENT.
2024-07-14 04:00:00+00:00,0.064,0.048,0.001,ERA5-LAND HOURLY PRECIPITATION SAMPLED AT NEAREST MODEL-GRID LOCATIONS VIA OPEN-METEO AND SPATIALLY WEIGHTED OVER THE TEHRI CATCHMENT.
2024-07-14 05:00:00+00:00,0.145,0.199,0.018,ERA5-LAND HOURLY PRECIPITATION SAMPLED AT NEAREST MODEL-GRID LOCATIONS VIA OPEN-METEO AND SPATIALLY WEIGHTED OVER THE TEHRI CATCHMENT.
2024-07-14 06:00:00+00:00,0.15,0.283,0.05,ERA5-LAND HOURLY PRECIPITATION SAMPLED AT NEAREST MODEL-GRID LOCATIONS VIA OPEN-METEO AND SPATIALLY WEIGHTED OVER THE TEHRI CATCHMENT.
2024-07-14 07:00:00+00:00,0.247,0.276,0.243,ERA5-LAND HOURLY PRECIPITATION SAMPLED AT NEAREST MODEL-GRID LOCATIONS VIA OPEN-METEO AND SPATIALLY WEIGHTED OVER THE TEHRI CATCHMENT.
2024-07-14 08:00:00+00:00,0.169,1.949,0.268,ERA5-LAND HOURLY PRECIPITATION SAMPLED AT NEAREST MODEL-GRID LOCATIONS VIA OPEN-METEO AND SPATIALLY WEIGHTED OVER THE TEHRI CATCHMENT.
2024-07-14 09:00:00+00:00,0.494,0.467,0.293,ERA5-LAND HOURLY PRECIPITATION SAMPLED AT NEAREST MODEL-GRID LOCATIONS VIA OPEN-METEO AND SPATIALLY WEIGHTED OVER THE TEHRI CATCHMENT.
2024-07-14 10:00:00+00:00,0.288,0.813,0.469,ERA5-LAND HOURLY PRECIPITATION SAMPLED AT NEAREST MODEL-GRID LOCATIONS VIA OPEN-METEO AND SPATIALLY WEIGHTED OVER THE TEHRI CATCHMENT.
2024-07-14 11:00:00+00:00,0.352,0.837,1.04,ERA5-LAND HOURLY PRECIPITATION SAMPLED AT NEAREST MODEL-GRID LOCATIONS VIA OPEN-METEO AND SPATIALLY WEIGHTED OVER THE TEHRI CATCHMENT.
2024-07-14 12:00:00+00:00,0.169,0.198,0.198,ERA5-LAND HOURLY PRECIPITATION SAMPLED AT NEAREST MODEL-GRID LOCATIONS VIA OPEN-METEO AND SPATIALLY WEIGHTED OVER THE TEHRI CATCHMENT.
2024-07-14 13:00:00+00:00,0.052,0.029,0.0,ERA5-LAND HOURLY PRECIPITATION SAMPLED AT NEAREST MODEL-GRID LOCATIONS VIA OPEN-METEO AND SPATIALLY WEIGHTED OVER THE TEHRI CATCHMENT.
2024-07-14 14:00:00+00:00,0.069,0.115,0.0,ERA5-LAND HOURLY PRECIPITATION SAMPLED AT NEAREST MODEL-GRID LOCATIONS VIA OPEN-METEO AND SPATIALLY WEIGHTED OVER THE TEHRI CATCHMENT.
2024-07-14 15:00:00+00:00,0.254,1.11,0.285,ERA5-LAND HOURLY PRECIPITATION SAMPLED AT NEAREST MODEL-GRID LOCATIONS VIA OPEN-METEO AND SPATIALLY WEIGHTED OVER THE TEHRI CATCHMENT.
2024-07-14 16:00:00+00:00,0.32,0.275,1.776,ERA5-LAND HOURLY PRECIPITATION SAMPLED AT NEAREST MODEL-GRID LOCATIONS VIA OPEN-METEO AND SPATIALLY WEIGHTED OVER THE TEHRI CATCHMENT.
2024-07-14 17:00:00+00:00,0.128,0.21,0.092,ERA5-LAND HOURLY PRECIPITATION SAMPLED AT NEAREST MODEL-GRID LOCATIONS VIA OPEN-METEO AND SPATIALLY WEIGHTED OVER THE TEHRI CATCHMENT.
2024-07-14 18:00:00+00:00,0.119,0.325,0.051,ERA5-LAND HOURLY PRECIPITATION SAMPLED AT NEAREST MODEL-GRID LOCATIONS VIA OPEN-METEO AND SPATIALLY WEIGHTED OVER THE TEHRI CATCHMENT.
2024-07-14 19:00:00+00:00,0.075,0.11,0.081,ERA5-LAND HOURLY PRECIPITATION SAMPLED AT NEAREST MODEL-GRID LOCATIONS VIA OPEN-METEO AND SPATIALLY WEIGHTED OVER THE TEHRI CATCHMENT.
2024-07-14 20:00:00+00:00,0.036,0.125,0.007,ERA5-LAND HOURLY PRECIPITATION SAMPLED AT NEAREST MODEL-GRID LOCATIONS VIA OPEN-METEO AND SPATIALLY WEIGHTED OVER THE TEHRI CATCHMENT.
2024-07-14 21:00:00+00:00,0.142,0.777,0.137,ERA5-LAND HOURLY PRECIPITATION SAMPLED AT NEAREST MODEL-GRID LOCATIONS VIA OPEN-METEO AND SPATIALLY WEIGHTED OVER THE TEHRI CATCHMENT.
2024-07-14 22:00:00+00:00,0.113,0.414,0.233,ERA5-LAND HOURLY PRECIPITATION SAMPLED AT NEAREST MODEL-GRID LOCATIONS VIA OPEN-METEO AND SPATIALLY WEIGHTED OVER THE TEHRI CATCHMENT.
2024-07-14 23:00:00+00:00,0.116,0.056,0.048,ERA5-LAND HOURLY PRECIPITATION SAMPLED AT NEAREST MODEL-GRID LOCATIONS VIA OPEN-METEO AND SPATIALLY WEIGHTED OVER THE TEHRI CATCHMENT.
2024-07-15 00:00:00+00:00,0.044,0.022,0.002,ERA5-LAND HOURLY PRECIPITATION SAMPLED AT NEAREST MODEL-GRID LOCATIONS VIA OPEN-METEO AND SPATIALLY WEIGHTED OVER THE TEHRI CATCHMENT.
2024-07-15 01:00:00+00:00,0.053,0.046,0.022,ERA5-LAND HOURLY PRECIPITATION SAMPLED AT NEAREST MODEL-GRID LOCATIONS VIA OPEN-METEO AND SPATIALLY WEIGHTED OVER THE TEHRI CATCHMENT.
2024-07-15 02:00:00+00:00,0.047,0.062,0.01,ERA5-LAND HOURLY PRECIPITATION SAMPLED AT NEAREST MODEL-GRID LOCATIONS VIA OPEN-METEO AND SPATIALLY WEIGHTED OVER THE TEHRI CATCHMENT.
2024-07-15 03:00:00+00:00,0.033,0.059,0.01,ERA5-LAND HOURLY PRECIPITATION SAMPLED AT NEAREST MODEL-GRID LOCATIONS VIA OPEN-METEO AND SPATIALLY WEIGHTED OVER THE TEHRI CATCHMENT.
2024-07-15 04:00:00+00:00,0.04,0.044,0.004,ERA5-LAND HOURLY PRECIPITATION SAMPLED AT NEAREST MODEL-GRID LOCATIONS VIA OPEN-METEO AND SPATIALLY WEIGHTED OVER THE TEHRI CATCHMENT.
2024-07-15 05:00:00+00:00,0.103,1.171,0.088,ERA5-LAND HOURLY PRECIPITATION SAMPLED AT NEAREST MODEL-GRID LOCATIONS VIA OPEN-METEO AND SPATIALLY WEIGHTED OVER THE TEHRI CATCHMENT.
2024-07-15 06:00:00+00:00,0.186,0.122,0.1,ERA5-LAND HOURLY PRECIPITATION SAMPLED AT NEAREST MODEL-GRID LOCATIONS VIA OPEN-METEO AND SPATIALLY WEIGHTED OVER THE TEHRI CATCHMENT.
2024-07-15 07:00:00+00:00,0.185,0.114,0.123,ERA5-LAND HOURLY PRECIPITATION SAMPLED AT NEAREST MODEL-GRID LOCATIONS VIA OPEN-METEO AND SPATIALLY WEIGHTED OVER THE TEHRI CATCHMENT.
2024-07-15 08:00:00+00:00,0.262,1.79,0.433,ERA5-LAND HOURLY PRECIPITATION SAMPLED AT NEAREST MODEL-GRID LOCATIONS VIA OPEN-METEO AND SPATIALLY WEIGHTED OVER THE TEHRI CATCHMENT.
2024-07-15 09:00:00+00:00,0.589,2.389,0.297,ERA5-LAND HOURLY PRECIPITATION SAMPLED AT NEAREST MODEL-GRID LOCATIONS VIA OPEN-METEO AND SPATIALLY WEIGHTED OVER THE TEHRI CATCHMENT.
2024-07-15 10:00:00+00:00,0.377,0.427,0.402,ERA5-LAND HOURLY PRECIPITATION SAMPLED AT NEAREST MODEL-GRID LOCATIONS VIA OPEN-METEO AND SPATIALLY WEIGHTED OVER THE TEHRI CATCHMENT.
2024-07-15 11:00:00+00:00,0.384,0.162,0.741,ERA5-LAND HOURLY PRECIPITATION SAMPLED AT NEAREST MODEL-GRID LOCATIONS VIA OPEN-METEO AND SPATIALLY WEIGHTED OVER THE TEHRI CATCHMENT.
2024-07-15 12:00:00+00:00,0.126,0.126,0.1,ERA5-LAND HOURLY PRECIPITATION SAMPLED AT NEAREST MODEL-GRID LOCATIONS VIA OPEN-METEO AND SPATIALLY WEIGHTED OVER THE TEHRI CATCHMENT.
2024-07-15 13:00:00+00:00,0.028,0.027,0.006,ERA5-LAND HOURLY PRECIPITATION SAMPLED AT NEAREST MODEL-GRID LOCATIONS VIA OPEN-METEO AND SPATIALLY WEIGHTED OVER THE TEHRI CATCHMENT.
2024-07-15 14:00:00+00:00,0.005,0.016,0.0,ERA5-LAND HOURLY PRECIPITATION SAMPLED AT NEAREST MODEL-GRID LOCATIONS VIA OPEN-METEO AND SPATIALLY WEIGHTED OVER THE TEHRI CATCHMENT.
2024-07-15 15:00:00+00:00,0.006,0.001,0.005,ERA5-LAND HOURLY PRECIPITATION SAMPLED AT NEAREST MODEL-GRID LOCATIONS VIA OPEN-METEO AND SPATIALLY WEIGHTED OVER THE TEHRI CATCHMENT.
2024-07-15 16:00:00+00:00,0.009,0.009,0.0,ERA5-LAND HOURLY PRECIPITATION SAMPLED AT NEAREST MODEL-GRID LOCATIONS VIA OPEN-METEO AND SPATIALLY WEIGHTED OVER THE TEHRI CATCHMENT.
2024-07-15 17:00:00+00:00,0.069,0.579,0.006,ERA5-LAND HOURLY PRECIPITATION SAMPLED AT NEAREST MODEL-GRID LOCATIONS VIA OPEN-METEO AND SPATIALLY WEIGHTED OVER THE TEHRI CATCHMENT.
2024-07-15 18:00:00+00:00,0.51,1.726,0.845,ERA5-LAND HOURLY PRECIPITATION SAMPLED AT NEAREST MODEL-GRID LOCATIONS VIA OPEN-METEO AND SPATIALLY WEIGHTED OVER THE TEHRI CATCHMENT.
2024-07-15 19:00:00+00:00,0.207,1.055,4.645,ERA5-LAND HOURLY PRECIPITATION SAMPLED AT NEAREST MODEL-GRID LOCATIONS VIA OPEN-METEO AND SPATIALLY WEIGHTED OVER THE TEHRI CATCHMENT.
2024-07-15 20:00:00+00:00,0.089,2.143,2.215,ERA5-LAND HOURLY PRECIPITATION SAMPLED AT NEAREST MODEL-GRID LOCATIONS VIA OPEN-METEO AND SPATIALLY WEIGHTED OVER THE TEHRI CATCHMENT.
2024-07-15 21:00:00+00:00,0.193,0.352,0.995,ERA5-LAND HOURLY PRECIPITATION SAMPLED AT NEAREST MODEL-GRID LOCATIONS VIA OPEN-METEO AND SPATIALLY WEIGHTED OVER THE TEHRI CATCHMENT.
2024-07-15 22:00:00+00:00,0.257,0.23,1.258,ERA5-LAND HOURLY PRECIPITATION SAMPLED AT NEAREST MODEL-GRID LOCATIONS VIA OPEN-METEO AND SPATIALLY WEIGHTED OVER THE TEHRI CATCHMENT.
2024-07-15 23:00:00+00:00,0.292,0.166,1.339,ERA5-LAND HOURLY PRECIPITATION SAMPLED AT NEAREST MODEL-GRID LOCATIONS VIA OPEN-METEO AND SPATIALLY WEIGHTED OVER THE TEHRI CATCHMENT.
2024-07-16 00:00:00+00:00,0.225,1.009,1.189,ERA5-LAND HOURLY PRECIPITATION SAMPLED AT NEAREST MODEL-GRID LOCATIONS VIA OPEN-METEO AND SPATIALLY WEIGHTED OVER THE TEHRI CATCHMENT.
2024-07-16 01:00:00+00:00,0.268,0.129,0.019,ERA5-LAND HOURLY PRECIPITATION SAMPLED AT NEAREST MODEL-GRID LOCATIONS VIA OPEN-METEO AND SPATIALLY WEIGHTED OVER THE TEHRI CATCHMENT.
2024-07-16 02:00:00+00:00,0.173,0.041,0.006,ERA5-LAND HOURLY PRECIPITATION SAMPLED AT NEAREST MODEL-GRID LOCATIONS VIA OPEN-METEO AND SPATIALLY WEIGHTED OVER THE TEHRI CATCHMENT.
2024-07-16 03:00:00+00:00,0.038,0.02,0.003,ERA5-LAND HOURLY PRECIPITATION SAMPLED AT NEAREST MODEL-GRID LOCATIONS VIA OPEN-METEO AND SPATIALLY WEIGHTED OVER THE TEHRI CATCHMENT.
2024-07-16 04:00:00+00:00,0.012,0.022,0.001,ERA5-LAND HOURLY PRECIPITATION SAMPLED AT NEAREST MODEL-GRID LOCATIONS VIA OPEN-METEO AND SPATIALLY WEIGHTED OVER THE TEHRI CATCHMENT.
2024-07-16 05:00:00+00:00,0.068,0.085,0.015,ERA5-LAND HOURLY PRECIPITATION SAMPLED AT NEAREST MODEL-GRID LOCATIONS VIA OPEN-METEO AND SPATIALLY WEIGHTED OVER THE TEHRI CATCHMENT.
2024-07-16 06:00:00+00:00,0.13,0.27,0.089,ERA5-LAND HOURLY PRECIPITATION SAMPLED AT NEAREST MODEL-GRID LOCATIONS VIA OPEN-METEO AND SPATIALLY WEIGHTED OVER THE TEHRI CATCHMENT.
2024-07-16 07:00:00+00:00,0.18,0.315,0.157,ERA5-LAND HOURLY PRECIPITATION SAMPLED AT NEAREST MODEL-GRID LOCATIONS VIA OPEN-METEO AND SPATIALLY WEIGHTED OVER THE TEHRI CATCHMENT.
2024-07-16 08:00:00+00:00,0.253,0.534,0.584,ERA5-LAND HOURLY PRECIPITATION SAMPLED AT NEAREST MODEL-GRID LOCATIONS VIA OPEN-METEO AND SPATIALLY WEIGHTED OVER THE TEHRI CATCHMENT.
2024-07-16 09:00:00+00:00,0.356,2.725,0.596,ERA5-LAND HOURLY PRECIPITATION SAMPLED AT NEAREST MODEL-GRID LOCATIONS VIA OPEN-METEO AND SPATIALLY WEIGHTED OVER THE TEHRI CATCHMENT.
2024-07-16 10:00:00+00:00,0.292,0.426,0.358,ERA5-LAND HOURLY PRECIPITATION SAMPLED AT NEAREST MODEL-GRID LOCATIONS VIA OPEN-METEO AND SPATIALLY WEIGHTED OVER THE TEHRI CATCHMENT.
2024-07-16 11:00:00+00:00,0.151,0.244,0.196,ERA5-LAND HOURLY PRECIPITATION SAMPLED AT NEAREST MODEL-GRID LOCATIONS VIA OPEN-METEO AND SPATIALLY WEIGHTED OVER THE TEHRI CATCHMENT.
2024-07-16 12:00:00+00:00,0.084,0.105,0.057,ERA5-LAND HOURLY PRECIPITATION SAMPLED AT NEAREST MODEL-GRID LOCATIONS VIA OPEN-METEO AND SPATIALLY WEIGHTED OVER THE TEHRI CATCHMENT.
2024-07-16 13:00:00+00:00,0.024,0.057,0.077,ERA5-LAND HOURLY PRECIPITATION SAMPLED AT NEAREST MODEL-GRID LOCATIONS VIA OPEN-METEO AND SPATIALLY WEIGHTED OVER THE TEHRI CATCHMENT.
2024-07-16 14:00:00+00:00,0.0,0.0,0.005,ERA5-LAND HOURLY PRECIPITATION SAMPLED AT NEAREST MODEL-GRID LOCATIONS VIA OPEN-METEO AND SPATIALLY WEIGHTED OVER THE TEHRI CATCHMENT.
2024-07-16 15:00:00+00:00,0.006,0.0,0.0,ERA5-LAND HOURLY PRECIPITATION SAMPLED AT NEAREST MODEL-GRID LOCATIONS VIA OPEN-METEO AND SPATIALLY WEIGHTED OVER THE TEHRI CATCHMENT.
2024-07-16 16:00:00+00:00,0.0,0.0,0.0,ERA5-LAND HOURLY PRECIPITATION SAMPLED AT NEAREST MODEL-GRID LOCATIONS VIA OPEN-METEO AND SPATIALLY WEIGHTED OVER THE TEHRI CATCHMENT.
2024-07-16 17:00:00+00:00,0.0,0.001,0.01,ERA5-LAND HOURLY PRECIPITATION SAMPLED AT NEAREST MODEL-GRID LOCATIONS VIA OPEN-METEO AND SPATIALLY WEIGHTED OVER THE TEHRI CATCHMENT.
2024-07-16 18:00:00+00:00,0.032,0.145,0.156,ERA5-LAND HOURLY PRECIPITATION SAMPLED AT NEAREST MODEL-GRID LOCATIONS VIA OPEN-METEO AND SPATIALLY WEIGHTED OVER THE TEHRI CATCHMENT.
2024-07-16 19:00:00+00:00,0.061,0.38,0.784,ERA5-LAND HOURLY PRECIPITATION SAMPLED AT NEAREST MODEL-GRID LOCATIONS VIA OPEN-METEO AND SPATIALLY WEIGHTED OVER THE TEHRI CATCHMENT.
2024-07-16 20:00:00+00:00,0.064,0.624,1.409,ERA5-LAND HOURLY PRECIPITATION SAMPLED AT NEAREST MODEL-GRID LOCATIONS VIA OPEN-METEO AND SPATIALLY WEIGHTED OVER THE TEHRI CATCHMENT.
2024-07-16 21:00:00+00:00,0.035,0.622,0.673,ERA5-LAND HOURLY PRECIPITATION SAMPLED AT NEAREST MODEL-GRID LOCATIONS VIA OPEN-METEO AND SPATIALLY WEIGHTED OVER THE TEHRI CATCHMENT.
2024-07-16 22:00:00+00:00,0.029,1.176,0.177,ERA5-LAND HOURLY PRECIPITATION SAMPLED AT NEAREST MODEL-GRID LOCATIONS VIA OPEN-METEO AND SPATIALLY WEIGHTED OVER THE TEHRI CATCHMENT.
2024-07-16 23:00:00+00:00,0.04,0.599,0.1,ERA5-LAND HOURLY PRECIPITATION SAMPLED AT NEAREST MODEL-GRID LOCATIONS VIA OPEN-METEO AND SPATIALLY WEIGHTED OVER THE TEHRI CATCHMENT.
2024-07-17 00:00:00+00:00,0.067,0.346,0.213,ERA5-LAND HOURLY PRECIPITATION SAMPLED AT NEAREST MODEL-GRID LOCATIONS VIA OPEN-METEO AND SPATIALLY WEIGHTED OVER THE TEHRI CATCHMENT.
2024-07-17 01:00:00+00:00,0.056,0.055,0.257,ERA5-LAND HOURLY PRECIPITATION SAMPLED AT NEAREST MODEL-GRID LOCATIONS VIA OPEN-METEO AND SPATIALLY WEIGHTED OVER THE TEHRI CATCHMENT.
2024-07-17 02:00:00+00:00,0.096,0.156,0.174,ERA5-LAND HOURLY PRECIPITATION SAMPLED AT NEAREST MODEL-GRID LOCATIONS VIA OPEN-METEO AND SPATIALLY WEIGHTED OVER THE TEHRI CATCHMENT.
2024-07-17 03:00:00+00:00,0.132,0.277,0.24,ERA5-LAND HOURLY PRECIPITATION SAMPLED AT NEAREST MODEL-GRID LOCATIONS VIA OPEN-METEO AND SPATIALLY WEIGHTED OVER THE TEHRI CATCHMENT.
2024-07-17 04:00:00+00:00,0.086,0.643,0.258,ERA5-LAND HOURLY PRECIPITATION SAMPLED AT NEAREST MODEL-GRID LOCATIONS VIA OPEN-METEO AND SPATIALLY WEIGHTED OVER THE TEHRI CATCHMENT.
2024-07-17 05:00:00+00:00,0.114,0.952,0.206,ERA5-LAND HOURLY PRECIPITATION SAMPLED AT NEAREST MODEL-GRID LOCATIONS VIA OPEN-METEO AND SPATIALLY WEIGHTED OVER THE TEHRI CATCHMENT.
2024-07-17 06:00:00+00:00,0.104,0.274,0.132,ERA5-LAND HOURLY PRECIPITATION SAMPLED AT NEAREST MODEL-GRID LOCATIONS VIA OPEN-METEO AND SPATIALLY WEIGHTED OVER THE TEHRI CATCHMENT.
2024-07-17 07:00:00+00:00,0.126,0.603,0.23,ERA5-LAND HOURLY PRECIPITATION SAMPLED AT NEAREST MODEL-GRID LOCATIONS VIA OPEN-METEO AND SPATIALLY WEIGHTED OVER THE TEHRI CATCHMENT.
2024-07-17 08:00:00+00:00,0.199,0.282,0.172,ERA5-LAND HOURLY PRECIPITATION SAMPLED AT NEAREST MODEL-GRID LOCATIONS VIA OPEN-METEO AND SPATIALLY WEIGHTED OVER THE TEHRI CATCHMENT.
2024-07-17 09:00:00+00:00,0.209,0.488,0.174,ERA5-LAND HOURLY PRECIPITATION SAMPLED AT NEAREST MODEL-GRID LOCATIONS VIA OPEN-METEO AND SPATIALLY WEIGHTED OVER THE TEHRI CATCHMENT.
2024-07-17 10:00:00+00:00,0.147,0.263,0.168,ERA5-LAND HOURLY PRECIPITATION SAMPLED AT NEAREST MODEL-GRID LOCATIONS VIA OPEN-METEO AND SPATIALLY WEIGHTED OVER THE TEHRI CATCHMENT.
2024-07-17 11:00:00+00:00,0.084,0.177,0.128,ERA5-LAND HOURLY PRECIPITATION SAMPLED AT NEAREST MODEL-GRID LOCATIONS VIA OPEN-METEO AND SPATIALLY WEIGHTED OVER THE TEHRI CATCHMENT.
2024-07-17 12:00:00+00:00,0.038,0.152,0.091,ERA5-LAND HOURLY PRECIPITATION SAMPLED AT NEAREST MODEL-GRID LOCATIONS VIA OPEN-METEO AND SPATIALLY WEIGHTED OVER THE TEHRI CATCHMENT.
2024-07-17 13:00:00+00:00,0.05,0.049,0.016,ERA5-LAND HOURLY PRECIPITATION SAMPLED AT NEAREST MODEL-GRID LOCATIONS VIA OPEN-METEO AND SPATIALLY WEIGHTED OVER THE TEHRI CATCHMENT.
2024-07-17 14:00:00+00:00,0.02,0.077,0.018,ERA5-LAND HOURLY PRECIPITATION SAMPLED AT NEAREST MODEL-GRID LOCATIONS VIA OPEN-METEO AND SPATIALLY WEIGHTED OVER THE TEHRI CATCHMENT.
2024-07-17 15:00:00+00:00,0.019,0.111,0.034,ERA5-LAND HOURLY PRECIPITATION SAMPLED AT NEAREST MODEL-GRID LOCATIONS VIA OPEN-METEO AND SPATIALLY WEIGHTED OVER THE TEHRI CATCHMENT.
2024-07-17 16:00:00+00:00,0.035,0.117,0.079,ERA5-LAND HOURLY PRECIPITATION SAMPLED AT NEAREST MODEL-GRID LOCATIONS VIA OPEN-METEO AND SPATIALLY WEIGHTED OVER THE TEHRI CATCHMENT.
2024-07-17 17:00:00+00:00,0.159,0.624,0.287,ERA5-LAND HOURLY PRECIPITATION SAMPLED AT NEAREST MODEL-GRID LOCATIONS VIA OPEN-METEO AND SPATIALLY WEIGHTED OVER THE TEHRI CATCHMENT.
2024-07-17 18:00:00+00:00,0.259,1.346,0.398,ERA5-LAND HOURLY PRECIPITATION SAMPLED AT NEAREST MODEL-GRID LOCATIONS VIA OPEN-METEO AND SPATIALLY WEIGHTED OVER THE TEHRI CATCHMENT.
2024-07-17 19:00:00+00:00,0.6,2.439,0.637,ERA5-LAND HOURLY PRECIPITATION SAMPLED AT NEAREST MODEL-GRID LOCATIONS VIA OPEN-METEO AND SPATIALLY WEIGHTED OVER THE TEHRI CATCHMENT.
2024-07-17 20:00:00+00:00,1.332,2.56,0.644,ERA5-LAND HOURLY PRECIPITATION SAMPLED AT NEAREST MODEL-GRID LOCATIONS VIA OPEN-METEO AND SPATIALLY WEIGHTED OVER THE TEHRI CATCHMENT.
2024-07-17 21:00:00+00:00,1.509,1.495,0.299,ERA5-LAND HOURLY PRECIPITATION SAMPLED AT NEAREST MODEL-GRID LOCATIONS VIA OPEN-METEO AND SPATIALLY WEIGHTED OVER THE TEHRI CATCHMENT.
2024-07-17 22:00:00+00:00,1.05,0.437,0.22,ERA5-LAND HOURLY PRECIPITATION SAMPLED AT NEAREST MODEL-GRID LOCATIONS VIA OPEN-METEO AND SPATIALLY WEIGHTED OVER THE TEHRI CATCHMENT.
2024-07-17 23:00:00+00:00,0.548,0.159,0.156,ERA5-LAND HOURLY PRECIPITATION SAMPLED AT NEAREST MODEL-GRID LOCATIONS VIA OPEN-METEO AND SPATIALLY WEIGHTED OVER THE TEHRI CATCHMENT.
2024-07-18 00:00:00+00:00,0.223,0.189,0.032,ERA5-LAND HOURLY PRECIPITATION SAMPLED AT NEAREST MODEL-GRID LOCATIONS VIA OPEN-METEO AND SPATIALLY WEIGHTED OVER THE TEHRI CATCHMENT.
2024-07-18 01:00:00+00:00,0.075,0.079,0.023,ERA5-LAND HOURLY PRECIPITATION SAMPLED AT NEAREST MODEL-GRID LOCATIONS VIA OPEN-METEO AND SPATIALLY WEIGHTED OVER THE TEHRI CATCHMENT.
2024-07-18 02:00:00+00:00,0.02,0.087,0.061,ERA5-LAND HOURLY PRECIPITATION SAMPLED AT NEAREST MODEL-GRID LOCATIONS VIA OPEN-METEO AND SPATIALLY WEIGHTED OVER THE TEHRI CATCHMENT.
2024-07-18 03:00:00+00:00,0.034,0.15,0.075,ERA5-LAND HOURLY PRECIPITATION SAMPLED AT NEAREST MODEL-GRID LOCATIONS VIA OPEN-METEO AND SPATIALLY WEIGHTED OVER THE TEHRI CATCHMENT.
2024-07-18 04:00:00+00:00,0.03,0.142,0.06,ERA5-LAND HOURLY PRECIPITATION SAMPLED AT NEAREST MODEL-GRID LOCATIONS VIA OPEN-METEO AND SPATIALLY WEIGHTED OVER THE TEHRI CATCHMENT.
2024-07-18 05:00:00+00:00,0.022,0.169,0.127,ERA5-LAND HOURLY PRECIPITATION SAMPLED AT NEAREST MODEL-GRID LOCATIONS VIA OPEN-METEO AND SPATIALLY WEIGHTED OVER THE TEHRI CATCHMENT.
2024-07-18 06:00:00+00:00,0.063,0.299,0.161,ERA5-LAND HOURLY PRECIPITATION SAMPLED AT NEAREST MODEL-GRID LOCATIONS VIA OPEN-METEO AND SPATIALLY WEIGHTED OVER THE TEHRI CATCHMENT.
2024-07-18 07:00:00+00:00,0.067,0.377,0.154,ERA5-LAND HOURLY PRECIPITATION SAMPLED AT NEAREST MODEL-GRID LOCATIONS VIA OPEN-METEO AND SPATIALLY WEIGHTED OVER THE TEHRI CATCHMENT.
2024-07-18 08:00:00+00:00,0.091,0.404,0.211,ERA5-LAND HOURLY PRECIPITATION SAMPLED AT NEAREST MODEL-GRID LOCATIONS VIA OPEN-METEO AND SPATIALLY WEIGHTED OVER THE TEHRI CATCHMENT.
2024-07-18 09:00:00+00:00,0.069,0.309,0.203,ERA5-LAND HOURLY PRECIPITATION SAMPLED AT NEAREST MODEL-GRID LOCATIONS VIA OPEN-METEO AND SPATIALLY WEIGHTED OVER THE TEHRI CATCHMENT.
2024-07-18 10:00:00+00:00,0.1,0.325,0.213,ERA5-LAND HOURLY PRECIPITATION SAMPLED AT NEAREST MODEL-GRID LOCATIONS VIA OPEN-METEO AND SPATIALLY WEIGHTED OVER THE TEHRI CATCHMENT.
2024-07-18 11:00:00+00:00,0.084,0.223,0.181,ERA5-LAND HOURLY PRECIPITATION SAMPLED AT NEAREST MODEL-GRID LOCATIONS VIA OPEN-METEO AND SPATIALLY WEIGHTED OVER THE TEHRI CATCHMENT.
2024-07-18 12:00:00+00:00,0.072,0.186,0.111,ERA5-LAND HOURLY PRECIPITATION SAMPLED AT NEAREST MODEL-GRID LOCATIONS VIA OPEN-METEO AND SPATIALLY WEIGHTED OVER THE TEHRI CATCHMENT.
2024-07-18 13:00:00+00:00,0.075,0.101,0.031,ERA5-LAND HOURLY PRECIPITATION SAMPLED AT NEAREST MODEL-GRID LOCATIONS VIA OPEN-METEO AND SPATIALLY WEIGHTED OVER THE TEHRI CATCHMENT.
2024-07-18 14:00:00+00:00,0.033,0.069,0.034,ERA5-LAND HOURLY PRECIPITATION SAMPLED AT NEAREST MODEL-GRID LOCATIONS VIA OPEN-METEO AND SPATIALLY WEIGHTED OVER THE TEHRI CATCHMENT.
2024-07-18 15:00:00+00:00,0.053,0.173,0.616,ERA5-LAND HOURLY PRECIPITATION SAMPLED AT NEAREST MODEL-GRID LOCATIONS VIA OPEN-METEO AND SPATIALLY WEIGHTED OVER THE TEHRI CATCHMENT.
2024-07-18 16:00:00+00:00,0.081,0.214,0.996,ERA5-LAND HOURLY PRECIPITATION SAMPLED AT NEAREST MODEL-GRID LOCATIONS VIA OPEN-METEO AND SPATIALLY WEIGHTED OVER THE TEHRI CATCHMENT.
2024-07-18 17:00:00+00:00,0.067,0.296,0.713,ERA5-LAND HOURLY PRECIPITATION SAMPLED AT NEAREST MODEL-GRID LOCATIONS VIA OPEN-METEO AND SPATIALLY WEIGHTED OVER THE TEHRI CATCHMENT.
2024-07-18 18:00:00+00:00,0.029,0.912,0.857,ERA5-LAND HOURLY PRECIPITATION SAMPLED AT NEAREST MODEL-GRID LOCATIONS VIA OPEN-METEO AND SPATIALLY WEIGHTED OVER THE TEHRI CATCHMENT.
2024-07-18 19:00:00+00:00,0.077,1.598,0.838,ERA5-LAND HOURLY PRECIPITATION SAMPLED AT NEAREST MODEL-GRID LOCATIONS VIA OPEN-METEO AND SPATIALLY WEIGHTED OVER THE TEHRI CATCHMENT.
2024-07-18 20:00:00+00:00,0.032,0.759,0.547,ERA5-LAND HOURLY PRECIPITATION SAMPLED AT NEAREST MODEL-GRID LOCATIONS VIA OPEN-METEO AND SPATIALLY WEIGHTED OVER THE TEHRI CATCHMENT.
2024-07-18 21:00:00+00:00,0.08,0.857,0.385,ERA5-LAND HOURLY PRECIPITATION SAMPLED AT NEAREST MODEL-GRID LOCATIONS VIA OPEN-METEO AND SPATIALLY WEIGHTED OVER THE TEHRI CATCHMENT.
2024-07-18 22:00:00+00:00,0.035,0.37,0.161,ERA5-LAND HOURLY PRECIPITATION SAMPLED AT NEAREST MODEL-GRID LOCATIONS VIA OPEN-METEO AND SPATIALLY WEIGHTED OVER THE TEHRI CATCHMENT.
2024-07-18 23:00:00+00:00,0.0,0.11,0.053,ERA5-LAND HOURLY PRECIPITATION SAMPLED AT NEAREST MODEL-GRID LOCATIONS VIA OPEN-METEO AND SPATIALLY WEIGHTED OVER THE TEHRI CATCHMENT.
2024-07-19 00:00:00+00:00,0.006,0.021,0.026,ERA5-LAND HOURLY PRECIPITATION SAMPLED AT NEAREST MODEL-GRID LOCATIONS VIA OPEN-METEO AND SPATIALLY WEIGHTED OVER THE TEHRI CATCHMENT.
2024-07-19 01:00:00+00:00,0.048,0.255,0.534,ERA5-LAND HOURLY PRECIPITATION SAMPLED AT NEAREST MODEL-GRID LOCATIONS VIA OPEN-METEO AND SPATIALLY WEIGHTED OVER THE TEHRI CATCHMENT.
2024-07-19 02:00:00+00:00,0.036,0.541,0.213,ERA5-LAND HOURLY PRECIPITATION SAMPLED AT NEAREST MODEL-GRID LOCATIONS VIA OPEN-METEO AND SPATIALLY WEIGHTED OVER THE TEHRI CATCHMENT.
2024-07-19 03:00:00+00:00,0.012,0.233,0.014,ERA5-LAND HOURLY PRECIPITATION SAMPLED AT NEAREST MODEL-GRID LOCATIONS VIA OPEN-METEO AND SPATIALLY WEIGHTED OVER THE TEHRI CATCHMENT.
2024-07-19 04:00:00+00:00,0.012,0.138,0.006,ERA5-LAND HOURLY PRECIPITATION SAMPLED AT NEAREST MODEL-GRID LOCATIONS VIA OPEN-METEO AND SPATIALLY WEIGHTED OVER THE TEHRI CATCHMENT.
2024-07-19 05:00:00+00:00,0.024,0.143,0.018,ERA5-LAND HOURLY PRECIPITATION SAMPLED AT NEAREST MODEL-GRID LOCATIONS VIA OPEN-METEO AND SPATIALLY WEIGHTED OVER THE TEHRI CATCHMENT.
2024-07-19 06:00:00+00:00,0.053,0.257,0.042,ERA5-LAND HOURLY PRECIPITATION SAMPLED AT NEAREST MODEL-GRID LOCATIONS VIA OPEN-METEO AND SPATIALLY WEIGHTED OVER THE TEHRI CATCHMENT.
2024-07-19 07:00:00+00:00,0.096,0.338,0.085,ERA5-LAND HOURLY PRECIPITATION SAMPLED AT NEAREST MODEL-GRID LOCATIONS VIA OPEN-METEO AND SPATIALLY WEIGHTED OVER THE TEHRI CATCHMENT.
2024-07-19 08:00:00+00:00,0.151,1.123,0.145,ERA5-LAND HOURLY PRECIPITATION SAMPLED AT NEAREST MODEL-GRID LOCATIONS VIA OPEN-METEO AND SPATIALLY WEIGHTED OVER THE TEHRI CATCHMENT.
2024-07-19 09:00:00+00:00,0.297,2.84,0.325,ERA5-LAND HOURLY PRECIPITATION SAMPLED AT NEAREST MODEL-GRID LOCATIONS VIA OPEN-METEO AND SPATIALLY WEIGHTED OVER THE TEHRI CATCHMENT.
2024-07-19 10:00:00+00:00,0.173,0.362,0.58,ERA5-LAND HOURLY PRECIPITATION SAMPLED AT NEAREST MODEL-GRID LOCATIONS VIA OPEN-METEO AND SPATIALLY WEIGHTED OVER THE TEHRI CATCHMENT.
2024-07-19 11:00:00+00:00,0.058,0.386,0.34,ERA5-LAND HOURLY PRECIPITATION SAMPLED AT NEAREST MODEL-GRID LOCATIONS VIA OPEN-METEO AND SPATIALLY WEIGHTED OVER THE TEHRI CATCHMENT.
2024-07-19 12:00:00+00:00,0.116,0.376,0.472,ERA5-LAND HOURLY PRECIPITATION SAMPLED AT NEAREST MODEL-GRID LOCATIONS VIA OPEN-METEO AND SPATIALLY WEIGHTED OVER THE TEHRI CATCHMENT.
2024-07-19 13:00:00+00:00,0.018,0.142,0.238,ERA5-LAND HOURLY PRECIPITATION SAMPLED AT NEAREST MODEL-GRID LOCATIONS VIA OPEN-METEO AND SPATIALLY WEIGHTED OVER THE TEHRI CATCHMENT.
2024-07-19 14:00:00+00:00,0.002,0.122,0.242,ERA5-LAND HOURLY PRECIPITATION SAMPLED AT NEAREST MODEL-GRID LOCATIONS VIA OPEN-METEO AND SPATIALLY WEIGHTED OVER THE TEHRI CATCHMENT.
2024-07-19 15:00:00+00:00,0.064,0.189,0.618,ERA5-LAND HOURLY PRECIPITATION SAMPLED AT NEAREST MODEL-GRID LOCATIONS VIA OPEN-METEO AND SPATIALLY WEIGHTED OVER THE TEHRI CATCHMENT.
2024-07-19 16:00:00+00:00,0.096,0.464,1.005,ERA5-LAND HOURLY PRECIPITATION SAMPLED AT NEAREST MODEL-GRID LOCATIONS VIA OPEN-METEO AND SPATIALLY WEIGHTED OVER THE TEHRI CATCHMENT.
2024-07-19 17:00:00+00:00,0.098,1.257,2.821,ERA5-LAND HOURLY PRECIPITATION SAMPLED AT NEAREST MODEL-GRID LOCATIONS VIA OPEN-METEO AND SPATIALLY WEIGHTED OVER THE TEHRI CATCHMENT.
2024-07-19 18:00:00+00:00,0.119,4.754,3.209,ERA5-LAND HOURLY PRECIPITATION SAMPLED AT NEAREST MODEL-GRID LOCATIONS VIA OPEN-METEO AND SPATIALLY WEIGHTED OVER THE TEHRI CATCHMENT.
2024-07-19 19:00:00+00:00,0.295,1.949,2.165,ERA5-LAND HOURLY PRECIPITATION SAMPLED AT NEAREST MODEL-GRID LOCATIONS VIA OPEN-METEO AND SPATIALLY WEIGHTED OVER THE TEHRI CATCHMENT.
2024-07-19 20:00:00+00:00,0.519,0.965,1.087,ERA5-LAND HOURLY PRECIPITATION SAMPLED AT NEAREST MODEL-GRID LOCATIONS VIA OPEN-METEO AND SPATIALLY WEIGHTED OVER THE TEHRI CATCHMENT.
2024-07-19 21:00:00+00:00,0.306,0.572,0.843,ERA5-LAND HOURLY PRECIPITATION SAMPLED AT NEAREST MODEL-GRID LOCATIONS VIA OPEN-METEO AND SPATIALLY WEIGHTED OVER THE TEHRI CATCHMENT.
2024-07-19 22:00:00+00:00,0.031,0.34,0.35,ERA5-LAND HOURLY PRECIPITATION SAMPLED AT NEAREST MODEL-GRID LOCATIONS VIA OPEN-METEO AND SPATIALLY WEIGHTED OVER THE TEHRI CATCHMENT.
2024-07-19 23:00:00+00:00,0.002,0.227,0.074,ERA5-LAND HOURLY PRECIPITATION SAMPLED AT NEAREST MODEL-GRID LOCATIONS VIA OPEN-METEO AND SPATIALLY WEIGHTED OVER THE TEHRI CATCHMENT.
2024-07-20 00:00:00+00:00,0.004,0.168,0.061,ERA5-LAND HOURLY PRECIPITATION SAMPLED AT NEAREST MODEL-GRID LOCATIONS VIA OPEN-METEO AND SPATIALLY WEIGHTED OVER THE TEHRI CATCHMENT.
2024-07-20 01:00:00+00:00,0.011,0.454,1.858,ERA5-LAND HOURLY PRECIPITATION SAMPLED AT NEAREST MODEL-GRID LOCATIONS VIA OPEN-METEO AND SPATIALLY WEIGHTED OVER THE TEHRI CATCHMENT.
2024-07-20 02:00:00+00:00,0.021,0.594,0.983,ERA5-LAND HOURLY PRECIPITATION SAMPLED AT NEAREST MODEL-GRID LOCATIONS VIA OPEN-METEO AND SPATIALLY WEIGHTED OVER THE TEHRI CATCHMENT.
2024-07-20 03:00:00+00:00,0.048,0.47,0.467,ERA5-LAND HOURLY PRECIPITATION SAMPLED AT NEAREST MODEL-GRID LOCATIONS VIA OPEN-METEO AND SPATIALLY WEIGHTED OVER THE TEHRI CATCHMENT.
2024-07-20 04:00:00+00:00,0.009,0.235,0.175,ERA5-LAND HOURLY PRECIPITATION SAMPLED AT NEAREST MODEL-GRID LOCATIONS VIA OPEN-METEO AND SPATIALLY WEIGHTED OVER THE TEHRI CATCHMENT.
2024-07-20 05:00:00+00:00,0.023,0.172,0.041,ERA5-LAND HOURLY PRECIPITATION SAMPLED AT NEAREST MODEL-GRID LOCATIONS VIA OPEN-METEO AND SPATIALLY WEIGHTED OVER THE TEHRI CATCHMENT.
2024-07-20 06:00:00+00:00,0.072,0.155,0.042,ERA5-LAND HOURLY PRECIPITATION SAMPLED AT NEAREST MODEL-GRID LOCATIONS VIA OPEN-METEO AND SPATIALLY WEIGHTED OVER THE TEHRI CATCHMENT.
2024-07-20 07:00:00+00:00,0.117,0.177,0.05,ERA5-LAND HOURLY PRECIPITATION SAMPLED AT NEAREST MODEL-GRID LOCATIONS VIA OPEN-METEO AND SPATIALLY WEIGHTED OVER THE TEHRI CATCHMENT.
2024-07-20 08:00:00+00:00,0.091,0.149,0.048,ERA5-LAND HOURLY PRECIPITATION SAMPLED AT NEAREST MODEL-GRID LOCATIONS VIA OPEN-METEO AND SPATIALLY WEIGHTED OVER THE TEHRI CATCHMENT.
2024-07-20 09:00:00+00:00,0.071,0.218,0.063,ERA5-LAND HOURLY PRECIPITATION SAMPLED AT NEAREST MODEL-GRID LOCATIONS VIA OPEN-METEO AND SPATIALLY WEIGHTED OVER THE TEHRI CATCHMENT.
2024-07-20 10:00:00+00:00,0.075,0.223,0.083,ERA5-LAND HOURLY PRECIPITATION SAMPLED AT NEAREST MODEL-GRID LOCATIONS VIA OPEN-METEO AND SPATIALLY WEIGHTED OVER THE TEHRI CATCHMENT.
2024-07-20 11:00:00+00:00,0.184,0.255,0.081,ERA5-LAND HOURLY PRECIPITATION SAMPLED AT NEAREST MODEL-GRID LOCATIONS VIA OPEN-METEO AND SPATIALLY WEIGHTED OVER THE TEHRI CATCHMENT.
2024-07-20 12:00:00+00:00,0.095,0.147,0.064,ERA5-LAND HOURLY PRECIPITATION SAMPLED AT NEAREST MODEL-GRID LOCATIONS VIA OPEN-METEO AND SPATIALLY WEIGHTED OVER THE TEHRI CATCHMENT.
2024-07-20 13:00:00+00:00,0.021,0.079,0.023,ERA5-LAND HOURLY PRECIPITATION SAMPLED AT NEAREST MODEL-GRID LOCATIONS VIA OPEN-METEO AND SPATIALLY WEIGHTED OVER THE TEHRI CATCHMENT.
2024-07-20 14:00:00+00:00,0.094,0.298,0.029,ERA5-LAND HOURLY PRECIPITATION SAMPLED AT NEAREST MODEL-GRID LOCATIONS VIA OPEN-METEO AND SPATIALLY WEIGHTED OVER THE TEHRI CATCHMENT.
2024-07-20 15:00:00+00:00,0.23,0.807,0.081,ERA5-LAND HOURLY PRECIPITATION SAMPLED AT NEAREST MODEL-GRID LOCATIONS VIA OPEN-METEO AND SPATIALLY WEIGHTED OVER THE TEHRI CATCHMENT.
2024-07-20 16:00:00+00:00,0.356,1.152,0.133,ERA5-LAND HOURLY PRECIPITATION SAMPLED AT NEAREST MODEL-GRID LOCATIONS VIA OPEN-METEO AND SPATIALLY WEIGHTED OVER THE TEHRI CATCHMENT.
2024-07-20 17:00:00+00:00,0.556,1.328,0.21,ERA5-LAND HOURLY PRECIPITATION SAMPLED AT NEAREST MODEL-GRID LOCATIONS VIA OPEN-METEO AND SPATIALLY WEIGHTED OVER THE TEHRI CATCHMENT.
2024-07-20 18:00:00+00:00,0.688,1.835,0.415,ERA5-LAND HOURLY PRECIPITATION SAMPLED AT NEAREST MODEL-GRID LOCATIONS VIA OPEN-METEO AND SPATIALLY WEIGHTED OVER THE TEHRI CATCHMENT.
2024-07-20 19:00:00+00:00,0.792,2.275,0.623,ERA5-LAND HOURLY PRECIPITATION SAMPLED AT NEAREST MODEL-GRID LOCATIONS VIA OPEN-METEO AND SPATIALLY WEIGHTED OVER THE TEHRI CATCHMENT.
2024-07-20 20:00:00+00:00,0.792,1.852,0.499,ERA5-LAND HOURLY PRECIPITATION SAMPLED AT NEAREST MODEL-GRID LOCATIONS VIA OPEN-METEO AND SPATIALLY WEIGHTED OVER THE TEHRI CATCHMENT.
2024-07-20 21:00:00+00:00,0.483,0.981,0.14,ERA5-LAND HOURLY PRECIPITATION SAMPLED AT NEAREST MODEL-GRID LOCATIONS VIA OPEN-METEO AND SPATIALLY WEIGHTED OVER THE TEHRI CATCHMENT.
2024-07-20 22:00:00+00:00,0.254,0.166,0.065,ERA5-LAND HOURLY PRECIPITATION SAMPLED AT NEAREST MODEL-GRID LOCATIONS VIA OPEN-METEO AND SPATIALLY WEIGHTED OVER THE TEHRI CATCHMENT.
2024-07-20 23:00:00+00:00,0.307,0.002,0.043,ERA5-LAND HOURLY PRECIPITATION SAMPLED AT NEAREST MODEL-GRID LOCATIONS VIA OPEN-METEO AND SPATIALLY WEIGHTED OVER THE TEHRI CATCHMENT.
2024-07-21 00:00:00+00:00,0.337,0.012,0.045,ERA5-LAND HOURLY PRECIPITATION SAMPLED AT NEAREST MODEL-GRID LOCATIONS VIA OPEN-METEO AND SPATIALLY WEIGHTED OVER THE TEHRI CATCHMENT.
2024-07-21 01:00:00+00:00,0.03,0.005,0.016,ERA5-LAND HOURLY PRECIPITATION SAMPLED AT NEAREST MODEL-GRID LOCATIONS VIA OPEN-METEO AND SPATIALLY WEIGHTED OVER THE TEHRI CATCHMENT.
2024-07-21 02:00:00+00:00,0.011,0.03,0.004,ERA5-LAND HOURLY PRECIPITATION SAMPLED AT NEAREST MODEL-GRID LOCATIONS VIA OPEN-METEO AND SPATIALLY WEIGHTED OVER THE TEHRI CATCHMENT.
2024-07-21 03:00:00+00:00,0.053,0.064,0.047,ERA5-LAND HOURLY PRECIPITATION SAMPLED AT NEAREST MODEL-GRID LOCATIONS VIA OPEN-METEO AND SPATIALLY WEIGHTED OVER THE TEHRI CATCHMENT.
2024-07-21 04:00:00+00:00,0.079,0.179,0.129,ERA5-LAND HOURLY PRECIPITATION SAMPLED AT NEAREST MODEL-GRID LOCATIONS VIA OPEN-METEO AND SPATIALLY WEIGHTED OVER THE TEHRI CATCHMENT.
2024-07-21 05:00:00+00:00,0.116,0.393,0.184,ERA5-LAND HOURLY PRECIPITATION SAMPLED AT NEAREST MODEL-GRID LOCATIONS VIA OPEN-METEO AND SPATIALLY WEIGHTED OVER THE TEHRI CATCHMENT.
2024-07-21 06:00:00+00:00,0.146,0.489,0.296,ERA5-LAND HOURLY PRECIPITATION SAMPLED AT NEAREST MODEL-GRID LOCATIONS VIA OPEN-METEO AND SPATIALLY WEIGHTED OVER THE TEHRI CATCHMENT.
2024-07-21 07:00:00+00:00,0.185,0.439,0.361,ERA5-LAND HOURLY PRECIPITATION SAMPLED AT NEAREST MODEL-GRID LOCATIONS VIA OPEN-METEO AND SPATIALLY WEIGHTED OVER THE TEHRI CATCHMENT.
2024-07-21 08:00:00+00:00,0.312,0.768,0.409,ERA5-LAND HOURLY PRECIPITATION SAMPLED AT NEAREST MODEL-GRID LOCATIONS VIA OPEN-METEO AND SPATIALLY WEIGHTED OVER THE TEHRI CATCHMENT.
2024-07-21 09:00:00+00:00,0.394,0.419,0.396,ERA5-LAND HOURLY PRECIPITATION SAMPLED AT NEAREST MODEL-GRID LOCATIONS VIA OPEN-METEO AND SPATIALLY WEIGHTED OVER THE TEHRI CATCHMENT.
2024-07-21 10:00:00+00:00,0.281,1.003,0.764,ERA5-LAND HOURLY PRECIPITATION SAMPLED AT NEAREST MODEL-GRID LOCATIONS VIA OPEN-METEO AND SPATIALLY WEIGHTED OVER THE TEHRI CATCHMENT.
2024-07-21 11:00:00+00:00,0.418,1.066,1.037,ERA5-LAND HOURLY PRECIPITATION SAMPLED AT NEAREST MODEL-GRID LOCATIONS VIA OPEN-METEO AND SPATIALLY WEIGHTED OVER THE TEHRI CATCHMENT.
2024-07-21 12:00:00+00:00,0.34,0.342,0.38,ERA5-LAND HOURLY PRECIPITATION SAMPLED AT NEAREST MODEL-GRID LOCATIONS VIA OPEN-METEO AND SPATIALLY WEIGHTED OVER THE TEHRI CATCHMENT.
2024-07-21 13:00:00+00:00,0.105,0.657,0.221,ERA5-LAND HOURLY PRECIPITATION SAMPLED AT NEAREST MODEL-GRID LOCATIONS VIA OPEN-METEO AND SPATIALLY WEIGHTED OVER THE TEHRI CATCHMENT.
2024-07-21 14:00:00+00:00,0.05,0.237,0.125,ERA5-LAND HOURLY PRECIPITATION SAMPLED AT NEAREST MODEL-GRID LOCATIONS VIA OPEN-METEO AND SPATIALLY WEIGHTED OVER THE TEHRI CATCHMENT.
2024-07-21 15:00:00+00:00,0.072,0.193,0.118,ERA5-LAND HOURLY PRECIPITATION SAMPLED AT NEAREST MODEL-GRID LOCATIONS VIA OPEN-METEO AND SPATIALLY WEIGHTED OVER THE TEHRI CATCHMENT.
2024-07-21 16:00:00+00:00,0.107,0.243,0.054,ERA5-LAND HOURLY PRECIPITATION SAMPLED AT NEAREST MODEL-GRID LOCATIONS VIA OPEN-METEO AND SPATIALLY WEIGHTED OVER THE TEHRI CATCHMENT.
2024-07-21 17:00:00+00:00,0.256,0.753,0.465,ERA5-LAND HOURLY PRECIPITATION SAMPLED AT NEAREST MODEL-GRID LOCATIONS VIA OPEN-METEO AND SPATIALLY WEIGHTED OVER THE TEHRI CATCHMENT.
2024-07-21 18:00:00+00:00,0.489,0.873,0.67,ERA5-LAND HOURLY PRECIPITATION SAMPLED AT NEAREST MODEL-GRID LOCATIONS VIA OPEN-METEO AND SPATIALLY WEIGHTED OVER THE TEHRI CATCHMENT.
2024-07-21 19:00:00+00:00,0.792,0.681,0.543,ERA5-LAND HOURLY PRECIPITATION SAMPLED AT NEAREST MODEL-GRID LOCATIONS VIA OPEN-METEO AND SPATIALLY WEIGHTED OVER THE TEHRI CATCHMENT.
2024-07-21 20:00:00+00:00,1.302,0.673,0.317,ERA5-LAND HOURLY PRECIPITATION SAMPLED AT NEAREST MODEL-GRID LOCATIONS VIA OPEN-METEO AND SPATIALLY WEIGHTED OVER THE TEHRI CATCHMENT.
2024-07-21 21:00:00+00:00,1.261,1.72,0.593,ERA5-LAND HOURLY PRECIPITATION SAMPLED AT NEAREST MODEL-GRID LOCATIONS VIA OPEN-METEO AND SPATIALLY WEIGHTED OVER THE TEHRI CATCHMENT.
2024-07-21 22:00:00+00:00,1.018,2.521,0.868,ERA5-LAND HOURLY PRECIPITATION SAMPLED AT NEAREST MODEL-GRID LOCATIONS VIA OPEN-METEO AND SPATIALLY WEIGHTED OVER THE TEHRI CATCHMENT.
2024-07-21 23:00:00+00:00,0.888,2.23,0.969,ERA5-LAND HOURLY PRECIPITATION SAMPLED AT NEAREST MODEL-GRID LOCATIONS VIA OPEN-METEO AND SPATIALLY WEIGHTED OVER THE TEHRI CATCHMENT.
2024-07-22 00:00:00+00:00,0.671,1.573,0.898,ERA5-LAND HOURLY PRECIPITATION SAMPLED AT NEAREST MODEL-GRID LOCATIONS VIA OPEN-METEO AND SPATIALLY WEIGHTED OVER THE TEHRI CATCHMENT.
2024-07-22 01:00:00+00:00,0.856,1.32,0.407,ERA5-LAND HOURLY PRECIPITATION SAMPLED AT NEAREST MODEL-GRID LOCATIONS VIA OPEN-METEO AND SPATIALLY WEIGHTED OVER THE TEHRI CATCHMENT.
2024-07-22 02:00:00+00:00,0.692,0.698,0.455,ERA5-LAND HOURLY PRECIPITATION SAMPLED AT NEAREST MODEL-GRID LOCATIONS VIA OPEN-METEO AND SPATIALLY WEIGHTED OVER THE TEHRI CATCHMENT.
2024-07-22 03:00:00+00:00,0.384,0.378,0.496,ERA5-LAND HOURLY PRECIPITATION SAMPLED AT NEAREST MODEL-GRID LOCATIONS VIA OPEN-METEO AND SPATIALLY WEIGHTED OVER THE TEHRI CATCHMENT.
2024-07-22 04:00:00+00:00,0.309,0.683,0.176,ERA5-LAND HOURLY PRECIPITATION SAMPLED AT NEAREST MODEL-GRID LOCATIONS VIA OPEN-METEO AND SPATIALLY WEIGHTED OVER THE TEHRI CATCHMENT.
2024-07-22 05:00:00+00:00,0.311,0.965,0.368,ERA5-LAND HOURLY PRECIPITATION SAMPLED AT NEAREST MODEL-GRID LOCATIONS VIA OPEN-METEO AND SPATIALLY WEIGHTED OVER THE TEHRI CATCHMENT.
2024-07-22 06:00:00+00:00,0.333,1.027,0.435,ERA5-LAND HOURLY PRECIPITATION SAMPLED AT NEAREST MODEL-GRID LOCATIONS VIA OPEN-METEO AND SPATIALLY WEIGHTED OVER THE TEHRI CATCHMENT.
2024-07-22 07:00:00+00:00,0.723,1.19,0.583,ERA5-LAND HOURLY PRECIPITATION SAMPLED AT NEAREST MODEL-GRID LOCATIONS VIA OPEN-METEO AND SPATIALLY WEIGHTED OVER THE TEHRI CATCHMENT.
2024-07-22 08:00:00+00:00,0.543,0.903,0.862,ERA5-LAND HOURLY PRECIPITATION SAMPLED AT NEAREST MODEL-GRID LOCATIONS VIA OPEN-METEO AND SPATIALLY WEIGHTED OVER THE TEHRI CATCHMENT.
2024-07-22 09:00:00+00:00,0.626,0.803,0.873,ERA5-LAND HOURLY PRECIPITATION SAMPLED AT NEAREST MODEL-GRID LOCATIONS VIA OPEN-METEO AND SPATIALLY WEIGHTED OVER THE TEHRI CATCHMENT.
2024-07-22 10:00:00+00:00,0.685,0.98,0.899,ERA5-LAND HOURLY PRECIPITATION SAMPLED AT NEAREST MODEL-GRID LOCATIONS VIA OPEN-METEO AND SPATIALLY WEIGHTED OVER THE TEHRI CATCHMENT.
2024-07-22 11:00:00+00:00,0.164,0.487,0.352,ERA5-LAND HOURLY PRECIPITATION SAMPLED AT NEAREST MODEL-GRID LOCATIONS VIA OPEN-METEO AND SPATIALLY WEIGHTED OVER THE TEHRI CATCHMENT.
2024-07-22 12:00:00+00:00,0.098,0.237,0.265,ERA5-LAND HOURLY PRECIPITATION SAMPLED AT NEAREST MODEL-GRID LOCATIONS VIA OPEN-METEO AND SPATIALLY WEIGHTED OVER THE TEHRI CATCHMENT.
2024-07-22 13:00:00+00:00,0.072,0.184,0.15,ERA5-LAND HOURLY PRECIPITATION SAMPLED AT NEAREST MODEL-GRID LOCATIONS VIA OPEN-METEO AND SPATIALLY WEIGHTED OVER THE TEHRI CATCHMENT.
2024-07-22 14:00:00+00:00,0.076,0.314,0.067,ERA5-LAND HOURLY PRECIPITATION SAMPLED AT NEAREST MODEL-GRID LOCATIONS VIA OPEN-METEO AND SPATIALLY WEIGHTED OVER THE TEHRI CATCHMENT.
2024-07-22 15:00:00+00:00,0.205,0.656,0.157,ERA5-LAND HOURLY PRECIPITATION SAMPLED AT NEAREST MODEL-GRID LOCATIONS VIA OPEN-METEO AND SPATIALLY WEIGHTED OVER THE TEHRI CATCHMENT.
2024-07-22 16:00:00+00:00,0.3,1.166,0.46,ERA5-LAND HOURLY PRECIPITATION SAMPLED AT NEAREST MODEL-GRID LOCATIONS VIA OPEN-METEO AND SPATIALLY WEIGHTED OVER THE TEHRI CATCHMENT.
2024-07-22 17:00:00+00:00,0.533,1.759,0.8,ERA5-LAND HOURLY PRECIPITATION SAMPLED AT NEAREST MODEL-GRID LOCATIONS VIA OPEN-METEO AND SPATIALLY WEIGHTED OVER THE TEHRI CATCHMENT.
2024-07-22 18:00:00+00:00,0.861,2.507,1.529,ERA5-LAND HOURLY PRECIPITATION SAMPLED AT NEAREST MODEL-GRID LOCATIONS VIA OPEN-METEO AND SPATIALLY WEIGHTED OVER THE TEHRI CATCHMENT.
2024-07-22 19:00:00+00:00,1.29,3.203,2.458,ERA5-LAND HOURLY PRECIPITATION SAMPLED AT NEAREST MODEL-GRID LOCATIONS VIA OPEN-METEO AND SPATIALLY WEIGHTED OVER THE TEHRI CATCHMENT.
2024-07-22 20:00:00+00:00,1.791,3.637,2.306,ERA5-LAND HOURLY PRECIPITATION SAMPLED AT NEAREST MODEL-GRID LOCATIONS VIA OPEN-METEO AND SPATIALLY WEIGHTED OVER THE TEHRI CATCHMENT.
2024-07-22 21:00:00+00:00,2.212,4.073,1.423,ERA5-LAND HOURLY PRECIPITATION SAMPLED AT NEAREST MODEL-GRID LOCATIONS VIA OPEN-METEO AND SPATIALLY WEIGHTED OVER THE TEHRI CATCHMENT.
2024-07-22 22:00:00+00:00,1.915,4.239,1.289,ERA5-LAND HOURLY PRECIPITATION SAMPLED AT NEAREST MODEL-GRID LOCATIONS VIA OPEN-METEO AND SPATIALLY WEIGHTED OVER THE TEHRI CATCHMENT.
2024-07-22 23:00:00+00:00,1.52,4.116,1.236,ERA5-LAND HOURLY PRECIPITATION SAMPLED AT NEAREST MODEL-GRID LOCATIONS VIA OPEN-METEO AND SPATIALLY WEIGHTED OVER THE TEHRI CATCHMENT.
2024-07-23 00:00:00+00:00,1.13,3.897,1.367,ERA5-LAND HOURLY PRECIPITATION SAMPLED AT NEAREST MODEL-GRID LOCATIONS VIA OPEN-METEO AND SPATIALLY WEIGHTED OVER THE TEHRI CATCHMENT.
2024-07-23 01:00:00+00:00,0.35,0.302,1.232,ERA5-LAND HOURLY PRECIPITATION SAMPLED AT NEAREST MODEL-GRID LOCATIONS VIA OPEN-METEO AND SPATIALLY WEIGHTED OVER THE TEHRI CATCHMENT.
2024-07-23 02:00:00+00:00,0.376,0.357,1.332,ERA5-LAND HOURLY PRECIPITATION SAMPLED AT NEAREST MODEL-GRID LOCATIONS VIA OPEN-METEO AND SPATIALLY WEIGHTED OVER THE TEHRI CATCHMENT.
2024-07-23 03:00:00+00:00,0.362,0.384,1.911,ERA5-LAND HOURLY PRECIPITATION SAMPLED AT NEAREST MODEL-GRID LOCATIONS VIA OPEN-METEO AND SPATIALLY WEIGHTED OVER THE TEHRI CATCHMENT.
2024-07-23 04:00:00+00:00,0.211,0.471,1.356,ERA5-LAND HOURLY PRECIPITATION SAMPLED AT NEAREST MODEL-GRID LOCATIONS VIA OPEN-METEO AND SPATIALLY WEIGHTED OVER THE TEHRI CATCHMENT.
2024-07-23 05:00:00+00:00,0.268,0.564,0.647,ERA5-LAND HOURLY PRECIPITATION SAMPLED AT NEAREST MODEL-GRID LOCATIONS VIA OPEN-METEO AND SPATIALLY WEIGHTED OVER THE TEHRI CATCHMENT.
2024-07-23 06:00:00+00:00,0.309,0.298,0.2,ERA5-LAND HOURLY PRECIPITATION SAMPLED AT NEAREST MODEL-GRID LOCATIONS VIA OPEN-METEO AND SPATIALLY WEIGHTED OVER THE TEHRI CATCHMENT.
2024-07-23 07:00:00+00:00,0.213,0.27,0.118,ERA5-LAND HOURLY PRECIPITATION SAMPLED AT NEAREST MODEL-GRID LOCATIONS VIA OPEN-METEO AND SPATIALLY WEIGHTED OVER THE TEHRI CATCHMENT.
2024-07-23 08:00:00+00:00,0.251,0.441,0.149,ERA5-LAND HOURLY PRECIPITATION SAMPLED AT NEAREST MODEL-GRID LOCATIONS VIA OPEN-METEO AND SPATIALLY WEIGHTED OVER THE TEHRI CATCHMENT.
2024-07-23 09:00:00+00:00,0.291,0.484,0.18,ERA5-LAND HOURLY PRECIPITATION SAMPLED AT NEAREST MODEL-GRID LOCATIONS VIA OPEN-METEO AND SPATIALLY WEIGHTED OVER THE TEHRI CATCHMENT.
2024-07-23 10:00:00+00:00,0.156,0.254,0.132,ERA5-LAND HOURLY PRECIPITATION SAMPLED AT NEAREST MODEL-GRID LOCATIONS VIA OPEN-METEO AND SPATIALLY WEIGHTED OVER THE TEHRI CATCHMENT.
2024-07-23 11:00:00+00:00,0.06,0.106,0.094,ERA5-LAND HOURLY PRECIPITATION SAMPLED AT NEAREST MODEL-GRID LOCATIONS VIA OPEN-METEO AND SPATIALLY WEIGHTED OVER THE TEHRI CATCHMENT.
2024-07-23 12:00:00+00:00,0.107,0.131,0.158,ERA5-LAND HOURLY PRECIPITATION SAMPLED AT NEAREST MODEL-GRID LOCATIONS VIA OPEN-METEO AND SPATIALLY WEIGHTED OVER THE TEHRI CATCHMENT.
2024-07-23 13:00:00+00:00,0.034,0.084,0.081,ERA5-LAND HOURLY PRECIPITATION SAMPLED AT NEAREST MODEL-GRID LOCATIONS VIA OPEN-METEO AND SPATIALLY WEIGHTED OVER THE TEHRI CATCHMENT.
2024-07-23 14:00:00+00:00,0.025,0.044,0.053,ERA5-LAND HOURLY PRECIPITATION SAMPLED AT NEAREST MODEL-GRID LOCATIONS VIA OPEN-METEO AND SPATIALLY WEIGHTED OVER THE TEHRI CATCHMENT.
2024-07-23 15:00:00+00:00,0.077,0.225,0.347,ERA5-LAND HOURLY PRECIPITATION SAMPLED AT NEAREST MODEL-GRID LOCATIONS VIA OPEN-METEO AND SPATIALLY WEIGHTED OVER THE TEHRI CATCHMENT.
2024-07-23 16:00:00+00:00,0.083,0.307,0.663,ERA5-LAND HOURLY PRECIPITATION SAMPLED AT NEAREST MODEL-GRID LOCATIONS VIA OPEN-METEO AND SPATIALLY WEIGHTED OVER THE TEHRI CATCHMENT.
2024-07-23 17:00:00+00:00,0.102,0.426,1.263,ERA5-LAND HOURLY PRECIPITATION SAMPLED AT NEAREST MODEL-GRID LOCATIONS VIA OPEN-METEO AND SPATIALLY WEIGHTED OVER THE TEHRI CATCHMENT.
2024-07-23 18:00:00+00:00,0.162,0.447,1.066,ERA5-LAND HOURLY PRECIPITATION SAMPLED AT NEAREST MODEL-GRID LOCATIONS VIA OPEN-METEO AND SPATIALLY WEIGHTED OVER THE TEHRI CATCHMENT.
2024-07-23 19:00:00+00:00,0.19,0.37,1.693,ERA5-LAND HOURLY PRECIPITATION SAMPLED AT NEAREST MODEL-GRID LOCATIONS VIA OPEN-METEO AND SPATIALLY WEIGHTED OVER THE TEHRI CATCHMENT.
2024-07-23 20:00:00+00:00,0.095,0.301,1.215,ERA5-LAND HOURLY PRECIPITATION SAMPLED AT NEAREST MODEL-GRID LOCATIONS VIA OPEN-METEO AND SPATIALLY WEIGHTED OVER THE TEHRI CATCHMENT.
2024-07-23 21:00:00+00:00,0.031,0.307,0.341,ERA5-LAND HOURLY PRECIPITATION SAMPLED AT NEAREST MODEL-GRID LOCATIONS VIA OPEN-METEO AND SPATIALLY WEIGHTED OVER THE TEHRI CATCHMENT.
2024-07-23 22:00:00+00:00,0.006,0.154,0.08,ERA5-LAND HOURLY PRECIPITATION SAMPLED AT NEAREST MODEL-GRID LOCATIONS VIA OPEN-METEO AND SPATIALLY WEIGHTED OVER THE TEHRI CATCHMENT.
2024-07-23 23:00:00+00:00,0.003,0.12,0.032,ERA5-LAND HOURLY PRECIPITATION SAMPLED AT NEAREST MODEL-GRID LOCATIONS VIA OPEN-METEO AND SPATIALLY WEIGHTED OVER THE TEHRI CATCHMENT.
2024-07-24 00:00:00+00:00,0.004,0.127,0.026,ERA5-LAND HOURLY PRECIPITATION SAMPLED AT NEAREST MODEL-GRID LOCATIONS VIA OPEN-METEO AND SPATIALLY WEIGHTED OVER THE TEHRI CATCHMENT.
2024-07-24 01:00:00+00:00,0.064,0.636,0.108,ERA5-LAND HOURLY PRECIPITATION SAMPLED AT NEAREST MODEL-GRID LOCATIONS VIA OPEN-METEO AND SPATIALLY WEIGHTED OVER THE TEHRI CATCHMENT.
2024-07-24 02:00:00+00:00,0.049,0.211,0.081,ERA5-LAND HOURLY PRECIPITATION SAMPLED AT NEAREST MODEL-GRID LOCATIONS VIA OPEN-METEO AND SPATIALLY WEIGHTED OVER THE TEHRI CATCHMENT.
2024-07-24 03:00:00+00:00,0.017,0.057,0.032,ERA5-LAND HOURLY PRECIPITATION SAMPLED AT NEAREST MODEL-GRID LOCATIONS VIA OPEN-METEO AND SPATIALLY WEIGHTED OVER THE TEHRI CATCHMENT.
2024-07-24 04:00:00+00:00,0.029,0.111,0.041,ERA5-LAND HOURLY PRECIPITATION SAMPLED AT NEAREST MODEL-GRID LOCATIONS VIA OPEN-METEO AND SPATIALLY WEIGHTED OVER THE TEHRI CATCHMENT.
2024-07-24 05:00:00+00:00,0.078,0.202,0.097,ERA5-LAND HOURLY PRECIPITATION SAMPLED AT NEAREST MODEL-GRID LOCATIONS VIA OPEN-METEO AND SPATIALLY WEIGHTED OVER THE TEHRI CATCHMENT.
2024-07-24 06:00:00+00:00,0.134,0.246,0.076,ERA5-LAND HOURLY PRECIPITATION SAMPLED AT NEAREST MODEL-GRID LOCATIONS VIA OPEN-METEO AND SPATIALLY WEIGHTED OVER THE TEHRI CATCHMENT.
2024-07-24 07:00:00+00:00,0.214,0.434,0.09,ERA5-LAND HOURLY PRECIPITATION SAMPLED AT NEAREST MODEL-GRID LOCATIONS VIA OPEN-METEO AND SPATIALLY WEIGHTED OVER THE TEHRI CATCHMENT.
2024-07-24 08:00:00+00:00,0.172,0.54,0.093,ERA5-LAND HOURLY PRECIPITATION SAMPLED AT NEAREST MODEL-GRID LOCATIONS VIA OPEN-METEO AND SPATIALLY WEIGHTED OVER THE TEHRI CATCHMENT.
2024-07-24 09:00:00+00:00,0.137,0.561,0.142,ERA5-LAND HOURLY PRECIPITATION SAMPLED AT NEAREST MODEL-GRID LOCATIONS VIA OPEN-METEO AND SPATIALLY WEIGHTED OVER THE TEHRI CATCHMENT.
2024-07-24 10:00:00+00:00,0.254,0.472,0.139,ERA5-LAND HOURLY PRECIPITATION SAMPLED AT NEAREST MODEL-GRID LOCATIONS VIA OPEN-METEO AND SPATIALLY WEIGHTED OVER THE TEHRI CATCHMENT.
2024-07-24 11:00:00+00:00,0.158,0.243,0.106,ERA5-LAND HOURLY PRECIPITATION SAMPLED AT NEAREST MODEL-GRID LOCATIONS VIA OPEN-METEO AND SPATIALLY WEIGHTED OVER THE TEHRI CATCHMENT.
2024-07-24 12:00:00+00:00,0.121,0.353,0.1,ERA5-LAND HOURLY PRECIPITATION SAMPLED AT NEAREST MODEL-GRID LOCATIONS VIA OPEN-METEO AND SPATIALLY WEIGHTED OVER THE TEHRI CATCHMENT.
2024-07-24 13:00:00+00:00,0.106,0.211,0.075,ERA5-LAND HOURLY PRECIPITATION SAMPLED AT NEAREST MODEL-GRID LOCATIONS VIA OPEN-METEO AND SPATIALLY WEIGHTED OVER THE TEHRI CATCHMENT.
2024-07-24 14:00:00+00:00,0.102,0.083,0.1,ERA5-LAND HOURLY PRECIPITATION SAMPLED AT NEAREST MODEL-GRID LOCATIONS VIA OPEN-METEO AND SPATIALLY WEIGHTED OVER THE TEHRI CATCHMENT.
2024-07-24 15:00:00+00:00,0.185,0.078,0.223,ERA5-LAND HOURLY PRECIPITATION SAMPLED AT NEAREST MODEL-GRID LOCATIONS VIA OPEN-METEO AND SPATIALLY WEIGHTED OVER THE TEHRI CATCHMENT.
2024-07-24 16:00:00+00:00,0.275,0.189,0.282,ERA5-LAND HOURLY PRECIPITATION SAMPLED AT NEAREST MODEL-GRID LOCATIONS VIA OPEN-METEO AND SPATIALLY WEIGHTED OVER THE TEHRI CATCHMENT.
2024-07-24 17:00:00+00:00,0.325,0.251,0.126,ERA5-LAND HOURLY PRECIPITATION SAMPLED AT NEAREST MODEL-GRID LOCATIONS VIA OPEN-METEO AND SPATIALLY WEIGHTED OVER THE TEHRI CATCHMENT.
2024-07-24 18:00:00+00:00,0.516,0.397,0.084,ERA5-LAND HOURLY PRECIPITATION SAMPLED AT NEAREST MODEL-GRID LOCATIONS VIA OPEN-METEO AND SPATIALLY WEIGHTED OVER THE TEHRI CATCHMENT.
2024-07-24 19:00:00+00:00,0.676,0.624,0.104,ERA5-LAND HOURLY PRECIPITATION SAMPLED AT NEAREST MODEL-GRID LOCATIONS VIA OPEN-METEO AND SPATIALLY WEIGHTED OVER THE TEHRI CATCHMENT.
2024-07-24 20:00:00+00:00,0.708,0.985,0.617,ERA5-LAND HOURLY PRECIPITATION SAMPLED AT NEAREST MODEL-GRID LOCATIONS VIA OPEN-METEO AND SPATIALLY WEIGHTED OVER THE TEHRI CATCHMENT.
2024-07-24 21:00:00+00:00,0.547,0.755,0.398,ERA5-LAND HOURLY PRECIPITATION SAMPLED AT NEAREST MODEL-GRID LOCATIONS VIA OPEN-METEO AND SPATIALLY WEIGHTED OVER THE TEHRI CATCHMENT.
2024-07-24 22:00:00+00:00,0.27,0.318,0.206,ERA5-LAND HOURLY PRECIPITATION SAMPLED AT NEAREST MODEL-GRID LOCATIONS VIA OPEN-METEO AND SPATIALLY WEIGHTED OVER THE TEHRI CATCHMENT.
2024-07-24 23:00:00+00:00,0.039,0.175,0.129,ERA5-LAND HOURLY PRECIPITATION SAMPLED AT NEAREST MODEL-GRID LOCATIONS VIA OPEN-METEO AND SPATIALLY WEIGHTED OVER THE TEHRI CATCHMENT.
2024-07-25 00:00:00+00:00,0.005,0.066,0.325,ERA5-LAND HOURLY PRECIPITATION SAMPLED AT NEAREST MODEL-GRID LOCATIONS VIA OPEN-METEO AND SPATIALLY WEIGHTED OVER THE TEHRI CATCHMENT.
2024-07-25 01:00:00+00:00,0.104,2.388,0.612,ERA5-LAND HOURLY PRECIPITATION SAMPLED AT NEAREST MODEL-GRID LOCATIONS VIA OPEN-METEO AND SPATIALLY WEIGHTED OVER THE TEHRI CATCHMENT.
2024-07-25 02:00:00+00:00,0.142,2.952,0.733,ERA5-LAND HOURLY PRECIPITATION SAMPLED AT NEAREST MODEL-GRID LOCATIONS VIA OPEN-METEO AND SPATIALLY WEIGHTED OVER THE TEHRI CATCHMENT.
2024-07-25 03:00:00+00:00,0.267,3.423,0.873,ERA5-LAND HOURLY PRECIPITATION SAMPLED AT NEAREST MODEL-GRID LOCATIONS VIA OPEN-METEO AND SPATIALLY WEIGHTED OVER THE TEHRI CATCHMENT.
2024-07-25 04:00:00+00:00,0.303,2.984,1.644,ERA5-LAND HOURLY PRECIPITATION SAMPLED AT NEAREST MODEL-GRID LOCATIONS VIA OPEN-METEO AND SPATIALLY WEIGHTED OVER THE TEHRI CATCHMENT.
2024-07-25 05:00:00+00:00,0.43,1.531,2.323,ERA5-LAND HOURLY PRECIPITATION SAMPLED AT NEAREST MODEL-GRID LOCATIONS VIA OPEN-METEO AND SPATIALLY WEIGHTED OVER THE TEHRI CATCHMENT.
2024-07-25 06:00:00+00:00,0.29,0.653,2.941,ERA5-LAND HOURLY PRECIPITATION SAMPLED AT NEAREST MODEL-GRID LOCATIONS VIA OPEN-METEO AND SPATIALLY WEIGHTED OVER THE TEHRI CATCHMENT.
2024-07-25 07:00:00+00:00,0.213,1.261,3.443,ERA5-LAND HOURLY PRECIPITATION SAMPLED AT NEAREST MODEL-GRID LOCATIONS VIA OPEN-METEO AND SPATIALLY WEIGHTED OVER THE TEHRI CATCHMENT.
2024-07-25 08:00:00+00:00,0.158,1.12,3.071,ERA5-LAND HOURLY PRECIPITATION SAMPLED AT NEAREST MODEL-GRID LOCATIONS VIA OPEN-METEO AND SPATIALLY WEIGHTED OVER THE TEHRI CATCHMENT.
2024-07-25 09:00:00+00:00,0.243,1.603,1.212,ERA5-LAND HOURLY PRECIPITATION SAMPLED AT NEAREST MODEL-GRID LOCATIONS VIA OPEN-METEO AND SPATIALLY WEIGHTED OVER THE TEHRI CATCHMENT.
2024-07-25 10:00:00+00:00,0.174,1.126,0.28,ERA5-LAND HOURLY PRECIPITATION SAMPLED AT NEAREST MODEL-GRID LOCATIONS VIA OPEN-METEO AND SPATIALLY WEIGHTED OVER THE TEHRI CATCHMENT.
2024-07-25 11:00:00+00:00,0.667,1.168,0.746,ERA5-LAND HOURLY PRECIPITATION SAMPLED AT NEAREST MODEL-GRID LOCATIONS VIA OPEN-METEO AND SPATIALLY WEIGHTED OVER THE TEHRI CATCHMENT.
2024-07-25 12:00:00+00:00,0.404,0.972,0.971,ERA5-LAND HOURLY PRECIPITATION SAMPLED AT NEAREST MODEL-GRID LOCATIONS VIA OPEN-METEO AND SPATIALLY WEIGHTED OVER THE TEHRI CATCHMENT.
2024-07-25 13:00:00+00:00,0.064,0.119,0.13,ERA5-LAND HOURLY PRECIPITATION SAMPLED AT NEAREST MODEL-GRID LOCATIONS VIA OPEN-METEO AND SPATIALLY WEIGHTED OVER THE TEHRI CATCHMENT.
2024-07-25 14:00:00+00:00,0.064,0.068,0.078,ERA5-LAND HOURLY PRECIPITATION SAMPLED AT NEAREST MODEL-GRID LOCATIONS VIA OPEN-METEO AND SPATIALLY WEIGHTED OVER THE TEHRI CATCHMENT.
2024-07-25 15:00:00+00:00,0.104,0.294,0.495,ERA5-LAND HOURLY PRECIPITATION SAMPLED AT NEAREST MODEL-GRID LOCATIONS VIA OPEN-METEO AND SPATIALLY WEIGHTED OVER THE TEHRI CATCHMENT.
2024-07-25 16:00:00+00:00,0.196,0.607,0.672,ERA5-LAND HOURLY PRECIPITATION SAMPLED AT NEAREST MODEL-GRID LOCATIONS VIA OPEN-METEO AND SPATIALLY WEIGHTED OVER THE TEHRI CATCHMENT.
2024-07-25 17:00:00+00:00,0.22,0.4,0.473,ERA5-LAND HOURLY PRECIPITATION SAMPLED AT NEAREST MODEL-GRID LOCATIONS VIA OPEN-METEO AND SPATIALLY WEIGHTED OVER THE TEHRI CATCHMENT.
2024-07-25 18:00:00+00:00,0.27,0.516,0.223,ERA5-LAND HOURLY PRECIPITATION SAMPLED AT NEAREST MODEL-GRID LOCATIONS VIA OPEN-METEO AND SPATIALLY WEIGHTED OVER THE TEHRI CATCHMENT.
2024-07-25 19:00:00+00:00,0.339,0.632,0.883,ERA5-LAND HOURLY PRECIPITATION SAMPLED AT NEAREST MODEL-GRID LOCATIONS VIA OPEN-METEO AND SPATIALLY WEIGHTED OVER THE TEHRI CATCHMENT.
2024-07-25 20:00:00+00:00,0.308,0.254,0.222,ERA5-LAND HOURLY PRECIPITATION SAMPLED AT NEAREST MODEL-GRID LOCATIONS VIA OPEN-METEO AND SPATIALLY WEIGHTED OVER THE TEHRI CATCHMENT.
2024-07-25 21:00:00+00:00,0.192,0.142,0.131,ERA5-LAND HOURLY PRECIPITATION SAMPLED AT NEAREST MODEL-GRID LOCATIONS VIA OPEN-METEO AND SPATIALLY WEIGHTED OVER THE TEHRI CATCHMENT.
2024-07-25 22:00:00+00:00,0.146,0.307,0.302,ERA5-LAND HOURLY PRECIPITATION SAMPLED AT NEAREST MODEL-GRID LOCATIONS VIA OPEN-METEO AND SPATIALLY WEIGHTED OVER THE TEHRI CATCHMENT.
2024-07-25 23:00:00+00:00,0.156,0.229,0.042,ERA5-LAND HOURLY PRECIPITATION SAMPLED AT NEAREST MODEL-GRID LOCATIONS VIA OPEN-METEO AND SPATIALLY WEIGHTED OVER THE TEHRI CATCHMENT.
2024-07-26 00:00:00+00:00,0.104,0.067,0.012,ERA5-LAND HOURLY PRECIPITATION SAMPLED AT NEAREST MODEL-GRID LOCATIONS VIA OPEN-METEO AND SPATIALLY WEIGHTED OVER THE TEHRI CATCHMENT.
2024-07-26 01:00:00+00:00,0.032,0.121,0.13,ERA5-LAND HOURLY PRECIPITATION SAMPLED AT NEAREST MODEL-GRID LOCATIONS VIA OPEN-METEO AND SPATIALLY WEIGHTED OVER THE TEHRI CATCHMENT.
2024-07-26 02:00:00+00:00,0.041,0.219,0.122,ERA5-LAND HOURLY PRECIPITATION SAMPLED AT NEAREST MODEL-GRID LOCATIONS VIA OPEN-METEO AND SPATIALLY WEIGHTED OVER THE TEHRI CATCHMENT.
2024-07-26 03:00:00+00:00,0.008,0.119,0.086,ERA5-LAND HOURLY PRECIPITATION SAMPLED AT NEAREST MODEL-GRID LOCATIONS VIA OPEN-METEO AND SPATIALLY WEIGHTED OVER THE TEHRI CATCHMENT.
2024-07-26 04:00:00+00:00,0.03,0.147,0.122,ERA5-LAND HOURLY PRECIPITATION SAMPLED AT NEAREST MODEL-GRID LOCATIONS VIA OPEN-METEO AND SPATIALLY WEIGHTED OVER THE TEHRI CATCHMENT.
2024-07-26 05:00:00+00:00,0.118,0.282,0.177,ERA5-LAND HOURLY PRECIPITATION SAMPLED AT NEAREST MODEL-GRID LOCATIONS VIA OPEN-METEO AND SPATIALLY WEIGHTED OVER THE TEHRI CATCHMENT.
2024-07-26 06:00:00+00:00,0.168,0.513,0.155,ERA5-LAND HOURLY PRECIPITATION SAMPLED AT NEAREST MODEL-GRID LOCATIONS VIA OPEN-METEO AND SPATIALLY WEIGHTED OVER THE TEHRI CATCHMENT.
2024-07-26 07:00:00+00:00,0.25,0.899,0.246,ERA5-LAND HOURLY PRECIPITATION SAMPLED AT NEAREST MODEL-GRID LOCATIONS VIA OPEN-METEO AND SPATIALLY WEIGHTED OVER THE TEHRI CATCHMENT.
2024-07-26 08:00:00+00:00,0.296,1.374,0.366,ERA5-LAND HOURLY PRECIPITATION SAMPLED AT NEAREST MODEL-GRID LOCATIONS VIA OPEN-METEO AND SPATIALLY WEIGHTED OVER THE TEHRI CATCHMENT.
2024-07-26 09:00:00+00:00,0.248,0.619,0.443,ERA5-LAND HOURLY PRECIPITATION SAMPLED AT NEAREST MODEL-GRID LOCATIONS VIA OPEN-METEO AND SPATIALLY WEIGHTED OVER THE TEHRI CATCHMENT.
2024-07-26 10:00:00+00:00,0.337,0.968,0.59,ERA5-LAND HOURLY PRECIPITATION SAMPLED AT NEAREST MODEL-GRID LOCATIONS VIA OPEN-METEO AND SPATIALLY WEIGHTED OVER THE TEHRI CATCHMENT.
2024-07-26 11:00:00+00:00,0.299,0.373,0.437,ERA5-LAND HOURLY PRECIPITATION SAMPLED AT NEAREST MODEL-GRID LOCATIONS VIA OPEN-METEO AND SPATIALLY WEIGHTED OVER THE TEHRI CATCHMENT.
2024-07-26 12:00:00+00:00,0.255,0.644,0.513,ERA5-LAND HOURLY PRECIPITATION SAMPLED AT NEAREST MODEL-GRID LOCATIONS VIA OPEN-METEO AND SPATIALLY WEIGHTED OVER THE TEHRI CATCHMENT.
2024-07-26 13:00:00+00:00,0.061,0.128,0.33,ERA5-LAND HOURLY PRECIPITATION SAMPLED AT NEAREST MODEL-GRID LOCATIONS VIA OPEN-METEO AND SPATIALLY WEIGHTED OVER THE TEHRI CATCHMENT.
2024-07-26 14:00:00+00:00,0.061,0.18,0.261,ERA5-LAND HOURLY PRECIPITATION SAMPLED AT NEAREST MODEL-GRID LOCATIONS VIA OPEN-METEO AND SPATIALLY WEIGHTED OVER THE TEHRI CATCHMENT.
2024-07-26 15:00:00+00:00,0.123,0.623,0.444,ERA5-LAND HOURLY PRECIPITATION SAMPLED AT NEAREST MODEL-GRID LOCATIONS VIA OPEN-METEO AND SPATIALLY WEIGHTED OVER THE TEHRI CATCHMENT.
2024-07-26 16:00:00+00:00,0.208,1.31,1.544,ERA5-LAND HOURLY PRECIPITATION SAMPLED AT NEAREST MODEL-GRID LOCATIONS VIA OPEN-METEO AND SPATIALLY WEIGHTED OVER THE TEHRI CATCHMENT.
2024-07-26 17:00:00+00:00,0.29,1.498,0.902,ERA5-LAND HOURLY PRECIPITATION SAMPLED AT NEAREST MODEL-GRID LOCATIONS VIA OPEN-METEO AND SPATIALLY WEIGHTED OVER THE TEHRI CATCHMENT.
2024-07-26 18:00:00+00:00,0.387,1.144,0.936,ERA5-LAND HOURLY PRECIPITATION SAMPLED AT NEAREST MODEL-GRID LOCATIONS VIA OPEN-METEO AND SPATIALLY WEIGHTED OVER THE TEHRI CATCHMENT.
2024-07-26 19:00:00+00:00,0.56,1.504,0.746,ERA5-LAND HOURLY PRECIPITATION SAMPLED AT NEAREST MODEL-GRID LOCATIONS VIA OPEN-METEO AND SPATIALLY WEIGHTED OVER THE TEHRI CATCHMENT.
2024-07-26 20:00:00+00:00,0.898,2.358,0.596,ERA5-LAND HOURLY PRECIPITATION SAMPLED AT NEAREST MODEL-GRID LOCATIONS VIA OPEN-METEO AND SPATIALLY WEIGHTED OVER THE TEHRI CATCHMENT.
2024-07-26 21:00:00+00:00,1.32,2.19,0.499,ERA5-LAND HOURLY PRECIPITATION SAMPLED AT NEAREST MODEL-GRID LOCATIONS VIA OPEN-METEO AND SPATIALLY WEIGHTED OVER THE TEHRI CATCHMENT.
2024-07-26 22:00:00+00:00,1.684,1.514,0.617,ERA5-LAND HOURLY PRECIPITATION SAMPLED AT NEAREST MODEL-GRID LOCATIONS VIA OPEN-METEO AND SPATIALLY WEIGHTED OVER THE TEHRI CATCHMENT.
2024-07-26 23:00:00+00:00,1.556,1.48,0.472,ERA5-LAND HOURLY PRECIPITATION SAMPLED AT NEAREST MODEL-GRID LOCATIONS VIA OPEN-METEO AND SPATIALLY WEIGHTED OVER THE TEHRI CATCHMENT.
2024-07-27 00:00:00+00:00,0.95,0.918,0.227,ERA5-LAND HOURLY PRECIPITATION SAMPLED AT NEAREST MODEL-GRID LOCATIONS VIA OPEN-METEO AND SPATIALLY WEIGHTED OVER THE TEHRI CATCHMENT.
2024-07-27 01:00:00+00:00,0.078,0.25,0.257,ERA5-LAND HOURLY PRECIPITATION SAMPLED AT NEAREST MODEL-GRID LOCATIONS VIA OPEN-METEO AND SPATIALLY WEIGHTED OVER THE TEHRI CATCHMENT.
2024-07-27 02:00:00+00:00,0.071,0.339,0.246,ERA5-LAND HOURLY PRECIPITATION SAMPLED AT NEAREST MODEL-GRID LOCATIONS VIA OPEN-METEO AND SPATIALLY WEIGHTED OVER THE TEHRI CATCHMENT.
2024-07-27 03:00:00+00:00,0.114,0.455,0.223,ERA5-LAND HOURLY PRECIPITATION SAMPLED AT NEAREST MODEL-GRID LOCATIONS VIA OPEN-METEO AND SPATIALLY WEIGHTED OVER THE TEHRI CATCHMENT.
2024-07-27 04:00:00+00:00,0.238,0.451,0.216,ERA5-LAND HOURLY PRECIPITATION SAMPLED AT NEAREST MODEL-GRID LOCATIONS VIA OPEN-METEO AND SPATIALLY WEIGHTED OVER THE TEHRI CATCHMENT.
2024-07-27 05:00:00+00:00,0.611,0.986,0.968,ERA5-LAND HOURLY PRECIPITATION SAMPLED AT NEAREST MODEL-GRID LOCATIONS VIA OPEN-METEO AND SPATIALLY WEIGHTED OVER THE TEHRI CATCHMENT.
2024-07-27 06:00:00+00:00,0.828,2.164,1.934,ERA5-LAND HOURLY PRECIPITATION SAMPLED AT NEAREST MODEL-GRID LOCATIONS VIA OPEN-METEO AND SPATIALLY WEIGHTED OVER THE TEHRI CATCHMENT.
2024-07-27 07:00:00+00:00,0.929,0.943,0.898,ERA5-LAND HOURLY PRECIPITATION SAMPLED AT NEAREST MODEL-GRID LOCATIONS VIA OPEN-METEO AND SPATIALLY WEIGHTED OVER THE TEHRI CATCHMENT.
2024-07-27 08:00:00+00:00,0.675,1.199,0.25,ERA5-LAND HOURLY PRECIPITATION SAMPLED AT NEAREST MODEL-GRID LOCATIONS VIA OPEN-METEO AND SPATIALLY WEIGHTED OVER THE TEHRI CATCHMENT.
2024-07-27 09:00:00+00:00,0.839,1.574,0.169,ERA5-LAND HOURLY PRECIPITATION SAMPLED AT NEAREST MODEL-GRID LOCATIONS VIA OPEN-METEO AND SPATIALLY WEIGHTED OVER THE TEHRI CATCHMENT.
2024-07-27 10:00:00+00:00,0.672,1.798,0.458,ERA5-LAND HOURLY PRECIPITATION SAMPLED AT NEAREST MODEL-GRID LOCATIONS VIA OPEN-METEO AND SPATIALLY WEIGHTED OVER THE TEHRI CATCHMENT.
2024-07-27 11:00:00+00:00,1.023,0.898,0.437,ERA5-LAND HOURLY PRECIPITATION SAMPLED AT NEAREST MODEL-GRID LOCATIONS VIA OPEN-METEO AND SPATIALLY WEIGHTED OVER THE TEHRI CATCHMENT.
2024-07-27 12:00:00+00:00,0.505,0.289,0.114,ERA5-LAND HOURLY PRECIPITATION SAMPLED AT NEAREST MODEL-GRID LOCATIONS VIA OPEN-METEO AND SPATIALLY WEIGHTED OVER THE TEHRI CATCHMENT.
2024-07-27 13:00:00+00:00,0.05,0.03,0.003,ERA5-LAND HOURLY PRECIPITATION SAMPLED AT NEAREST MODEL-GRID LOCATIONS VIA OPEN-METEO AND SPATIALLY WEIGHTED OVER THE TEHRI CATCHMENT.
2024-07-27 14:00:00+00:00,0.102,0.02,0.003,ERA5-LAND HOURLY PRECIPITATION SAMPLED AT NEAREST MODEL-GRID LOCATIONS VIA OPEN-METEO AND SPATIALLY WEIGHTED OVER THE TEHRI CATCHMENT.
2024-07-27 15:00:00+00:00,0.046,0.024,0.006,ERA5-LAND HOURLY PRECIPITATION SAMPLED AT NEAREST MODEL-GRID LOCATIONS VIA OPEN-METEO AND SPATIALLY WEIGHTED OVER THE TEHRI CATCHMENT.
2024-07-27 16:00:00+00:00,0.197,0.034,0.011,ERA5-LAND HOURLY PRECIPITATION SAMPLED AT NEAREST MODEL-GRID LOCATIONS VIA OPEN-METEO AND SPATIALLY WEIGHTED OVER THE TEHRI CATCHMENT.
2024-07-27 17:00:00+00:00,0.754,0.328,0.072,ERA5-LAND HOURLY PRECIPITATION SAMPLED AT NEAREST MODEL-GRID LOCATIONS VIA OPEN-METEO AND SPATIALLY WEIGHTED OVER THE TEHRI CATCHMENT.
2024-07-27 18:00:00+00:00,0.912,1.025,0.169,ERA5-LAND HOURLY PRECIPITATION SAMPLED AT NEAREST MODEL-GRID LOCATIONS VIA OPEN-METEO AND SPATIALLY WEIGHTED OVER THE TEHRI CATCHMENT.
2024-07-27 19:00:00+00:00,0.648,0.551,0.136,ERA5-LAND HOURLY PRECIPITATION SAMPLED AT NEAREST MODEL-GRID LOCATIONS VIA OPEN-METEO AND SPATIALLY WEIGHTED OVER THE TEHRI CATCHMENT.
2024-07-27 20:00:00+00:00,0.403,0.036,0.159,ERA5-LAND HOURLY PRECIPITATION SAMPLED AT NEAREST MODEL-GRID LOCATIONS VIA OPEN-METEO AND SPATIALLY WEIGHTED OVER THE TEHRI CATCHMENT.
2024-07-27 21:00:00+00:00,0.133,0.028,0.225,ERA5-LAND HOURLY PRECIPITATION SAMPLED AT NEAREST MODEL-GRID LOCATIONS VIA OPEN-METEO AND SPATIALLY WEIGHTED OVER THE TEHRI CATCHMENT.
2024-07-27 22:00:00+00:00,0.039,0.003,0.025,ERA5-LAND HOURLY PRECIPITATION SAMPLED AT NEAREST MODEL-GRID LOCATIONS VIA OPEN-METEO AND SPATIALLY WEIGHTED OVER THE TEHRI CATCHMENT.
2024-07-27 23:00:00+00:00,0.022,0.007,0.0,ERA5-LAND HOURLY PRECIPITATION SAMPLED AT NEAREST MODEL-GRID LOCATIONS VIA OPEN-METEO AND SPATIALLY WEIGHTED OVER THE TEHRI CATCHMENT.
2024-07-28 00:00:00+00:00,0.011,0.007,0.0,ERA5-LAND HOURLY PRECIPITATION SAMPLED AT NEAREST MODEL-GRID LOCATIONS VIA OPEN-METEO AND SPATIALLY WEIGHTED OVER THE TEHRI CATCHMENT.
2024-07-28 01:00:00+00:00,0.033,0.014,0.031,ERA5-LAND HOURLY PRECIPITATION SAMPLED AT NEAREST MODEL-GRID LOCATIONS VIA OPEN-METEO AND SPATIALLY WEIGHTED OVER THE TEHRI CATCHMENT.
2024-07-28 02:00:00+00:00,0.0,0.007,0.001,ERA5-LAND HOURLY PRECIPITATION SAMPLED AT NEAREST MODEL-GRID LOCATIONS VIA OPEN-METEO AND SPATIALLY WEIGHTED OVER THE TEHRI CATCHMENT.
2024-07-28 03:00:00+00:00,0.023,0.015,0.001,ERA5-LAND HOURLY PRECIPITATION SAMPLED AT NEAREST MODEL-GRID LOCATIONS VIA OPEN-METEO AND SPATIALLY WEIGHTED OVER THE TEHRI CATCHMENT.
2024-07-28 04:00:00+00:00,0.076,0.023,0.001,ERA5-LAND HOURLY PRECIPITATION SAMPLED AT NEAREST MODEL-GRID LOCATIONS VIA OPEN-METEO AND SPATIALLY WEIGHTED OVER THE TEHRI CATCHMENT.
2024-07-28 05:00:00+00:00,0.12,0.055,0.015,ERA5-LAND HOURLY PRECIPITATION SAMPLED AT NEAREST MODEL-GRID LOCATIONS VIA OPEN-METEO AND SPATIALLY WEIGHTED OVER THE TEHRI CATCHMENT.
2024-07-28 06:00:00+00:00,0.363,0.113,0.062,ERA5-LAND HOURLY PRECIPITATION SAMPLED AT NEAREST MODEL-GRID LOCATIONS VIA OPEN-METEO AND SPATIALLY WEIGHTED OVER THE TEHRI CATCHMENT.
2024-07-28 07:00:00+00:00,0.468,0.488,0.206,ERA5-LAND HOURLY PRECIPITATION SAMPLED AT NEAREST MODEL-GRID LOCATIONS VIA OPEN-METEO AND SPATIALLY WEIGHTED OVER THE TEHRI CATCHMENT.
2024-07-28 08:00:00+00:00,0.755,0.946,0.299,ERA5-LAND HOURLY PRECIPITATION SAMPLED AT NEAREST MODEL-GRID LOCATIONS VIA OPEN-METEO AND SPATIALLY WEIGHTED OVER THE TEHRI CATCHMENT.
2024-07-28 09:00:00+00:00,0.96,0.573,0.404,ERA5-LAND HOURLY PRECIPITATION SAMPLED AT NEAREST MODEL-GRID LOCATIONS VIA OPEN-METEO AND SPATIALLY WEIGHTED OVER THE TEHRI CATCHMENT.
2024-07-28 10:00:00+00:00,0.8,0.712,1.383,ERA5-LAND HOURLY PRECIPITATION SAMPLED AT NEAREST MODEL-GRID LOCATIONS VIA OPEN-METEO AND SPATIALLY WEIGHTED OVER THE TEHRI CATCHMENT.
2024-07-28 11:00:00+00:00,0.426,0.312,0.819,ERA5-LAND HOURLY PRECIPITATION SAMPLED AT NEAREST MODEL-GRID LOCATIONS VIA OPEN-METEO AND SPATIALLY WEIGHTED OVER THE TEHRI CATCHMENT.
2024-07-28 12:00:00+00:00,0.254,0.146,0.557,ERA5-LAND HOURLY PRECIPITATION SAMPLED AT NEAREST MODEL-GRID LOCATIONS VIA OPEN-METEO AND SPATIALLY WEIGHTED OVER THE TEHRI CATCHMENT.
2024-07-28 13:00:00+00:00,0.031,0.038,0.028,ERA5-LAND HOURLY PRECIPITATION SAMPLED AT NEAREST MODEL-GRID LOCATIONS VIA OPEN-METEO AND SPATIALLY WEIGHTED OVER THE TEHRI CATCHMENT.
2024-07-28 14:00:00+00:00,0.012,0.005,0.003,ERA5-LAND HOURLY PRECIPITATION SAMPLED AT NEAREST MODEL-GRID LOCATIONS VIA OPEN-METEO AND SPATIALLY WEIGHTED OVER THE TEHRI CATCHMENT.
2024-07-28 15:00:00+00:00,0.006,0.002,0.0,ERA5-LAND HOURLY PRECIPITATION SAMPLED AT NEAREST MODEL-GRID LOCATIONS VIA OPEN-METEO AND SPATIALLY WEIGHTED OVER THE TEHRI CATCHMENT.
2024-07-28 16:00:00+00:00,0.008,0.011,0.019,ERA5-LAND HOURLY PRECIPITATION SAMPLED AT NEAREST MODEL-GRID LOCATIONS VIA OPEN-METEO AND SPATIALLY WEIGHTED OVER THE TEHRI CATCHMENT.
2024-07-28 17:00:00+00:00,0.044,0.067,0.136,ERA5-LAND HOURLY PRECIPITATION SAMPLED AT NEAREST MODEL-GRID LOCATIONS VIA OPEN-METEO AND SPATIALLY WEIGHTED OVER THE TEHRI CATCHMENT.
2024-07-28 18:00:00+00:00,0.104,0.382,0.25,ERA5-LAND HOURLY PRECIPITATION SAMPLED AT NEAREST MODEL-GRID LOCATIONS VIA OPEN-METEO AND SPATIALLY WEIGHTED OVER THE TEHRI CATCHMENT.
2024-07-28 19:00:00+00:00,0.149,0.617,1.554,ERA5-LAND HOURLY PRECIPITATION SAMPLED AT NEAREST MODEL-GRID LOCATIONS VIA OPEN-METEO AND SPATIALLY WEIGHTED OVER THE TEHRI CATCHMENT.
2024-07-28 20:00:00+00:00,0.227,0.352,1.697,ERA5-LAND HOURLY PRECIPITATION SAMPLED AT NEAREST MODEL-GRID LOCATIONS VIA OPEN-METEO AND SPATIALLY WEIGHTED OVER THE TEHRI CATCHMENT.
2024-07-28 21:00:00+00:00,0.276,0.219,0.717,ERA5-LAND HOURLY PRECIPITATION SAMPLED AT NEAREST MODEL-GRID LOCATIONS VIA OPEN-METEO AND SPATIALLY WEIGHTED OVER THE TEHRI CATCHMENT.
2024-07-28 22:00:00+00:00,0.238,0.399,0.58,ERA5-LAND HOURLY PRECIPITATION SAMPLED AT NEAREST MODEL-GRID LOCATIONS VIA OPEN-METEO AND SPATIALLY WEIGHTED OVER THE TEHRI CATCHMENT.
2024-07-28 23:00:00+00:00,0.342,0.197,1.141,ERA5-LAND HOURLY PRECIPITATION SAMPLED AT NEAREST MODEL-GRID LOCATIONS VIA OPEN-METEO AND SPATIALLY WEIGHTED OVER THE TEHRI CATCHMENT.
2024-07-29 00:00:00+00:00,0.112,0.032,0.541,ERA5-LAND HOURLY PRECIPITATION SAMPLED AT NEAREST MODEL-GRID LOCATIONS VIA OPEN-METEO AND SPATIALLY WEIGHTED OVER THE TEHRI CATCHMENT.
2024-07-29 01:00:00+00:00,0.0,0.0,0.0,ERA5-LAND HOURLY PRECIPITATION SAMPLED AT NEAREST MODEL-GRID LOCATIONS VIA OPEN-METEO AND SPATIALLY WEIGHTED OVER THE TEHRI CATCHMENT.
2024-07-29 02:00:00+00:00,0.0,0.0,0.0,ERA5-LAND HOURLY PRECIPITATION SAMPLED AT NEAREST MODEL-GRID LOCATIONS VIA OPEN-METEO AND SPATIALLY WEIGHTED OVER THE TEHRI CATCHMENT.
2024-07-29 03:00:00+00:00,0.0,0.018,0.003,ERA5-LAND HOURLY PRECIPITATION SAMPLED AT NEAREST MODEL-GRID LOCATIONS VIA OPEN-METEO AND SPATIALLY WEIGHTED OVER THE TEHRI CATCHMENT.
2024-07-29 04:00:00+00:00,0.05,0.012,0.011,ERA5-LAND HOURLY PRECIPITATION SAMPLED AT NEAREST MODEL-GRID LOCATIONS VIA OPEN-METEO AND SPATIALLY WEIGHTED OVER THE TEHRI CATCHMENT.
2024-07-29 05:00:00+00:00,0.116,0.078,0.072,ERA5-LAND HOURLY PRECIPITATION SAMPLED AT NEAREST MODEL-GRID LOCATIONS VIA OPEN-METEO AND SPATIALLY WEIGHTED OVER THE TEHRI CATCHMENT.
2024-07-29 06:00:00+00:00,0.222,0.189,0.077,ERA5-LAND HOURLY PRECIPITATION SAMPLED AT NEAREST MODEL-GRID LOCATIONS VIA OPEN-METEO AND SPATIALLY WEIGHTED OVER THE TEHRI CATCHMENT.
2024-07-29 07:00:00+00:00,0.216,0.232,0.071,ERA5-LAND HOURLY PRECIPITATION SAMPLED AT NEAREST MODEL-GRID LOCATIONS VIA OPEN-METEO AND SPATIALLY WEIGHTED OVER THE TEHRI CATCHMENT.
2024-07-29 08:00:00+00:00,0.396,0.264,0.12,ERA5-LAND HOURLY PRECIPITATION SAMPLED AT NEAREST MODEL-GRID LOCATIONS VIA OPEN-METEO AND SPATIALLY WEIGHTED OVER THE TEHRI CATCHMENT.
2024-07-29 09:00:00+00:00,0.448,1.214,0.321,ERA5-LAND HOURLY PRECIPITATION SAMPLED AT NEAREST MODEL-GRID LOCATIONS VIA OPEN-METEO AND SPATIALLY WEIGHTED OVER THE TEHRI CATCHMENT.
2024-07-29 10:00:00+00:00,0.622,0.251,0.338,ERA5-LAND HOURLY PRECIPITATION SAMPLED AT NEAREST MODEL-GRID LOCATIONS VIA OPEN-METEO AND SPATIALLY WEIGHTED OVER THE TEHRI CATCHMENT.
2024-07-29 11:00:00+00:00,0.391,0.565,0.198,ERA5-LAND HOURLY PRECIPITATION SAMPLED AT NEAREST MODEL-GRID LOCATIONS VIA OPEN-METEO AND SPATIALLY WEIGHTED OVER THE TEHRI CATCHMENT.
2024-07-29 12:00:00+00:00,0.446,0.323,0.415,ERA5-LAND HOURLY PRECIPITATION SAMPLED AT NEAREST MODEL-GRID LOCATIONS VIA OPEN-METEO AND SPATIALLY WEIGHTED OVER THE TEHRI CATCHMENT.
2024-07-29 13:00:00+00:00,0.088,0.037,0.015,ERA5-LAND HOURLY PRECIPITATION SAMPLED AT NEAREST MODEL-GRID LOCATIONS VIA OPEN-METEO AND SPATIALLY WEIGHTED OVER THE TEHRI CATCHMENT.
2024-07-29 14:00:00+00:00,0.044,0.038,0.019,ERA5-LAND HOURLY PRECIPITATION SAMPLED AT NEAREST MODEL-GRID LOCATIONS VIA OPEN-METEO AND SPATIALLY WEIGHTED OVER THE TEHRI CATCHMENT.
2024-07-29 15:00:00+00:00,0.094,0.237,0.195,ERA5-LAND HOURLY PRECIPITATION SAMPLED AT NEAREST MODEL-GRID LOCATIONS VIA OPEN-METEO AND SPATIALLY WEIGHTED OVER THE TEHRI CATCHMENT.
2024-07-29 16:00:00+00:00,0.192,0.76,1.048,ERA5-LAND HOURLY PRECIPITATION SAMPLED AT NEAREST MODEL-GRID LOCATIONS VIA OPEN-METEO AND SPATIALLY WEIGHTED OVER THE TEHRI CATCHMENT.
2024-07-29 17:00:00+00:00,0.182,1.188,1.517,ERA5-LAND HOURLY PRECIPITATION SAMPLED AT NEAREST MODEL-GRID LOCATIONS VIA OPEN-METEO AND SPATIALLY WEIGHTED OVER THE TEHRI CATCHMENT.
2024-07-29 18:00:00+00:00,0.568,2.682,0.952,ERA5-LAND HOURLY PRECIPITATION SAMPLED AT NEAREST MODEL-GRID LOCATIONS VIA OPEN-METEO AND SPATIALLY WEIGHTED OVER THE TEHRI CATCHMENT.
2024-07-29 19:00:00+00:00,1.383,3.176,1.045,ERA5-LAND HOURLY PRECIPITATION SAMPLED AT NEAREST MODEL-GRID LOCATIONS VIA OPEN-METEO AND SPATIALLY WEIGHTED OVER THE TEHRI CATCHMENT.
2024-07-29 20:00:00+00:00,2.115,5.649,2.102,ERA5-LAND HOURLY PRECIPITATION SAMPLED AT NEAREST MODEL-GRID LOCATIONS VIA OPEN-METEO AND SPATIALLY WEIGHTED OVER THE TEHRI CATCHMENT.
2024-07-29 21:00:00+00:00,2.327,5.565,1.239,ERA5-LAND HOURLY PRECIPITATION SAMPLED AT NEAREST MODEL-GRID LOCATIONS VIA OPEN-METEO AND SPATIALLY WEIGHTED OVER THE TEHRI CATCHMENT.
2024-07-29 22:00:00+00:00,1.708,2.682,1.449,ERA5-LAND HOURLY PRECIPITATION SAMPLED AT NEAREST MODEL-GRID LOCATIONS VIA OPEN-METEO AND SPATIALLY WEIGHTED OVER THE TEHRI CATCHMENT.
2024-07-29 23:00:00+00:00,1.317,1.789,2.788,ERA5-LAND HOURLY PRECIPITATION SAMPLED AT NEAREST MODEL-GRID LOCATIONS VIA OPEN-METEO AND SPATIALLY WEIGHTED OVER THE TEHRI CATCHMENT.
2024-07-30 00:00:00+00:00,0.443,0.837,1.601,ERA5-LAND HOURLY PRECIPITATION SAMPLED AT NEAREST MODEL-GRID LOCATIONS VIA OPEN-METEO AND SPATIALLY WEIGHTED OVER THE TEHRI CATCHMENT.
2024-07-30 01:00:00+00:00,0.203,0.884,0.776,ERA5-LAND HOURLY PRECIPITATION SAMPLED AT NEAREST MODEL-GRID LOCATIONS VIA OPEN-METEO AND SPATIALLY WEIGHTED OVER THE TEHRI CATCHMENT.
2024-07-30 02:00:00+00:00,0.067,0.293,0.55,ERA5-LAND HOURLY PRECIPITATION SAMPLED AT NEAREST MODEL-GRID LOCATIONS VIA OPEN-METEO AND SPATIALLY WEIGHTED OVER THE TEHRI CATCHMENT.
2024-07-30 03:00:00+00:00,0.025,0.037,0.068,ERA5-LAND HOURLY PRECIPITATION SAMPLED AT NEAREST MODEL-GRID LOCATIONS VIA OPEN-METEO AND SPATIALLY WEIGHTED OVER THE TEHRI CATCHMENT.
2024-07-30 04:00:00+00:00,0.074,0.033,0.018,ERA5-LAND HOURLY PRECIPITATION SAMPLED AT NEAREST MODEL-GRID LOCATIONS VIA OPEN-METEO AND SPATIALLY WEIGHTED OVER THE TEHRI CATCHMENT.
2024-07-30 05:00:00+00:00,0.142,0.141,0.225,ERA5-LAND HOURLY PRECIPITATION SAMPLED AT NEAREST MODEL-GRID LOCATIONS VIA OPEN-METEO AND SPATIALLY WEIGHTED OVER THE TEHRI CATCHMENT.
2024-07-30 06:00:00+00:00,0.261,0.26,0.32,ERA5-LAND HOURLY PRECIPITATION SAMPLED AT NEAREST MODEL-GRID LOCATIONS VIA OPEN-METEO AND SPATIALLY WEIGHTED OVER THE TEHRI CATCHMENT.
2024-07-30 07:00:00+00:00,0.396,0.29,0.331,ERA5-LAND HOURLY PRECIPITATION SAMPLED AT NEAREST MODEL-GRID LOCATIONS VIA OPEN-METEO AND SPATIALLY WEIGHTED OVER THE TEHRI CATCHMENT.
2024-07-30 08:00:00+00:00,0.544,1.001,0.764,ERA5-LAND HOURLY PRECIPITATION SAMPLED AT NEAREST MODEL-GRID LOCATIONS VIA OPEN-METEO AND SPATIALLY WEIGHTED OVER THE TEHRI CATCHMENT.
2024-07-30 09:00:00+00:00,0.874,0.831,0.936,ERA5-LAND HOURLY PRECIPITATION SAMPLED AT NEAREST MODEL-GRID LOCATIONS VIA OPEN-METEO AND SPATIALLY WEIGHTED OVER THE TEHRI CATCHMENT.
2024-07-30 10:00:00+00:00,1.011,0.717,0.482,ERA5-LAND HOURLY PRECIPITATION SAMPLED AT NEAREST MODEL-GRID LOCATIONS VIA OPEN-METEO AND SPATIALLY WEIGHTED OVER THE TEHRI CATCHMENT.
2024-07-30 11:00:00+00:00,0.759,1.031,1.037,ERA5-LAND HOURLY PRECIPITATION SAMPLED AT NEAREST MODEL-GRID LOCATIONS VIA OPEN-METEO AND SPATIALLY WEIGHTED OVER THE TEHRI CATCHMENT.
2024-07-30 12:00:00+00:00,0.554,0.447,0.57,ERA5-LAND HOURLY PRECIPITATION SAMPLED AT NEAREST MODEL-GRID LOCATIONS VIA OPEN-METEO AND SPATIALLY WEIGHTED OVER THE TEHRI CATCHMENT.
2024-07-30 13:00:00+00:00,0.066,0.069,0.015,ERA5-LAND HOURLY PRECIPITATION SAMPLED AT NEAREST MODEL-GRID LOCATIONS VIA OPEN-METEO AND SPATIALLY WEIGHTED OVER THE TEHRI CATCHMENT.
2024-07-30 14:00:00+00:00,0.04,0.21,0.059,ERA5-LAND HOURLY PRECIPITATION SAMPLED AT NEAREST MODEL-GRID LOCATIONS VIA OPEN-METEO AND SPATIALLY WEIGHTED OVER THE TEHRI CATCHMENT.
2024-07-30 15:00:00+00:00,0.123,0.337,0.095,ERA5-LAND HOURLY PRECIPITATION SAMPLED AT NEAREST MODEL-GRID LOCATIONS VIA OPEN-METEO AND SPATIALLY WEIGHTED OVER THE TEHRI CATCHMENT.
2024-07-30 16:00:00+00:00,0.062,0.079,0.04,ERA5-LAND HOURLY PRECIPITATION SAMPLED AT NEAREST MODEL-GRID LOCATIONS VIA OPEN-METEO AND SPATIALLY WEIGHTED OVER THE TEHRI CATCHMENT.
2024-07-30 17:00:00+00:00,0.059,0.085,0.033,ERA5-LAND HOURLY PRECIPITATION SAMPLED AT NEAREST MODEL-GRID LOCATIONS VIA OPEN-METEO AND SPATIALLY WEIGHTED OVER THE TEHRI CATCHMENT.
2024-07-30 18:00:00+00:00,0.091,0.267,0.17,ERA5-LAND HOURLY PRECIPITATION SAMPLED AT NEAREST MODEL-GRID LOCATIONS VIA OPEN-METEO AND SPATIALLY WEIGHTED OVER THE TEHRI CATCHMENT.
2024-07-30 19:00:00+00:00,0.316,0.965,0.649,ERA5-LAND HOURLY PRECIPITATION SAMPLED AT NEAREST MODEL-GRID LOCATIONS VIA OPEN-METEO AND SPATIALLY WEIGHTED OVER THE TEHRI CATCHMENT.
2024-07-30 20:00:00+00:00,0.804,0.473,0.395,ERA5-LAND HOURLY PRECIPITATION SAMPLED AT NEAREST MODEL-GRID LOCATIONS VIA OPEN-METEO AND SPATIALLY WEIGHTED OVER THE TEHRI CATCHMENT.
2024-07-30 21:00:00+00:00,0.668,0.101,0.105,ERA5-LAND HOURLY PRECIPITATION SAMPLED AT NEAREST MODEL-GRID LOCATIONS VIA OPEN-METEO AND SPATIALLY WEIGHTED OVER THE TEHRI CATCHMENT.
2024-07-30 22:00:00+00:00,0.096,0.356,0.215,ERA5-LAND HOURLY PRECIPITATION SAMPLED AT NEAREST MODEL-GRID LOCATIONS VIA OPEN-METEO AND SPATIALLY WEIGHTED OVER THE TEHRI CATCHMENT.
2024-07-30 23:00:00+00:00,0.12,0.284,0.251,ERA5-LAND HOURLY PRECIPITATION SAMPLED AT NEAREST MODEL-GRID LOCATIONS VIA OPEN-METEO AND SPATIALLY WEIGHTED OVER THE TEHRI CATCHMENT.
2024-07-31 00:00:00+00:00,0.144,0.724,0.549,ERA5-LAND HOURLY PRECIPITATION SAMPLED AT NEAREST MODEL-GRID LOCATIONS VIA OPEN-METEO AND SPATIALLY WEIGHTED OVER THE TEHRI CATCHMENT.
2024-07-31 01:00:00+00:00,0.323,1.703,0.511,ERA5-LAND HOURLY PRECIPITATION SAMPLED AT NEAREST MODEL-GRID LOCATIONS VIA OPEN-METEO AND SPATIALLY WEIGHTED OVER THE TEHRI CATCHMENT.
2024-07-31 02:00:00+00:00,0.713,2.541,0.613,ERA5-LAND HOURLY PRECIPITATION SAMPLED AT NEAREST MODEL-GRID LOCATIONS VIA OPEN-METEO AND SPATIALLY WEIGHTED OVER THE TEHRI CATCHMENT.
2024-07-31 03:00:00+00:00,0.492,1.087,0.151,ERA5-LAND HOURLY PRECIPITATION SAMPLED AT NEAREST MODEL-GRID LOCATIONS VIA OPEN-METEO AND SPATIALLY WEIGHTED OVER THE TEHRI CATCHMENT.
2024-07-31 04:00:00+00:00,0.275,0.355,0.05,ERA5-LAND HOURLY PRECIPITATION SAMPLED AT NEAREST MODEL-GRID LOCATIONS VIA OPEN-METEO AND SPATIALLY WEIGHTED OVER THE TEHRI CATCHMENT.
2024-07-31 05:00:00+00:00,0.121,0.239,0.091,ERA5-LAND HOURLY PRECIPITATION SAMPLED AT NEAREST MODEL-GRID LOCATIONS VIA OPEN-METEO AND SPATIALLY WEIGHTED OVER THE TEHRI CATCHMENT.
2024-07-31 06:00:00+00:00,0.212,0.508,0.318,ERA5-LAND HOURLY PRECIPITATION SAMPLED AT NEAREST MODEL-GRID LOCATIONS VIA OPEN-METEO AND SPATIALLY WEIGHTED OVER THE TEHRI CATCHMENT.
2024-07-31 07:00:00+00:00,0.349,1.044,1.647,ERA5-LAND HOURLY PRECIPITATION SAMPLED AT NEAREST MODEL-GRID LOCATIONS VIA OPEN-METEO AND SPATIALLY WEIGHTED OVER THE TEHRI CATCHMENT.
2024-07-31 08:00:00+00:00,1.478,1.522,3.932,ERA5-LAND HOURLY PRECIPITATION SAMPLED AT NEAREST MODEL-GRID LOCATIONS VIA OPEN-METEO AND SPATIALLY WEIGHTED OVER THE TEHRI CATCHMENT.
2024-07-31 09:00:00+00:00,0.625,2.162,0.95,ERA5-LAND HOURLY PRECIPITATION SAMPLED AT NEAREST MODEL-GRID LOCATIONS VIA OPEN-METEO AND SPATIALLY WEIGHTED OVER THE TEHRI CATCHMENT.
2024-07-31 10:00:00+00:00,0.993,3.125,1.646,ERA5-LAND HOURLY PRECIPITATION SAMPLED AT NEAREST MODEL-GRID LOCATIONS VIA OPEN-METEO AND SPATIALLY WEIGHTED OVER THE TEHRI CATCHMENT.
2024-07-31 11:00:00+00:00,0.725,2.352,1.774,ERA5-LAND HOURLY PRECIPITATION SAMPLED AT NEAREST MODEL-GRID LOCATIONS VIA OPEN-METEO AND SPATIALLY WEIGHTED OVER THE TEHRI CATCHMENT.
2024-07-31 12:00:00+00:00,0.557,1.128,0.651,ERA5-LAND HOURLY PRECIPITATION SAMPLED AT NEAREST MODEL-GRID LOCATIONS VIA OPEN-METEO AND SPATIALLY WEIGHTED OVER THE TEHRI CATCHMENT.
2024-07-31 13:00:00+00:00,2.625,4.682,8.844,ERA5-LAND HOURLY PRECIPITATION SAMPLED AT NEAREST MODEL-GRID LOCATIONS VIA OPEN-METEO AND SPATIALLY WEIGHTED OVER THE TEHRI CATCHMENT.
2024-07-31 14:00:00+00:00,2.804,4.447,9.414,ERA5-LAND HOURLY PRECIPITATION SAMPLED AT NEAREST MODEL-GRID LOCATIONS VIA OPEN-METEO AND SPATIALLY WEIGHTED OVER THE TEHRI CATCHMENT.
2024-07-31 15:00:00+00:00,2.429,4.603,11.782,ERA5-LAND HOURLY PRECIPITATION SAMPLED AT NEAREST MODEL-GRID LOCATIONS VIA OPEN-METEO AND SPATIALLY WEIGHTED OVER THE TEHRI CATCHMENT.
2024-07-31 16:00:00+00:00,1.164,3.507,5.664,ERA5-LAND HOURLY PRECIPITATION SAMPLED AT NEAREST MODEL-GRID LOCATIONS VIA OPEN-METEO AND SPATIALLY WEIGHTED OVER THE TEHRI CATCHMENT.
2024-07-31 17:00:00+00:00,0.691,1.748,3.337,ERA5-LAND HOURLY PRECIPITATION SAMPLED AT NEAREST MODEL-GRID LOCATIONS VIA OPEN-METEO AND SPATIALLY WEIGHTED OVER THE TEHRI CATCHMENT.
2024-07-31 18:00:00+00:00,0.648,1.177,2.742,ERA5-LAND HOURLY PRECIPITATION SAMPLED AT NEAREST MODEL-GRID LOCATIONS VIA OPEN-METEO AND SPATIALLY WEIGHTED OVER THE TEHRI CATCHMENT.
2024-07-31 19:00:00+00:00,0.569,1.66,4.269,ERA5-LAND HOURLY PRECIPITATION SAMPLED AT NEAREST MODEL-GRID LOCATIONS VIA OPEN-METEO AND SPATIALLY WEIGHTED OVER THE TEHRI CATCHMENT.
2024-07-31 20:00:00+00:00,0.436,0.84,4.274,ERA5-LAND HOURLY PRECIPITATION SAMPLED AT NEAREST MODEL-GRID LOCATIONS VIA OPEN-METEO AND SPATIALLY WEIGHTED OVER THE TEHRI CATCHMENT.
2024-07-31 21:00:00+00:00,0.376,1.924,2.64,ERA5-LAND HOURLY PRECIPITATION SAMPLED AT NEAREST MODEL-GRID LOCATIONS VIA OPEN-METEO AND SPATIALLY WEIGHTED OVER THE TEHRI CATCHMENT.
2024-07-31 22:00:00+00:00,0.662,4.021,2.328,ERA5-LAND HOURLY PRECIPITATION SAMPLED AT NEAREST MODEL-GRID LOCATIONS VIA OPEN-METEO AND SPATIALLY WEIGHTED OVER THE TEHRI CATCHMENT.
2024-07-31 23:00:00+00:00,1.068,6.93,3.577,ERA5-LAND HOURLY PRECIPITATION SAMPLED AT NEAREST MODEL-GRID LOCATIONS VIA OPEN-METEO AND SPATIALLY WEIGHTED OVER THE TEHRI CATCHMENT.
2024-08-01 00:00:00+00:00,1.183,8.772,4.764,ERA5-LAND HOURLY PRECIPITATION SAMPLED AT NEAREST MODEL-GRID LOCATIONS VIA OPEN-METEO AND SPATIALLY WEIGHTED OVER THE TEHRI CATCHMENT.
2024-08-01 01:00:00+00:00,0.021,0.0,0.027,ERA5-LAND HOURLY PRECIPITATION SAMPLED AT NEAREST MODEL-GRID LOCATIONS VIA OPEN-METEO AND SPATIALLY WEIGHTED OVER THE TEHRI CATCHMENT.
2024-08-01 02:00:00+00:00,0.033,0.0,0.0,ERA5-LAND HOURLY PRECIPITATION SAMPLED AT NEAREST MODEL-GRID LOCATIONS VIA OPEN-METEO AND SPATIALLY WEIGHTED OVER THE TEHRI CATCHMENT.
2024-08-01 03:00:00+00:00,0.046,0.001,0.0,ERA5-LAND HOURLY PRECIPITATION SAMPLED AT NEAREST MODEL-GRID LOCATIONS VIA OPEN-METEO AND SPATIALLY WEIGHTED OVER THE TEHRI CATCHMENT.
2024-08-01 04:00:00+00:00,0.029,0.005,0.0,ERA5-LAND HOURLY PRECIPITATION SAMPLED AT NEAREST MODEL-GRID LOCATIONS VIA OPEN-METEO AND SPATIALLY WEIGHTED OVER THE TEHRI CATCHMENT.
2024-08-01 05:00:00+00:00,0.048,0.012,0.001,ERA5-LAND HOURLY PRECIPITATION SAMPLED AT NEAREST MODEL-GRID LOCATIONS VIA OPEN-METEO AND SPATIALLY WEIGHTED OVER THE TEHRI CATCHMENT.
2024-08-01 06:00:00+00:00,0.115,0.135,0.028,ERA5-LAND HOURLY PRECIPITATION SAMPLED AT NEAREST MODEL-GRID LOCATIONS VIA OPEN-METEO AND SPATIALLY WEIGHTED OVER THE TEHRI CATCHMENT.
2024-08-01 07:00:00+00:00,0.21,0.17,0.051,ERA5-LAND HOURLY PRECIPITATION SAMPLED AT NEAREST MODEL-GRID LOCATIONS VIA OPEN-METEO AND SPATIALLY WEIGHTED OVER THE TEHRI CATCHMENT.
2024-08-01 08:00:00+00:00,0.114,0.289,0.051,ERA5-LAND HOURLY PRECIPITATION SAMPLED AT NEAREST MODEL-GRID LOCATIONS VIA OPEN-METEO AND SPATIALLY WEIGHTED OVER THE TEHRI CATCHMENT.
2024-08-01 09:00:00+00:00,0.097,0.24,0.021,ERA5-LAND HOURLY PRECIPITATION SAMPLED AT NEAREST MODEL-GRID LOCATIONS VIA OPEN-METEO AND SPATIALLY WEIGHTED OVER THE TEHRI CATCHMENT.
2024-08-01 10:00:00+00:00,0.097,0.315,0.124,ERA5-LAND HOURLY PRECIPITATION SAMPLED AT NEAREST MODEL-GRID LOCATIONS VIA OPEN-METEO AND SPATIALLY WEIGHTED OVER THE TEHRI CATCHMENT.
2024-08-01 11:00:00+00:00,0.109,0.224,0.197,ERA5-LAND HOURLY PRECIPITATION SAMPLED AT NEAREST MODEL-GRID LOCATIONS VIA OPEN-METEO AND SPATIALLY WEIGHTED OVER THE TEHRI CATCHMENT.
2024-08-01 12:00:00+00:00,0.051,0.952,0.435,ERA5-LAND HOURLY PRECIPITATION SAMPLED AT NEAREST MODEL-GRID LOCATIONS VIA OPEN-METEO AND SPATIALLY WEIGHTED OVER THE TEHRI CATCHMENT.
2024-08-01 13:00:00+00:00,0.039,0.023,0.04,ERA5-LAND HOURLY PRECIPITATION SAMPLED AT NEAREST MODEL-GRID LOCATIONS VIA OPEN-METEO AND SPATIALLY WEIGHTED OVER THE TEHRI CATCHMENT.
2024-08-01 14:00:00+00:00,0.03,0.022,0.057,ERA5-LAND HOURLY PRECIPITATION SAMPLED AT NEAREST MODEL-GRID LOCATIONS VIA OPEN-METEO AND SPATIALLY WEIGHTED OVER THE TEHRI CATCHMENT.
2024-08-01 15:00:00+00:00,0.024,0.109,0.028,ERA5-LAND HOURLY PRECIPITATION SAMPLED AT NEAREST MODEL-GRID LOCATIONS VIA OPEN-METEO AND SPATIALLY WEIGHTED OVER THE TEHRI CATCHMENT.
2024-08-01 16:00:00+00:00,0.026,0.055,0.028,ERA5-LAND HOURLY PRECIPITATION SAMPLED AT NEAREST MODEL-GRID LOCATIONS VIA OPEN-METEO AND SPATIALLY WEIGHTED OVER THE TEHRI CATCHMENT.
2024-08-01 17:00:00+00:00,0.023,0.155,0.083,ERA5-LAND HOURLY PRECIPITATION SAMPLED AT NEAREST MODEL-GRID LOCATIONS VIA OPEN-METEO AND SPATIALLY WEIGHTED OVER THE TEHRI CATCHMENT.
2024-08-01 18:00:00+00:00,0.014,0.077,0.26,ERA5-LAND HOURLY PRECIPITATION SAMPLED AT NEAREST MODEL-GRID LOCATIONS VIA OPEN-METEO AND SPATIALLY WEIGHTED OVER THE TEHRI CATCHMENT.
2024-08-01 19:00:00+00:00,0.019,0.155,0.192,ERA5-LAND HOURLY PRECIPITATION SAMPLED AT NEAREST MODEL-GRID LOCATIONS VIA OPEN-METEO AND SPATIALLY WEIGHTED OVER THE TEHRI CATCHMENT.
2024-08-01 20:00:00+00:00,0.014,0.113,0.124,ERA5-LAND HOURLY PRECIPITATION SAMPLED AT NEAREST MODEL-GRID LOCATIONS VIA OPEN-METEO AND SPATIALLY WEIGHTED OVER THE TEHRI CATCHMENT.
2024-08-01 21:00:00+00:00,0.008,0.023,0.039,ERA5-LAND HOURLY PRECIPITATION SAMPLED AT NEAREST MODEL-GRID LOCATIONS VIA OPEN-METEO AND SPATIALLY WEIGHTED OVER THE TEHRI CATCHMENT.
2024-08-01 22:00:00+00:00,0.002,0.001,0.0,ERA5-LAND HOURLY PRECIPITATION SAMPLED AT NEAREST MODEL-GRID LOCATIONS VIA OPEN-METEO AND SPATIALLY WEIGHTED OVER THE TEHRI CATCHMENT.
2024-08-01 23:00:00+00:00,0.001,0.0,0.0,ERA5-LAND HOURLY PRECIPITATION SAMPLED AT NEAREST MODEL-GRID LOCATIONS VIA OPEN-METEO AND SPATIALLY WEIGHTED OVER THE TEHRI CATCHMENT.
2024-08-02 00:00:00+00:00,0.0,0.0,0.0,ERA5-LAND HOURLY PRECIPITATION SAMPLED AT NEAREST MODEL-GRID LOCATIONS VIA OPEN-METEO AND SPATIALLY WEIGHTED OVER THE TEHRI CATCHMENT.
2024-08-02 01:00:00+00:00,0.011,0.0,0.003,ERA5-LAND HOURLY PRECIPITATION SAMPLED AT NEAREST MODEL-GRID LOCATIONS VIA OPEN-METEO AND SPATIALLY WEIGHTED OVER THE TEHRI CATCHMENT.
2024-08-02 02:00:00+00:00,0.0,0.0,0.0,ERA5-LAND HOURLY PRECIPITATION SAMPLED AT NEAREST MODEL-GRID LOCATIONS VIA OPEN-METEO AND SPATIALLY WEIGHTED OVER THE TEHRI CATCHMENT.
2024-08-02 03:00:00+00:00,0.025,0.049,0.001,ERA5-LAND HOURLY PRECIPITATION SAMPLED AT NEAREST MODEL-GRID LOCATIONS VIA OPEN-METEO AND SPATIALLY WEIGHTED OVER THE TEHRI CATCHMENT.
2024-08-02 04:00:00+00:00,0.058,0.105,0.017,ERA5-LAND HOURLY PRECIPITATION SAMPLED AT NEAREST MODEL-GRID LOCATIONS VIA OPEN-METEO AND SPATIALLY WEIGHTED OVER THE TEHRI CATCHMENT.
2024-08-02 05:00:00+00:00,0.134,0.219,0.061,ERA5-LAND HOURLY PRECIPITATION SAMPLED AT NEAREST MODEL-GRID LOCATIONS VIA OPEN-METEO AND SPATIALLY WEIGHTED OVER THE TEHRI CATCHMENT.
2024-08-02 06:00:00+00:00,0.173,0.362,0.098,ERA5-LAND HOURLY PRECIPITATION SAMPLED AT NEAREST MODEL-GRID LOCATIONS VIA OPEN-METEO AND SPATIALLY WEIGHTED OVER THE TEHRI CATCHMENT.
2024-08-02 07:00:00+00:00,0.435,0.386,0.164,ERA5-LAND HOURLY PRECIPITATION SAMPLED AT NEAREST MODEL-GRID LOCATIONS VIA OPEN-METEO AND SPATIALLY WEIGHTED OVER THE TEHRI CATCHMENT.
2024-08-02 08:00:00+00:00,0.802,0.902,0.595,ERA5-LAND HOURLY PRECIPITATION SAMPLED AT NEAREST MODEL-GRID LOCATIONS VIA OPEN-METEO AND SPATIALLY WEIGHTED OVER THE TEHRI CATCHMENT.
2024-08-02 09:00:00+00:00,1.401,1.277,0.686,ERA5-LAND HOURLY PRECIPITATION SAMPLED AT NEAREST MODEL-GRID LOCATIONS VIA OPEN-METEO AND SPATIALLY WEIGHTED OVER THE TEHRI CATCHMENT.
2024-08-02 10:00:00+00:00,0.899,1.762,0.39,ERA5-LAND HOURLY PRECIPITATION SAMPLED AT NEAREST MODEL-GRID LOCATIONS VIA OPEN-METEO AND SPATIALLY WEIGHTED OVER THE TEHRI CATCHMENT.
2024-08-02 11:00:00+00:00,1.01,0.788,1.438,ERA5-LAND HOURLY PRECIPITATION SAMPLED AT NEAREST MODEL-GRID LOCATIONS VIA OPEN-METEO AND SPATIALLY WEIGHTED OVER THE TEHRI CATCHMENT.
2024-08-02 12:00:00+00:00,0.642,2.094,5.972,ERA5-LAND HOURLY PRECIPITATION SAMPLED AT NEAREST MODEL-GRID LOCATIONS VIA OPEN-METEO AND SPATIALLY WEIGHTED OVER THE TEHRI CATCHMENT.
2024-08-02 13:00:00+00:00,0.673,1.613,3.401,ERA5-LAND HOURLY PRECIPITATION SAMPLED AT NEAREST MODEL-GRID LOCATIONS VIA OPEN-METEO AND SPATIALLY WEIGHTED OVER THE TEHRI CATCHMENT.
2024-08-02 14:00:00+00:00,0.606,1.271,1.585,ERA5-LAND HOURLY PRECIPITATION SAMPLED AT NEAREST MODEL-GRID LOCATIONS VIA OPEN-METEO AND SPATIALLY WEIGHTED OVER THE TEHRI CATCHMENT.
2024-08-02 15:00:00+00:00,0.995,1.372,1.071,ERA5-LAND HOURLY PRECIPITATION SAMPLED AT NEAREST MODEL-GRID LOCATIONS VIA OPEN-METEO AND SPATIALLY WEIGHTED OVER THE TEHRI CATCHMENT.
2024-08-02 16:00:00+00:00,1.731,2.222,0.421,ERA5-LAND HOURLY PRECIPITATION SAMPLED AT NEAREST MODEL-GRID LOCATIONS VIA OPEN-METEO AND SPATIALLY WEIGHTED OVER THE TEHRI CATCHMENT.
2024-08-02 17:00:00+00:00,1.939,2.848,0.445,ERA5-LAND HOURLY PRECIPITATION SAMPLED AT NEAREST MODEL-GRID LOCATIONS VIA OPEN-METEO AND SPATIALLY WEIGHTED OVER THE TEHRI CATCHMENT.
2024-08-02 18:00:00+00:00,1.655,2.293,0.523,ERA5-LAND HOURLY PRECIPITATION SAMPLED AT NEAREST MODEL-GRID LOCATIONS VIA OPEN-METEO AND SPATIALLY WEIGHTED OVER THE TEHRI CATCHMENT.
2024-08-02 19:00:00+00:00,1.291,2.201,2.101,ERA5-LAND HOURLY PRECIPITATION SAMPLED AT NEAREST MODEL-GRID LOCATIONS VIA OPEN-METEO AND SPATIALLY WEIGHTED OVER THE TEHRI CATCHMENT.
2024-08-02 20:00:00+00:00,0.895,2.084,3.494,ERA5-LAND HOURLY PRECIPITATION SAMPLED AT NEAREST MODEL-GRID LOCATIONS VIA OPEN-METEO AND SPATIALLY WEIGHTED OVER THE TEHRI CATCHMENT.
2024-08-02 21:00:00+00:00,0.846,1.482,3.124,ERA5-LAND HOURLY PRECIPITATION SAMPLED AT NEAREST MODEL-GRID LOCATIONS VIA OPEN-METEO AND SPATIALLY WEIGHTED OVER THE TEHRI CATCHMENT.
2024-08-02 22:00:00+00:00,0.772,0.683,1.609,ERA5-LAND HOURLY PRECIPITATION SAMPLED AT NEAREST MODEL-GRID LOCATIONS VIA OPEN-METEO AND SPATIALLY WEIGHTED OVER THE TEHRI CATCHMENT.
2024-08-02 23:00:00+00:00,0.507,0.347,0.372,ERA5-LAND HOURLY PRECIPITATION SAMPLED AT NEAREST MODEL-GRID LOCATIONS VIA OPEN-METEO AND SPATIALLY WEIGHTED OVER THE TEHRI CATCHMENT.
2024-08-03 00:00:00+00:00,0.232,0.103,0.043,ERA5-LAND HOURLY PRECIPITATION SAMPLED AT NEAREST MODEL-GRID LOCATIONS VIA OPEN-METEO AND SPATIALLY WEIGHTED OVER THE TEHRI CATCHMENT.
2024-08-03 01:00:00+00:00,0.434,0.508,0.495,ERA5-LAND HOURLY PRECIPITATION SAMPLED AT NEAREST MODEL-GRID LOCATIONS VIA OPEN-METEO AND SPATIALLY WEIGHTED OVER THE TEHRI CATCHMENT.
2024-08-03 02:00:00+00:00,0.176,0.397,0.424,ERA5-LAND HOURLY PRECIPITATION SAMPLED AT NEAREST MODEL-GRID LOCATIONS VIA OPEN-METEO AND SPATIALLY WEIGHTED OVER THE TEHRI CATCHMENT.
2024-08-03 03:00:00+00:00,0.071,0.196,0.117,ERA5-LAND HOURLY PRECIPITATION SAMPLED AT NEAREST MODEL-GRID LOCATIONS VIA OPEN-METEO AND SPATIALLY WEIGHTED OVER THE TEHRI CATCHMENT.
2024-08-03 04:00:00+00:00,0.076,0.161,0.13,ERA5-LAND HOURLY PRECIPITATION SAMPLED AT NEAREST MODEL-GRID LOCATIONS VIA OPEN-METEO AND SPATIALLY WEIGHTED OVER THE TEHRI CATCHMENT.
2024-08-03 05:00:00+00:00,0.163,0.181,0.249,ERA5-LAND HOURLY PRECIPITATION SAMPLED AT NEAREST MODEL-GRID LOCATIONS VIA OPEN-METEO AND SPATIALLY WEIGHTED OVER THE TEHRI CATCHMENT.
2024-08-03 06:00:00+00:00,0.388,0.338,0.755,ERA5-LAND HOURLY PRECIPITATION SAMPLED AT NEAREST MODEL-GRID LOCATIONS VIA OPEN-METEO AND SPATIALLY WEIGHTED OVER THE TEHRI CATCHMENT.
2024-08-03 07:00:00+00:00,0.793,0.68,1.62,ERA5-LAND HOURLY PRECIPITATION SAMPLED AT NEAREST MODEL-GRID LOCATIONS VIA OPEN-METEO AND SPATIALLY WEIGHTED OVER THE TEHRI CATCHMENT.
2024-08-03 08:00:00+00:00,1.156,0.779,1.413,ERA5-LAND HOURLY PRECIPITATION SAMPLED AT NEAREST MODEL-GRID LOCATIONS VIA OPEN-METEO AND SPATIALLY WEIGHTED OVER THE TEHRI CATCHMENT.
2024-08-03 09:00:00+00:00,0.883,0.803,1.42,ERA5-LAND HOURLY PRECIPITATION SAMPLED AT NEAREST MODEL-GRID LOCATIONS VIA OPEN-METEO AND SPATIALLY WEIGHTED OVER THE TEHRI CATCHMENT.
2024-08-03 10:00:00+00:00,0.707,0.544,1.639,ERA5-LAND HOURLY PRECIPITATION SAMPLED AT NEAREST MODEL-GRID LOCATIONS VIA OPEN-METEO AND SPATIALLY WEIGHTED OVER THE TEHRI CATCHMENT.
2024-08-03 11:00:00+00:00,0.622,0.451,0.93,ERA5-LAND HOURLY PRECIPITATION SAMPLED AT NEAREST MODEL-GRID LOCATIONS VIA OPEN-METEO AND SPATIALLY WEIGHTED OVER THE TEHRI CATCHMENT.
2024-08-03 12:00:00+00:00,0.287,0.147,0.427,ERA5-LAND HOURLY PRECIPITATION SAMPLED AT NEAREST MODEL-GRID LOCATIONS VIA OPEN-METEO AND SPATIALLY WEIGHTED OVER THE TEHRI CATCHMENT.
2024-08-03 13:00:00+00:00,0.118,0.065,0.033,ERA5-LAND HOURLY PRECIPITATION SAMPLED AT NEAREST MODEL-GRID LOCATIONS VIA OPEN-METEO AND SPATIALLY WEIGHTED OVER THE TEHRI CATCHMENT.
2024-08-03 14:00:00+00:00,0.092,0.095,0.151,ERA5-LAND HOURLY PRECIPITATION SAMPLED AT NEAREST MODEL-GRID LOCATIONS VIA OPEN-METEO AND SPATIALLY WEIGHTED OVER THE TEHRI CATCHMENT.
2024-08-03 15:00:00+00:00,0.564,0.493,0.547,ERA5-LAND HOURLY PRECIPITATION SAMPLED AT NEAREST MODEL-GRID LOCATIONS VIA OPEN-METEO AND SPATIALLY WEIGHTED OVER THE TEHRI CATCHMENT.
2024-08-03 16:00:00+00:00,0.887,0.475,0.757,ERA5-LAND HOURLY PRECIPITATION SAMPLED AT NEAREST MODEL-GRID LOCATIONS VIA OPEN-METEO AND SPATIALLY WEIGHTED OVER THE TEHRI CATCHMENT.
2024-08-03 17:00:00+00:00,0.972,0.362,0.726,ERA5-LAND HOURLY PRECIPITATION SAMPLED AT NEAREST MODEL-GRID LOCATIONS VIA OPEN-METEO AND SPATIALLY WEIGHTED OVER THE TEHRI CATCHMENT.
2024-08-03 18:00:00+00:00,0.896,0.205,0.513,ERA5-LAND HOURLY PRECIPITATION SAMPLED AT NEAREST MODEL-GRID LOCATIONS VIA OPEN-METEO AND SPATIALLY WEIGHTED OVER THE TEHRI CATCHMENT.
2024-08-03 19:00:00+00:00,0.578,0.169,0.105,ERA5-LAND HOURLY PRECIPITATION SAMPLED AT NEAREST MODEL-GRID LOCATIONS VIA OPEN-METEO AND SPATIALLY WEIGHTED OVER THE TEHRI CATCHMENT.
2024-08-03 20:00:00+00:00,0.48,0.096,0.015,ERA5-LAND HOURLY PRECIPITATION SAMPLED AT NEAREST MODEL-GRID LOCATIONS VIA OPEN-METEO AND SPATIALLY WEIGHTED OVER THE TEHRI CATCHMENT.
2024-08-03 21:00:00+00:00,0.337,0.065,0.011,ERA5-LAND HOURLY PRECIPITATION SAMPLED AT NEAREST MODEL-GRID LOCATIONS VIA OPEN-METEO AND SPATIALLY WEIGHTED OVER THE TEHRI CATCHMENT.
2024-08-03 22:00:00+00:00,0.169,0.028,0.005,ERA5-LAND HOURLY PRECIPITATION SAMPLED AT NEAREST MODEL-GRID LOCATIONS VIA OPEN-METEO AND SPATIALLY WEIGHTED OVER THE TEHRI CATCHMENT.
2024-08-03 23:00:00+00:00,0.026,0.0,0.001,ERA5-LAND HOURLY PRECIPITATION SAMPLED AT NEAREST MODEL-GRID LOCATIONS VIA OPEN-METEO AND SPATIALLY WEIGHTED OVER THE TEHRI CATCHMENT.
2024-08-04 00:00:00+00:00,0.002,0.0,0.0,ERA5-LAND HOURLY PRECIPITATION SAMPLED AT NEAREST MODEL-GRID LOCATIONS VIA OPEN-METEO AND SPATIALLY WEIGHTED OVER THE TEHRI CATCHMENT.
2024-08-04 01:00:00+00:00,0.0,0.0,0.0,ERA5-LAND HOURLY PRECIPITATION SAMPLED AT NEAREST MODEL-GRID LOCATIONS VIA OPEN-METEO AND SPATIALLY WEIGHTED OVER THE TEHRI CATCHMENT.
2024-08-04 02:00:00+00:00,0.0,0.0,0.001,ERA5-LAND HOURLY PRECIPITATION SAMPLED AT NEAREST MODEL-GRID LOCATIONS VIA OPEN-METEO AND SPATIALLY WEIGHTED OVER THE TEHRI CATCHMENT.
2024-08-04 03:00:00+00:00,0.006,0.007,0.023,ERA5-LAND HOURLY PRECIPITATION SAMPLED AT NEAREST MODEL-GRID LOCATIONS VIA OPEN-METEO AND SPATIALLY WEIGHTED OVER THE TEHRI CATCHMENT.
2024-08-04 04:00:00+00:00,0.055,0.05,0.023,ERA5-LAND HOURLY PRECIPITATION SAMPLED AT NEAREST MODEL-GRID LOCATIONS VIA OPEN-METEO AND SPATIALLY WEIGHTED OVER THE TEHRI CATCHMENT.
2024-08-04 05:00:00+00:00,0.185,0.06,0.029,ERA5-LAND HOURLY PRECIPITATION SAMPLED AT NEAREST MODEL-GRID LOCATIONS VIA OPEN-METEO AND SPATIALLY WEIGHTED OVER THE TEHRI CATCHMENT.
2024-08-04 06:00:00+00:00,0.441,0.341,0.035,ERA5-LAND HOURLY PRECIPITATION SAMPLED AT NEAREST MODEL-GRID LOCATIONS VIA OPEN-METEO AND SPATIALLY WEIGHTED OVER THE TEHRI CATCHMENT.
2024-08-04 07:00:00+00:00,0.567,0.417,0.112,ERA5-LAND HOURLY PRECIPITATION SAMPLED AT NEAREST MODEL-GRID LOCATIONS VIA OPEN-METEO AND SPATIALLY WEIGHTED OVER THE TEHRI CATCHMENT.
2024-08-04 08:00:00+00:00,0.733,0.576,0.613,ERA5-LAND HOURLY PRECIPITATION SAMPLED AT NEAREST MODEL-GRID LOCATIONS VIA OPEN-METEO AND SPATIALLY WEIGHTED OVER THE TEHRI CATCHMENT.
2024-08-04 09:00:00+00:00,0.549,1.116,0.595,ERA5-LAND HOURLY PRECIPITATION SAMPLED AT NEAREST MODEL-GRID LOCATIONS VIA OPEN-METEO AND SPATIALLY WEIGHTED OVER THE TEHRI CATCHMENT.
2024-08-04 10:00:00+00:00,0.273,1.496,1.19,ERA5-LAND HOURLY PRECIPITATION SAMPLED AT NEAREST MODEL-GRID LOCATIONS VIA OPEN-METEO AND SPATIALLY WEIGHTED OVER THE TEHRI CATCHMENT.
2024-08-04 11:00:00+00:00,0.335,1.59,1.411,ERA5-LAND HOURLY PRECIPITATION SAMPLED AT NEAREST MODEL-GRID LOCATIONS VIA OPEN-METEO AND SPATIALLY WEIGHTED OVER THE TEHRI CATCHMENT.
2024-08-04 12:00:00+00:00,0.285,0.511,0.908,ERA5-LAND HOURLY PRECIPITATION SAMPLED AT NEAREST MODEL-GRID LOCATIONS VIA OPEN-METEO AND SPATIALLY WEIGHTED OVER THE TEHRI CATCHMENT.
2024-08-04 13:00:00+00:00,0.123,0.085,0.057,ERA5-LAND HOURLY PRECIPITATION SAMPLED AT NEAREST MODEL-GRID LOCATIONS VIA OPEN-METEO AND SPATIALLY WEIGHTED OVER THE TEHRI CATCHMENT.
2024-08-04 14:00:00+00:00,0.151,0.084,0.2,ERA5-LAND HOURLY PRECIPITATION SAMPLED AT NEAREST MODEL-GRID LOCATIONS VIA OPEN-METEO AND SPATIALLY WEIGHTED OVER THE TEHRI CATCHMENT.
2024-08-04 15:00:00+00:00,0.135,0.104,0.276,ERA5-LAND HOURLY PRECIPITATION SAMPLED AT NEAREST MODEL-GRID LOCATIONS VIA OPEN-METEO AND SPATIALLY WEIGHTED OVER THE TEHRI CATCHMENT.
2024-08-04 16:00:00+00:00,0.159,0.089,0.249,ERA5-LAND HOURLY PRECIPITATION SAMPLED AT NEAREST MODEL-GRID LOCATIONS VIA OPEN-METEO AND SPATIALLY WEIGHTED OVER THE TEHRI CATCHMENT.
2024-08-04 17:00:00+00:00,0.279,0.765,0.955,ERA5-LAND HOURLY PRECIPITATION SAMPLED AT NEAREST MODEL-GRID LOCATIONS VIA OPEN-METEO AND SPATIALLY WEIGHTED OVER THE TEHRI CATCHMENT.
2024-08-04 18:00:00+00:00,0.508,1.3,1.745,ERA5-LAND HOURLY PRECIPITATION SAMPLED AT NEAREST MODEL-GRID LOCATIONS VIA OPEN-METEO AND SPATIALLY WEIGHTED OVER THE TEHRI CATCHMENT.
2024-08-04 19:00:00+00:00,0.452,1.018,1.592,ERA5-LAND HOURLY PRECIPITATION SAMPLED AT NEAREST MODEL-GRID LOCATIONS VIA OPEN-METEO AND SPATIALLY WEIGHTED OVER THE TEHRI CATCHMENT.
2024-08-04 20:00:00+00:00,0.223,1.109,1.058,ERA5-LAND HOURLY PRECIPITATION SAMPLED AT NEAREST MODEL-GRID LOCATIONS VIA OPEN-METEO AND SPATIALLY WEIGHTED OVER THE TEHRI CATCHMENT.
2024-08-04 21:00:00+00:00,0.276,0.251,1.68,ERA5-LAND HOURLY PRECIPITATION SAMPLED AT NEAREST MODEL-GRID LOCATIONS VIA OPEN-METEO AND SPATIALLY WEIGHTED OVER THE TEHRI CATCHMENT.
2024-08-04 22:00:00+00:00,0.389,0.291,0.728,ERA5-LAND HOURLY PRECIPITATION SAMPLED AT NEAREST MODEL-GRID LOCATIONS VIA OPEN-METEO AND SPATIALLY WEIGHTED OVER THE TEHRI CATCHMENT.
2024-08-04 23:00:00+00:00,0.189,0.096,0.474,ERA5-LAND HOURLY PRECIPITATION SAMPLED AT NEAREST MODEL-GRID LOCATIONS VIA OPEN-METEO AND SPATIALLY WEIGHTED OVER THE TEHRI CATCHMENT.
2024-08-05 00:00:00+00:00,0.065,0.01,0.095,ERA5-LAND HOURLY PRECIPITATION SAMPLED AT NEAREST MODEL-GRID LOCATIONS VIA OPEN-METEO AND SPATIALLY WEIGHTED OVER THE TEHRI CATCHMENT.
2024-08-05 01:00:00+00:00,0.03,0.017,0.13,ERA5-LAND HOURLY PRECIPITATION SAMPLED AT NEAREST MODEL-GRID LOCATIONS VIA OPEN-METEO AND SPATIALLY WEIGHTED OVER THE TEHRI CATCHMENT.
2024-08-05 02:00:00+00:00,0.021,0.005,0.174,ERA5-LAND HOURLY PRECIPITATION SAMPLED AT NEAREST MODEL-GRID LOCATIONS VIA OPEN-METEO AND SPATIALLY WEIGHTED OVER THE TEHRI CATCHMENT.
2024-08-05 03:00:00+00:00,0.01,0.004,0.03,ERA5-LAND HOURLY PRECIPITATION SAMPLED AT NEAREST MODEL-GRID LOCATIONS VIA OPEN-METEO AND SPATIALLY WEIGHTED OVER THE TEHRI CATCHMENT.
2024-08-05 04:00:00+00:00,0.035,0.135,0.058,ERA5-LAND HOURLY PRECIPITATION SAMPLED AT NEAREST MODEL-GRID LOCATIONS VIA OPEN-METEO AND SPATIALLY WEIGHTED OVER THE TEHRI CATCHMENT.
2024-08-05 05:00:00+00:00,0.105,0.198,0.095,ERA5-LAND HOURLY PRECIPITATION SAMPLED AT NEAREST MODEL-GRID LOCATIONS VIA OPEN-METEO AND SPATIALLY WEIGHTED OVER THE TEHRI CATCHMENT.
2024-08-05 06:00:00+00:00,0.298,0.41,0.091,ERA5-LAND HOURLY PRECIPITATION SAMPLED AT NEAREST MODEL-GRID LOCATIONS VIA OPEN-METEO AND SPATIALLY WEIGHTED OVER THE TEHRI CATCHMENT.
2024-08-05 07:00:00+00:00,0.532,0.889,0.174,ERA5-LAND HOURLY PRECIPITATION SAMPLED AT NEAREST MODEL-GRID LOCATIONS VIA OPEN-METEO AND SPATIALLY WEIGHTED OVER THE TEHRI CATCHMENT.
2024-08-05 08:00:00+00:00,1.803,1.849,1.142,ERA5-LAND HOURLY PRECIPITATION SAMPLED AT NEAREST MODEL-GRID LOCATIONS VIA OPEN-METEO AND SPATIALLY WEIGHTED OVER THE TEHRI CATCHMENT.
2024-08-05 09:00:00+00:00,1.043,3.039,1.053,ERA5-LAND HOURLY PRECIPITATION SAMPLED AT NEAREST MODEL-GRID LOCATIONS VIA OPEN-METEO AND SPATIALLY WEIGHTED OVER THE TEHRI CATCHMENT.
2024-08-05 10:00:00+00:00,1.171,1.077,0.873,ERA5-LAND HOURLY PRECIPITATION SAMPLED AT NEAREST MODEL-GRID LOCATIONS VIA OPEN-METEO AND SPATIALLY WEIGHTED OVER THE TEHRI CATCHMENT.
2024-08-05 11:00:00+00:00,0.562,0.857,0.513,ERA5-LAND HOURLY PRECIPITATION SAMPLED AT NEAREST MODEL-GRID LOCATIONS VIA OPEN-METEO AND SPATIALLY WEIGHTED OVER THE TEHRI CATCHMENT.
2024-08-05 12:00:00+00:00,0.331,1.641,0.608,ERA5-LAND HOURLY PRECIPITATION SAMPLED AT NEAREST MODEL-GRID LOCATIONS VIA OPEN-METEO AND SPATIALLY WEIGHTED OVER THE TEHRI CATCHMENT.
2024-08-05 13:00:00+00:00,0.03,0.126,0.114,ERA5-LAND HOURLY PRECIPITATION SAMPLED AT NEAREST MODEL-GRID LOCATIONS VIA OPEN-METEO AND SPATIALLY WEIGHTED OVER THE TEHRI CATCHMENT.
2024-08-05 14:00:00+00:00,0.024,0.051,0.03,ERA5-LAND HOURLY PRECIPITATION SAMPLED AT NEAREST MODEL-GRID LOCATIONS VIA OPEN-METEO AND SPATIALLY WEIGHTED OVER THE TEHRI CATCHMENT.
2024-08-05 15:00:00+00:00,0.018,0.043,0.002,ERA5-LAND HOURLY PRECIPITATION SAMPLED AT NEAREST MODEL-GRID LOCATIONS VIA OPEN-METEO AND SPATIALLY WEIGHTED OVER THE TEHRI CATCHMENT.
2024-08-05 16:00:00+00:00,0.003,0.019,0.001,ERA5-LAND HOURLY PRECIPITATION SAMPLED AT NEAREST MODEL-GRID LOCATIONS VIA OPEN-METEO AND SPATIALLY WEIGHTED OVER THE TEHRI CATCHMENT.
2024-08-05 17:00:00+00:00,0.0,0.035,0.004,ERA5-LAND HOURLY PRECIPITATION SAMPLED AT NEAREST MODEL-GRID LOCATIONS VIA OPEN-METEO AND SPATIALLY WEIGHTED OVER THE TEHRI CATCHMENT.
2024-08-05 18:00:00+00:00,0.037,0.265,0.148,ERA5-LAND HOURLY PRECIPITATION SAMPLED AT NEAREST MODEL-GRID LOCATIONS VIA OPEN-METEO AND SPATIALLY WEIGHTED OVER THE TEHRI CATCHMENT.
2024-08-05 19:00:00+00:00,0.152,0.558,0.492,ERA5-LAND HOURLY PRECIPITATION SAMPLED AT NEAREST MODEL-GRID LOCATIONS VIA OPEN-METEO AND SPATIALLY WEIGHTED OVER THE TEHRI CATCHMENT.
2024-08-05 20:00:00+00:00,0.194,0.928,0.409,ERA5-LAND HOURLY PRECIPITATION SAMPLED AT NEAREST MODEL-GRID LOCATIONS VIA OPEN-METEO AND SPATIALLY WEIGHTED OVER THE TEHRI CATCHMENT.
2024-08-05 21:00:00+00:00,0.154,0.998,0.218,ERA5-LAND HOURLY PRECIPITATION SAMPLED AT NEAREST MODEL-GRID LOCATIONS VIA OPEN-METEO AND SPATIALLY WEIGHTED OVER THE TEHRI CATCHMENT.
2024-08-05 22:00:00+00:00,0.176,1.231,0.284,ERA5-LAND HOURLY PRECIPITATION SAMPLED AT NEAREST MODEL-GRID LOCATIONS VIA OPEN-METEO AND SPATIALLY WEIGHTED OVER THE TEHRI CATCHMENT.
2024-08-05 23:00:00+00:00,0.312,1.641,0.96,ERA5-LAND HOURLY PRECIPITATION SAMPLED AT NEAREST MODEL-GRID LOCATIONS VIA OPEN-METEO AND SPATIALLY WEIGHTED OVER THE TEHRI CATCHMENT.
2024-08-06 00:00:00+00:00,0.504,2.35,1.262,ERA5-LAND HOURLY PRECIPITATION SAMPLED AT NEAREST MODEL-GRID LOCATIONS VIA OPEN-METEO AND SPATIALLY WEIGHTED OVER THE TEHRI CATCHMENT.
2024-08-06 01:00:00+00:00,0.052,2.508,1.305,ERA5-LAND HOURLY PRECIPITATION SAMPLED AT NEAREST MODEL-GRID LOCATIONS VIA OPEN-METEO AND SPATIALLY WEIGHTED OVER THE TEHRI CATCHMENT.
2024-08-06 02:00:00+00:00,0.015,2.598,1.617,ERA5-LAND HOURLY PRECIPITATION SAMPLED AT NEAREST MODEL-GRID LOCATIONS VIA OPEN-METEO AND SPATIALLY WEIGHTED OVER THE TEHRI CATCHMENT.
2024-08-06 03:00:00+00:00,0.006,1.153,0.6,ERA5-LAND HOURLY PRECIPITATION SAMPLED AT NEAREST MODEL-GRID LOCATIONS VIA OPEN-METEO AND SPATIALLY WEIGHTED OVER THE TEHRI CATCHMENT.
2024-08-06 04:00:00+00:00,0.044,0.895,0.304,ERA5-LAND HOURLY PRECIPITATION SAMPLED AT NEAREST MODEL-GRID LOCATIONS VIA OPEN-METEO AND SPATIALLY WEIGHTED OVER THE TEHRI CATCHMENT.
2024-08-06 05:00:00+00:00,0.099,0.526,0.163,ERA5-LAND HOURLY PRECIPITATION SAMPLED AT NEAREST MODEL-GRID LOCATIONS VIA OPEN-METEO AND SPATIALLY WEIGHTED OVER THE TEHRI CATCHMENT.
2024-08-06 06:00:00+00:00,0.184,0.347,0.1,ERA5-LAND HOURLY PRECIPITATION SAMPLED AT NEAREST MODEL-GRID LOCATIONS VIA OPEN-METEO AND SPATIALLY WEIGHTED OVER THE TEHRI CATCHMENT.
2024-08-06 07:00:00+00:00,0.396,1.382,0.109,ERA5-LAND HOURLY PRECIPITATION SAMPLED AT NEAREST MODEL-GRID LOCATIONS VIA OPEN-METEO AND SPATIALLY WEIGHTED OVER THE TEHRI CATCHMENT.
2024-08-06 08:00:00+00:00,0.958,1.242,0.767,ERA5-LAND HOURLY PRECIPITATION SAMPLED AT NEAREST MODEL-GRID LOCATIONS VIA OPEN-METEO AND SPATIALLY WEIGHTED OVER THE TEHRI CATCHMENT.
2024-08-06 09:00:00+00:00,1.438,1.073,3.67,ERA5-LAND HOURLY PRECIPITATION SAMPLED AT NEAREST MODEL-GRID LOCATIONS VIA OPEN-METEO AND SPATIALLY WEIGHTED OVER THE TEHRI CATCHMENT.
2024-08-06 10:00:00+00:00,1.427,1.424,3.461,ERA5-LAND HOURLY PRECIPITATION SAMPLED AT NEAREST MODEL-GRID LOCATIONS VIA OPEN-METEO AND SPATIALLY WEIGHTED OVER THE TEHRI CATCHMENT.
2024-08-06 11:00:00+00:00,1.657,2.233,0.882,ERA5-LAND HOURLY PRECIPITATION SAMPLED AT NEAREST MODEL-GRID LOCATIONS VIA OPEN-METEO AND SPATIALLY WEIGHTED OVER THE TEHRI CATCHMENT.
2024-08-06 12:00:00+00:00,0.593,2.51,1.663,ERA5-LAND HOURLY PRECIPITATION SAMPLED AT NEAREST MODEL-GRID LOCATIONS VIA OPEN-METEO AND SPATIALLY WEIGHTED OVER THE TEHRI CATCHMENT.
2024-08-06 13:00:00+00:00,0.136,1.262,0.963,ERA5-LAND HOURLY PRECIPITATION SAMPLED AT NEAREST MODEL-GRID LOCATIONS VIA OPEN-METEO AND SPATIALLY WEIGHTED OVER THE TEHRI CATCHMENT.
2024-08-06 14:00:00+00:00,0.075,0.377,0.191,ERA5-LAND HOURLY PRECIPITATION SAMPLED AT NEAREST MODEL-GRID LOCATIONS VIA OPEN-METEO AND SPATIALLY WEIGHTED OVER THE TEHRI CATCHMENT.
2024-08-06 15:00:00+00:00,0.065,0.288,0.348,ERA5-LAND HOURLY PRECIPITATION SAMPLED AT NEAREST MODEL-GRID LOCATIONS VIA OPEN-METEO AND SPATIALLY WEIGHTED OVER THE TEHRI CATCHMENT.
2024-08-06 16:00:00+00:00,0.075,0.397,0.182,ERA5-LAND HOURLY PRECIPITATION SAMPLED AT NEAREST MODEL-GRID LOCATIONS VIA OPEN-METEO AND SPATIALLY WEIGHTED OVER THE TEHRI CATCHMENT.
2024-08-06 17:00:00+00:00,0.063,0.231,0.072,ERA5-LAND HOURLY PRECIPITATION SAMPLED AT NEAREST MODEL-GRID LOCATIONS VIA OPEN-METEO AND SPATIALLY WEIGHTED OVER THE TEHRI CATCHMENT.
2024-08-06 18:00:00+00:00,0.065,0.135,0.07,ERA5-LAND HOURLY PRECIPITATION SAMPLED AT NEAREST MODEL-GRID LOCATIONS VIA OPEN-METEO AND SPATIALLY WEIGHTED OVER THE TEHRI CATCHMENT.
2024-08-06 19:00:00+00:00,0.077,0.318,0.125,ERA5-LAND HOURLY PRECIPITATION SAMPLED AT NEAREST MODEL-GRID LOCATIONS VIA OPEN-METEO AND SPATIALLY WEIGHTED OVER THE TEHRI CATCHMENT.
2024-08-06 20:00:00+00:00,0.184,0.675,0.455,ERA5-LAND HOURLY PRECIPITATION SAMPLED AT NEAREST MODEL-GRID LOCATIONS VIA OPEN-METEO AND SPATIALLY WEIGHTED OVER THE TEHRI CATCHMENT.
2024-08-06 21:00:00+00:00,0.128,0.766,0.486,ERA5-LAND HOURLY PRECIPITATION SAMPLED AT NEAREST MODEL-GRID LOCATIONS VIA OPEN-METEO AND SPATIALLY WEIGHTED OVER THE TEHRI CATCHMENT.
2024-08-06 22:00:00+00:00,0.077,0.377,0.168,ERA5-LAND HOURLY PRECIPITATION SAMPLED AT NEAREST MODEL-GRID LOCATIONS VIA OPEN-METEO AND SPATIALLY WEIGHTED OVER THE TEHRI CATCHMENT.
2024-08-06 23:00:00+00:00,0.031,0.666,0.18,ERA5-LAND HOURLY PRECIPITATION SAMPLED AT NEAREST MODEL-GRID LOCATIONS VIA OPEN-METEO AND SPATIALLY WEIGHTED OVER THE TEHRI CATCHMENT.
2024-08-07 00:00:00+00:00,0.028,0.445,1.008,ERA5-LAND HOURLY PRECIPITATION SAMPLED AT NEAREST MODEL-GRID LOCATIONS VIA OPEN-METEO AND SPATIALLY WEIGHTED OVER THE TEHRI CATCHMENT.
2024-08-07 01:00:00+00:00,0.831,1.19,2.684,ERA5-LAND HOURLY PRECIPITATION SAMPLED AT NEAREST MODEL-GRID LOCATIONS VIA OPEN-METEO AND SPATIALLY WEIGHTED OVER THE TEHRI CATCHMENT.
2024-08-07 02:00:00+00:00,0.841,2.449,2.93,ERA5-LAND HOURLY PRECIPITATION SAMPLED AT NEAREST MODEL-GRID LOCATIONS VIA OPEN-METEO AND SPATIALLY WEIGHTED OVER THE TEHRI CATCHMENT.
2024-08-07 03:00:00+00:00,0.427,1.242,1.957,ERA5-LAND HOURLY PRECIPITATION SAMPLED AT NEAREST MODEL-GRID LOCATIONS VIA OPEN-METEO AND SPATIALLY WEIGHTED OVER THE TEHRI CATCHMENT.
2024-08-07 04:00:00+00:00,0.241,1.149,1.559,ERA5-LAND HOURLY PRECIPITATION SAMPLED AT NEAREST MODEL-GRID LOCATIONS VIA OPEN-METEO AND SPATIALLY WEIGHTED OVER THE TEHRI CATCHMENT.
2024-08-07 05:00:00+00:00,0.45,1.546,1.432,ERA5-LAND HOURLY PRECIPITATION SAMPLED AT NEAREST MODEL-GRID LOCATIONS VIA OPEN-METEO AND SPATIALLY WEIGHTED OVER THE TEHRI CATCHMENT.
2024-08-07 06:00:00+00:00,0.535,1.245,1.023,ERA5-LAND HOURLY PRECIPITATION SAMPLED AT NEAREST MODEL-GRID LOCATIONS VIA OPEN-METEO AND SPATIALLY WEIGHTED OVER THE TEHRI CATCHMENT.
2024-08-07 07:00:00+00:00,0.608,1.237,1.006,ERA5-LAND HOURLY PRECIPITATION SAMPLED AT NEAREST MODEL-GRID LOCATIONS VIA OPEN-METEO AND SPATIALLY WEIGHTED OVER THE TEHRI CATCHMENT.
2024-08-07 08:00:00+00:00,0.737,1.23,0.9,ERA5-LAND HOURLY PRECIPITATION SAMPLED AT NEAREST MODEL-GRID LOCATIONS VIA OPEN-METEO AND SPATIALLY WEIGHTED OVER THE TEHRI CATCHMENT.
2024-08-07 09:00:00+00:00,0.669,1.104,0.787,ERA5-LAND HOURLY PRECIPITATION SAMPLED AT NEAREST MODEL-GRID LOCATIONS VIA OPEN-METEO AND SPATIALLY WEIGHTED OVER THE TEHRI CATCHMENT.
2024-08-07 10:00:00+00:00,0.395,0.687,0.527,ERA5-LAND HOURLY PRECIPITATION SAMPLED AT NEAREST MODEL-GRID LOCATIONS VIA OPEN-METEO AND SPATIALLY WEIGHTED OVER THE TEHRI CATCHMENT.
2024-08-07 11:00:00+00:00,0.178,0.272,0.271,ERA5-LAND HOURLY PRECIPITATION SAMPLED AT NEAREST MODEL-GRID LOCATIONS VIA OPEN-METEO AND SPATIALLY WEIGHTED OVER THE TEHRI CATCHMENT.
2024-08-07 12:00:00+00:00,0.138,0.234,0.175,ERA5-LAND HOURLY PRECIPITATION SAMPLED AT NEAREST MODEL-GRID LOCATIONS VIA OPEN-METEO AND SPATIALLY WEIGHTED OVER THE TEHRI CATCHMENT.
2024-08-07 13:00:00+00:00,0.206,0.206,0.227,ERA5-LAND HOURLY PRECIPITATION SAMPLED AT NEAREST MODEL-GRID LOCATIONS VIA OPEN-METEO AND SPATIALLY WEIGHTED OVER THE TEHRI CATCHMENT.
2024-08-07 14:00:00+00:00,0.301,0.183,0.191,ERA5-LAND HOURLY PRECIPITATION SAMPLED AT NEAREST MODEL-GRID LOCATIONS VIA OPEN-METEO AND SPATIALLY WEIGHTED OVER THE TEHRI CATCHMENT.
2024-08-07 15:00:00+00:00,0.341,0.377,0.318,ERA5-LAND HOURLY PRECIPITATION SAMPLED AT NEAREST MODEL-GRID LOCATIONS VIA OPEN-METEO AND SPATIALLY WEIGHTED OVER THE TEHRI CATCHMENT.
2024-08-07 16:00:00+00:00,0.312,0.374,0.261,ERA5-LAND HOURLY PRECIPITATION SAMPLED AT NEAREST MODEL-GRID LOCATIONS VIA OPEN-METEO AND SPATIALLY WEIGHTED OVER THE TEHRI CATCHMENT.
2024-08-07 17:00:00+00:00,0.248,0.17,0.132,ERA5-LAND HOURLY PRECIPITATION SAMPLED AT NEAREST MODEL-GRID LOCATIONS VIA OPEN-METEO AND SPATIALLY WEIGHTED OVER THE TEHRI CATCHMENT.
2024-08-07 18:00:00+00:00,0.247,0.17,0.118,ERA5-LAND HOURLY PRECIPITATION SAMPLED AT NEAREST MODEL-GRID LOCATIONS VIA OPEN-METEO AND SPATIALLY WEIGHTED OVER THE TEHRI CATCHMENT.
2024-08-07 19:00:00+00:00,0.16,0.26,0.399,ERA5-LAND HOURLY PRECIPITATION SAMPLED AT NEAREST MODEL-GRID LOCATIONS VIA OPEN-METEO AND SPATIALLY WEIGHTED OVER THE TEHRI CATCHMENT.
2024-08-07 20:00:00+00:00,0.141,0.317,0.283,ERA5-LAND HOURLY PRECIPITATION SAMPLED AT NEAREST MODEL-GRID LOCATIONS VIA OPEN-METEO AND SPATIALLY WEIGHTED OVER THE TEHRI CATCHMENT.
2024-08-07 21:00:00+00:00,0.126,0.051,0.395,ERA5-LAND HOURLY PRECIPITATION SAMPLED AT NEAREST MODEL-GRID LOCATIONS VIA OPEN-METEO AND SPATIALLY WEIGHTED OVER THE TEHRI CATCHMENT.
2024-08-07 22:00:00+00:00,0.09,0.008,0.34,ERA5-LAND HOURLY PRECIPITATION SAMPLED AT NEAREST MODEL-GRID LOCATIONS VIA OPEN-METEO AND SPATIALLY WEIGHTED OVER THE TEHRI CATCHMENT.
2024-08-07 23:00:00+00:00,0.054,0.002,0.09,ERA5-LAND HOURLY PRECIPITATION SAMPLED AT NEAREST MODEL-GRID LOCATIONS VIA OPEN-METEO AND SPATIALLY WEIGHTED OVER THE TEHRI CATCHMENT.
2024-08-08 00:00:00+00:00,0.037,0.001,0.01,ERA5-LAND HOURLY PRECIPITATION SAMPLED AT NEAREST MODEL-GRID LOCATIONS VIA OPEN-METEO AND SPATIALLY WEIGHTED OVER THE TEHRI CATCHMENT.
2024-08-08 01:00:00+00:00,0.0,0.0,0.001,ERA5-LAND HOURLY PRECIPITATION SAMPLED AT NEAREST MODEL-GRID LOCATIONS VIA OPEN-METEO AND SPATIALLY WEIGHTED OVER THE TEHRI CATCHMENT.
2024-08-08 02:00:00+00:00,0.0,0.0,0.005,ERA5-LAND HOURLY PRECIPITATION SAMPLED AT NEAREST MODEL-GRID LOCATIONS VIA OPEN-METEO AND SPATIALLY WEIGHTED OVER THE TEHRI CATCHMENT.
2024-08-08 03:00:00+00:00,0.008,0.01,0.0,ERA5-LAND HOURLY PRECIPITATION SAMPLED AT NEAREST MODEL-GRID LOCATIONS VIA OPEN-METEO AND SPATIALLY WEIGHTED OVER THE TEHRI CATCHMENT.
2024-08-08 04:00:00+00:00,0.017,0.001,0.003,ERA5-LAND HOURLY PRECIPITATION SAMPLED AT NEAREST MODEL-GRID LOCATIONS VIA OPEN-METEO AND SPATIALLY WEIGHTED OVER THE TEHRI CATCHMENT.
2024-08-08 05:00:00+00:00,0.149,0.1,0.152,ERA5-LAND HOURLY PRECIPITATION SAMPLED AT NEAREST MODEL-GRID LOCATIONS VIA OPEN-METEO AND SPATIALLY WEIGHTED OVER THE TEHRI CATCHMENT.
2024-08-08 06:00:00+00:00,0.262,0.543,0.319,ERA5-LAND HOURLY PRECIPITATION SAMPLED AT NEAREST MODEL-GRID LOCATIONS VIA OPEN-METEO AND SPATIALLY WEIGHTED OVER THE TEHRI CATCHMENT.
2024-08-08 07:00:00+00:00,0.41,0.804,0.436,ERA5-LAND HOURLY PRECIPITATION SAMPLED AT NEAREST MODEL-GRID LOCATIONS VIA OPEN-METEO AND SPATIALLY WEIGHTED OVER THE TEHRI CATCHMENT.
2024-08-08 08:00:00+00:00,0.625,5.254,0.698,ERA5-LAND HOURLY PRECIPITATION SAMPLED AT NEAREST MODEL-GRID LOCATIONS VIA OPEN-METEO AND SPATIALLY WEIGHTED OVER THE TEHRI CATCHMENT.
2024-08-08 09:00:00+00:00,1.055,2.068,0.553,ERA5-LAND HOURLY PRECIPITATION SAMPLED AT NEAREST MODEL-GRID LOCATIONS VIA OPEN-METEO AND SPATIALLY WEIGHTED OVER THE TEHRI CATCHMENT.
2024-08-08 10:00:00+00:00,0.627,0.346,0.841,ERA5-LAND HOURLY PRECIPITATION SAMPLED AT NEAREST MODEL-GRID LOCATIONS VIA OPEN-METEO AND SPATIALLY WEIGHTED OVER THE TEHRI CATCHMENT.
2024-08-08 11:00:00+00:00,0.332,1.081,0.276,ERA5-LAND HOURLY PRECIPITATION SAMPLED AT NEAREST MODEL-GRID LOCATIONS VIA OPEN-METEO AND SPATIALLY WEIGHTED OVER THE TEHRI CATCHMENT.
2024-08-08 12:00:00+00:00,0.246,0.498,0.172,ERA5-LAND HOURLY PRECIPITATION SAMPLED AT NEAREST MODEL-GRID LOCATIONS VIA OPEN-METEO AND SPATIALLY WEIGHTED OVER THE TEHRI CATCHMENT.
2024-08-08 13:00:00+00:00,0.115,0.614,0.154,ERA5-LAND HOURLY PRECIPITATION SAMPLED AT NEAREST MODEL-GRID LOCATIONS VIA OPEN-METEO AND SPATIALLY WEIGHTED OVER THE TEHRI CATCHMENT.
2024-08-08 14:00:00+00:00,0.151,0.428,0.177,ERA5-LAND HOURLY PRECIPITATION SAMPLED AT NEAREST MODEL-GRID LOCATIONS VIA OPEN-METEO AND SPATIALLY WEIGHTED OVER THE TEHRI CATCHMENT.
2024-08-08 15:00:00+00:00,0.143,1.14,0.641,ERA5-LAND HOURLY PRECIPITATION SAMPLED AT NEAREST MODEL-GRID LOCATIONS VIA OPEN-METEO AND SPATIALLY WEIGHTED OVER THE TEHRI CATCHMENT.
2024-08-08 16:00:00+00:00,0.169,0.745,0.446,ERA5-LAND HOURLY PRECIPITATION SAMPLED AT NEAREST MODEL-GRID LOCATIONS VIA OPEN-METEO AND SPATIALLY WEIGHTED OVER THE TEHRI CATCHMENT.
2024-08-08 17:00:00+00:00,0.239,0.225,0.146,ERA5-LAND HOURLY PRECIPITATION SAMPLED AT NEAREST MODEL-GRID LOCATIONS VIA OPEN-METEO AND SPATIALLY WEIGHTED OVER THE TEHRI CATCHMENT.
2024-08-08 18:00:00+00:00,0.231,0.182,0.315,ERA5-LAND HOURLY PRECIPITATION SAMPLED AT NEAREST MODEL-GRID LOCATIONS VIA OPEN-METEO AND SPATIALLY WEIGHTED OVER THE TEHRI CATCHMENT.
2024-08-08 19:00:00+00:00,0.212,0.243,0.269,ERA5-LAND HOURLY PRECIPITATION SAMPLED AT NEAREST MODEL-GRID LOCATIONS VIA OPEN-METEO AND SPATIALLY WEIGHTED OVER THE TEHRI CATCHMENT.
2024-08-08 20:00:00+00:00,0.113,0.246,0.246,ERA5-LAND HOURLY PRECIPITATION SAMPLED AT NEAREST MODEL-GRID LOCATIONS VIA OPEN-METEO AND SPATIALLY WEIGHTED OVER THE TEHRI CATCHMENT.
2024-08-08 21:00:00+00:00,0.085,0.156,0.463,ERA5-LAND HOURLY PRECIPITATION SAMPLED AT NEAREST MODEL-GRID LOCATIONS VIA OPEN-METEO AND SPATIALLY WEIGHTED OVER THE TEHRI CATCHMENT.
2024-08-08 22:00:00+00:00,0.046,0.059,0.164,ERA5-LAND HOURLY PRECIPITATION SAMPLED AT NEAREST MODEL-GRID LOCATIONS VIA OPEN-METEO AND SPATIALLY WEIGHTED OVER THE TEHRI CATCHMENT.
2024-08-08 23:00:00+00:00,0.012,0.018,0.1,ERA5-LAND HOURLY PRECIPITATION SAMPLED AT NEAREST MODEL-GRID LOCATIONS VIA OPEN-METEO AND SPATIALLY WEIGHTED OVER THE TEHRI CATCHMENT.
2024-08-09 00:00:00+00:00,0.012,0.047,0.066,ERA5-LAND HOURLY PRECIPITATION SAMPLED AT NEAREST MODEL-GRID LOCATIONS VIA OPEN-METEO AND SPATIALLY WEIGHTED OVER THE TEHRI CATCHMENT.
2024-08-09 01:00:00+00:00,0.0,0.008,0.07,ERA5-LAND HOURLY PRECIPITATION SAMPLED AT NEAREST MODEL-GRID LOCATIONS VIA OPEN-METEO AND SPATIALLY WEIGHTED OVER THE TEHRI CATCHMENT.
2024-08-09 02:00:00+00:00,0.004,0.004,0.03,ERA5-LAND HOURLY PRECIPITATION SAMPLED AT NEAREST MODEL-GRID LOCATIONS VIA OPEN-METEO AND SPATIALLY WEIGHTED OVER THE TEHRI CATCHMENT.
2024-08-09 03:00:00+00:00,0.03,0.04,0.027,ERA5-LAND HOURLY PRECIPITATION SAMPLED AT NEAREST MODEL-GRID LOCATIONS VIA OPEN-METEO AND SPATIALLY WEIGHTED OVER THE TEHRI CATCHMENT.
2024-08-09 04:00:00+00:00,0.129,0.093,0.135,ERA5-LAND HOURLY PRECIPITATION SAMPLED AT NEAREST MODEL-GRID LOCATIONS VIA OPEN-METEO AND SPATIALLY WEIGHTED OVER THE TEHRI CATCHMENT.
2024-08-09 05:00:00+00:00,0.211,0.308,0.252,ERA5-LAND HOURLY PRECIPITATION SAMPLED AT NEAREST MODEL-GRID LOCATIONS VIA OPEN-METEO AND SPATIALLY WEIGHTED OVER THE TEHRI CATCHMENT.
2024-08-09 06:00:00+00:00,0.347,0.634,0.264,ERA5-LAND HOURLY PRECIPITATION SAMPLED AT NEAREST MODEL-GRID LOCATIONS VIA OPEN-METEO AND SPATIALLY WEIGHTED OVER THE TEHRI CATCHMENT.
2024-08-09 07:00:00+00:00,0.525,3.358,0.719,ERA5-LAND HOURLY PRECIPITATION SAMPLED AT NEAREST MODEL-GRID LOCATIONS VIA OPEN-METEO AND SPATIALLY WEIGHTED OVER THE TEHRI CATCHMENT.
2024-08-09 08:00:00+00:00,1.174,3.436,1.941,ERA5-LAND HOURLY PRECIPITATION SAMPLED AT NEAREST MODEL-GRID LOCATIONS VIA OPEN-METEO AND SPATIALLY WEIGHTED OVER THE TEHRI CATCHMENT.
2024-08-09 09:00:00+00:00,1.013,1.342,2.731,ERA5-LAND HOURLY PRECIPITATION SAMPLED AT NEAREST MODEL-GRID LOCATIONS VIA OPEN-METEO AND SPATIALLY WEIGHTED OVER THE TEHRI CATCHMENT.
2024-08-09 10:00:00+00:00,0.904,1.74,1.149,ERA5-LAND HOURLY PRECIPITATION SAMPLED AT NEAREST MODEL-GRID LOCATIONS VIA OPEN-METEO AND SPATIALLY WEIGHTED OVER THE TEHRI CATCHMENT.
2024-08-09 11:00:00+00:00,0.777,0.943,0.608,ERA5-LAND HOURLY PRECIPITATION SAMPLED AT NEAREST MODEL-GRID LOCATIONS VIA OPEN-METEO AND SPATIALLY WEIGHTED OVER THE TEHRI CATCHMENT.
2024-08-09 12:00:00+00:00,0.567,1.555,1.204,ERA5-LAND HOURLY PRECIPITATION SAMPLED AT NEAREST MODEL-GRID LOCATIONS VIA OPEN-METEO AND SPATIALLY WEIGHTED OVER THE TEHRI CATCHMENT.
2024-08-09 13:00:00+00:00,0.066,0.22,0.017,ERA5-LAND HOURLY PRECIPITATION SAMPLED AT NEAREST MODEL-GRID LOCATIONS VIA OPEN-METEO AND SPATIALLY WEIGHTED OVER THE TEHRI CATCHMENT.
2024-08-09 14:00:00+00:00,0.175,0.534,0.305,ERA5-LAND HOURLY PRECIPITATION SAMPLED AT NEAREST MODEL-GRID LOCATIONS VIA OPEN-METEO AND SPATIALLY WEIGHTED OVER THE TEHRI CATCHMENT.
2024-08-09 15:00:00+00:00,0.124,0.444,0.165,ERA5-LAND HOURLY PRECIPITATION SAMPLED AT NEAREST MODEL-GRID LOCATIONS VIA OPEN-METEO AND SPATIALLY WEIGHTED OVER THE TEHRI CATCHMENT.
2024-08-09 16:00:00+00:00,0.063,0.361,0.246,ERA5-LAND HOURLY PRECIPITATION SAMPLED AT NEAREST MODEL-GRID LOCATIONS VIA OPEN-METEO AND SPATIALLY WEIGHTED OVER THE TEHRI CATCHMENT.
2024-08-09 17:00:00+00:00,0.031,0.166,0.099,ERA5-LAND HOURLY PRECIPITATION SAMPLED AT NEAREST MODEL-GRID LOCATIONS VIA OPEN-METEO AND SPATIALLY WEIGHTED OVER THE TEHRI CATCHMENT.
2024-08-09 18:00:00+00:00,0.064,0.153,0.031,ERA5-LAND HOURLY PRECIPITATION SAMPLED AT NEAREST MODEL-GRID LOCATIONS VIA OPEN-METEO AND SPATIALLY WEIGHTED OVER THE TEHRI CATCHMENT.
2024-08-09 19:00:00+00:00,0.023,0.039,0.006,ERA5-LAND HOURLY PRECIPITATION SAMPLED AT NEAREST MODEL-GRID LOCATIONS VIA OPEN-METEO AND SPATIALLY WEIGHTED OVER THE TEHRI CATCHMENT.
2024-08-09 20:00:00+00:00,0.03,0.1,0.029,ERA5-LAND HOURLY PRECIPITATION SAMPLED AT NEAREST MODEL-GRID LOCATIONS VIA OPEN-METEO AND SPATIALLY WEIGHTED OVER THE TEHRI CATCHMENT.
2024-08-09 21:00:00+00:00,0.031,0.189,0.106,ERA5-LAND HOURLY PRECIPITATION SAMPLED AT NEAREST MODEL-GRID LOCATIONS VIA OPEN-METEO AND SPATIALLY WEIGHTED OVER THE TEHRI CATCHMENT.
2024-08-09 22:00:00+00:00,0.014,0.258,0.186,ERA5-LAND HOURLY PRECIPITATION SAMPLED AT NEAREST MODEL-GRID LOCATIONS VIA OPEN-METEO AND SPATIALLY WEIGHTED OVER THE TEHRI CATCHMENT.
2024-08-09 23:00:00+00:00,0.005,0.193,0.12,ERA5-LAND HOURLY PRECIPITATION SAMPLED AT NEAREST MODEL-GRID LOCATIONS VIA OPEN-METEO AND SPATIALLY WEIGHTED OVER THE TEHRI CATCHMENT.
2024-08-10 00:00:00+00:00,0.003,0.094,0.063,ERA5-LAND HOURLY PRECIPITATION SAMPLED AT NEAREST MODEL-GRID LOCATIONS VIA OPEN-METEO AND SPATIALLY WEIGHTED OVER THE TEHRI CATCHMENT.
2024-08-10 01:00:00+00:00,0.01,0.056,0.374,ERA5-LAND HOURLY PRECIPITATION SAMPLED AT NEAREST MODEL-GRID LOCATIONS VIA OPEN-METEO AND SPATIALLY WEIGHTED OVER THE TEHRI CATCHMENT.
2024-08-10 02:00:00+00:00,0.008,0.016,0.268,ERA5-LAND HOURLY PRECIPITATION SAMPLED AT NEAREST MODEL-GRID LOCATIONS VIA OPEN-METEO AND SPATIALLY WEIGHTED OVER THE TEHRI CATCHMENT.
2024-08-10 03:00:00+00:00,0.029,0.077,0.581,ERA5-LAND HOURLY PRECIPITATION SAMPLED AT NEAREST MODEL-GRID LOCATIONS VIA OPEN-METEO AND SPATIALLY WEIGHTED OVER THE TEHRI CATCHMENT.
2024-08-10 04:00:00+00:00,0.077,0.116,0.454,ERA5-LAND HOURLY PRECIPITATION SAMPLED AT NEAREST MODEL-GRID LOCATIONS VIA OPEN-METEO AND SPATIALLY WEIGHTED OVER THE TEHRI CATCHMENT.
2024-08-10 05:00:00+00:00,0.102,0.144,0.083,ERA5-LAND HOURLY PRECIPITATION SAMPLED AT NEAREST MODEL-GRID LOCATIONS VIA OPEN-METEO AND SPATIALLY WEIGHTED OVER THE TEHRI CATCHMENT.
2024-08-10 06:00:00+00:00,0.138,0.176,0.068,ERA5-LAND HOURLY PRECIPITATION SAMPLED AT NEAREST MODEL-GRID LOCATIONS VIA OPEN-METEO AND SPATIALLY WEIGHTED OVER THE TEHRI CATCHMENT.
2024-08-10 07:00:00+00:00,0.436,1.072,0.381,ERA5-LAND HOURLY PRECIPITATION SAMPLED AT NEAREST MODEL-GRID LOCATIONS VIA OPEN-METEO AND SPATIALLY WEIGHTED OVER THE TEHRI CATCHMENT.
2024-08-10 08:00:00+00:00,0.605,1.607,0.708,ERA5-LAND HOURLY PRECIPITATION SAMPLED AT NEAREST MODEL-GRID LOCATIONS VIA OPEN-METEO AND SPATIALLY WEIGHTED OVER THE TEHRI CATCHMENT.
2024-08-10 09:00:00+00:00,0.893,1.17,1.13,ERA5-LAND HOURLY PRECIPITATION SAMPLED AT NEAREST MODEL-GRID LOCATIONS VIA OPEN-METEO AND SPATIALLY WEIGHTED OVER THE TEHRI CATCHMENT.
2024-08-10 10:00:00+00:00,0.526,0.473,0.771,ERA5-LAND HOURLY PRECIPITATION SAMPLED AT NEAREST MODEL-GRID LOCATIONS VIA OPEN-METEO AND SPATIALLY WEIGHTED OVER THE TEHRI CATCHMENT.
2024-08-10 11:00:00+00:00,0.812,1.416,0.636,ERA5-LAND HOURLY PRECIPITATION SAMPLED AT NEAREST MODEL-GRID LOCATIONS VIA OPEN-METEO AND SPATIALLY WEIGHTED OVER THE TEHRI CATCHMENT.
2024-08-10 12:00:00+00:00,0.293,0.315,0.246,ERA5-LAND HOURLY PRECIPITATION SAMPLED AT NEAREST MODEL-GRID LOCATIONS VIA OPEN-METEO AND SPATIALLY WEIGHTED OVER THE TEHRI CATCHMENT.
2024-08-10 13:00:00+00:00,0.112,0.152,0.183,ERA5-LAND HOURLY PRECIPITATION SAMPLED AT NEAREST MODEL-GRID LOCATIONS VIA OPEN-METEO AND SPATIALLY WEIGHTED OVER THE TEHRI CATCHMENT.
2024-08-10 14:00:00+00:00,0.019,0.196,0.136,ERA5-LAND HOURLY PRECIPITATION SAMPLED AT NEAREST MODEL-GRID LOCATIONS VIA OPEN-METEO AND SPATIALLY WEIGHTED OVER THE TEHRI CATCHMENT.
2024-08-10 15:00:00+00:00,0.004,0.051,0.052,ERA5-LAND HOURLY PRECIPITATION SAMPLED AT NEAREST MODEL-GRID LOCATIONS VIA OPEN-METEO AND SPATIALLY WEIGHTED OVER THE TEHRI CATCHMENT.
2024-08-10 16:00:00+00:00,0.0,0.051,0.021,ERA5-LAND HOURLY PRECIPITATION SAMPLED AT NEAREST MODEL-GRID LOCATIONS VIA OPEN-METEO AND SPATIALLY WEIGHTED OVER THE TEHRI CATCHMENT.
2024-08-10 17:00:00+00:00,0.001,0.012,0.0,ERA5-LAND HOURLY PRECIPITATION SAMPLED AT NEAREST MODEL-GRID LOCATIONS VIA OPEN-METEO AND SPATIALLY WEIGHTED OVER THE TEHRI CATCHMENT.
2024-08-10 18:00:00+00:00,0.019,0.056,0.003,ERA5-LAND HOURLY PRECIPITATION SAMPLED AT NEAREST MODEL-GRID LOCATIONS VIA OPEN-METEO AND SPATIALLY WEIGHTED OVER THE TEHRI CATCHMENT.
2024-08-10 19:00:00+00:00,0.024,0.132,0.024,ERA5-LAND HOURLY PRECIPITATION SAMPLED AT NEAREST MODEL-GRID LOCATIONS VIA OPEN-METEO AND SPATIALLY WEIGHTED OVER THE TEHRI CATCHMENT.
2024-08-10 20:00:00+00:00,0.02,0.021,0.016,ERA5-LAND HOURLY PRECIPITATION SAMPLED AT NEAREST MODEL-GRID LOCATIONS VIA OPEN-METEO AND SPATIALLY WEIGHTED OVER THE TEHRI CATCHMENT.
2024-08-10 21:00:00+00:00,0.033,0.007,0.0,ERA5-LAND HOURLY PRECIPITATION SAMPLED AT NEAREST MODEL-GRID LOCATIONS VIA OPEN-METEO AND SPATIALLY WEIGHTED OVER THE TEHRI CATCHMENT.
2024-08-10 22:00:00+00:00,0.013,0.009,0.002,ERA5-LAND HOURLY PRECIPITATION SAMPLED AT NEAREST MODEL-GRID LOCATIONS VIA OPEN-METEO AND SPATIALLY WEIGHTED OVER THE TEHRI CATCHMENT.
2024-08-10 23:00:00+00:00,0.006,0.115,0.021,ERA5-LAND HOURLY PRECIPITATION SAMPLED AT NEAREST MODEL-GRID LOCATIONS VIA OPEN-METEO AND SPATIALLY WEIGHTED OVER THE TEHRI CATCHMENT.
2024-08-11 00:00:00+00:00,0.007,0.348,0.266,ERA5-LAND HOURLY PRECIPITATION SAMPLED AT NEAREST MODEL-GRID LOCATIONS VIA OPEN-METEO AND SPATIALLY WEIGHTED OVER THE TEHRI CATCHMENT.
2024-08-11 01:00:00+00:00,0.575,1.179,1.319,ERA5-LAND HOURLY PRECIPITATION SAMPLED AT NEAREST MODEL-GRID LOCATIONS VIA OPEN-METEO AND SPATIALLY WEIGHTED OVER THE TEHRI CATCHMENT.
2024-08-11 02:00:00+00:00,0.291,1.118,0.969,ERA5-LAND HOURLY PRECIPITATION SAMPLED AT NEAREST MODEL-GRID LOCATIONS VIA OPEN-METEO AND SPATIALLY WEIGHTED OVER THE TEHRI CATCHMENT.
2024-08-11 03:00:00+00:00,0.261,0.432,1.251,ERA5-LAND HOURLY PRECIPITATION SAMPLED AT NEAREST MODEL-GRID LOCATIONS VIA OPEN-METEO AND SPATIALLY WEIGHTED OVER THE TEHRI CATCHMENT.
2024-08-11 04:00:00+00:00,0.304,0.25,0.874,ERA5-LAND HOURLY PRECIPITATION SAMPLED AT NEAREST MODEL-GRID LOCATIONS VIA OPEN-METEO AND SPATIALLY WEIGHTED OVER THE TEHRI CATCHMENT.
2024-08-11 05:00:00+00:00,0.556,1.598,0.616,ERA5-LAND HOURLY PRECIPITATION SAMPLED AT NEAREST MODEL-GRID LOCATIONS VIA OPEN-METEO AND SPATIALLY WEIGHTED OVER THE TEHRI CATCHMENT.
2024-08-11 06:00:00+00:00,0.687,1.273,0.728,ERA5-LAND HOURLY PRECIPITATION SAMPLED AT NEAREST MODEL-GRID LOCATIONS VIA OPEN-METEO AND SPATIALLY WEIGHTED OVER THE TEHRI CATCHMENT.
2024-08-11 07:00:00+00:00,0.792,0.816,0.76,ERA5-LAND HOURLY PRECIPITATION SAMPLED AT NEAREST MODEL-GRID LOCATIONS VIA OPEN-METEO AND SPATIALLY WEIGHTED OVER THE TEHRI CATCHMENT.
2024-08-11 08:00:00+00:00,0.772,1.794,0.593,ERA5-LAND HOURLY PRECIPITATION SAMPLED AT NEAREST MODEL-GRID LOCATIONS VIA OPEN-METEO AND SPATIALLY WEIGHTED OVER THE TEHRI CATCHMENT.
2024-08-11 09:00:00+00:00,0.646,0.589,0.201,ERA5-LAND HOURLY PRECIPITATION SAMPLED AT NEAREST MODEL-GRID LOCATIONS VIA OPEN-METEO AND SPATIALLY WEIGHTED OVER THE TEHRI CATCHMENT.
2024-08-11 10:00:00+00:00,0.524,0.405,0.167,ERA5-LAND HOURLY PRECIPITATION SAMPLED AT NEAREST MODEL-GRID LOCATIONS VIA OPEN-METEO AND SPATIALLY WEIGHTED OVER THE TEHRI CATCHMENT.
2024-08-11 11:00:00+00:00,0.382,1.477,0.824,ERA5-LAND HOURLY PRECIPITATION SAMPLED AT NEAREST MODEL-GRID LOCATIONS VIA OPEN-METEO AND SPATIALLY WEIGHTED OVER THE TEHRI CATCHMENT.
2024-08-11 12:00:00+00:00,0.266,1.516,1.7,ERA5-LAND HOURLY PRECIPITATION SAMPLED AT NEAREST MODEL-GRID LOCATIONS VIA OPEN-METEO AND SPATIALLY WEIGHTED OVER THE TEHRI CATCHMENT.
2024-08-11 13:00:00+00:00,0.28,0.609,0.401,ERA5-LAND HOURLY PRECIPITATION SAMPLED AT NEAREST MODEL-GRID LOCATIONS VIA OPEN-METEO AND SPATIALLY WEIGHTED OVER THE TEHRI CATCHMENT.
2024-08-11 14:00:00+00:00,0.108,0.288,0.125,ERA5-LAND HOURLY PRECIPITATION SAMPLED AT NEAREST MODEL-GRID LOCATIONS VIA OPEN-METEO AND SPATIALLY WEIGHTED OVER THE TEHRI CATCHMENT.
2024-08-11 15:00:00+00:00,0.056,0.23,0.035,ERA5-LAND HOURLY PRECIPITATION SAMPLED AT NEAREST MODEL-GRID LOCATIONS VIA OPEN-METEO AND SPATIALLY WEIGHTED OVER THE TEHRI CATCHMENT.
2024-08-11 16:00:00+00:00,0.04,0.134,0.029,ERA5-LAND HOURLY PRECIPITATION SAMPLED AT NEAREST MODEL-GRID LOCATIONS VIA OPEN-METEO AND SPATIALLY WEIGHTED OVER THE TEHRI CATCHMENT.
2024-08-11 17:00:00+00:00,0.011,0.012,0.005,ERA5-LAND HOURLY PRECIPITATION SAMPLED AT NEAREST MODEL-GRID LOCATIONS VIA OPEN-METEO AND SPATIALLY WEIGHTED OVER THE TEHRI CATCHMENT.
2024-08-11 18:00:00+00:00,0.0,0.0,0.0,ERA5-LAND HOURLY PRECIPITATION SAMPLED AT NEAREST MODEL-GRID LOCATIONS VIA OPEN-METEO AND SPATIALLY WEIGHTED OVER THE TEHRI CATCHMENT.
2024-08-11 19:00:00+00:00,0.014,0.02,0.001,ERA5-LAND HOURLY PRECIPITATION SAMPLED AT NEAREST MODEL-GRID LOCATIONS VIA OPEN-METEO AND SPATIALLY WEIGHTED OVER THE TEHRI CATCHMENT.
2024-08-11 20:00:00+00:00,0.201,0.074,0.133,ERA5-LAND HOURLY PRECIPITATION SAMPLED AT NEAREST MODEL-GRID LOCATIONS VIA OPEN-METEO AND SPATIALLY WEIGHTED OVER THE TEHRI CATCHMENT.
2024-08-11 21:00:00+00:00,0.194,0.029,0.188,ERA5-LAND HOURLY PRECIPITATION SAMPLED AT NEAREST MODEL-GRID LOCATIONS VIA OPEN-METEO AND SPATIALLY WEIGHTED OVER THE TEHRI CATCHMENT.
2024-08-11 22:00:00+00:00,0.148,0.016,0.106,ERA5-LAND HOURLY PRECIPITATION SAMPLED AT NEAREST MODEL-GRID LOCATIONS VIA OPEN-METEO AND SPATIALLY WEIGHTED OVER THE TEHRI CATCHMENT.
2024-08-11 23:00:00+00:00,0.081,0.01,0.075,ERA5-LAND HOURLY PRECIPITATION SAMPLED AT NEAREST MODEL-GRID LOCATIONS VIA OPEN-METEO AND SPATIALLY WEIGHTED OVER THE TEHRI CATCHMENT.
2024-08-12 00:00:00+00:00,0.098,0.008,0.05,ERA5-LAND HOURLY PRECIPITATION SAMPLED AT NEAREST MODEL-GRID LOCATIONS VIA OPEN-METEO AND SPATIALLY WEIGHTED OVER THE TEHRI CATCHMENT.
2024-08-12 01:00:00+00:00,0.073,0.005,0.007,ERA5-LAND HOURLY PRECIPITATION SAMPLED AT NEAREST MODEL-GRID LOCATIONS VIA OPEN-METEO AND SPATIALLY WEIGHTED OVER THE TEHRI CATCHMENT.
2024-08-12 02:00:00+00:00,0.117,0.009,0.003,ERA5-LAND HOURLY PRECIPITATION SAMPLED AT NEAREST MODEL-GRID LOCATIONS VIA OPEN-METEO AND SPATIALLY WEIGHTED OVER THE TEHRI CATCHMENT.
2024-08-12 03:00:00+00:00,0.175,0.053,0.006,ERA5-LAND HOURLY PRECIPITATION SAMPLED AT NEAREST MODEL-GRID LOCATIONS VIA OPEN-METEO AND SPATIALLY WEIGHTED OVER THE TEHRI CATCHMENT.
2024-08-12 04:00:00+00:00,0.186,0.156,0.034,ERA5-LAND HOURLY PRECIPITATION SAMPLED AT NEAREST MODEL-GRID LOCATIONS VIA OPEN-METEO AND SPATIALLY WEIGHTED OVER THE TEHRI CATCHMENT.
2024-08-12 05:00:00+00:00,0.379,0.506,0.189,ERA5-LAND HOURLY PRECIPITATION SAMPLED AT NEAREST MODEL-GRID LOCATIONS VIA OPEN-METEO AND SPATIALLY WEIGHTED OVER THE TEHRI CATCHMENT.
2024-08-12 06:00:00+00:00,0.532,0.704,1.199,ERA5-LAND HOURLY PRECIPITATION SAMPLED AT NEAREST MODEL-GRID LOCATIONS VIA OPEN-METEO AND SPATIALLY WEIGHTED OVER THE TEHRI CATCHMENT.
2024-08-12 07:00:00+00:00,0.672,2.612,0.552,ERA5-LAND HOURLY PRECIPITATION SAMPLED AT NEAREST MODEL-GRID LOCATIONS VIA OPEN-METEO AND SPATIALLY WEIGHTED OVER THE TEHRI CATCHMENT.
2024-08-12 08:00:00+00:00,0.489,2.306,0.25,ERA5-LAND HOURLY PRECIPITATION SAMPLED AT NEAREST MODEL-GRID LOCATIONS VIA OPEN-METEO AND SPATIALLY WEIGHTED OVER THE TEHRI CATCHMENT.
2024-08-12 09:00:00+00:00,0.826,0.661,0.513,ERA5-LAND HOURLY PRECIPITATION SAMPLED AT NEAREST MODEL-GRID LOCATIONS VIA OPEN-METEO AND SPATIALLY WEIGHTED OVER THE TEHRI CATCHMENT.
2024-08-12 10:00:00+00:00,1.437,0.764,2.295,ERA5-LAND HOURLY PRECIPITATION SAMPLED AT NEAREST MODEL-GRID LOCATIONS VIA OPEN-METEO AND SPATIALLY WEIGHTED OVER THE TEHRI CATCHMENT.
2024-08-12 11:00:00+00:00,0.696,2.355,1.788,ERA5-LAND HOURLY PRECIPITATION SAMPLED AT NEAREST MODEL-GRID LOCATIONS VIA OPEN-METEO AND SPATIALLY WEIGHTED OVER THE TEHRI CATCHMENT.
2024-08-12 12:00:00+00:00,0.396,0.857,0.348,ERA5-LAND HOURLY PRECIPITATION SAMPLED AT NEAREST MODEL-GRID LOCATIONS VIA OPEN-METEO AND SPATIALLY WEIGHTED OVER THE TEHRI CATCHMENT.
2024-08-12 13:00:00+00:00,0.112,0.171,0.296,ERA5-LAND HOURLY PRECIPITATION SAMPLED AT NEAREST MODEL-GRID LOCATIONS VIA OPEN-METEO AND SPATIALLY WEIGHTED OVER THE TEHRI CATCHMENT.
2024-08-12 14:00:00+00:00,0.114,0.051,0.088,ERA5-LAND HOURLY PRECIPITATION SAMPLED AT NEAREST MODEL-GRID LOCATIONS VIA OPEN-METEO AND SPATIALLY WEIGHTED OVER THE TEHRI CATCHMENT.
2024-08-12 15:00:00+00:00,0.113,0.169,0.045,ERA5-LAND HOURLY PRECIPITATION SAMPLED AT NEAREST MODEL-GRID LOCATIONS VIA OPEN-METEO AND SPATIALLY WEIGHTED OVER THE TEHRI CATCHMENT.
2024-08-12 16:00:00+00:00,0.151,0.217,0.079,ERA5-LAND HOURLY PRECIPITATION SAMPLED AT NEAREST MODEL-GRID LOCATIONS VIA OPEN-METEO AND SPATIALLY WEIGHTED OVER THE TEHRI CATCHMENT.
2024-08-12 17:00:00+00:00,0.105,0.041,0.186,ERA5-LAND HOURLY PRECIPITATION SAMPLED AT NEAREST MODEL-GRID LOCATIONS VIA OPEN-METEO AND SPATIALLY WEIGHTED OVER THE TEHRI CATCHMENT.
2024-08-12 18:00:00+00:00,0.07,0.037,0.014,ERA5-LAND HOURLY PRECIPITATION SAMPLED AT NEAREST MODEL-GRID LOCATIONS VIA OPEN-METEO AND SPATIALLY WEIGHTED OVER THE TEHRI CATCHMENT.
2024-08-12 19:00:00+00:00,0.099,0.068,0.003,ERA5-LAND HOURLY PRECIPITATION SAMPLED AT NEAREST MODEL-GRID LOCATIONS VIA OPEN-METEO AND SPATIALLY WEIGHTED OVER THE TEHRI CATCHMENT.
2024-08-12 20:00:00+00:00,0.042,0.012,0.002,ERA5-LAND HOURLY PRECIPITATION SAMPLED AT NEAREST MODEL-GRID LOCATIONS VIA OPEN-METEO AND SPATIALLY WEIGHTED OVER THE TEHRI CATCHMENT.
2024-08-12 21:00:00+00:00,0.045,0.0,0.001,ERA5-LAND HOURLY PRECIPITATION SAMPLED AT NEAREST MODEL-GRID LOCATIONS VIA OPEN-METEO AND SPATIALLY WEIGHTED OVER THE TEHRI CATCHMENT.
2024-08-12 22:00:00+00:00,0.051,0.0,0.0,ERA5-LAND HOURLY PRECIPITATION SAMPLED AT NEAREST MODEL-GRID LOCATIONS VIA OPEN-METEO AND SPATIALLY WEIGHTED OVER THE TEHRI CATCHMENT.
2024-08-12 23:00:00+00:00,0.025,0.0,0.0,ERA5-LAND HOURLY PRECIPITATION SAMPLED AT NEAREST MODEL-GRID LOCATIONS VIA OPEN-METEO AND SPATIALLY WEIGHTED OVER THE TEHRI CATCHMENT.
2024-08-13 00:00:00+00:00,0.005,0.0,0.01,ERA5-LAND HOURLY PRECIPITATION SAMPLED AT NEAREST MODEL-GRID LOCATIONS VIA OPEN-METEO AND SPATIALLY WEIGHTED OVER THE TEHRI CATCHMENT.
2024-08-13 01:00:00+00:00,0.791,0.097,0.154,ERA5-LAND HOURLY PRECIPITATION SAMPLED AT NEAREST MODEL-GRID LOCATIONS VIA OPEN-METEO AND SPATIALLY WEIGHTED OVER THE TEHRI CATCHMENT.
2024-08-13 02:00:00+00:00,0.49,0.087,0.075,ERA5-LAND HOURLY PRECIPITATION SAMPLED AT NEAREST MODEL-GRID LOCATIONS VIA OPEN-METEO AND SPATIALLY WEIGHTED OVER THE TEHRI CATCHMENT.
2024-08-13 03:00:00+00:00,0.231,0.108,0.097,ERA5-LAND HOURLY PRECIPITATION SAMPLED AT NEAREST MODEL-GRID LOCATIONS VIA OPEN-METEO AND SPATIALLY WEIGHTED OVER THE TEHRI CATCHMENT.
2024-08-13 04:00:00+00:00,0.216,0.447,0.295,ERA5-LAND HOURLY PRECIPITATION SAMPLED AT NEAREST MODEL-GRID LOCATIONS VIA OPEN-METEO AND SPATIALLY WEIGHTED OVER THE TEHRI CATCHMENT.
2024-08-13 05:00:00+00:00,0.211,0.415,0.642,ERA5-LAND HOURLY PRECIPITATION SAMPLED AT NEAREST MODEL-GRID LOCATIONS VIA OPEN-METEO AND SPATIALLY WEIGHTED OVER THE TEHRI CATCHMENT.
2024-08-13 06:00:00+00:00,0.404,0.819,0.809,ERA5-LAND HOURLY PRECIPITATION SAMPLED AT NEAREST MODEL-GRID LOCATIONS VIA OPEN-METEO AND SPATIALLY WEIGHTED OVER THE TEHRI CATCHMENT.
2024-08-13 07:00:00+00:00,0.932,3.095,0.273,ERA5-LAND HOURLY PRECIPITATION SAMPLED AT NEAREST MODEL-GRID LOCATIONS VIA OPEN-METEO AND SPATIALLY WEIGHTED OVER THE TEHRI CATCHMENT.
2024-08-13 08:00:00+00:00,0.936,2.79,1.761,ERA5-LAND HOURLY PRECIPITATION SAMPLED AT NEAREST MODEL-GRID LOCATIONS VIA OPEN-METEO AND SPATIALLY WEIGHTED OVER THE TEHRI CATCHMENT.
2024-08-13 09:00:00+00:00,1.213,5.206,1.334,ERA5-LAND HOURLY PRECIPITATION SAMPLED AT NEAREST MODEL-GRID LOCATIONS VIA OPEN-METEO AND SPATIALLY WEIGHTED OVER THE TEHRI CATCHMENT.
2024-08-13 10:00:00+00:00,0.992,1.449,0.336,ERA5-LAND HOURLY PRECIPITATION SAMPLED AT NEAREST MODEL-GRID LOCATIONS VIA OPEN-METEO AND SPATIALLY WEIGHTED OVER THE TEHRI CATCHMENT.
2024-08-13 11:00:00+00:00,0.729,0.939,0.674,ERA5-LAND HOURLY PRECIPITATION SAMPLED AT NEAREST MODEL-GRID LOCATIONS VIA OPEN-METEO AND SPATIALLY WEIGHTED OVER THE TEHRI CATCHMENT.
2024-08-13 12:00:00+00:00,0.965,0.418,0.129,ERA5-LAND HOURLY PRECIPITATION SAMPLED AT NEAREST MODEL-GRID LOCATIONS VIA OPEN-METEO AND SPATIALLY WEIGHTED OVER THE TEHRI CATCHMENT.
2024-08-13 13:00:00+00:00,0.193,0.171,0.046,ERA5-LAND HOURLY PRECIPITATION SAMPLED AT NEAREST MODEL-GRID LOCATIONS VIA OPEN-METEO AND SPATIALLY WEIGHTED OVER THE TEHRI CATCHMENT.
2024-08-13 14:00:00+00:00,0.255,0.089,0.034,ERA5-LAND HOURLY PRECIPITATION SAMPLED AT NEAREST MODEL-GRID LOCATIONS VIA OPEN-METEO AND SPATIALLY WEIGHTED OVER THE TEHRI CATCHMENT.
2024-08-13 15:00:00+00:00,0.247,0.126,0.034,ERA5-LAND HOURLY PRECIPITATION SAMPLED AT NEAREST MODEL-GRID LOCATIONS VIA OPEN-METEO AND SPATIALLY WEIGHTED OVER THE TEHRI CATCHMENT.
2024-08-13 16:00:00+00:00,0.207,0.326,0.039,ERA5-LAND HOURLY PRECIPITATION SAMPLED AT NEAREST MODEL-GRID LOCATIONS VIA OPEN-METEO AND SPATIALLY WEIGHTED OVER THE TEHRI CATCHMENT.
2024-08-13 17:00:00+00:00,0.277,1.249,0.385,ERA5-LAND HOURLY PRECIPITATION SAMPLED AT NEAREST MODEL-GRID LOCATIONS VIA OPEN-METEO AND SPATIALLY WEIGHTED OVER THE TEHRI CATCHMENT.
2024-08-13 18:00:00+00:00,0.19,0.813,0.459,ERA5-LAND HOURLY PRECIPITATION SAMPLED AT NEAREST MODEL-GRID LOCATIONS VIA OPEN-METEO AND SPATIALLY WEIGHTED OVER THE TEHRI CATCHMENT.
2024-08-13 19:00:00+00:00,0.228,1.113,0.471,ERA5-LAND HOURLY PRECIPITATION SAMPLED AT NEAREST MODEL-GRID LOCATIONS VIA OPEN-METEO AND SPATIALLY WEIGHTED OVER THE TEHRI CATCHMENT.
2024-08-13 20:00:00+00:00,0.299,1.183,1.613,ERA5-LAND HOURLY PRECIPITATION SAMPLED AT NEAREST MODEL-GRID LOCATIONS VIA OPEN-METEO AND SPATIALLY WEIGHTED OVER THE TEHRI CATCHMENT.
2024-08-13 21:00:00+00:00,0.204,0.87,1.399,ERA5-LAND HOURLY PRECIPITATION SAMPLED AT NEAREST MODEL-GRID LOCATIONS VIA OPEN-METEO AND SPATIALLY WEIGHTED OVER THE TEHRI CATCHMENT.
2024-08-13 22:00:00+00:00,0.199,0.672,1.127,ERA5-LAND HOURLY PRECIPITATION SAMPLED AT NEAREST MODEL-GRID LOCATIONS VIA OPEN-METEO AND SPATIALLY WEIGHTED OVER THE TEHRI CATCHMENT.
2024-08-13 23:00:00+00:00,0.101,0.428,0.656,ERA5-LAND HOURLY PRECIPITATION SAMPLED AT NEAREST MODEL-GRID LOCATIONS VIA OPEN-METEO AND SPATIALLY WEIGHTED OVER THE TEHRI CATCHMENT.
2024-08-14 00:00:00+00:00,0.051,0.287,0.424,ERA5-LAND HOURLY PRECIPITATION SAMPLED AT NEAREST MODEL-GRID LOCATIONS VIA OPEN-METEO AND SPATIALLY WEIGHTED OVER THE TEHRI CATCHMENT.
2024-08-14 01:00:00+00:00,0.019,0.318,0.341,ERA5-LAND HOURLY PRECIPITATION SAMPLED AT NEAREST MODEL-GRID LOCATIONS VIA OPEN-METEO AND SPATIALLY WEIGHTED OVER THE TEHRI CATCHMENT.
2024-08-14 02:00:00+00:00,0.025,0.022,0.118,ERA5-LAND HOURLY PRECIPITATION SAMPLED AT NEAREST MODEL-GRID LOCATIONS VIA OPEN-METEO AND SPATIALLY WEIGHTED OVER THE TEHRI CATCHMENT.
2024-08-14 03:00:00+00:00,0.002,0.002,0.02,ERA5-LAND HOURLY PRECIPITATION SAMPLED AT NEAREST MODEL-GRID LOCATIONS VIA OPEN-METEO AND SPATIALLY WEIGHTED OVER THE TEHRI CATCHMENT.
2024-08-14 04:00:00+00:00,0.023,0.025,0.022,ERA5-LAND HOURLY PRECIPITATION SAMPLED AT NEAREST MODEL-GRID LOCATIONS VIA OPEN-METEO AND SPATIALLY WEIGHTED OVER THE TEHRI CATCHMENT.
2024-08-14 05:00:00+00:00,0.062,0.188,0.137,ERA5-LAND HOURLY PRECIPITATION SAMPLED AT NEAREST MODEL-GRID LOCATIONS VIA OPEN-METEO AND SPATIALLY WEIGHTED OVER THE TEHRI CATCHMENT.
2024-08-14 06:00:00+00:00,0.233,0.386,0.237,ERA5-LAND HOURLY PRECIPITATION SAMPLED AT NEAREST MODEL-GRID LOCATIONS VIA OPEN-METEO AND SPATIALLY WEIGHTED OVER THE TEHRI CATCHMENT.
2024-08-14 07:00:00+00:00,0.311,0.365,0.363,ERA5-LAND HOURLY PRECIPITATION SAMPLED AT NEAREST MODEL-GRID LOCATIONS VIA OPEN-METEO AND SPATIALLY WEIGHTED OVER THE TEHRI CATCHMENT.
2024-08-14 08:00:00+00:00,0.274,0.537,0.317,ERA5-LAND HOURLY PRECIPITATION SAMPLED AT NEAREST MODEL-GRID LOCATIONS VIA OPEN-METEO AND SPATIALLY WEIGHTED OVER THE TEHRI CATCHMENT.
2024-08-14 09:00:00+00:00,0.23,0.757,0.795,ERA5-LAND HOURLY PRECIPITATION SAMPLED AT NEAREST MODEL-GRID LOCATIONS VIA OPEN-METEO AND SPATIALLY WEIGHTED OVER THE TEHRI CATCHMENT.
2024-08-14 10:00:00+00:00,0.483,3.628,1.56,ERA5-LAND HOURLY PRECIPITATION SAMPLED AT NEAREST MODEL-GRID LOCATIONS VIA OPEN-METEO AND SPATIALLY WEIGHTED OVER THE TEHRI CATCHMENT.
2024-08-14 11:00:00+00:00,0.904,0.717,0.213,ERA5-LAND HOURLY PRECIPITATION SAMPLED AT NEAREST MODEL-GRID LOCATIONS VIA OPEN-METEO AND SPATIALLY WEIGHTED OVER THE TEHRI CATCHMENT.
2024-08-14 12:00:00+00:00,0.281,0.072,0.077,ERA5-LAND HOURLY PRECIPITATION SAMPLED AT NEAREST MODEL-GRID LOCATIONS VIA OPEN-METEO AND SPATIALLY WEIGHTED OVER THE TEHRI CATCHMENT.
2024-08-14 13:00:00+00:00,0.061,0.061,0.036,ERA5-LAND HOURLY PRECIPITATION SAMPLED AT NEAREST MODEL-GRID LOCATIONS VIA OPEN-METEO AND SPATIALLY WEIGHTED OVER THE TEHRI CATCHMENT.
2024-08-14 14:00:00+00:00,0.0,0.007,0.014,ERA5-LAND HOURLY PRECIPITATION SAMPLED AT NEAREST MODEL-GRID LOCATIONS VIA OPEN-METEO AND SPATIALLY WEIGHTED OVER THE TEHRI CATCHMENT.
2024-08-14 15:00:00+00:00,0.02,0.065,0.031,ERA5-LAND HOURLY PRECIPITATION SAMPLED AT NEAREST MODEL-GRID LOCATIONS VIA OPEN-METEO AND SPATIALLY WEIGHTED OVER THE TEHRI CATCHMENT.
2024-08-14 16:00:00+00:00,0.089,0.501,0.575,ERA5-LAND HOURLY PRECIPITATION SAMPLED AT NEAREST MODEL-GRID LOCATIONS VIA OPEN-METEO AND SPATIALLY WEIGHTED OVER THE TEHRI CATCHMENT.
2024-08-14 17:00:00+00:00,0.183,0.458,0.727,ERA5-LAND HOURLY PRECIPITATION SAMPLED AT NEAREST MODEL-GRID LOCATIONS VIA OPEN-METEO AND SPATIALLY WEIGHTED OVER THE TEHRI CATCHMENT.
2024-08-14 18:00:00+00:00,0.124,0.186,0.289,ERA5-LAND HOURLY PRECIPITATION SAMPLED AT NEAREST MODEL-GRID LOCATIONS VIA OPEN-METEO AND SPATIALLY WEIGHTED OVER THE TEHRI CATCHMENT.
2024-08-14 19:00:00+00:00,0.123,0.073,0.343,ERA5-LAND HOURLY PRECIPITATION SAMPLED AT NEAREST MODEL-GRID LOCATIONS VIA OPEN-METEO AND SPATIALLY WEIGHTED OVER THE TEHRI CATCHMENT.
2024-08-14 20:00:00+00:00,0.269,0.225,0.718,ERA5-LAND HOURLY PRECIPITATION SAMPLED AT NEAREST MODEL-GRID LOCATIONS VIA OPEN-METEO AND SPATIALLY WEIGHTED OVER THE TEHRI CATCHMENT.
2024-08-14 21:00:00+00:00,0.073,0.068,0.3,ERA5-LAND HOURLY PRECIPITATION SAMPLED AT NEAREST MODEL-GRID LOCATIONS VIA OPEN-METEO AND SPATIALLY WEIGHTED OVER THE TEHRI CATCHMENT.
2024-08-14 22:00:00+00:00,0.003,0.011,0.026,ERA5-LAND HOURLY PRECIPITATION SAMPLED AT NEAREST MODEL-GRID LOCATIONS VIA OPEN-METEO AND SPATIALLY WEIGHTED OVER THE TEHRI CATCHMENT.
2024-08-14 23:00:00+00:00,0.012,0.005,0.028,ERA5-LAND HOURLY PRECIPITATION SAMPLED AT NEAREST MODEL-GRID LOCATIONS VIA OPEN-METEO AND SPATIALLY WEIGHTED OVER THE TEHRI CATCHMENT.
2024-08-15 00:00:00+00:00,0.01,0.208,0.032,ERA5-LAND HOURLY PRECIPITATION SAMPLED AT NEAREST MODEL-GRID LOCATIONS VIA OPEN-METEO AND SPATIALLY WEIGHTED OVER THE TEHRI CATCHMENT.
2024-08-15 01:00:00+00:00,0.003,0.031,0.053,ERA5-LAND HOURLY PRECIPITATION SAMPLED AT NEAREST MODEL-GRID LOCATIONS VIA OPEN-METEO AND SPATIALLY WEIGHTED OVER THE TEHRI CATCHMENT.
2024-08-15 02:00:00+00:00,0.15,0.212,0.211,ERA5-LAND HOURLY PRECIPITATION SAMPLED AT NEAREST MODEL-GRID LOCATIONS VIA OPEN-METEO AND SPATIALLY WEIGHTED OVER THE TEHRI CATCHMENT.
2024-08-15 03:00:00+00:00,0.227,0.254,0.202,ERA5-LAND HOURLY PRECIPITATION SAMPLED AT NEAREST MODEL-GRID LOCATIONS VIA OPEN-METEO AND SPATIALLY WEIGHTED OVER THE TEHRI CATCHMENT.
2024-08-15 04:00:00+00:00,0.099,0.113,0.08,ERA5-LAND HOURLY PRECIPITATION SAMPLED AT NEAREST MODEL-GRID LOCATIONS VIA OPEN-METEO AND SPATIALLY WEIGHTED OVER THE TEHRI CATCHMENT.
2024-08-15 05:00:00+00:00,0.072,0.107,0.137,ERA5-LAND HOURLY PRECIPITATION SAMPLED AT NEAREST MODEL-GRID LOCATIONS VIA OPEN-METEO AND SPATIALLY WEIGHTED OVER THE TEHRI CATCHMENT.
2024-08-15 06:00:00+00:00,0.16,0.073,0.116,ERA5-LAND HOURLY PRECIPITATION SAMPLED AT NEAREST MODEL-GRID LOCATIONS VIA OPEN-METEO AND SPATIALLY WEIGHTED OVER THE TEHRI CATCHMENT.
2024-08-15 07:00:00+00:00,0.467,0.799,0.218,ERA5-LAND HOURLY PRECIPITATION SAMPLED AT NEAREST MODEL-GRID LOCATIONS VIA OPEN-METEO AND SPATIALLY WEIGHTED OVER THE TEHRI CATCHMENT.
2024-08-15 08:00:00+00:00,0.567,0.533,2.254,ERA5-LAND HOURLY PRECIPITATION SAMPLED AT NEAREST MODEL-GRID LOCATIONS VIA OPEN-METEO AND SPATIALLY WEIGHTED OVER THE TEHRI CATCHMENT.
2024-08-15 09:00:00+00:00,0.409,2.49,1.316,ERA5-LAND HOURLY PRECIPITATION SAMPLED AT NEAREST MODEL-GRID LOCATIONS VIA OPEN-METEO AND SPATIALLY WEIGHTED OVER THE TEHRI CATCHMENT.
2024-08-15 10:00:00+00:00,0.195,0.263,0.123,ERA5-LAND HOURLY PRECIPITATION SAMPLED AT NEAREST MODEL-GRID LOCATIONS VIA OPEN-METEO AND SPATIALLY WEIGHTED OVER THE TEHRI CATCHMENT.
2024-08-15 11:00:00+00:00,0.239,0.141,0.098,ERA5-LAND HOURLY PRECIPITATION SAMPLED AT NEAREST MODEL-GRID LOCATIONS VIA OPEN-METEO AND SPATIALLY WEIGHTED OVER THE TEHRI CATCHMENT.
2024-08-15 12:00:00+00:00,0.204,0.233,0.239,ERA5-LAND HOURLY PRECIPITATION SAMPLED AT NEAREST MODEL-GRID LOCATIONS VIA OPEN-METEO AND SPATIALLY WEIGHTED OVER THE TEHRI CATCHMENT.
2024-08-15 13:00:00+00:00,0.001,0.007,0.006,ERA5-LAND HOURLY PRECIPITATION SAMPLED AT NEAREST MODEL-GRID LOCATIONS VIA OPEN-METEO AND SPATIALLY WEIGHTED OVER THE TEHRI CATCHMENT.
2024-08-15 14:00:00+00:00,0.006,0.0,0.0,ERA5-LAND HOURLY PRECIPITATION SAMPLED AT NEAREST MODEL-GRID LOCATIONS VIA OPEN-METEO AND SPATIALLY WEIGHTED OVER THE TEHRI CATCHMENT.
2024-08-15 15:00:00+00:00,0.003,0.0,0.011,ERA5-LAND HOURLY PRECIPITATION SAMPLED AT NEAREST MODEL-GRID LOCATIONS VIA OPEN-METEO AND SPATIALLY WEIGHTED OVER THE TEHRI CATCHMENT.
2024-08-15 16:00:00+00:00,0.056,0.104,0.255,ERA5-LAND HOURLY PRECIPITATION SAMPLED AT NEAREST MODEL-GRID LOCATIONS VIA OPEN-METEO AND SPATIALLY WEIGHTED OVER THE TEHRI CATCHMENT.
2024-08-15 17:00:00+00:00,0.105,0.73,1.678,ERA5-LAND HOURLY PRECIPITATION SAMPLED AT NEAREST MODEL-GRID LOCATIONS VIA OPEN-METEO AND SPATIALLY WEIGHTED OVER THE TEHRI CATCHMENT.
2024-08-15 18:00:00+00:00,0.225,1.559,1.274,ERA5-LAND HOURLY PRECIPITATION SAMPLED AT NEAREST MODEL-GRID LOCATIONS VIA OPEN-METEO AND SPATIALLY WEIGHTED OVER THE TEHRI CATCHMENT.
2024-08-15 19:00:00+00:00,0.055,0.219,0.27,ERA5-LAND HOURLY PRECIPITATION SAMPLED AT NEAREST MODEL-GRID LOCATIONS VIA OPEN-METEO AND SPATIALLY WEIGHTED OVER THE TEHRI CATCHMENT.
2024-08-15 20:00:00+00:00,0.013,0.022,0.059,ERA5-LAND HOURLY PRECIPITATION SAMPLED AT NEAREST MODEL-GRID LOCATIONS VIA OPEN-METEO AND SPATIALLY WEIGHTED OVER THE TEHRI CATCHMENT.
2024-08-15 21:00:00+00:00,0.024,0.0,0.01,ERA5-LAND HOURLY PRECIPITATION SAMPLED AT NEAREST MODEL-GRID LOCATIONS VIA OPEN-METEO AND SPATIALLY WEIGHTED OVER THE TEHRI CATCHMENT.
2024-08-15 22:00:00+00:00,0.084,0.11,0.253,ERA5-LAND HOURLY PRECIPITATION SAMPLED AT NEAREST MODEL-GRID LOCATIONS VIA OPEN-METEO AND SPATIALLY WEIGHTED OVER THE TEHRI CATCHMENT.
2024-08-15 23:00:00+00:00,0.033,0.163,0.105,ERA5-LAND HOURLY PRECIPITATION SAMPLED AT NEAREST MODEL-GRID LOCATIONS VIA OPEN-METEO AND SPATIALLY WEIGHTED OVER THE TEHRI CATCHMENT.
2024-08-16 00:00:00+00:00,0.002,0.014,0.0,ERA5-LAND HOURLY PRECIPITATION SAMPLED AT NEAREST MODEL-GRID LOCATIONS VIA OPEN-METEO AND SPATIALLY WEIGHTED OVER THE TEHRI CATCHMENT.
2024-08-16 01:00:00+00:00,0.0,0.0,0.0,ERA5-LAND HOURLY PRECIPITATION SAMPLED AT NEAREST MODEL-GRID LOCATIONS VIA OPEN-METEO AND SPATIALLY WEIGHTED OVER THE TEHRI CATCHMENT.
2024-08-16 02:00:00+00:00,0.001,0.0,0.0,ERA5-LAND HOURLY PRECIPITATION SAMPLED AT NEAREST MODEL-GRID LOCATIONS VIA OPEN-METEO AND SPATIALLY WEIGHTED OVER THE TEHRI CATCHMENT.
2024-08-16 03:00:00+00:00,0.003,0.0,0.0,ERA5-LAND HOURLY PRECIPITATION SAMPLED AT NEAREST MODEL-GRID LOCATIONS VIA OPEN-METEO AND SPATIALLY WEIGHTED OVER THE TEHRI CATCHMENT.
2024-08-16 04:00:00+00:00,0.046,0.0,0.001,ERA5-LAND HOURLY PRECIPITATION SAMPLED AT NEAREST MODEL-GRID LOCATIONS VIA OPEN-METEO AND SPATIALLY WEIGHTED OVER THE TEHRI CATCHMENT.
2024-08-16 05:00:00+00:00,0.121,0.133,0.028,ERA5-LAND HOURLY PRECIPITATION SAMPLED AT NEAREST MODEL-GRID LOCATIONS VIA OPEN-METEO AND SPATIALLY WEIGHTED OVER THE TEHRI CATCHMENT.
2024-08-16 06:00:00+00:00,0.2,0.355,0.071,ERA5-LAND HOURLY PRECIPITATION SAMPLED AT NEAREST MODEL-GRID LOCATIONS VIA OPEN-METEO AND SPATIALLY WEIGHTED OVER THE TEHRI CATCHMENT.
2024-08-16 07:00:00+00:00,0.282,0.186,0.097,ERA5-LAND HOURLY PRECIPITATION SAMPLED AT NEAREST MODEL-GRID LOCATIONS VIA OPEN-METEO AND SPATIALLY WEIGHTED OVER THE TEHRI CATCHMENT.
2024-08-16 08:00:00+00:00,0.355,0.87,0.247,ERA5-LAND HOURLY PRECIPITATION SAMPLED AT NEAREST MODEL-GRID LOCATIONS VIA OPEN-METEO AND SPATIALLY WEIGHTED OVER THE TEHRI CATCHMENT.
2024-08-16 09:00:00+00:00,0.839,2.244,1.7,ERA5-LAND HOURLY PRECIPITATION SAMPLED AT NEAREST MODEL-GRID LOCATIONS VIA OPEN-METEO AND SPATIALLY WEIGHTED OVER THE TEHRI CATCHMENT.
2024-08-16 10:00:00+00:00,0.497,3.343,1.065,ERA5-LAND HOURLY PRECIPITATION SAMPLED AT NEAREST MODEL-GRID LOCATIONS VIA OPEN-METEO AND SPATIALLY WEIGHTED OVER THE TEHRI CATCHMENT.
2024-08-16 11:00:00+00:00,0.46,0.27,0.139,ERA5-LAND HOURLY PRECIPITATION SAMPLED AT NEAREST MODEL-GRID LOCATIONS VIA OPEN-METEO AND SPATIALLY WEIGHTED OVER THE TEHRI CATCHMENT.
2024-08-16 12:00:00+00:00,0.174,0.149,0.04,ERA5-LAND HOURLY PRECIPITATION SAMPLED AT NEAREST MODEL-GRID LOCATIONS VIA OPEN-METEO AND SPATIALLY WEIGHTED OVER THE TEHRI CATCHMENT.
2024-08-16 13:00:00+00:00,0.263,0.277,0.439,ERA5-LAND HOURLY PRECIPITATION SAMPLED AT NEAREST MODEL-GRID LOCATIONS VIA OPEN-METEO AND SPATIALLY WEIGHTED OVER THE TEHRI CATCHMENT.
2024-08-16 14:00:00+00:00,0.165,0.469,0.322,ERA5-LAND HOURLY PRECIPITATION SAMPLED AT NEAREST MODEL-GRID LOCATIONS VIA OPEN-METEO AND SPATIALLY WEIGHTED OVER THE TEHRI CATCHMENT.
2024-08-16 15:00:00+00:00,0.167,0.732,1.077,ERA5-LAND HOURLY PRECIPITATION SAMPLED AT NEAREST MODEL-GRID LOCATIONS VIA OPEN-METEO AND SPATIALLY WEIGHTED OVER THE TEHRI CATCHMENT.
2024-08-16 16:00:00+00:00,0.112,0.604,0.54,ERA5-LAND HOURLY PRECIPITATION SAMPLED AT NEAREST MODEL-GRID LOCATIONS VIA OPEN-METEO AND SPATIALLY WEIGHTED OVER THE TEHRI CATCHMENT.
2024-08-16 17:00:00+00:00,0.069,0.253,0.023,ERA5-LAND HOURLY PRECIPITATION SAMPLED AT NEAREST MODEL-GRID LOCATIONS VIA OPEN-METEO AND SPATIALLY WEIGHTED OVER THE TEHRI CATCHMENT.
2024-08-16 18:00:00+00:00,0.022,0.0,0.0,ERA5-LAND HOURLY PRECIPITATION SAMPLED AT NEAREST MODEL-GRID LOCATIONS VIA OPEN-METEO AND SPATIALLY WEIGHTED OVER THE TEHRI CATCHMENT.
2024-08-16 19:00:00+00:00,0.001,0.0,0.0,ERA5-LAND HOURLY PRECIPITATION SAMPLED AT NEAREST MODEL-GRID LOCATIONS VIA OPEN-METEO AND SPATIALLY WEIGHTED OVER THE TEHRI CATCHMENT.
2024-08-16 20:00:00+00:00,0.007,0.0,0.0,ERA5-LAND HOURLY PRECIPITATION SAMPLED AT NEAREST MODEL-GRID LOCATIONS VIA OPEN-METEO AND SPATIALLY WEIGHTED OVER THE TEHRI CATCHMENT.
2024-08-16 21:00:00+00:00,0.01,0.0,0.0,ERA5-LAND HOURLY PRECIPITATION SAMPLED AT NEAREST MODEL-GRID LOCATIONS VIA OPEN-METEO AND SPATIALLY WEIGHTED OVER THE TEHRI CATCHMENT.
2024-08-16 22:00:00+00:00,0.003,0.0,0.0,ERA5-LAND HOURLY PRECIPITATION SAMPLED AT NEAREST MODEL-GRID LOCATIONS VIA OPEN-METEO AND SPATIALLY WEIGHTED OVER THE TEHRI CATCHMENT.
2024-08-16 23:00:00+00:00,0.001,0.0,0.0,ERA5-LAND HOURLY PRECIPITATION SAMPLED AT NEAREST MODEL-GRID LOCATIONS VIA OPEN-METEO AND SPATIALLY WEIGHTED OVER THE TEHRI CATCHMENT.
2024-08-17 00:00:00+00:00,0.0,0.0,0.0,ERA5-LAND HOURLY PRECIPITATION SAMPLED AT NEAREST MODEL-GRID LOCATIONS VIA OPEN-METEO AND SPATIALLY WEIGHTED OVER THE TEHRI CATCHMENT.
2024-08-17 01:00:00+00:00,0.081,0.489,2.328,ERA5-LAND HOURLY PRECIPITATION SAMPLED AT NEAREST MODEL-GRID LOCATIONS VIA OPEN-METEO AND SPATIALLY WEIGHTED OVER THE TEHRI CATCHMENT.
2024-08-17 02:00:00+00:00,0.279,1.753,2.322,ERA5-LAND HOURLY PRECIPITATION SAMPLED AT NEAREST MODEL-GRID LOCATIONS VIA OPEN-METEO AND SPATIALLY WEIGHTED OVER THE TEHRI CATCHMENT.
2024-08-17 03:00:00+00:00,0.054,0.025,0.294,ERA5-LAND HOURLY PRECIPITATION SAMPLED AT NEAREST MODEL-GRID LOCATIONS VIA OPEN-METEO AND SPATIALLY WEIGHTED OVER THE TEHRI CATCHMENT.
2024-08-17 04:00:00+00:00,0.076,0.029,0.222,ERA5-LAND HOURLY PRECIPITATION SAMPLED AT NEAREST MODEL-GRID LOCATIONS VIA OPEN-METEO AND SPATIALLY WEIGHTED OVER THE TEHRI CATCHMENT.
2024-08-17 05:00:00+00:00,0.065,0.041,0.032,ERA5-LAND HOURLY PRECIPITATION SAMPLED AT NEAREST MODEL-GRID LOCATIONS VIA OPEN-METEO AND SPATIALLY WEIGHTED OVER THE TEHRI CATCHMENT.
2024-08-17 06:00:00+00:00,0.071,0.151,0.019,ERA5-LAND HOURLY PRECIPITATION SAMPLED AT NEAREST MODEL-GRID LOCATIONS VIA OPEN-METEO AND SPATIALLY WEIGHTED OVER THE TEHRI CATCHMENT.
2024-08-17 07:00:00+00:00,0.126,0.406,0.075,ERA5-LAND HOURLY PRECIPITATION SAMPLED AT NEAREST MODEL-GRID LOCATIONS VIA OPEN-METEO AND SPATIALLY WEIGHTED OVER THE TEHRI CATCHMENT.
2024-08-17 08:00:00+00:00,0.17,0.704,0.631,ERA5-LAND HOURLY PRECIPITATION SAMPLED AT NEAREST MODEL-GRID LOCATIONS VIA OPEN-METEO AND SPATIALLY WEIGHTED OVER THE TEHRI CATCHMENT.
2024-08-17 09:00:00+00:00,0.469,0.481,0.67,ERA5-LAND HOURLY PRECIPITATION SAMPLED AT NEAREST MODEL-GRID LOCATIONS VIA OPEN-METEO AND SPATIALLY WEIGHTED OVER THE TEHRI CATCHMENT.
2024-08-17 10:00:00+00:00,0.408,1.262,1.41,ERA5-LAND HOURLY PRECIPITATION SAMPLED AT NEAREST MODEL-GRID LOCATIONS VIA OPEN-METEO AND SPATIALLY WEIGHTED OVER THE TEHRI CATCHMENT.
2024-08-17 11:00:00+00:00,0.163,0.719,0.321,ERA5-LAND HOURLY PRECIPITATION SAMPLED AT NEAREST MODEL-GRID LOCATIONS VIA OPEN-METEO AND SPATIALLY WEIGHTED OVER THE TEHRI CATCHMENT.
2024-08-17 12:00:00+00:00,0.028,0.058,0.033,ERA5-LAND HOURLY PRECIPITATION SAMPLED AT NEAREST MODEL-GRID LOCATIONS VIA OPEN-METEO AND SPATIALLY WEIGHTED OVER THE TEHRI CATCHMENT.
2024-08-17 13:00:00+00:00,0.035,0.148,0.258,ERA5-LAND HOURLY PRECIPITATION SAMPLED AT NEAREST MODEL-GRID LOCATIONS VIA OPEN-METEO AND SPATIALLY WEIGHTED OVER THE TEHRI CATCHMENT.
2024-08-17 14:00:00+00:00,0.059,0.052,0.159,ERA5-LAND HOURLY PRECIPITATION SAMPLED AT NEAREST MODEL-GRID LOCATIONS VIA OPEN-METEO AND SPATIALLY WEIGHTED OVER THE TEHRI CATCHMENT.
2024-08-17 15:00:00+00:00,0.01,0.072,0.263,ERA5-LAND HOURLY PRECIPITATION SAMPLED AT NEAREST MODEL-GRID LOCATIONS VIA OPEN-METEO AND SPATIALLY WEIGHTED OVER THE TEHRI CATCHMENT.
2024-08-17 16:00:00+00:00,0.044,0.056,0.314,ERA5-LAND HOURLY PRECIPITATION SAMPLED AT NEAREST MODEL-GRID LOCATIONS VIA OPEN-METEO AND SPATIALLY WEIGHTED OVER THE TEHRI CATCHMENT.
2024-08-17 17:00:00+00:00,0.036,0.008,0.018,ERA5-LAND HOURLY PRECIPITATION SAMPLED AT NEAREST MODEL-GRID LOCATIONS VIA OPEN-METEO AND SPATIALLY WEIGHTED OVER THE TEHRI CATCHMENT.
2024-08-17 18:00:00+00:00,0.013,0.021,0.008,ERA5-LAND HOURLY PRECIPITATION SAMPLED AT NEAREST MODEL-GRID LOCATIONS VIA OPEN-METEO AND SPATIALLY WEIGHTED OVER THE TEHRI CATCHMENT.
2024-08-17 19:00:00+00:00,0.003,0.0,0.0,ERA5-LAND HOURLY PRECIPITATION SAMPLED AT NEAREST MODEL-GRID LOCATIONS VIA OPEN-METEO AND SPATIALLY WEIGHTED OVER THE TEHRI CATCHMENT.
2024-08-17 20:00:00+00:00,0.0,0.0,0.0,ERA5-LAND HOURLY PRECIPITATION SAMPLED AT NEAREST MODEL-GRID LOCATIONS VIA OPEN-METEO AND SPATIALLY WEIGHTED OVER THE TEHRI CATCHMENT.
2024-08-17 21:00:00+00:00,0.0,0.0,0.0,ERA5-LAND HOURLY PRECIPITATION SAMPLED AT NEAREST MODEL-GRID LOCATIONS VIA OPEN-METEO AND SPATIALLY WEIGHTED OVER THE TEHRI CATCHMENT.
2024-08-17 22:00:00+00:00,0.0,0.0,0.0,ERA5-LAND HOURLY PRECIPITATION SAMPLED AT NEAREST MODEL-GRID LOCATIONS VIA OPEN-METEO AND SPATIALLY WEIGHTED OVER THE TEHRI CATCHMENT.
2024-08-17 23:00:00+00:00,0.0,0.0,0.0,ERA5-LAND HOURLY PRECIPITATION SAMPLED AT NEAREST MODEL-GRID LOCATIONS VIA OPEN-METEO AND SPATIALLY WEIGHTED OVER THE TEHRI CATCHMENT.
2024-08-18 00:00:00+00:00,0.0,0.0,0.0,ERA5-LAND HOURLY PRECIPITATION SAMPLED AT NEAREST MODEL-GRID LOCATIONS VIA OPEN-METEO AND SPATIALLY WEIGHTED OVER THE TEHRI CATCHMENT.
2024-08-18 01:00:00+00:00,0.0,0.0,0.0,ERA5-LAND HOURLY PRECIPITATION SAMPLED AT NEAREST MODEL-GRID LOCATIONS VIA OPEN-METEO AND SPATIALLY WEIGHTED OVER THE TEHRI CATCHMENT.
2024-08-18 02:00:00+00:00,0.001,0.0,0.0,ERA5-LAND HOURLY PRECIPITATION SAMPLED AT NEAREST MODEL-GRID LOCATIONS VIA OPEN-METEO AND SPATIALLY WEIGHTED OVER THE TEHRI CATCHMENT.
2024-08-18 03:00:00+00:00,0.001,0.025,0.006,ERA5-LAND HOURLY PRECIPITATION SAMPLED AT NEAREST MODEL-GRID LOCATIONS VIA OPEN-METEO AND SPATIALLY WEIGHTED OVER THE TEHRI CATCHMENT.
2024-08-18 04:00:00+00:00,0.001,0.088,0.044,ERA5-LAND HOURLY PRECIPITATION SAMPLED AT NEAREST MODEL-GRID LOCATIONS VIA OPEN-METEO AND SPATIALLY WEIGHTED OVER THE TEHRI CATCHMENT.
2024-08-18 05:00:00+00:00,0.062,0.261,0.142,ERA5-LAND HOURLY PRECIPITATION SAMPLED AT NEAREST MODEL-GRID LOCATIONS VIA OPEN-METEO AND SPATIALLY WEIGHTED OVER THE TEHRI CATCHMENT.
2024-08-18 06:00:00+00:00,0.229,0.655,0.51,ERA5-LAND HOURLY PRECIPITATION SAMPLED AT NEAREST MODEL-GRID LOCATIONS VIA OPEN-METEO AND SPATIALLY WEIGHTED OVER THE TEHRI CATCHMENT.
2024-08-18 07:00:00+00:00,0.569,4.055,2.118,ERA5-LAND HOURLY PRECIPITATION SAMPLED AT NEAREST MODEL-GRID LOCATIONS VIA OPEN-METEO AND SPATIALLY WEIGHTED OVER THE TEHRI CATCHMENT.
2024-08-18 08:00:00+00:00,1.795,2.861,2.668,ERA5-LAND HOURLY PRECIPITATION SAMPLED AT NEAREST MODEL-GRID LOCATIONS VIA OPEN-METEO AND SPATIALLY WEIGHTED OVER THE TEHRI CATCHMENT.
2024-08-18 09:00:00+00:00,1.204,0.852,1.56,ERA5-LAND HOURLY PRECIPITATION SAMPLED AT NEAREST MODEL-GRID LOCATIONS VIA OPEN-METEO AND SPATIALLY WEIGHTED OVER THE TEHRI CATCHMENT.
2024-08-18 10:00:00+00:00,0.916,1.031,0.856,ERA5-LAND HOURLY PRECIPITATION SAMPLED AT NEAREST MODEL-GRID LOCATIONS VIA OPEN-METEO AND SPATIALLY WEIGHTED OVER THE TEHRI CATCHMENT.
2024-08-18 11:00:00+00:00,0.899,2.817,2.269,ERA5-LAND HOURLY PRECIPITATION SAMPLED AT NEAREST MODEL-GRID LOCATIONS VIA OPEN-METEO AND SPATIALLY WEIGHTED OVER THE TEHRI CATCHMENT.
2024-08-18 12:00:00+00:00,0.991,0.648,0.784,ERA5-LAND HOURLY PRECIPITATION SAMPLED AT NEAREST MODEL-GRID LOCATIONS VIA OPEN-METEO AND SPATIALLY WEIGHTED OVER THE TEHRI CATCHMENT.
2024-08-18 13:00:00+00:00,0.235,0.149,0.211,ERA5-LAND HOURLY PRECIPITATION SAMPLED AT NEAREST MODEL-GRID LOCATIONS VIA OPEN-METEO AND SPATIALLY WEIGHTED OVER THE TEHRI CATCHMENT.
2024-08-18 14:00:00+00:00,0.017,0.013,0.057,ERA5-LAND HOURLY PRECIPITATION SAMPLED AT NEAREST MODEL-GRID LOCATIONS VIA OPEN-METEO AND SPATIALLY WEIGHTED OVER THE TEHRI CATCHMENT.
2024-08-18 15:00:00+00:00,0.013,0.02,0.035,ERA5-LAND HOURLY PRECIPITATION SAMPLED AT NEAREST MODEL-GRID LOCATIONS VIA OPEN-METEO AND SPATIALLY WEIGHTED OVER THE TEHRI CATCHMENT.
2024-08-18 16:00:00+00:00,0.044,0.072,0.138,ERA5-LAND HOURLY PRECIPITATION SAMPLED AT NEAREST MODEL-GRID LOCATIONS VIA OPEN-METEO AND SPATIALLY WEIGHTED OVER THE TEHRI CATCHMENT.
2024-08-18 17:00:00+00:00,0.056,0.154,0.131,ERA5-LAND HOURLY PRECIPITATION SAMPLED AT NEAREST MODEL-GRID LOCATIONS VIA OPEN-METEO AND SPATIALLY WEIGHTED OVER THE TEHRI CATCHMENT.
2024-08-18 18:00:00+00:00,0.096,0.148,0.083,ERA5-LAND HOURLY PRECIPITATION SAMPLED AT NEAREST MODEL-GRID LOCATIONS VIA OPEN-METEO AND SPATIALLY WEIGHTED OVER THE TEHRI CATCHMENT.
2024-08-18 19:00:00+00:00,0.151,0.1,0.085,ERA5-LAND HOURLY PRECIPITATION SAMPLED AT NEAREST MODEL-GRID LOCATIONS VIA OPEN-METEO AND SPATIALLY WEIGHTED OVER THE TEHRI CATCHMENT.
2024-08-18 20:00:00+00:00,0.198,0.206,0.171,ERA5-LAND HOURLY PRECIPITATION SAMPLED AT NEAREST MODEL-GRID LOCATIONS VIA OPEN-METEO AND SPATIALLY WEIGHTED OVER THE TEHRI CATCHMENT.
2024-08-18 21:00:00+00:00,0.295,0.335,0.208,ERA5-LAND HOURLY PRECIPITATION SAMPLED AT NEAREST MODEL-GRID LOCATIONS VIA OPEN-METEO AND SPATIALLY WEIGHTED OVER THE TEHRI CATCHMENT.
2024-08-18 22:00:00+00:00,0.172,0.127,1.639,ERA5-LAND HOURLY PRECIPITATION SAMPLED AT NEAREST MODEL-GRID LOCATIONS VIA OPEN-METEO AND SPATIALLY WEIGHTED OVER THE TEHRI CATCHMENT.
2024-08-18 23:00:00+00:00,0.036,0.204,4.562,ERA5-LAND HOURLY PRECIPITATION SAMPLED AT NEAREST MODEL-GRID LOCATIONS VIA OPEN-METEO AND SPATIALLY WEIGHTED OVER THE TEHRI CATCHMENT.
2024-08-19 00:00:00+00:00,0.178,1.094,10.437,ERA5-LAND HOURLY PRECIPITATION SAMPLED AT NEAREST MODEL-GRID LOCATIONS VIA OPEN-METEO AND SPATIALLY WEIGHTED OVER THE TEHRI CATCHMENT.
2024-08-19 01:00:00+00:00,0.011,1.154,2.534,ERA5-LAND HOURLY PRECIPITATION SAMPLED AT NEAREST MODEL-GRID LOCATIONS VIA OPEN-METEO AND SPATIALLY WEIGHTED OVER THE TEHRI CATCHMENT.
2024-08-19 02:00:00+00:00,0.057,1.082,2.146,ERA5-LAND HOURLY PRECIPITATION SAMPLED AT NEAREST MODEL-GRID LOCATIONS VIA OPEN-METEO AND SPATIALLY WEIGHTED OVER THE TEHRI CATCHMENT.
2024-08-19 03:00:00+00:00,0.04,1.452,2.741,ERA5-LAND HOURLY PRECIPITATION SAMPLED AT NEAREST MODEL-GRID LOCATIONS VIA OPEN-METEO AND SPATIALLY WEIGHTED OVER THE TEHRI CATCHMENT.
2024-08-19 04:00:00+00:00,0.189,0.902,1.234,ERA5-LAND HOURLY PRECIPITATION SAMPLED AT NEAREST MODEL-GRID LOCATIONS VIA OPEN-METEO AND SPATIALLY WEIGHTED OVER THE TEHRI CATCHMENT.
2024-08-19 05:00:00+00:00,0.103,0.413,0.389,ERA5-LAND HOURLY PRECIPITATION SAMPLED AT NEAREST MODEL-GRID LOCATIONS VIA OPEN-METEO AND SPATIALLY WEIGHTED OVER THE TEHRI CATCHMENT.
2024-08-19 06:00:00+00:00,0.133,0.395,0.139,ERA5-LAND HOURLY PRECIPITATION SAMPLED AT NEAREST MODEL-GRID LOCATIONS VIA OPEN-METEO AND SPATIALLY WEIGHTED OVER THE TEHRI CATCHMENT.
2024-08-19 07:00:00+00:00,0.188,0.405,0.168,ERA5-LAND HOURLY PRECIPITATION SAMPLED AT NEAREST MODEL-GRID LOCATIONS VIA OPEN-METEO AND SPATIALLY WEIGHTED OVER THE TEHRI CATCHMENT.
2024-08-19 08:00:00+00:00,0.269,0.41,0.316,ERA5-LAND HOURLY PRECIPITATION SAMPLED AT NEAREST MODEL-GRID LOCATIONS VIA OPEN-METEO AND SPATIALLY WEIGHTED OVER THE TEHRI CATCHMENT.
2024-08-19 09:00:00+00:00,0.349,0.411,0.34,ERA5-LAND HOURLY PRECIPITATION SAMPLED AT NEAREST MODEL-GRID LOCATIONS VIA OPEN-METEO AND SPATIALLY WEIGHTED OVER THE TEHRI CATCHMENT.
2024-08-19 10:00:00+00:00,0.419,0.339,0.378,ERA5-LAND HOURLY PRECIPITATION SAMPLED AT NEAREST MODEL-GRID LOCATIONS VIA OPEN-METEO AND SPATIALLY WEIGHTED OVER THE TEHRI CATCHMENT.
2024-08-19 11:00:00+00:00,0.456,0.598,0.291,ERA5-LAND HOURLY PRECIPITATION SAMPLED AT NEAREST MODEL-GRID LOCATIONS VIA OPEN-METEO AND SPATIALLY WEIGHTED OVER THE TEHRI CATCHMENT.
2024-08-19 12:00:00+00:00,0.069,0.248,0.15,ERA5-LAND HOURLY PRECIPITATION SAMPLED AT NEAREST MODEL-GRID LOCATIONS VIA OPEN-METEO AND SPATIALLY WEIGHTED OVER THE TEHRI CATCHMENT.
2024-08-19 13:00:00+00:00,0.102,0.277,0.339,ERA5-LAND HOURLY PRECIPITATION SAMPLED AT NEAREST MODEL-GRID LOCATIONS VIA OPEN-METEO AND SPATIALLY WEIGHTED OVER THE TEHRI CATCHMENT.
2024-08-19 14:00:00+00:00,0.055,0.284,0.166,ERA5-LAND HOURLY PRECIPITATION SAMPLED AT NEAREST MODEL-GRID LOCATIONS VIA OPEN-METEO AND SPATIALLY WEIGHTED OVER THE TEHRI CATCHMENT.
2024-08-19 15:00:00+00:00,0.059,0.043,0.086,ERA5-LAND HOURLY PRECIPITATION SAMPLED AT NEAREST MODEL-GRID LOCATIONS VIA OPEN-METEO AND SPATIALLY WEIGHTED OVER THE TEHRI CATCHMENT.
2024-08-19 16:00:00+00:00,0.029,0.019,0.055,ERA5-LAND HOURLY PRECIPITATION SAMPLED AT NEAREST MODEL-GRID LOCATIONS VIA OPEN-METEO AND SPATIALLY WEIGHTED OVER THE TEHRI CATCHMENT.
2024-08-19 17:00:00+00:00,0.046,0.065,0.121,ERA5-LAND HOURLY PRECIPITATION SAMPLED AT NEAREST MODEL-GRID LOCATIONS VIA OPEN-METEO AND SPATIALLY WEIGHTED OVER THE TEHRI CATCHMENT.
2024-08-19 18:00:00+00:00,0.092,0.312,0.396,ERA5-LAND HOURLY PRECIPITATION SAMPLED AT NEAREST MODEL-GRID LOCATIONS VIA OPEN-METEO AND SPATIALLY WEIGHTED OVER THE TEHRI CATCHMENT.
2024-08-19 19:00:00+00:00,0.115,0.778,0.75,ERA5-LAND HOURLY PRECIPITATION SAMPLED AT NEAREST MODEL-GRID LOCATIONS VIA OPEN-METEO AND SPATIALLY WEIGHTED OVER THE TEHRI CATCHMENT.
2024-08-19 20:00:00+00:00,0.147,1.334,0.551,ERA5-LAND HOURLY PRECIPITATION SAMPLED AT NEAREST MODEL-GRID LOCATIONS VIA OPEN-METEO AND SPATIALLY WEIGHTED OVER THE TEHRI CATCHMENT.
2024-08-19 21:00:00+00:00,0.085,0.905,1.062,ERA5-LAND HOURLY PRECIPITATION SAMPLED AT NEAREST MODEL-GRID LOCATIONS VIA OPEN-METEO AND SPATIALLY WEIGHTED OVER THE TEHRI CATCHMENT.
2024-08-19 22:00:00+00:00,0.181,0.581,2.46,ERA5-LAND HOURLY PRECIPITATION SAMPLED AT NEAREST MODEL-GRID LOCATIONS VIA OPEN-METEO AND SPATIALLY WEIGHTED OVER THE TEHRI CATCHMENT.
2024-08-19 23:00:00+00:00,0.45,1.978,3.365,ERA5-LAND HOURLY PRECIPITATION SAMPLED AT NEAREST MODEL-GRID LOCATIONS VIA OPEN-METEO AND SPATIALLY WEIGHTED OVER THE TEHRI CATCHMENT.
2024-08-20 00:00:00+00:00,0.779,3.029,3.283,ERA5-LAND HOURLY PRECIPITATION SAMPLED AT NEAREST MODEL-GRID LOCATIONS VIA OPEN-METEO AND SPATIALLY WEIGHTED OVER THE TEHRI CATCHMENT.
2024-08-20 01:00:00+00:00,1.083,2.322,3.345,ERA5-LAND HOURLY PRECIPITATION SAMPLED AT NEAREST MODEL-GRID LOCATIONS VIA OPEN-METEO AND SPATIALLY WEIGHTED OVER THE TEHRI CATCHMENT.
2024-08-20 02:00:00+00:00,1.13,3.668,3.732,ERA5-LAND HOURLY PRECIPITATION SAMPLED AT NEAREST MODEL-GRID LOCATIONS VIA OPEN-METEO AND SPATIALLY WEIGHTED OVER THE TEHRI CATCHMENT.
2024-08-20 03:00:00+00:00,1.18,5.131,2.616,ERA5-LAND HOURLY PRECIPITATION SAMPLED AT NEAREST MODEL-GRID LOCATIONS VIA OPEN-METEO AND SPATIALLY WEIGHTED OVER THE TEHRI CATCHMENT.
2024-08-20 04:00:00+00:00,1.173,3.46,1.386,ERA5-LAND HOURLY PRECIPITATION SAMPLED AT NEAREST MODEL-GRID LOCATIONS VIA OPEN-METEO AND SPATIALLY WEIGHTED OVER THE TEHRI CATCHMENT.
2024-08-20 05:00:00+00:00,1.258,1.492,0.899,ERA5-LAND HOURLY PRECIPITATION SAMPLED AT NEAREST MODEL-GRID LOCATIONS VIA OPEN-METEO AND SPATIALLY WEIGHTED OVER THE TEHRI CATCHMENT.
2024-08-20 06:00:00+00:00,0.904,0.61,0.807,ERA5-LAND HOURLY PRECIPITATION SAMPLED AT NEAREST MODEL-GRID LOCATIONS VIA OPEN-METEO AND SPATIALLY WEIGHTED OVER THE TEHRI CATCHMENT.
2024-08-20 07:00:00+00:00,0.287,0.476,0.674,ERA5-LAND HOURLY PRECIPITATION SAMPLED AT NEAREST MODEL-GRID LOCATIONS VIA OPEN-METEO AND SPATIALLY WEIGHTED OVER THE TEHRI CATCHMENT.
2024-08-20 08:00:00+00:00,0.194,1.537,1.573,ERA5-LAND HOURLY PRECIPITATION SAMPLED AT NEAREST MODEL-GRID LOCATIONS VIA OPEN-METEO AND SPATIALLY WEIGHTED OVER THE TEHRI CATCHMENT.
2024-08-20 09:00:00+00:00,0.277,2.885,1.429,ERA5-LAND HOURLY PRECIPITATION SAMPLED AT NEAREST MODEL-GRID LOCATIONS VIA OPEN-METEO AND SPATIALLY WEIGHTED OVER THE TEHRI CATCHMENT.
2024-08-20 10:00:00+00:00,0.437,0.673,0.702,ERA5-LAND HOURLY PRECIPITATION SAMPLED AT NEAREST MODEL-GRID LOCATIONS VIA OPEN-METEO AND SPATIALLY WEIGHTED OVER THE TEHRI CATCHMENT.
2024-08-20 11:00:00+00:00,0.303,0.406,1.128,ERA5-LAND HOURLY PRECIPITATION SAMPLED AT NEAREST MODEL-GRID LOCATIONS VIA OPEN-METEO AND SPATIALLY WEIGHTED OVER THE TEHRI CATCHMENT.
2024-08-20 12:00:00+00:00,0.302,0.498,0.722,ERA5-LAND HOURLY PRECIPITATION SAMPLED AT NEAREST MODEL-GRID LOCATIONS VIA OPEN-METEO AND SPATIALLY WEIGHTED OVER THE TEHRI CATCHMENT.
2024-08-20 13:00:00+00:00,0.059,0.107,0.136,ERA5-LAND HOURLY PRECIPITATION SAMPLED AT NEAREST MODEL-GRID LOCATIONS VIA OPEN-METEO AND SPATIALLY WEIGHTED OVER THE TEHRI CATCHMENT.
2024-08-20 14:00:00+00:00,0.053,0.097,0.122,ERA5-LAND HOURLY PRECIPITATION SAMPLED AT NEAREST MODEL-GRID LOCATIONS VIA OPEN-METEO AND SPATIALLY WEIGHTED OVER THE TEHRI CATCHMENT.
2024-08-20 15:00:00+00:00,0.049,0.055,0.154,ERA5-LAND HOURLY PRECIPITATION SAMPLED AT NEAREST MODEL-GRID LOCATIONS VIA OPEN-METEO AND SPATIALLY WEIGHTED OVER THE TEHRI CATCHMENT.
2024-08-20 16:00:00+00:00,0.041,0.068,0.166,ERA5-LAND HOURLY PRECIPITATION SAMPLED AT NEAREST MODEL-GRID LOCATIONS VIA OPEN-METEO AND SPATIALLY WEIGHTED OVER THE TEHRI CATCHMENT.
2024-08-20 17:00:00+00:00,0.069,0.056,0.072,ERA5-LAND HOURLY PRECIPITATION SAMPLED AT NEAREST MODEL-GRID LOCATIONS VIA OPEN-METEO AND SPATIALLY WEIGHTED OVER THE TEHRI CATCHMENT.
2024-08-20 18:00:00+00:00,0.105,0.05,0.075,ERA5-LAND HOURLY PRECIPITATION SAMPLED AT NEAREST MODEL-GRID LOCATIONS VIA OPEN-METEO AND SPATIALLY WEIGHTED OVER THE TEHRI CATCHMENT.
2024-08-20 19:00:00+00:00,0.122,0.06,0.14,ERA5-LAND HOURLY PRECIPITATION SAMPLED AT NEAREST MODEL-GRID LOCATIONS VIA OPEN-METEO AND SPATIALLY WEIGHTED OVER THE TEHRI CATCHMENT.
2024-08-20 20:00:00+00:00,0.072,0.085,0.343,ERA5-LAND HOURLY PRECIPITATION SAMPLED AT NEAREST MODEL-GRID LOCATIONS VIA OPEN-METEO AND SPATIALLY WEIGHTED OVER THE TEHRI CATCHMENT.
2024-08-20 21:00:00+00:00,0.035,0.087,0.172,ERA5-LAND HOURLY PRECIPITATION SAMPLED AT NEAREST MODEL-GRID LOCATIONS VIA OPEN-METEO AND SPATIALLY WEIGHTED OVER THE TEHRI CATCHMENT.
2024-08-20 22:00:00+00:00,0.007,0.051,0.065,ERA5-LAND HOURLY PRECIPITATION SAMPLED AT NEAREST MODEL-GRID LOCATIONS VIA OPEN-METEO AND SPATIALLY WEIGHTED OVER THE TEHRI CATCHMENT.
2024-08-20 23:00:00+00:00,0.0,0.014,0.065,ERA5-LAND HOURLY PRECIPITATION SAMPLED AT NEAREST MODEL-GRID LOCATIONS VIA OPEN-METEO AND SPATIALLY WEIGHTED OVER THE TEHRI CATCHMENT.
2024-08-21 00:00:00+00:00,0.0,0.01,0.005,ERA5-LAND HOURLY PRECIPITATION SAMPLED AT NEAREST MODEL-GRID LOCATIONS VIA OPEN-METEO AND SPATIALLY WEIGHTED OVER THE TEHRI CATCHMENT.
2024-08-21 01:00:00+00:00,0.0,0.015,0.068,ERA5-LAND HOURLY PRECIPITATION SAMPLED AT NEAREST MODEL-GRID LOCATIONS VIA OPEN-METEO AND SPATIALLY WEIGHTED OVER THE TEHRI CATCHMENT.
2024-08-21 02:00:00+00:00,0.0,0.002,0.013,ERA5-LAND HOURLY PRECIPITATION SAMPLED AT NEAREST MODEL-GRID LOCATIONS VIA OPEN-METEO AND SPATIALLY WEIGHTED OVER THE TEHRI CATCHMENT.
2024-08-21 03:00:00+00:00,0.001,0.016,0.028,ERA5-LAND HOURLY PRECIPITATION SAMPLED AT NEAREST MODEL-GRID LOCATIONS VIA OPEN-METEO AND SPATIALLY WEIGHTED OVER THE TEHRI CATCHMENT.
2024-08-21 04:00:00+00:00,0.018,0.031,0.061,ERA5-LAND HOURLY PRECIPITATION SAMPLED AT NEAREST MODEL-GRID LOCATIONS VIA OPEN-METEO AND SPATIALLY WEIGHTED OVER THE TEHRI CATCHMENT.
2024-08-21 05:00:00+00:00,0.014,0.096,0.104,ERA5-LAND HOURLY PRECIPITATION SAMPLED AT NEAREST MODEL-GRID LOCATIONS VIA OPEN-METEO AND SPATIALLY WEIGHTED OVER THE TEHRI CATCHMENT.
2024-08-21 06:00:00+00:00,0.051,0.243,0.201,ERA5-LAND HOURLY PRECIPITATION SAMPLED AT NEAREST MODEL-GRID LOCATIONS VIA OPEN-METEO AND SPATIALLY WEIGHTED OVER THE TEHRI CATCHMENT.
2024-08-21 07:00:00+00:00,0.089,0.292,0.19,ERA5-LAND HOURLY PRECIPITATION SAMPLED AT NEAREST MODEL-GRID LOCATIONS VIA OPEN-METEO AND SPATIALLY WEIGHTED OVER THE TEHRI CATCHMENT.
2024-08-21 08:00:00+00:00,0.119,0.335,0.386,ERA5-LAND HOURLY PRECIPITATION SAMPLED AT NEAREST MODEL-GRID LOCATIONS VIA OPEN-METEO AND SPATIALLY WEIGHTED OVER THE TEHRI CATCHMENT.
2024-08-21 09:00:00+00:00,0.137,0.586,0.715,ERA5-LAND HOURLY PRECIPITATION SAMPLED AT NEAREST MODEL-GRID LOCATIONS VIA OPEN-METEO AND SPATIALLY WEIGHTED OVER THE TEHRI CATCHMENT.
2024-08-21 10:00:00+00:00,0.165,0.373,0.822,ERA5-LAND HOURLY PRECIPITATION SAMPLED AT NEAREST MODEL-GRID LOCATIONS VIA OPEN-METEO AND SPATIALLY WEIGHTED OVER THE TEHRI CATCHMENT.
2024-08-21 11:00:00+00:00,0.115,0.256,0.157,ERA5-LAND HOURLY PRECIPITATION SAMPLED AT NEAREST MODEL-GRID LOCATIONS VIA OPEN-METEO AND SPATIALLY WEIGHTED OVER THE TEHRI CATCHMENT.
2024-08-21 12:00:00+00:00,0.057,0.141,0.137,ERA5-LAND HOURLY PRECIPITATION SAMPLED AT NEAREST MODEL-GRID LOCATIONS VIA OPEN-METEO AND SPATIALLY WEIGHTED OVER THE TEHRI CATCHMENT.
2024-08-21 13:00:00+00:00,0.076,0.263,0.096,ERA5-LAND HOURLY PRECIPITATION SAMPLED AT NEAREST MODEL-GRID LOCATIONS VIA OPEN-METEO AND SPATIALLY WEIGHTED OVER THE TEHRI CATCHMENT.
2024-08-21 14:00:00+00:00,0.083,0.167,0.13,ERA5-LAND HOURLY PRECIPITATION SAMPLED AT NEAREST MODEL-GRID LOCATIONS VIA OPEN-METEO AND SPATIALLY WEIGHTED OVER THE TEHRI CATCHMENT.
2024-08-21 15:00:00+00:00,0.221,0.209,0.318,ERA5-LAND HOURLY PRECIPITATION SAMPLED AT NEAREST MODEL-GRID LOCATIONS VIA OPEN-METEO AND SPATIALLY WEIGHTED OVER THE TEHRI CATCHMENT.
2024-08-21 16:00:00+00:00,0.353,0.272,0.411,ERA5-LAND HOURLY PRECIPITATION SAMPLED AT NEAREST MODEL-GRID LOCATIONS VIA OPEN-METEO AND SPATIALLY WEIGHTED OVER THE TEHRI CATCHMENT.
2024-08-21 17:00:00+00:00,0.377,0.404,0.501,ERA5-LAND HOURLY PRECIPITATION SAMPLED AT NEAREST MODEL-GRID LOCATIONS VIA OPEN-METEO AND SPATIALLY WEIGHTED OVER THE TEHRI CATCHMENT.
2024-08-21 18:00:00+00:00,0.285,0.316,2.428,ERA5-LAND HOURLY PRECIPITATION SAMPLED AT NEAREST MODEL-GRID LOCATIONS VIA OPEN-METEO AND SPATIALLY WEIGHTED OVER THE TEHRI CATCHMENT.
2024-08-21 19:00:00+00:00,0.248,0.527,6.596,ERA5-LAND HOURLY PRECIPITATION SAMPLED AT NEAREST MODEL-GRID LOCATIONS VIA OPEN-METEO AND SPATIALLY WEIGHTED OVER THE TEHRI CATCHMENT.
2024-08-21 20:00:00+00:00,0.228,1.579,4.158,ERA5-LAND HOURLY PRECIPITATION SAMPLED AT NEAREST MODEL-GRID LOCATIONS VIA OPEN-METEO AND SPATIALLY WEIGHTED OVER THE TEHRI CATCHMENT.
2024-08-21 21:00:00+00:00,0.33,1.09,1.564,ERA5-LAND HOURLY PRECIPITATION SAMPLED AT NEAREST MODEL-GRID LOCATIONS VIA OPEN-METEO AND SPATIALLY WEIGHTED OVER THE TEHRI CATCHMENT.
2024-08-21 22:00:00+00:00,0.412,0.582,0.756,ERA5-LAND HOURLY PRECIPITATION SAMPLED AT NEAREST MODEL-GRID LOCATIONS VIA OPEN-METEO AND SPATIALLY WEIGHTED OVER THE TEHRI CATCHMENT.
2024-08-21 23:00:00+00:00,0.224,0.208,1.094,ERA5-LAND HOURLY PRECIPITATION SAMPLED AT NEAREST MODEL-GRID LOCATIONS VIA OPEN-METEO AND SPATIALLY WEIGHTED OVER THE TEHRI CATCHMENT.
2024-08-22 00:00:00+00:00,0.046,0.059,0.383,ERA5-LAND HOURLY PRECIPITATION SAMPLED AT NEAREST MODEL-GRID LOCATIONS VIA OPEN-METEO AND SPATIALLY WEIGHTED OVER THE TEHRI CATCHMENT.
2024-08-22 01:00:00+00:00,0.004,0.002,0.016,ERA5-LAND HOURLY PRECIPITATION SAMPLED AT NEAREST MODEL-GRID LOCATIONS VIA OPEN-METEO AND SPATIALLY WEIGHTED OVER THE TEHRI CATCHMENT.
2024-08-22 02:00:00+00:00,0.004,0.025,0.01,ERA5-LAND HOURLY PRECIPITATION SAMPLED AT NEAREST MODEL-GRID LOCATIONS VIA OPEN-METEO AND SPATIALLY WEIGHTED OVER THE TEHRI CATCHMENT.
2024-08-22 03:00:00+00:00,0.004,0.028,0.064,ERA5-LAND HOURLY PRECIPITATION SAMPLED AT NEAREST MODEL-GRID LOCATIONS VIA OPEN-METEO AND SPATIALLY WEIGHTED OVER THE TEHRI CATCHMENT.
2024-08-22 04:00:00+00:00,0.007,0.078,0.134,ERA5-LAND HOURLY PRECIPITATION SAMPLED AT NEAREST MODEL-GRID LOCATIONS VIA OPEN-METEO AND SPATIALLY WEIGHTED OVER THE TEHRI CATCHMENT.
2024-08-22 05:00:00+00:00,0.025,0.19,0.179,ERA5-LAND HOURLY PRECIPITATION SAMPLED AT NEAREST MODEL-GRID LOCATIONS VIA OPEN-METEO AND SPATIALLY WEIGHTED OVER THE TEHRI CATCHMENT.
2024-08-22 06:00:00+00:00,0.088,0.283,0.18,ERA5-LAND HOURLY PRECIPITATION SAMPLED AT NEAREST MODEL-GRID LOCATIONS VIA OPEN-METEO AND SPATIALLY WEIGHTED OVER THE TEHRI CATCHMENT.
2024-08-22 07:00:00+00:00,0.114,0.333,0.172,ERA5-LAND HOURLY PRECIPITATION SAMPLED AT NEAREST MODEL-GRID LOCATIONS VIA OPEN-METEO AND SPATIALLY WEIGHTED OVER THE TEHRI CATCHMENT.
2024-08-22 08:00:00+00:00,0.137,0.451,0.222,ERA5-LAND HOURLY PRECIPITATION SAMPLED AT NEAREST MODEL-GRID LOCATIONS VIA OPEN-METEO AND SPATIALLY WEIGHTED OVER THE TEHRI CATCHMENT.
2024-08-22 09:00:00+00:00,0.193,0.594,0.27,ERA5-LAND HOURLY PRECIPITATION SAMPLED AT NEAREST MODEL-GRID LOCATIONS VIA OPEN-METEO AND SPATIALLY WEIGHTED OVER THE TEHRI CATCHMENT.
2024-08-22 10:00:00+00:00,0.179,0.417,0.241,ERA5-LAND HOURLY PRECIPITATION SAMPLED AT NEAREST MODEL-GRID LOCATIONS VIA OPEN-METEO AND SPATIALLY WEIGHTED OVER THE TEHRI CATCHMENT.
2024-08-22 11:00:00+00:00,0.131,0.344,0.311,ERA5-LAND HOURLY PRECIPITATION SAMPLED AT NEAREST MODEL-GRID LOCATIONS VIA OPEN-METEO AND SPATIALLY WEIGHTED OVER THE TEHRI CATCHMENT.
2024-08-22 12:00:00+00:00,0.033,0.185,0.139,ERA5-LAND HOURLY PRECIPITATION SAMPLED AT NEAREST MODEL-GRID LOCATIONS VIA OPEN-METEO AND SPATIALLY WEIGHTED OVER THE TEHRI CATCHMENT.
2024-08-22 13:00:00+00:00,0.032,0.143,0.057,ERA5-LAND HOURLY PRECIPITATION SAMPLED AT NEAREST MODEL-GRID LOCATIONS VIA OPEN-METEO AND SPATIALLY WEIGHTED OVER THE TEHRI CATCHMENT.
2024-08-22 14:00:00+00:00,0.066,0.291,0.108,ERA5-LAND HOURLY PRECIPITATION SAMPLED AT NEAREST MODEL-GRID LOCATIONS VIA OPEN-METEO AND SPATIALLY WEIGHTED OVER THE TEHRI CATCHMENT.
2024-08-22 15:00:00+00:00,0.211,0.849,0.255,ERA5-LAND HOURLY PRECIPITATION SAMPLED AT NEAREST MODEL-GRID LOCATIONS VIA OPEN-METEO AND SPATIALLY WEIGHTED OVER THE TEHRI CATCHMENT.
2024-08-22 16:00:00+00:00,0.343,1.08,0.312,ERA5-LAND HOURLY PRECIPITATION SAMPLED AT NEAREST MODEL-GRID LOCATIONS VIA OPEN-METEO AND SPATIALLY WEIGHTED OVER THE TEHRI CATCHMENT.
2024-08-22 17:00:00+00:00,0.363,1.473,0.203,ERA5-LAND HOURLY PRECIPITATION SAMPLED AT NEAREST MODEL-GRID LOCATIONS VIA OPEN-METEO AND SPATIALLY WEIGHTED OVER THE TEHRI CATCHMENT.
2024-08-22 18:00:00+00:00,0.485,1.508,0.279,ERA5-LAND HOURLY PRECIPITATION SAMPLED AT NEAREST MODEL-GRID LOCATIONS VIA OPEN-METEO AND SPATIALLY WEIGHTED OVER THE TEHRI CATCHMENT.
2024-08-22 19:00:00+00:00,0.646,1.107,0.391,ERA5-LAND HOURLY PRECIPITATION SAMPLED AT NEAREST MODEL-GRID LOCATIONS VIA OPEN-METEO AND SPATIALLY WEIGHTED OVER THE TEHRI CATCHMENT.
2024-08-22 20:00:00+00:00,0.576,0.751,0.351,ERA5-LAND HOURLY PRECIPITATION SAMPLED AT NEAREST MODEL-GRID LOCATIONS VIA OPEN-METEO AND SPATIALLY WEIGHTED OVER THE TEHRI CATCHMENT.
2024-08-22 21:00:00+00:00,0.298,0.55,0.41,ERA5-LAND HOURLY PRECIPITATION SAMPLED AT NEAREST MODEL-GRID LOCATIONS VIA OPEN-METEO AND SPATIALLY WEIGHTED OVER THE TEHRI CATCHMENT.
2024-08-22 22:00:00+00:00,0.078,0.717,0.477,ERA5-LAND HOURLY PRECIPITATION SAMPLED AT NEAREST MODEL-GRID LOCATIONS VIA OPEN-METEO AND SPATIALLY WEIGHTED OVER THE TEHRI CATCHMENT.
2024-08-22 23:00:00+00:00,0.029,1.03,0.535,ERA5-LAND HOURLY PRECIPITATION SAMPLED AT NEAREST MODEL-GRID LOCATIONS VIA OPEN-METEO AND SPATIALLY WEIGHTED OVER THE TEHRI CATCHMENT.
2024-08-23 00:00:00+00:00,0.024,0.872,0.298,ERA5-LAND HOURLY PRECIPITATION SAMPLED AT NEAREST MODEL-GRID LOCATIONS VIA OPEN-METEO AND SPATIALLY WEIGHTED OVER THE TEHRI CATCHMENT.
2024-08-23 01:00:00+00:00,0.57,2.002,0.069,ERA5-LAND HOURLY PRECIPITATION SAMPLED AT NEAREST MODEL-GRID LOCATIONS VIA OPEN-METEO AND SPATIALLY WEIGHTED OVER THE TEHRI CATCHMENT.
2024-08-23 02:00:00+00:00,0.507,0.578,0.122,ERA5-LAND HOURLY PRECIPITATION SAMPLED AT NEAREST MODEL-GRID LOCATIONS VIA OPEN-METEO AND SPATIALLY WEIGHTED OVER THE TEHRI CATCHMENT.
2024-08-23 03:00:00+00:00,0.275,0.158,0.111,ERA5-LAND HOURLY PRECIPITATION SAMPLED AT NEAREST MODEL-GRID LOCATIONS VIA OPEN-METEO AND SPATIALLY WEIGHTED OVER THE TEHRI CATCHMENT.
2024-08-23 04:00:00+00:00,0.104,0.138,0.134,ERA5-LAND HOURLY PRECIPITATION SAMPLED AT NEAREST MODEL-GRID LOCATIONS VIA OPEN-METEO AND SPATIALLY WEIGHTED OVER THE TEHRI CATCHMENT.
2024-08-23 05:00:00+00:00,0.09,0.256,0.149,ERA5-LAND HOURLY PRECIPITATION SAMPLED AT NEAREST MODEL-GRID LOCATIONS VIA OPEN-METEO AND SPATIALLY WEIGHTED OVER THE TEHRI CATCHMENT.
2024-08-23 06:00:00+00:00,0.142,0.409,0.094,ERA5-LAND HOURLY PRECIPITATION SAMPLED AT NEAREST MODEL-GRID LOCATIONS VIA OPEN-METEO AND SPATIALLY WEIGHTED OVER THE TEHRI CATCHMENT.
2024-08-23 07:00:00+00:00,0.192,0.481,0.076,ERA5-LAND HOURLY PRECIPITATION SAMPLED AT NEAREST MODEL-GRID LOCATIONS VIA OPEN-METEO AND SPATIALLY WEIGHTED OVER THE TEHRI CATCHMENT.
2024-08-23 08:00:00+00:00,0.174,0.499,0.111,ERA5-LAND HOURLY PRECIPITATION SAMPLED AT NEAREST MODEL-GRID LOCATIONS VIA OPEN-METEO AND SPATIALLY WEIGHTED OVER THE TEHRI CATCHMENT.
2024-08-23 09:00:00+00:00,0.119,0.454,0.16,ERA5-LAND HOURLY PRECIPITATION SAMPLED AT NEAREST MODEL-GRID LOCATIONS VIA OPEN-METEO AND SPATIALLY WEIGHTED OVER THE TEHRI CATCHMENT.
2024-08-23 10:00:00+00:00,0.083,0.21,0.181,ERA5-LAND HOURLY PRECIPITATION SAMPLED AT NEAREST MODEL-GRID LOCATIONS VIA OPEN-METEO AND SPATIALLY WEIGHTED OVER THE TEHRI CATCHMENT.
2024-08-23 11:00:00+00:00,0.123,0.17,0.231,ERA5-LAND HOURLY PRECIPITATION SAMPLED AT NEAREST MODEL-GRID LOCATIONS VIA OPEN-METEO AND SPATIALLY WEIGHTED OVER THE TEHRI CATCHMENT.
2024-08-23 12:00:00+00:00,0.118,0.178,0.155,ERA5-LAND HOURLY PRECIPITATION SAMPLED AT NEAREST MODEL-GRID LOCATIONS VIA OPEN-METEO AND SPATIALLY WEIGHTED OVER THE TEHRI CATCHMENT.
2024-08-23 13:00:00+00:00,0.069,0.108,0.134,ERA5-LAND HOURLY PRECIPITATION SAMPLED AT NEAREST MODEL-GRID LOCATIONS VIA OPEN-METEO AND SPATIALLY WEIGHTED OVER THE TEHRI CATCHMENT.
2024-08-23 14:00:00+00:00,0.097,0.087,0.367,ERA5-LAND HOURLY PRECIPITATION SAMPLED AT NEAREST MODEL-GRID LOCATIONS VIA OPEN-METEO AND SPATIALLY WEIGHTED OVER THE TEHRI CATCHMENT.
2024-08-23 15:00:00+00:00,0.039,0.08,0.241,ERA5-LAND HOURLY PRECIPITATION SAMPLED AT NEAREST MODEL-GRID LOCATIONS VIA OPEN-METEO AND SPATIALLY WEIGHTED OVER THE TEHRI CATCHMENT.
2024-08-23 16:00:00+00:00,0.033,0.08,0.241,ERA5-LAND HOURLY PRECIPITATION SAMPLED AT NEAREST MODEL-GRID LOCATIONS VIA OPEN-METEO AND SPATIALLY WEIGHTED OVER THE TEHRI CATCHMENT.
2024-08-23 17:00:00+00:00,0.052,0.107,0.309,ERA5-LAND HOURLY PRECIPITATION SAMPLED AT NEAREST MODEL-GRID LOCATIONS VIA OPEN-METEO AND SPATIALLY WEIGHTED OVER THE TEHRI CATCHMENT.
2024-08-23 18:00:00+00:00,0.188,0.151,0.585,ERA5-LAND HOURLY PRECIPITATION SAMPLED AT NEAREST MODEL-GRID LOCATIONS VIA OPEN-METEO AND SPATIALLY WEIGHTED OVER THE TEHRI CATCHMENT.
2024-08-23 19:00:00+00:00,0.495,0.358,0.811,ERA5-LAND HOURLY PRECIPITATION SAMPLED AT NEAREST MODEL-GRID LOCATIONS VIA OPEN-METEO AND SPATIALLY WEIGHTED OVER THE TEHRI CATCHMENT.
2024-08-23 20:00:00+00:00,0.79,0.281,0.48,ERA5-LAND HOURLY PRECIPITATION SAMPLED AT NEAREST MODEL-GRID LOCATIONS VIA OPEN-METEO AND SPATIALLY WEIGHTED OVER THE TEHRI CATCHMENT.
2024-08-23 21:00:00+00:00,0.358,0.17,0.076,ERA5-LAND HOURLY PRECIPITATION SAMPLED AT NEAREST MODEL-GRID LOCATIONS VIA OPEN-METEO AND SPATIALLY WEIGHTED OVER THE TEHRI CATCHMENT.
2024-08-23 22:00:00+00:00,0.145,0.08,0.012,ERA5-LAND HOURLY PRECIPITATION SAMPLED AT NEAREST MODEL-GRID LOCATIONS VIA OPEN-METEO AND SPATIALLY WEIGHTED OVER THE TEHRI CATCHMENT.
2024-08-23 23:00:00+00:00,0.036,0.014,0.003,ERA5-LAND HOURLY PRECIPITATION SAMPLED AT NEAREST MODEL-GRID LOCATIONS VIA OPEN-METEO AND SPATIALLY WEIGHTED OVER THE TEHRI CATCHMENT.
2024-08-24 00:00:00+00:00,0.001,0.001,0.0,ERA5-LAND HOURLY PRECIPITATION SAMPLED AT NEAREST MODEL-GRID LOCATIONS VIA OPEN-METEO AND SPATIALLY WEIGHTED OVER THE TEHRI CATCHMENT.
2024-08-24 01:00:00+00:00,0.152,0.389,0.834,ERA5-LAND HOURLY PRECIPITATION SAMPLED AT NEAREST MODEL-GRID LOCATIONS VIA OPEN-METEO AND SPATIALLY WEIGHTED OVER THE TEHRI CATCHMENT.
2024-08-24 02:00:00+00:00,0.086,0.189,0.47,ERA5-LAND HOURLY PRECIPITATION SAMPLED AT NEAREST MODEL-GRID LOCATIONS VIA OPEN-METEO AND SPATIALLY WEIGHTED OVER THE TEHRI CATCHMENT.
2024-08-24 03:00:00+00:00,0.075,0.284,0.355,ERA5-LAND HOURLY PRECIPITATION SAMPLED AT NEAREST MODEL-GRID LOCATIONS VIA OPEN-METEO AND SPATIALLY WEIGHTED OVER THE TEHRI CATCHMENT.
2024-08-24 04:00:00+00:00,0.133,0.329,0.309,ERA5-LAND HOURLY PRECIPITATION SAMPLED AT NEAREST MODEL-GRID LOCATIONS VIA OPEN-METEO AND SPATIALLY WEIGHTED OVER THE TEHRI CATCHMENT.
2024-08-24 05:00:00+00:00,0.186,0.139,0.184,ERA5-LAND HOURLY PRECIPITATION SAMPLED AT NEAREST MODEL-GRID LOCATIONS VIA OPEN-METEO AND SPATIALLY WEIGHTED OVER THE TEHRI CATCHMENT.
2024-08-24 06:00:00+00:00,0.287,1.028,0.381,ERA5-LAND HOURLY PRECIPITATION SAMPLED AT NEAREST MODEL-GRID LOCATIONS VIA OPEN-METEO AND SPATIALLY WEIGHTED OVER THE TEHRI CATCHMENT.
2024-08-24 07:00:00+00:00,0.495,1.597,0.216,ERA5-LAND HOURLY PRECIPITATION SAMPLED AT NEAREST MODEL-GRID LOCATIONS VIA OPEN-METEO AND SPATIALLY WEIGHTED OVER THE TEHRI CATCHMENT.
2024-08-24 08:00:00+00:00,0.431,0.208,0.151,ERA5-LAND HOURLY PRECIPITATION SAMPLED AT NEAREST MODEL-GRID LOCATIONS VIA OPEN-METEO AND SPATIALLY WEIGHTED OVER THE TEHRI CATCHMENT.
2024-08-24 09:00:00+00:00,0.414,0.794,0.106,ERA5-LAND HOURLY PRECIPITATION SAMPLED AT NEAREST MODEL-GRID LOCATIONS VIA OPEN-METEO AND SPATIALLY WEIGHTED OVER THE TEHRI CATCHMENT.
2024-08-24 10:00:00+00:00,0.39,0.458,0.072,ERA5-LAND HOURLY PRECIPITATION SAMPLED AT NEAREST MODEL-GRID LOCATIONS VIA OPEN-METEO AND SPATIALLY WEIGHTED OVER THE TEHRI CATCHMENT.
2024-08-24 11:00:00+00:00,0.158,0.293,0.111,ERA5-LAND HOURLY PRECIPITATION SAMPLED AT NEAREST MODEL-GRID LOCATIONS VIA OPEN-METEO AND SPATIALLY WEIGHTED OVER THE TEHRI CATCHMENT.
2024-08-24 12:00:00+00:00,0.047,0.125,0.021,ERA5-LAND HOURLY PRECIPITATION SAMPLED AT NEAREST MODEL-GRID LOCATIONS VIA OPEN-METEO AND SPATIALLY WEIGHTED OVER THE TEHRI CATCHMENT.
2024-08-24 13:00:00+00:00,0.034,0.078,0.001,ERA5-LAND HOURLY PRECIPITATION SAMPLED AT NEAREST MODEL-GRID LOCATIONS VIA OPEN-METEO AND SPATIALLY WEIGHTED OVER THE TEHRI CATCHMENT.
2024-08-24 14:00:00+00:00,0.045,0.054,0.0,ERA5-LAND HOURLY PRECIPITATION SAMPLED AT NEAREST MODEL-GRID LOCATIONS VIA OPEN-METEO AND SPATIALLY WEIGHTED OVER THE TEHRI CATCHMENT.
2024-08-24 15:00:00+00:00,0.066,0.048,0.0,ERA5-LAND HOURLY PRECIPITATION SAMPLED AT NEAREST MODEL-GRID LOCATIONS VIA OPEN-METEO AND SPATIALLY WEIGHTED OVER THE TEHRI CATCHMENT.
2024-08-24 16:00:00+00:00,0.056,0.045,0.0,ERA5-LAND HOURLY PRECIPITATION SAMPLED AT NEAREST MODEL-GRID LOCATIONS VIA OPEN-METEO AND SPATIALLY WEIGHTED OVER THE TEHRI CATCHMENT.
2024-08-24 17:00:00+00:00,0.04,0.132,0.002,ERA5-LAND HOURLY PRECIPITATION SAMPLED AT NEAREST MODEL-GRID LOCATIONS VIA OPEN-METEO AND SPATIALLY WEIGHTED OVER THE TEHRI CATCHMENT.
2024-08-24 18:00:00+00:00,0.062,0.283,0.088,ERA5-LAND HOURLY PRECIPITATION SAMPLED AT NEAREST MODEL-GRID LOCATIONS VIA OPEN-METEO AND SPATIALLY WEIGHTED OVER THE TEHRI CATCHMENT.
2024-08-24 19:00:00+00:00,0.081,0.104,0.1,ERA5-LAND HOURLY PRECIPITATION SAMPLED AT NEAREST MODEL-GRID LOCATIONS VIA OPEN-METEO AND SPATIALLY WEIGHTED OVER THE TEHRI CATCHMENT.
2024-08-24 20:00:00+00:00,0.01,1.463,0.079,ERA5-LAND HOURLY PRECIPITATION SAMPLED AT NEAREST MODEL-GRID LOCATIONS VIA OPEN-METEO AND SPATIALLY WEIGHTED OVER THE TEHRI CATCHMENT.
2024-08-24 21:00:00+00:00,0.0,0.267,0.055,ERA5-LAND HOURLY PRECIPITATION SAMPLED AT NEAREST MODEL-GRID LOCATIONS VIA OPEN-METEO AND SPATIALLY WEIGHTED OVER THE TEHRI CATCHMENT.
2024-08-24 22:00:00+00:00,0.135,2.296,1.519,ERA5-LAND HOURLY PRECIPITATION SAMPLED AT NEAREST MODEL-GRID LOCATIONS VIA OPEN-METEO AND SPATIALLY WEIGHTED OVER THE TEHRI CATCHMENT.
2024-08-24 23:00:00+00:00,0.154,0.881,2.514,ERA5-LAND HOURLY PRECIPITATION SAMPLED AT NEAREST MODEL-GRID LOCATIONS VIA OPEN-METEO AND SPATIALLY WEIGHTED OVER THE TEHRI CATCHMENT.
2024-08-25 00:00:00+00:00,0.09,1.645,1.186,ERA5-LAND HOURLY PRECIPITATION SAMPLED AT NEAREST MODEL-GRID LOCATIONS VIA OPEN-METEO AND SPATIALLY WEIGHTED OVER THE TEHRI CATCHMENT.
2024-08-25 01:00:00+00:00,0.223,0.348,0.212,ERA5-LAND HOURLY PRECIPITATION SAMPLED AT NEAREST MODEL-GRID LOCATIONS VIA OPEN-METEO AND SPATIALLY WEIGHTED OVER THE TEHRI CATCHMENT.
2024-08-25 02:00:00+00:00,0.036,0.068,0.003,ERA5-LAND HOURLY PRECIPITATION SAMPLED AT NEAREST MODEL-GRID LOCATIONS VIA OPEN-METEO AND SPATIALLY WEIGHTED OVER THE TEHRI CATCHMENT.
2024-08-25 03:00:00+00:00,0.003,0.018,0.0,ERA5-LAND HOURLY PRECIPITATION SAMPLED AT NEAREST MODEL-GRID LOCATIONS VIA OPEN-METEO AND SPATIALLY WEIGHTED OVER THE TEHRI CATCHMENT.
2024-08-25 04:00:00+00:00,0.017,0.024,0.0,ERA5-LAND HOURLY PRECIPITATION SAMPLED AT NEAREST MODEL-GRID LOCATIONS VIA OPEN-METEO AND SPATIALLY WEIGHTED OVER THE TEHRI CATCHMENT.
2024-08-25 05:00:00+00:00,0.142,0.041,0.001,ERA5-LAND HOURLY PRECIPITATION SAMPLED AT NEAREST MODEL-GRID LOCATIONS VIA OPEN-METEO AND SPATIALLY WEIGHTED OVER THE TEHRI CATCHMENT.
2024-08-25 06:00:00+00:00,0.226,0.238,0.003,ERA5-LAND HOURLY PRECIPITATION SAMPLED AT NEAREST MODEL-GRID LOCATIONS VIA OPEN-METEO AND SPATIALLY WEIGHTED OVER THE TEHRI CATCHMENT.
2024-08-25 07:00:00+00:00,0.431,0.786,0.095,ERA5-LAND HOURLY PRECIPITATION SAMPLED AT NEAREST MODEL-GRID LOCATIONS VIA OPEN-METEO AND SPATIALLY WEIGHTED OVER THE TEHRI CATCHMENT.
2024-08-25 08:00:00+00:00,0.512,1.543,0.397,ERA5-LAND HOURLY PRECIPITATION SAMPLED AT NEAREST MODEL-GRID LOCATIONS VIA OPEN-METEO AND SPATIALLY WEIGHTED OVER THE TEHRI CATCHMENT.
2024-08-25 09:00:00+00:00,0.779,1.114,0.874,ERA5-LAND HOURLY PRECIPITATION SAMPLED AT NEAREST MODEL-GRID LOCATIONS VIA OPEN-METEO AND SPATIALLY WEIGHTED OVER THE TEHRI CATCHMENT.
2024-08-25 10:00:00+00:00,0.452,0.632,0.893,ERA5-LAND HOURLY PRECIPITATION SAMPLED AT NEAREST MODEL-GRID LOCATIONS VIA OPEN-METEO AND SPATIALLY WEIGHTED OVER THE TEHRI CATCHMENT.
2024-08-25 11:00:00+00:00,0.351,0.359,0.17,ERA5-LAND HOURLY PRECIPITATION SAMPLED AT NEAREST MODEL-GRID LOCATIONS VIA OPEN-METEO AND SPATIALLY WEIGHTED OVER THE TEHRI CATCHMENT.
2024-08-25 12:00:00+00:00,0.132,0.079,0.098,ERA5-LAND HOURLY PRECIPITATION SAMPLED AT NEAREST MODEL-GRID LOCATIONS VIA OPEN-METEO AND SPATIALLY WEIGHTED OVER THE TEHRI CATCHMENT.
2024-08-25 13:00:00+00:00,0.076,0.024,0.025,ERA5-LAND HOURLY PRECIPITATION SAMPLED AT NEAREST MODEL-GRID LOCATIONS VIA OPEN-METEO AND SPATIALLY WEIGHTED OVER THE TEHRI CATCHMENT.
2024-08-25 14:00:00+00:00,0.018,0.0,0.0,ERA5-LAND HOURLY PRECIPITATION SAMPLED AT NEAREST MODEL-GRID LOCATIONS VIA OPEN-METEO AND SPATIALLY WEIGHTED OVER THE TEHRI CATCHMENT.
2024-08-25 15:00:00+00:00,0.011,0.004,0.0,ERA5-LAND HOURLY PRECIPITATION SAMPLED AT NEAREST MODEL-GRID LOCATIONS VIA OPEN-METEO AND SPATIALLY WEIGHTED OVER THE TEHRI CATCHMENT.
2024-08-25 16:00:00+00:00,0.026,0.008,0.001,ERA5-LAND HOURLY PRECIPITATION SAMPLED AT NEAREST MODEL-GRID LOCATIONS VIA OPEN-METEO AND SPATIALLY WEIGHTED OVER THE TEHRI CATCHMENT.
2024-08-25 17:00:00+00:00,0.035,0.012,0.002,ERA5-LAND HOURLY PRECIPITATION SAMPLED AT NEAREST MODEL-GRID LOCATIONS VIA OPEN-METEO AND SPATIALLY WEIGHTED OVER THE TEHRI CATCHMENT.
2024-08-25 18:00:00+00:00,0.043,0.007,0.001,ERA5-LAND HOURLY PRECIPITATION SAMPLED AT NEAREST MODEL-GRID LOCATIONS VIA OPEN-METEO AND SPATIALLY WEIGHTED OVER THE TEHRI CATCHMENT.
2024-08-25 19:00:00+00:00,0.032,0.005,0.001,ERA5-LAND HOURLY PRECIPITATION SAMPLED AT NEAREST MODEL-GRID LOCATIONS VIA OPEN-METEO AND SPATIALLY WEIGHTED OVER THE TEHRI CATCHMENT.
2024-08-25 20:00:00+00:00,0.022,0.005,0.001,ERA5-LAND HOURLY PRECIPITATION SAMPLED AT NEAREST MODEL-GRID LOCATIONS VIA OPEN-METEO AND SPATIALLY WEIGHTED OVER THE TEHRI CATCHMENT.
2024-08-25 21:00:00+00:00,0.023,0.004,0.001,ERA5-LAND HOURLY PRECIPITATION SAMPLED AT NEAREST MODEL-GRID LOCATIONS VIA OPEN-METEO AND SPATIALLY WEIGHTED OVER THE TEHRI CATCHMENT.
2024-08-25 22:00:00+00:00,0.011,0.0,0.0,ERA5-LAND HOURLY PRECIPITATION SAMPLED AT NEAREST MODEL-GRID LOCATIONS VIA OPEN-METEO AND SPATIALLY WEIGHTED OVER THE TEHRI CATCHMENT.
2024-08-25 23:00:00+00:00,0.01,0.007,0.0,ERA5-LAND HOURLY PRECIPITATION SAMPLED AT NEAREST MODEL-GRID LOCATIONS VIA OPEN-METEO AND SPATIALLY WEIGHTED OVER THE TEHRI CATCHMENT.
2024-08-26 00:00:00+00:00,0.018,0.01,0.001,ERA5-LAND HOURLY PRECIPITATION SAMPLED AT NEAREST MODEL-GRID LOCATIONS VIA OPEN-METEO AND SPATIALLY WEIGHTED OVER THE TEHRI CATCHMENT.
2024-08-26 01:00:00+00:00,0.072,0.008,0.002,ERA5-LAND HOURLY PRECIPITATION SAMPLED AT NEAREST MODEL-GRID LOCATIONS VIA OPEN-METEO AND SPATIALLY WEIGHTED OVER THE TEHRI CATCHMENT.
2024-08-26 02:00:00+00:00,0.046,0.011,0.001,ERA5-LAND HOURLY PRECIPITATION SAMPLED AT NEAREST MODEL-GRID LOCATIONS VIA OPEN-METEO AND SPATIALLY WEIGHTED OVER THE TEHRI CATCHMENT.
2024-08-26 03:00:00+00:00,0.047,0.011,0.004,ERA5-LAND HOURLY PRECIPITATION SAMPLED AT NEAREST MODEL-GRID LOCATIONS VIA OPEN-METEO AND SPATIALLY WEIGHTED OVER THE TEHRI CATCHMENT.
2024-08-26 04:00:00+00:00,0.061,0.045,0.002,ERA5-LAND HOURLY PRECIPITATION SAMPLED AT NEAREST MODEL-GRID LOCATIONS VIA OPEN-METEO AND SPATIALLY WEIGHTED OVER THE TEHRI CATCHMENT.
2024-08-26 05:00:00+00:00,0.11,0.07,0.004,ERA5-LAND HOURLY PRECIPITATION SAMPLED AT NEAREST MODEL-GRID LOCATIONS VIA OPEN-METEO AND SPATIALLY WEIGHTED OVER THE TEHRI CATCHMENT.
2024-08-26 06:00:00+00:00,0.2,0.109,0.054,ERA5-LAND HOURLY PRECIPITATION SAMPLED AT NEAREST MODEL-GRID LOCATIONS VIA OPEN-METEO AND SPATIALLY WEIGHTED OVER THE TEHRI CATCHMENT.
2024-08-26 07:00:00+00:00,0.568,0.378,0.14,ERA5-LAND HOURLY PRECIPITATION SAMPLED AT NEAREST MODEL-GRID LOCATIONS VIA OPEN-METEO AND SPATIALLY WEIGHTED OVER THE TEHRI CATCHMENT.
2024-08-26 08:00:00+00:00,0.612,2.85,1.351,ERA5-LAND HOURLY PRECIPITATION SAMPLED AT NEAREST MODEL-GRID LOCATIONS VIA OPEN-METEO AND SPATIALLY WEIGHTED OVER THE TEHRI CATCHMENT.
2024-08-26 09:00:00+00:00,0.652,0.363,1.1,ERA5-LAND HOURLY PRECIPITATION SAMPLED AT NEAREST MODEL-GRID LOCATIONS VIA OPEN-METEO AND SPATIALLY WEIGHTED OVER THE TEHRI CATCHMENT.
2024-08-26 10:00:00+00:00,0.174,0.27,0.2,ERA5-LAND HOURLY PRECIPITATION SAMPLED AT NEAREST MODEL-GRID LOCATIONS VIA OPEN-METEO AND SPATIALLY WEIGHTED OVER THE TEHRI CATCHMENT.
2024-08-26 11:00:00+00:00,0.112,0.082,0.156,ERA5-LAND HOURLY PRECIPITATION SAMPLED AT NEAREST MODEL-GRID LOCATIONS VIA OPEN-METEO AND SPATIALLY WEIGHTED OVER THE TEHRI CATCHMENT.
2024-08-26 12:00:00+00:00,0.078,0.401,0.18,ERA5-LAND HOURLY PRECIPITATION SAMPLED AT NEAREST MODEL-GRID LOCATIONS VIA OPEN-METEO AND SPATIALLY WEIGHTED OVER THE TEHRI CATCHMENT.
2024-08-26 13:00:00+00:00,0.18,0.726,0.803,ERA5-LAND HOURLY PRECIPITATION SAMPLED AT NEAREST MODEL-GRID LOCATIONS VIA OPEN-METEO AND SPATIALLY WEIGHTED OVER THE TEHRI CATCHMENT.
2024-08-26 14:00:00+00:00,0.227,0.097,0.343,ERA5-LAND HOURLY PRECIPITATION SAMPLED AT NEAREST MODEL-GRID LOCATIONS VIA OPEN-METEO AND SPATIALLY WEIGHTED OVER THE TEHRI CATCHMENT.
2024-08-26 15:00:00+00:00,0.067,0.046,0.007,ERA5-LAND HOURLY PRECIPITATION SAMPLED AT NEAREST MODEL-GRID LOCATIONS VIA OPEN-METEO AND SPATIALLY WEIGHTED OVER THE TEHRI CATCHMENT.
2024-08-26 16:00:00+00:00,0.072,0.002,0.004,ERA5-LAND HOURLY PRECIPITATION SAMPLED AT NEAREST MODEL-GRID LOCATIONS VIA OPEN-METEO AND SPATIALLY WEIGHTED OVER THE TEHRI CATCHMENT.
2024-08-26 17:00:00+00:00,0.103,0.008,0.029,ERA5-LAND HOURLY PRECIPITATION SAMPLED AT NEAREST MODEL-GRID LOCATIONS VIA OPEN-METEO AND SPATIALLY WEIGHTED OVER THE TEHRI CATCHMENT.
2024-08-26 18:00:00+00:00,0.117,0.029,0.099,ERA5-LAND HOURLY PRECIPITATION SAMPLED AT NEAREST MODEL-GRID LOCATIONS VIA OPEN-METEO AND SPATIALLY WEIGHTED OVER THE TEHRI CATCHMENT.
2024-08-26 19:00:00+00:00,0.078,0.002,0.01,ERA5-LAND HOURLY PRECIPITATION SAMPLED AT NEAREST MODEL-GRID LOCATIONS VIA OPEN-METEO AND SPATIALLY WEIGHTED OVER THE TEHRI CATCHMENT.
2024-08-26 20:00:00+00:00,0.009,0.0,0.0,ERA5-LAND HOURLY PRECIPITATION SAMPLED AT NEAREST MODEL-GRID LOCATIONS VIA OPEN-METEO AND SPATIALLY WEIGHTED OVER THE TEHRI CATCHMENT.
2024-08-26 21:00:00+00:00,0.071,0.034,0.032,ERA5-LAND HOURLY PRECIPITATION SAMPLED AT NEAREST MODEL-GRID LOCATIONS VIA OPEN-METEO AND SPATIALLY WEIGHTED OVER THE TEHRI CATCHMENT.
2024-08-26 22:00:00+00:00,0.041,0.148,0.389,ERA5-LAND HOURLY PRECIPITATION SAMPLED AT NEAREST MODEL-GRID LOCATIONS VIA OPEN-METEO AND SPATIALLY WEIGHTED OVER THE TEHRI CATCHMENT.
2024-08-26 23:00:00+00:00,0.014,0.08,0.112,ERA5-LAND HOURLY PRECIPITATION SAMPLED AT NEAREST MODEL-GRID LOCATIONS VIA OPEN-METEO AND SPATIALLY WEIGHTED OVER THE TEHRI CATCHMENT.
2024-08-27 00:00:00+00:00,0.007,0.001,0.0,ERA5-LAND HOURLY PRECIPITATION SAMPLED AT NEAREST MODEL-GRID LOCATIONS VIA OPEN-METEO AND SPATIALLY WEIGHTED OVER THE TEHRI CATCHMENT.
2024-08-27 01:00:00+00:00,0.341,0.0,0.008,ERA5-LAND HOURLY PRECIPITATION SAMPLED AT NEAREST MODEL-GRID LOCATIONS VIA OPEN-METEO AND SPATIALLY WEIGHTED OVER THE TEHRI CATCHMENT.
2024-08-27 02:00:00+00:00,0.123,0.0,0.001,ERA5-LAND HOURLY PRECIPITATION SAMPLED AT NEAREST MODEL-GRID LOCATIONS VIA OPEN-METEO AND SPATIALLY WEIGHTED OVER THE TEHRI CATCHMENT.
2024-08-27 03:00:00+00:00,0.063,0.0,0.001,ERA5-LAND HOURLY PRECIPITATION SAMPLED AT NEAREST MODEL-GRID LOCATIONS VIA OPEN-METEO AND SPATIALLY WEIGHTED OVER THE TEHRI CATCHMENT.
2024-08-27 04:00:00+00:00,0.13,0.071,0.035,ERA5-LAND HOURLY PRECIPITATION SAMPLED AT NEAREST MODEL-GRID LOCATIONS VIA OPEN-METEO AND SPATIALLY WEIGHTED OVER THE TEHRI CATCHMENT.
2024-08-27 05:00:00+00:00,0.22,0.46,0.119,ERA5-LAND HOURLY PRECIPITATION SAMPLED AT NEAREST MODEL-GRID LOCATIONS VIA OPEN-METEO AND SPATIALLY WEIGHTED OVER THE TEHRI CATCHMENT.
2024-08-27 06:00:00+00:00,0.306,0.112,0.134,ERA5-LAND HOURLY PRECIPITATION SAMPLED AT NEAREST MODEL-GRID LOCATIONS VIA OPEN-METEO AND SPATIALLY WEIGHTED OVER THE TEHRI CATCHMENT.
2024-08-27 07:00:00+00:00,0.385,1.155,0.805,ERA5-LAND HOURLY PRECIPITATION SAMPLED AT NEAREST MODEL-GRID LOCATIONS VIA OPEN-METEO AND SPATIALLY WEIGHTED OVER THE TEHRI CATCHMENT.
2024-08-27 08:00:00+00:00,0.61,1.039,0.624,ERA5-LAND HOURLY PRECIPITATION SAMPLED AT NEAREST MODEL-GRID LOCATIONS VIA OPEN-METEO AND SPATIALLY WEIGHTED OVER THE TEHRI CATCHMENT.
2024-08-27 09:00:00+00:00,0.826,3.655,1.664,ERA5-LAND HOURLY PRECIPITATION SAMPLED AT NEAREST MODEL-GRID LOCATIONS VIA OPEN-METEO AND SPATIALLY WEIGHTED OVER THE TEHRI CATCHMENT.
2024-08-27 10:00:00+00:00,0.551,0.262,0.587,ERA5-LAND HOURLY PRECIPITATION SAMPLED AT NEAREST MODEL-GRID LOCATIONS VIA OPEN-METEO AND SPATIALLY WEIGHTED OVER THE TEHRI CATCHMENT.
2024-08-27 11:00:00+00:00,0.12,0.248,0.088,ERA5-LAND HOURLY PRECIPITATION SAMPLED AT NEAREST MODEL-GRID LOCATIONS VIA OPEN-METEO AND SPATIALLY WEIGHTED OVER THE TEHRI CATCHMENT.
2024-08-27 12:00:00+00:00,0.141,0.428,0.118,ERA5-LAND HOURLY PRECIPITATION SAMPLED AT NEAREST MODEL-GRID LOCATIONS VIA OPEN-METEO AND SPATIALLY WEIGHTED OVER THE TEHRI CATCHMENT.
2024-08-27 13:00:00+00:00,0.289,0.286,0.803,ERA5-LAND HOURLY PRECIPITATION SAMPLED AT NEAREST MODEL-GRID LOCATIONS VIA OPEN-METEO AND SPATIALLY WEIGHTED OVER THE TEHRI CATCHMENT.
2024-08-27 14:00:00+00:00,0.054,0.207,0.301,ERA5-LAND HOURLY PRECIPITATION SAMPLED AT NEAREST MODEL-GRID LOCATIONS VIA OPEN-METEO AND SPATIALLY WEIGHTED OVER THE TEHRI CATCHMENT.
2024-08-27 15:00:00+00:00,0.011,0.0,0.0,ERA5-LAND HOURLY PRECIPITATION SAMPLED AT NEAREST MODEL-GRID LOCATIONS VIA OPEN-METEO AND SPATIALLY WEIGHTED OVER THE TEHRI CATCHMENT.
2024-08-27 16:00:00+00:00,0.036,0.0,0.0,ERA5-LAND HOURLY PRECIPITATION SAMPLED AT NEAREST MODEL-GRID LOCATIONS VIA OPEN-METEO AND SPATIALLY WEIGHTED OVER THE TEHRI CATCHMENT.
2024-08-27 17:00:00+00:00,0.03,0.0,0.008,ERA5-LAND HOURLY PRECIPITATION SAMPLED AT NEAREST MODEL-GRID LOCATIONS VIA OPEN-METEO AND SPATIALLY WEIGHTED OVER THE TEHRI CATCHMENT.
2024-08-27 18:00:00+00:00,0.13,0.638,0.304,ERA5-LAND HOURLY PRECIPITATION SAMPLED AT NEAREST MODEL-GRID LOCATIONS VIA OPEN-METEO AND SPATIALLY WEIGHTED OVER THE TEHRI CATCHMENT.
2024-08-27 19:00:00+00:00,0.054,0.562,0.425,ERA5-LAND HOURLY PRECIPITATION SAMPLED AT NEAREST MODEL-GRID LOCATIONS VIA OPEN-METEO AND SPATIALLY WEIGHTED OVER THE TEHRI CATCHMENT.
2024-08-27 20:00:00+00:00,0.031,1.115,2.407,ERA5-LAND HOURLY PRECIPITATION SAMPLED AT NEAREST MODEL-GRID LOCATIONS VIA OPEN-METEO AND SPATIALLY WEIGHTED OVER THE TEHRI CATCHMENT.
2024-08-27 21:00:00+00:00,0.073,1.144,2.146,ERA5-LAND HOURLY PRECIPITATION SAMPLED AT NEAREST MODEL-GRID LOCATIONS VIA OPEN-METEO AND SPATIALLY WEIGHTED OVER THE TEHRI CATCHMENT.
2024-08-27 22:00:00+00:00,0.018,0.217,0.335,ERA5-LAND HOURLY PRECIPITATION SAMPLED AT NEAREST MODEL-GRID LOCATIONS VIA OPEN-METEO AND SPATIALLY WEIGHTED OVER THE TEHRI CATCHMENT.
2024-08-27 23:00:00+00:00,0.013,0.197,0.204,ERA5-LAND HOURLY PRECIPITATION SAMPLED AT NEAREST MODEL-GRID LOCATIONS VIA OPEN-METEO AND SPATIALLY WEIGHTED OVER THE TEHRI CATCHMENT.
2024-08-28 00:00:00+00:00,0.009,0.056,0.097,ERA5-LAND HOURLY PRECIPITATION SAMPLED AT NEAREST MODEL-GRID LOCATIONS VIA OPEN-METEO AND SPATIALLY WEIGHTED OVER THE TEHRI CATCHMENT.
2024-08-28 01:00:00+00:00,0.002,0.002,0.0,ERA5-LAND HOURLY PRECIPITATION SAMPLED AT NEAREST MODEL-GRID LOCATIONS VIA OPEN-METEO AND SPATIALLY WEIGHTED OVER THE TEHRI CATCHMENT.
2024-08-28 02:00:00+00:00,0.0,0.0,0.0,ERA5-LAND HOURLY PRECIPITATION SAMPLED AT NEAREST MODEL-GRID LOCATIONS VIA OPEN-METEO AND SPATIALLY WEIGHTED OVER THE TEHRI CATCHMENT.
2024-08-28 03:00:00+00:00,0.001,0.001,0.0,ERA5-LAND HOURLY PRECIPITATION SAMPLED AT NEAREST MODEL-GRID LOCATIONS VIA OPEN-METEO AND SPATIALLY WEIGHTED OVER THE TEHRI CATCHMENT.
2024-08-28 04:00:00+00:00,0.016,0.014,0.002,ERA5-LAND HOURLY PRECIPITATION SAMPLED AT NEAREST MODEL-GRID LOCATIONS VIA OPEN-METEO AND SPATIALLY WEIGHTED OVER THE TEHRI CATCHMENT.
2024-08-28 05:00:00+00:00,0.069,0.241,0.002,ERA5-LAND HOURLY PRECIPITATION SAMPLED AT NEAREST MODEL-GRID LOCATIONS VIA OPEN-METEO AND SPATIALLY WEIGHTED OVER THE TEHRI CATCHMENT.
2024-08-28 06:00:00+00:00,0.125,0.194,0.016,ERA5-LAND HOURLY PRECIPITATION SAMPLED AT NEAREST MODEL-GRID LOCATIONS VIA OPEN-METEO AND SPATIALLY WEIGHTED OVER THE TEHRI CATCHMENT.
2024-08-28 07:00:00+00:00,0.216,1.091,0.059,ERA5-LAND HOURLY PRECIPITATION SAMPLED AT NEAREST MODEL-GRID LOCATIONS VIA OPEN-METEO AND SPATIALLY WEIGHTED OVER THE TEHRI CATCHMENT.
2024-08-28 08:00:00+00:00,0.518,0.16,0.148,ERA5-LAND HOURLY PRECIPITATION SAMPLED AT NEAREST MODEL-GRID LOCATIONS VIA OPEN-METEO AND SPATIALLY WEIGHTED OVER THE TEHRI CATCHMENT.
2024-08-28 09:00:00+00:00,0.381,0.387,0.346,ERA5-LAND HOURLY PRECIPITATION SAMPLED AT NEAREST MODEL-GRID LOCATIONS VIA OPEN-METEO AND SPATIALLY WEIGHTED OVER THE TEHRI CATCHMENT.
2024-08-28 10:00:00+00:00,0.315,1.178,0.309,ERA5-LAND HOURLY PRECIPITATION SAMPLED AT NEAREST MODEL-GRID LOCATIONS VIA OPEN-METEO AND SPATIALLY WEIGHTED OVER THE TEHRI CATCHMENT.
2024-08-28 11:00:00+00:00,0.184,0.161,0.062,ERA5-LAND HOURLY PRECIPITATION SAMPLED AT NEAREST MODEL-GRID LOCATIONS VIA OPEN-METEO AND SPATIALLY WEIGHTED OVER THE TEHRI CATCHMENT.
2024-08-28 12:00:00+00:00,0.058,0.205,0.071,ERA5-LAND HOURLY PRECIPITATION SAMPLED AT NEAREST MODEL-GRID LOCATIONS VIA OPEN-METEO AND SPATIALLY WEIGHTED OVER THE TEHRI CATCHMENT.
2024-08-28 13:00:00+00:00,0.227,0.01,0.014,ERA5-LAND HOURLY PRECIPITATION SAMPLED AT NEAREST MODEL-GRID LOCATIONS VIA OPEN-METEO AND SPATIALLY WEIGHTED OVER THE TEHRI CATCHMENT.
2024-08-28 14:00:00+00:00,0.162,0.004,0.002,ERA5-LAND HOURLY PRECIPITATION SAMPLED AT NEAREST MODEL-GRID LOCATIONS VIA OPEN-METEO AND SPATIALLY WEIGHTED OVER THE TEHRI CATCHMENT.
2024-08-28 15:00:00+00:00,0.09,0.0,0.006,ERA5-LAND HOURLY PRECIPITATION SAMPLED AT NEAREST MODEL-GRID LOCATIONS VIA OPEN-METEO AND SPATIALLY WEIGHTED OVER THE TEHRI CATCHMENT.
2024-08-28 16:00:00+00:00,0.03,0.0,0.008,ERA5-LAND HOURLY PRECIPITATION SAMPLED AT NEAREST MODEL-GRID LOCATIONS VIA OPEN-METEO AND SPATIALLY WEIGHTED OVER THE TEHRI CATCHMENT.
2024-08-28 17:00:00+00:00,0.013,0.0,0.003,ERA5-LAND HOURLY PRECIPITATION SAMPLED AT NEAREST MODEL-GRID LOCATIONS VIA OPEN-METEO AND SPATIALLY WEIGHTED OVER THE TEHRI CATCHMENT.
2024-08-28 18:00:00+00:00,0.007,0.057,0.047,ERA5-LAND HOURLY PRECIPITATION SAMPLED AT NEAREST MODEL-GRID LOCATIONS VIA OPEN-METEO AND SPATIALLY WEIGHTED OVER THE TEHRI CATCHMENT.
2024-08-28 19:00:00+00:00,0.007,0.087,0.057,ERA5-LAND HOURLY PRECIPITATION SAMPLED AT NEAREST MODEL-GRID LOCATIONS VIA OPEN-METEO AND SPATIALLY WEIGHTED OVER THE TEHRI CATCHMENT.
2024-08-28 20:00:00+00:00,0.003,0.004,0.005,ERA5-LAND HOURLY PRECIPITATION SAMPLED AT NEAREST MODEL-GRID LOCATIONS VIA OPEN-METEO AND SPATIALLY WEIGHTED OVER THE TEHRI CATCHMENT.
2024-08-28 21:00:00+00:00,0.0,0.001,0.006,ERA5-LAND HOURLY PRECIPITATION SAMPLED AT NEAREST MODEL-GRID LOCATIONS VIA OPEN-METEO AND SPATIALLY WEIGHTED OVER THE TEHRI CATCHMENT.
2024-08-28 22:00:00+00:00,0.002,0.005,0.01,ERA5-LAND HOURLY PRECIPITATION SAMPLED AT NEAREST MODEL-GRID LOCATIONS VIA OPEN-METEO AND SPATIALLY WEIGHTED OVER THE TEHRI CATCHMENT.
2024-08-28 23:00:00+00:00,0.009,0.002,0.033,ERA5-LAND HOURLY PRECIPITATION SAMPLED AT NEAREST MODEL-GRID LOCATIONS VIA OPEN-METEO AND SPATIALLY WEIGHTED OVER THE TEHRI CATCHMENT.
2024-08-29 00:00:00+00:00,0.013,0.0,0.0,ERA5-LAND HOURLY PRECIPITATION SAMPLED AT NEAREST MODEL-GRID LOCATIONS VIA OPEN-METEO AND SPATIALLY WEIGHTED OVER THE TEHRI CATCHMENT.
2024-08-29 01:00:00+00:00,0.006,0.0,0.002,ERA5-LAND HOURLY PRECIPITATION SAMPLED AT NEAREST MODEL-GRID LOCATIONS VIA OPEN-METEO AND SPATIALLY WEIGHTED OVER THE TEHRI CATCHMENT.
2024-08-29 02:00:00+00:00,0.001,0.01,0.023,ERA5-LAND HOURLY PRECIPITATION SAMPLED AT NEAREST MODEL-GRID LOCATIONS VIA OPEN-METEO AND SPATIALLY WEIGHTED OVER THE TEHRI CATCHMENT.
2024-08-29 03:00:00+00:00,0.025,0.095,0.194,ERA5-LAND HOURLY PRECIPITATION SAMPLED AT NEAREST MODEL-GRID LOCATIONS VIA OPEN-METEO AND SPATIALLY WEIGHTED OVER THE TEHRI CATCHMENT.
2024-08-29 04:00:00+00:00,0.074,0.179,0.311,ERA5-LAND HOURLY PRECIPITATION SAMPLED AT NEAREST MODEL-GRID LOCATIONS VIA OPEN-METEO AND SPATIALLY WEIGHTED OVER THE TEHRI CATCHMENT.
2024-08-29 05:00:00+00:00,0.143,0.136,0.103,ERA5-LAND HOURLY PRECIPITATION SAMPLED AT NEAREST MODEL-GRID LOCATIONS VIA OPEN-METEO AND SPATIALLY WEIGHTED OVER THE TEHRI CATCHMENT.
2024-08-29 06:00:00+00:00,0.542,0.24,0.252,ERA5-LAND HOURLY PRECIPITATION SAMPLED AT NEAREST MODEL-GRID LOCATIONS VIA OPEN-METEO AND SPATIALLY WEIGHTED OVER THE TEHRI CATCHMENT.
2024-08-29 07:00:00+00:00,0.44,0.198,0.091,ERA5-LAND HOURLY PRECIPITATION SAMPLED AT NEAREST MODEL-GRID LOCATIONS VIA OPEN-METEO AND SPATIALLY WEIGHTED OVER THE TEHRI CATCHMENT.
2024-08-29 08:00:00+00:00,0.351,0.489,0.035,ERA5-LAND HOURLY PRECIPITATION SAMPLED AT NEAREST MODEL-GRID LOCATIONS VIA OPEN-METEO AND SPATIALLY WEIGHTED OVER THE TEHRI CATCHMENT.
2024-08-29 09:00:00+00:00,0.912,1.664,0.724,ERA5-LAND HOURLY PRECIPITATION SAMPLED AT NEAREST MODEL-GRID LOCATIONS VIA OPEN-METEO AND SPATIALLY WEIGHTED OVER THE TEHRI CATCHMENT.
2024-08-29 10:00:00+00:00,0.501,1.747,1.525,ERA5-LAND HOURLY PRECIPITATION SAMPLED AT NEAREST MODEL-GRID LOCATIONS VIA OPEN-METEO AND SPATIALLY WEIGHTED OVER THE TEHRI CATCHMENT.
2024-08-29 11:00:00+00:00,0.21,0.197,0.862,ERA5-LAND HOURLY PRECIPITATION SAMPLED AT NEAREST MODEL-GRID LOCATIONS VIA OPEN-METEO AND SPATIALLY WEIGHTED OVER THE TEHRI CATCHMENT.
2024-08-29 12:00:00+00:00,0.06,0.088,0.151,ERA5-LAND HOURLY PRECIPITATION SAMPLED AT NEAREST MODEL-GRID LOCATIONS VIA OPEN-METEO AND SPATIALLY WEIGHTED OVER THE TEHRI CATCHMENT.
2024-08-29 13:00:00+00:00,0.089,0.009,0.007,ERA5-LAND HOURLY PRECIPITATION SAMPLED AT NEAREST MODEL-GRID LOCATIONS VIA OPEN-METEO AND SPATIALLY WEIGHTED OVER THE TEHRI CATCHMENT.
2024-08-29 14:00:00+00:00,0.049,0.009,0.001,ERA5-LAND HOURLY PRECIPITATION SAMPLED AT NEAREST MODEL-GRID LOCATIONS VIA OPEN-METEO AND SPATIALLY WEIGHTED OVER THE TEHRI CATCHMENT.
2024-08-29 15:00:00+00:00,0.06,0.034,0.001,ERA5-LAND HOURLY PRECIPITATION SAMPLED AT NEAREST MODEL-GRID LOCATIONS VIA OPEN-METEO AND SPATIALLY WEIGHTED OVER THE TEHRI CATCHMENT.
2024-08-29 16:00:00+00:00,0.139,0.005,0.001,ERA5-LAND HOURLY PRECIPITATION SAMPLED AT NEAREST MODEL-GRID LOCATIONS VIA OPEN-METEO AND SPATIALLY WEIGHTED OVER THE TEHRI CATCHMENT.
2024-08-29 17:00:00+00:00,0.15,0.0,0.004,ERA5-LAND HOURLY PRECIPITATION SAMPLED AT NEAREST MODEL-GRID LOCATIONS VIA OPEN-METEO AND SPATIALLY WEIGHTED OVER THE TEHRI CATCHMENT.
2024-08-29 18:00:00+00:00,0.106,0.0,0.04,ERA5-LAND HOURLY PRECIPITATION SAMPLED AT NEAREST MODEL-GRID LOCATIONS VIA OPEN-METEO AND SPATIALLY WEIGHTED OVER THE TEHRI CATCHMENT.
2024-08-29 19:00:00+00:00,0.188,0.015,1.352,ERA5-LAND HOURLY PRECIPITATION SAMPLED AT NEAREST MODEL-GRID LOCATIONS VIA OPEN-METEO AND SPATIALLY WEIGHTED OVER THE TEHRI CATCHMENT.
2024-08-29 20:00:00+00:00,0.179,0.694,1.38,ERA5-LAND HOURLY PRECIPITATION SAMPLED AT NEAREST MODEL-GRID LOCATIONS VIA OPEN-METEO AND SPATIALLY WEIGHTED OVER THE TEHRI CATCHMENT.
2024-08-29 21:00:00+00:00,0.032,0.787,0.244,ERA5-LAND HOURLY PRECIPITATION SAMPLED AT NEAREST MODEL-GRID LOCATIONS VIA OPEN-METEO AND SPATIALLY WEIGHTED OVER THE TEHRI CATCHMENT.
2024-08-29 22:00:00+00:00,0.033,0.086,0.158,ERA5-LAND HOURLY PRECIPITATION SAMPLED AT NEAREST MODEL-GRID LOCATIONS VIA OPEN-METEO AND SPATIALLY WEIGHTED OVER THE TEHRI CATCHMENT.
2024-08-29 23:00:00+00:00,0.015,0.054,0.091,ERA5-LAND HOURLY PRECIPITATION SAMPLED AT NEAREST MODEL-GRID LOCATIONS VIA OPEN-METEO AND SPATIALLY WEIGHTED OVER THE TEHRI CATCHMENT.
2024-08-30 00:00:00+00:00,0.003,0.0,0.002,ERA5-LAND HOURLY PRECIPITATION SAMPLED AT NEAREST MODEL-GRID LOCATIONS VIA OPEN-METEO AND SPATIALLY WEIGHTED OVER THE TEHRI CATCHMENT.
2024-08-30 01:00:00+00:00,0.0,0.0,0.0,ERA5-LAND HOURLY PRECIPITATION SAMPLED AT NEAREST MODEL-GRID LOCATIONS VIA OPEN-METEO AND SPATIALLY WEIGHTED OVER THE TEHRI CATCHMENT.
2024-08-30 02:00:00+00:00,0.0,0.0,0.0,ERA5-LAND HOURLY PRECIPITATION SAMPLED AT NEAREST MODEL-GRID LOCATIONS VIA OPEN-METEO AND SPATIALLY WEIGHTED OVER THE TEHRI CATCHMENT.
2024-08-30 03:00:00+00:00,0.0,0.0,0.0,ERA5-LAND HOURLY PRECIPITATION SAMPLED AT NEAREST MODEL-GRID LOCATIONS VIA OPEN-METEO AND SPATIALLY WEIGHTED OVER THE TEHRI CATCHMENT.
2024-08-30 04:00:00+00:00,0.003,0.0,0.0,ERA5-LAND HOURLY PRECIPITATION SAMPLED AT NEAREST MODEL-GRID LOCATIONS VIA OPEN-METEO AND SPATIALLY WEIGHTED OVER THE TEHRI CATCHMENT.
2024-08-30 05:00:00+00:00,0.032,0.09,0.006,ERA5-LAND HOURLY PRECIPITATION SAMPLED AT NEAREST MODEL-GRID LOCATIONS VIA OPEN-METEO AND SPATIALLY WEIGHTED OVER THE TEHRI CATCHMENT.
2024-08-30 06:00:00+00:00,0.153,0.276,0.035,ERA5-LAND HOURLY PRECIPITATION SAMPLED AT NEAREST MODEL-GRID LOCATIONS VIA OPEN-METEO AND SPATIALLY WEIGHTED OVER THE TEHRI CATCHMENT.
2024-08-30 07:00:00+00:00,0.209,0.215,0.132,ERA5-LAND HOURLY PRECIPITATION SAMPLED AT NEAREST MODEL-GRID LOCATIONS VIA OPEN-METEO AND SPATIALLY WEIGHTED OVER THE TEHRI CATCHMENT.
2024-08-30 08:00:00+00:00,0.605,0.998,1.196,ERA5-LAND HOURLY PRECIPITATION SAMPLED AT NEAREST MODEL-GRID LOCATIONS VIA OPEN-METEO AND SPATIALLY WEIGHTED OVER THE TEHRI CATCHMENT.
2024-08-30 09:00:00+00:00,0.37,0.965,0.321,ERA5-LAND HOURLY PRECIPITATION SAMPLED AT NEAREST MODEL-GRID LOCATIONS VIA OPEN-METEO AND SPATIALLY WEIGHTED OVER THE TEHRI CATCHMENT.
2024-08-30 10:00:00+00:00,0.373,1.089,0.564,ERA5-LAND HOURLY PRECIPITATION SAMPLED AT NEAREST MODEL-GRID LOCATIONS VIA OPEN-METEO AND SPATIALLY WEIGHTED OVER THE TEHRI CATCHMENT.
2024-08-30 11:00:00+00:00,0.374,0.906,0.61,ERA5-LAND HOURLY PRECIPITATION SAMPLED AT NEAREST MODEL-GRID LOCATIONS VIA OPEN-METEO AND SPATIALLY WEIGHTED OVER THE TEHRI CATCHMENT.
2024-08-30 12:00:00+00:00,0.084,0.012,0.007,ERA5-LAND HOURLY PRECIPITATION SAMPLED AT NEAREST MODEL-GRID LOCATIONS VIA OPEN-METEO AND SPATIALLY WEIGHTED OVER THE TEHRI CATCHMENT.
2024-08-30 13:00:00+00:00,0.037,0.0,0.004,ERA5-LAND HOURLY PRECIPITATION SAMPLED AT NEAREST MODEL-GRID LOCATIONS VIA OPEN-METEO AND SPATIALLY WEIGHTED OVER THE TEHRI CATCHMENT.
2024-08-30 14:00:00+00:00,0.01,0.0,0.0,ERA5-LAND HOURLY PRECIPITATION SAMPLED AT NEAREST MODEL-GRID LOCATIONS VIA OPEN-METEO AND SPATIALLY WEIGHTED OVER THE TEHRI CATCHMENT.
2024-08-30 15:00:00+00:00,0.01,0.0,0.0,ERA5-LAND HOURLY PRECIPITATION SAMPLED AT NEAREST MODEL-GRID LOCATIONS VIA OPEN-METEO AND SPATIALLY WEIGHTED OVER THE TEHRI CATCHMENT.
2024-08-30 16:00:00+00:00,0.01,0.0,0.0,ERA5-LAND HOURLY PRECIPITATION SAMPLED AT NEAREST MODEL-GRID LOCATIONS VIA OPEN-METEO AND SPATIALLY WEIGHTED OVER THE TEHRI CATCHMENT.
2024-08-30 17:00:00+00:00,0.006,0.0,0.0,ERA5-LAND HOURLY PRECIPITATION SAMPLED AT NEAREST MODEL-GRID LOCATIONS VIA OPEN-METEO AND SPATIALLY WEIGHTED OVER THE TEHRI CATCHMENT.
2024-08-30 18:00:00+00:00,0.006,0.0,0.0,ERA5-LAND HOURLY PRECIPITATION SAMPLED AT NEAREST MODEL-GRID LOCATIONS VIA OPEN-METEO AND SPATIALLY WEIGHTED OVER THE TEHRI CATCHMENT.
2024-08-30 19:00:00+00:00,0.003,0.0,0.0,ERA5-LAND HOURLY PRECIPITATION SAMPLED AT NEAREST MODEL-GRID LOCATIONS VIA OPEN-METEO AND SPATIALLY WEIGHTED OVER THE TEHRI CATCHMENT.
2024-08-30 20:00:00+00:00,0.001,0.0,0.0,ERA5-LAND HOURLY PRECIPITATION SAMPLED AT NEAREST MODEL-GRID LOCATIONS VIA OPEN-METEO AND SPATIALLY WEIGHTED OVER THE TEHRI CATCHMENT.
2024-08-30 21:00:00+00:00,0.001,0.0,0.0,ERA5-LAND HOURLY PRECIPITATION SAMPLED AT NEAREST MODEL-GRID LOCATIONS VIA OPEN-METEO AND SPATIALLY WEIGHTED OVER THE TEHRI CATCHMENT.
2024-08-30 22:00:00+00:00,0.0,0.0,0.0,ERA5-LAND HOURLY PRECIPITATION SAMPLED AT NEAREST MODEL-GRID LOCATIONS VIA OPEN-METEO AND SPATIALLY WEIGHTED OVER THE TEHRI CATCHMENT.
2024-08-30 23:00:00+00:00,0.0,0.0,0.0,ERA5-LAND HOURLY PRECIPITATION SAMPLED AT NEAREST MODEL-GRID LOCATIONS VIA OPEN-METEO AND SPATIALLY WEIGHTED OVER THE TEHRI CATCHMENT.
2024-08-31 00:00:00+00:00,0.0,0.0,0.0,ERA5-LAND HOURLY PRECIPITATION SAMPLED AT NEAREST MODEL-GRID LOCATIONS VIA OPEN-METEO AND SPATIALLY WEIGHTED OVER THE TEHRI CATCHMENT.
2024-08-31 01:00:00+00:00,0.011,0.0,0.0,ERA5-LAND HOURLY PRECIPITATION SAMPLED AT NEAREST MODEL-GRID LOCATIONS VIA OPEN-METEO AND SPATIALLY WEIGHTED OVER THE TEHRI CATCHMENT.
2024-08-31 02:00:00+00:00,0.0,0.0,0.0,ERA5-LAND HOURLY PRECIPITATION SAMPLED AT NEAREST MODEL-GRID LOCATIONS VIA OPEN-METEO AND SPATIALLY WEIGHTED OVER THE TEHRI CATCHMENT.
2024-08-31 03:00:00+00:00,0.0,0.0,0.0,ERA5-LAND HOURLY PRECIPITATION SAMPLED AT NEAREST MODEL-GRID LOCATIONS VIA OPEN-METEO AND SPATIALLY WEIGHTED OVER THE TEHRI CATCHMENT.
2024-08-31 04:00:00+00:00,0.012,0.0,0.0,ERA5-LAND HOURLY PRECIPITATION SAMPLED AT NEAREST MODEL-GRID LOCATIONS VIA OPEN-METEO AND SPATIALLY WEIGHTED OVER THE TEHRI CATCHMENT.
2024-08-31 05:00:00+00:00,0.08,0.011,0.002,ERA5-LAND HOURLY PRECIPITATION SAMPLED AT NEAREST MODEL-GRID LOCATIONS VIA OPEN-METEO AND SPATIALLY WEIGHTED OVER THE TEHRI CATCHMENT.
2024-08-31 06:00:00+00:00,0.164,0.103,0.01,ERA5-LAND HOURLY PRECIPITATION SAMPLED AT NEAREST MODEL-GRID LOCATIONS VIA OPEN-METEO AND SPATIALLY WEIGHTED OVER THE TEHRI CATCHMENT.
2024-08-31 07:00:00+00:00,0.273,0.15,0.031,ERA5-LAND HOURLY PRECIPITATION SAMPLED AT NEAREST MODEL-GRID LOCATIONS VIA OPEN-METEO AND SPATIALLY WEIGHTED OVER THE TEHRI CATCHMENT.
2024-08-31 08:00:00+00:00,0.208,0.237,0.027,ERA5-LAND HOURLY PRECIPITATION SAMPLED AT NEAREST MODEL-GRID LOCATIONS VIA OPEN-METEO AND SPATIALLY WEIGHTED OVER THE TEHRI CATCHMENT.
2024-08-31 09:00:00+00:00,0.272,0.233,0.03,ERA5-LAND HOURLY PRECIPITATION SAMPLED AT NEAREST MODEL-GRID LOCATIONS VIA OPEN-METEO AND SPATIALLY WEIGHTED OVER THE TEHRI CATCHMENT.
2024-08-31 10:00:00+00:00,0.265,0.165,0.032,ERA5-LAND HOURLY PRECIPITATION SAMPLED AT NEAREST MODEL-GRID LOCATIONS VIA OPEN-METEO AND SPATIALLY WEIGHTED OVER THE TEHRI CATCHMENT.
2024-08-31 11:00:00+00:00,0.15,0.105,0.088,ERA5-LAND HOURLY PRECIPITATION SAMPLED AT NEAREST MODEL-GRID LOCATIONS VIA OPEN-METEO AND SPATIALLY WEIGHTED OVER THE TEHRI CATCHMENT.
2024-08-31 12:00:00+00:00,0.038,0.028,0.037,ERA5-LAND HOURLY PRECIPITATION SAMPLED AT NEAREST MODEL-GRID LOCATIONS VIA OPEN-METEO AND SPATIALLY WEIGHTED OVER THE TEHRI CATCHMENT.
2024-08-31 13:00:00+00:00,0.001,0.031,0.0,ERA5-LAND HOURLY PRECIPITATION SAMPLED AT NEAREST MODEL-GRID LOCATIONS VIA OPEN-METEO AND SPATIALLY WEIGHTED OVER THE TEHRI CATCHMENT.
2024-08-31 14:00:00+00:00,0.031,0.104,0.069,ERA5-LAND HOURLY PRECIPITATION SAMPLED AT NEAREST MODEL-GRID LOCATIONS VIA OPEN-METEO AND SPATIALLY WEIGHTED OVER THE TEHRI CATCHMENT.
2024-08-31 15:00:00+00:00,0.034,0.211,0.093,ERA5-LAND HOURLY PRECIPITATION SAMPLED AT NEAREST MODEL-GRID LOCATIONS VIA OPEN-METEO AND SPATIALLY WEIGHTED OVER THE TEHRI CATCHMENT.
2024-08-31 16:00:00+00:00,0.011,0.006,0.02,ERA5-LAND HOURLY PRECIPITATION SAMPLED AT NEAREST MODEL-GRID LOCATIONS VIA OPEN-METEO AND SPATIALLY WEIGHTED OVER THE TEHRI CATCHMENT.
2024-08-31 17:00:00+00:00,0.006,0.0,0.0,ERA5-LAND HOURLY PRECIPITATION SAMPLED AT NEAREST MODEL-GRID LOCATIONS VIA OPEN-METEO AND SPATIALLY WEIGHTED OVER THE TEHRI CATCHMENT.
2024-08-31 18:00:00+00:00,0.0,0.0,0.0,ERA5-LAND HOURLY PRECIPITATION SAMPLED AT NEAREST MODEL-GRID LOCATIONS VIA OPEN-METEO AND SPATIALLY WEIGHTED OVER THE TEHRI CATCHMENT.
2024-08-31 19:00:00+00:00,0.0,0.0,0.0,ERA5-LAND HOURLY PRECIPITATION SAMPLED AT NEAREST MODEL-GRID LOCATIONS VIA OPEN-METEO AND SPATIALLY WEIGHTED OVER THE TEHRI CATCHMENT.
2024-08-31 20:00:00+00:00,0.0,0.006,0.0,ERA5-LAND HOURLY PRECIPITATION SAMPLED AT NEAREST MODEL-GRID LOCATIONS VIA OPEN-METEO AND SPATIALLY WEIGHTED OVER THE TEHRI CATCHMENT.
2024-08-31 21:00:00+00:00,0.0,0.005,0.0,ERA5-LAND HOURLY PRECIPITATION SAMPLED AT NEAREST MODEL-GRID LOCATIONS VIA OPEN-METEO AND SPATIALLY WEIGHTED OVER THE TEHRI CATCHMENT.
2024-08-31 22:00:00+00:00,0.0,0.005,0.0,ERA5-LAND HOURLY PRECIPITATION SAMPLED AT NEAREST MODEL-GRID LOCATIONS VIA OPEN-METEO AND SPATIALLY WEIGHTED OVER THE TEHRI CATCHMENT.
2024-08-31 23:00:00+00:00,0.0,0.005,0.0,ERA5-LAND HOURLY PRECIPITATION SAMPLED AT NEAREST MODEL-GRID LOCATIONS VIA OPEN-METEO AND SPATIALLY WEIGHTED OVER THE TEHRI CATCHMENT.
2024-09-01 00:00:00+00:00,0.0,0.069,0.008,ERA5-LAND HOURLY PRECIPITATION SAMPLED AT NEAREST MODEL-GRID LOCATIONS VIA OPEN-METEO AND SPATIALLY WEIGHTED OVER THE TEHRI CATCHMENT.
2024-09-01 01:00:00+00:00,0.003,0.147,0.095,ERA5-LAND HOURLY PRECIPITATION SAMPLED AT NEAREST MODEL-GRID LOCATIONS VIA OPEN-METEO AND SPATIALLY WEIGHTED OVER THE TEHRI CATCHMENT.
2024-09-01 02:00:00+00:00,0.004,0.088,0.04,ERA5-LAND HOURLY PRECIPITATION SAMPLED AT NEAREST MODEL-GRID LOCATIONS VIA OPEN-METEO AND SPATIALLY WEIGHTED OVER THE TEHRI CATCHMENT.
2024-09-01 03:00:00+00:00,0.003,0.12,0.088,ERA5-LAND HOURLY PRECIPITATION SAMPLED AT NEAREST MODEL-GRID LOCATIONS VIA OPEN-METEO AND SPATIALLY WEIGHTED OVER THE TEHRI CATCHMENT.
2024-09-01 04:00:00+00:00,0.004,0.075,0.058,ERA5-LAND HOURLY PRECIPITATION SAMPLED AT NEAREST MODEL-GRID LOCATIONS VIA OPEN-METEO AND SPATIALLY WEIGHTED OVER THE TEHRI CATCHMENT.
2024-09-01 05:00:00+00:00,0.03,0.131,0.046,ERA5-LAND HOURLY PRECIPITATION SAMPLED AT NEAREST MODEL-GRID LOCATIONS VIA OPEN-METEO AND SPATIALLY WEIGHTED OVER THE TEHRI CATCHMENT.
2024-09-01 06:00:00+00:00,0.074,0.225,0.106,ERA5-LAND HOURLY PRECIPITATION SAMPLED AT NEAREST MODEL-GRID LOCATIONS VIA OPEN-METEO AND SPATIALLY WEIGHTED OVER THE TEHRI CATCHMENT.
2024-09-01 07:00:00+00:00,0.156,0.361,0.159,ERA5-LAND HOURLY PRECIPITATION SAMPLED AT NEAREST MODEL-GRID LOCATIONS VIA OPEN-METEO AND SPATIALLY WEIGHTED OVER THE TEHRI CATCHMENT.
2024-09-01 08:00:00+00:00,0.275,0.66,0.441,ERA5-LAND HOURLY PRECIPITATION SAMPLED AT NEAREST MODEL-GRID LOCATIONS VIA OPEN-METEO AND SPATIALLY WEIGHTED OVER THE TEHRI CATCHMENT.
2024-09-01 09:00:00+00:00,0.35,1.356,0.866,ERA5-LAND HOURLY PRECIPITATION SAMPLED AT NEAREST MODEL-GRID LOCATIONS VIA OPEN-METEO AND SPATIALLY WEIGHTED OVER THE TEHRI CATCHMENT.
2024-09-01 10:00:00+00:00,0.336,2.327,0.823,ERA5-LAND HOURLY PRECIPITATION SAMPLED AT NEAREST MODEL-GRID LOCATIONS VIA OPEN-METEO AND SPATIALLY WEIGHTED OVER THE TEHRI CATCHMENT.
2024-09-01 11:00:00+00:00,0.151,0.415,0.364,ERA5-LAND HOURLY PRECIPITATION SAMPLED AT NEAREST MODEL-GRID LOCATIONS VIA OPEN-METEO AND SPATIALLY WEIGHTED OVER THE TEHRI CATCHMENT.
2024-09-01 12:00:00+00:00,0.448,0.653,1.627,ERA5-LAND HOURLY PRECIPITATION SAMPLED AT NEAREST MODEL-GRID LOCATIONS VIA OPEN-METEO AND SPATIALLY WEIGHTED OVER THE TEHRI CATCHMENT.
2024-09-01 13:00:00+00:00,0.076,0.152,0.117,ERA5-LAND HOURLY PRECIPITATION SAMPLED AT NEAREST MODEL-GRID LOCATIONS VIA OPEN-METEO AND SPATIALLY WEIGHTED OVER THE TEHRI CATCHMENT.
2024-09-01 14:00:00+00:00,0.005,0.039,0.006,ERA5-LAND HOURLY PRECIPITATION SAMPLED AT NEAREST MODEL-GRID LOCATIONS VIA OPEN-METEO AND SPATIALLY WEIGHTED OVER THE TEHRI CATCHMENT.
2024-09-01 15:00:00+00:00,0.007,0.007,0.006,ERA5-LAND HOURLY PRECIPITATION SAMPLED AT NEAREST MODEL-GRID LOCATIONS VIA OPEN-METEO AND SPATIALLY WEIGHTED OVER THE TEHRI CATCHMENT.
2024-09-01 16:00:00+00:00,0.006,0.001,0.01,ERA5-LAND HOURLY PRECIPITATION SAMPLED AT NEAREST MODEL-GRID LOCATIONS VIA OPEN-METEO AND SPATIALLY WEIGHTED OVER THE TEHRI CATCHMENT.
2024-09-01 17:00:00+00:00,0.004,0.004,0.034,ERA5-LAND HOURLY PRECIPITATION SAMPLED AT NEAREST MODEL-GRID LOCATIONS VIA OPEN-METEO AND SPATIALLY WEIGHTED OVER THE TEHRI CATCHMENT.
2024-09-01 18:00:00+00:00,0.011,0.146,0.113,ERA5-LAND HOURLY PRECIPITATION SAMPLED AT NEAREST MODEL-GRID LOCATIONS VIA OPEN-METEO AND SPATIALLY WEIGHTED OVER THE TEHRI CATCHMENT.
2024-09-01 19:00:00+00:00,0.006,0.389,0.493,ERA5-LAND HOURLY PRECIPITATION SAMPLED AT NEAREST MODEL-GRID LOCATIONS VIA OPEN-METEO AND SPATIALLY WEIGHTED OVER THE TEHRI CATCHMENT.
2024-09-01 20:00:00+00:00,0.105,0.586,1.26,ERA5-LAND HOURLY PRECIPITATION SAMPLED AT NEAREST MODEL-GRID LOCATIONS VIA OPEN-METEO AND SPATIALLY WEIGHTED OVER THE TEHRI CATCHMENT.
2024-09-01 21:00:00+00:00,0.069,0.194,1.286,ERA5-LAND HOURLY PRECIPITATION SAMPLED AT NEAREST MODEL-GRID LOCATIONS VIA OPEN-METEO AND SPATIALLY WEIGHTED OVER THE TEHRI CATCHMENT.
2024-09-01 22:00:00+00:00,0.028,0.519,0.692,ERA5-LAND HOURLY PRECIPITATION SAMPLED AT NEAREST MODEL-GRID LOCATIONS VIA OPEN-METEO AND SPATIALLY WEIGHTED OVER THE TEHRI CATCHMENT.
2024-09-01 23:00:00+00:00,0.02,0.112,0.156,ERA5-LAND HOURLY PRECIPITATION SAMPLED AT NEAREST MODEL-GRID LOCATIONS VIA OPEN-METEO AND SPATIALLY WEIGHTED OVER THE TEHRI CATCHMENT.
2024-09-02 00:00:00+00:00,0.008,0.307,0.274,ERA5-LAND HOURLY PRECIPITATION SAMPLED AT NEAREST MODEL-GRID LOCATIONS VIA OPEN-METEO AND SPATIALLY WEIGHTED OVER THE TEHRI CATCHMENT.
2024-09-02 01:00:00+00:00,0.066,0.159,0.165,ERA5-LAND HOURLY PRECIPITATION SAMPLED AT NEAREST MODEL-GRID LOCATIONS VIA OPEN-METEO AND SPATIALLY WEIGHTED OVER THE TEHRI CATCHMENT.
2024-09-02 02:00:00+00:00,0.141,0.485,0.334,ERA5-LAND HOURLY PRECIPITATION SAMPLED AT NEAREST MODEL-GRID LOCATIONS VIA OPEN-METEO AND SPATIALLY WEIGHTED OVER THE TEHRI CATCHMENT.
2024-09-02 03:00:00+00:00,0.275,0.488,0.545,ERA5-LAND HOURLY PRECIPITATION SAMPLED AT NEAREST MODEL-GRID LOCATIONS VIA OPEN-METEO AND SPATIALLY WEIGHTED OVER THE TEHRI CATCHMENT.
2024-09-02 04:00:00+00:00,0.214,0.768,0.577,ERA5-LAND HOURLY PRECIPITATION SAMPLED AT NEAREST MODEL-GRID LOCATIONS VIA OPEN-METEO AND SPATIALLY WEIGHTED OVER THE TEHRI CATCHMENT.
2024-09-02 05:00:00+00:00,0.312,0.577,0.207,ERA5-LAND HOURLY PRECIPITATION SAMPLED AT NEAREST MODEL-GRID LOCATIONS VIA OPEN-METEO AND SPATIALLY WEIGHTED OVER THE TEHRI CATCHMENT.
2024-09-02 06:00:00+00:00,0.392,1.439,0.562,ERA5-LAND HOURLY PRECIPITATION SAMPLED AT NEAREST MODEL-GRID LOCATIONS VIA OPEN-METEO AND SPATIALLY WEIGHTED OVER THE TEHRI CATCHMENT.
2024-09-02 07:00:00+00:00,0.853,2.821,1.7,ERA5-LAND HOURLY PRECIPITATION SAMPLED AT NEAREST MODEL-GRID LOCATIONS VIA OPEN-METEO AND SPATIALLY WEIGHTED OVER THE TEHRI CATCHMENT.
2024-09-02 08:00:00+00:00,1.008,1.649,1.871,ERA5-LAND HOURLY PRECIPITATION SAMPLED AT NEAREST MODEL-GRID LOCATIONS VIA OPEN-METEO AND SPATIALLY WEIGHTED OVER THE TEHRI CATCHMENT.
2024-09-02 09:00:00+00:00,0.999,1.267,1.899,ERA5-LAND HOURLY PRECIPITATION SAMPLED AT NEAREST MODEL-GRID LOCATIONS VIA OPEN-METEO AND SPATIALLY WEIGHTED OVER THE TEHRI CATCHMENT.
2024-09-02 10:00:00+00:00,0.73,1.714,2.221,ERA5-LAND HOURLY PRECIPITATION SAMPLED AT NEAREST MODEL-GRID LOCATIONS VIA OPEN-METEO AND SPATIALLY WEIGHTED OVER THE TEHRI CATCHMENT.
2024-09-02 11:00:00+00:00,0.407,0.988,1.623,ERA5-LAND HOURLY PRECIPITATION SAMPLED AT NEAREST MODEL-GRID LOCATIONS VIA OPEN-METEO AND SPATIALLY WEIGHTED OVER THE TEHRI CATCHMENT.
2024-09-02 12:00:00+00:00,0.213,1.074,0.824,ERA5-LAND HOURLY PRECIPITATION SAMPLED AT NEAREST MODEL-GRID LOCATIONS VIA OPEN-METEO AND SPATIALLY WEIGHTED OVER THE TEHRI CATCHMENT.
2024-09-02 13:00:00+00:00,0.014,0.015,0.004,ERA5-LAND HOURLY PRECIPITATION SAMPLED AT NEAREST MODEL-GRID LOCATIONS VIA OPEN-METEO AND SPATIALLY WEIGHTED OVER THE TEHRI CATCHMENT.
2024-09-02 14:00:00+00:00,0.015,0.02,0.011,ERA5-LAND HOURLY PRECIPITATION SAMPLED AT NEAREST MODEL-GRID LOCATIONS VIA OPEN-METEO AND SPATIALLY WEIGHTED OVER THE TEHRI CATCHMENT.
2024-09-02 15:00:00+00:00,0.04,0.024,0.005,ERA5-LAND HOURLY PRECIPITATION SAMPLED AT NEAREST MODEL-GRID LOCATIONS VIA OPEN-METEO AND SPATIALLY WEIGHTED OVER THE TEHRI CATCHMENT.
2024-09-02 16:00:00+00:00,0.136,0.138,0.012,ERA5-LAND HOURLY PRECIPITATION SAMPLED AT NEAREST MODEL-GRID LOCATIONS VIA OPEN-METEO AND SPATIALLY WEIGHTED OVER THE TEHRI CATCHMENT.
2024-09-02 17:00:00+00:00,0.335,0.213,0.019,ERA5-LAND HOURLY PRECIPITATION SAMPLED AT NEAREST MODEL-GRID LOCATIONS VIA OPEN-METEO AND SPATIALLY WEIGHTED OVER THE TEHRI CATCHMENT.
2024-09-02 18:00:00+00:00,0.602,0.406,0.049,ERA5-LAND HOURLY PRECIPITATION SAMPLED AT NEAREST MODEL-GRID LOCATIONS VIA OPEN-METEO AND SPATIALLY WEIGHTED OVER THE TEHRI CATCHMENT.
2024-09-02 19:00:00+00:00,0.759,0.676,0.459,ERA5-LAND HOURLY PRECIPITATION SAMPLED AT NEAREST MODEL-GRID LOCATIONS VIA OPEN-METEO AND SPATIALLY WEIGHTED OVER THE TEHRI CATCHMENT.
2024-09-02 20:00:00+00:00,0.74,1.533,3.18,ERA5-LAND HOURLY PRECIPITATION SAMPLED AT NEAREST MODEL-GRID LOCATIONS VIA OPEN-METEO AND SPATIALLY WEIGHTED OVER THE TEHRI CATCHMENT.
2024-09-02 21:00:00+00:00,0.627,1.855,1.691,ERA5-LAND HOURLY PRECIPITATION SAMPLED AT NEAREST MODEL-GRID LOCATIONS VIA OPEN-METEO AND SPATIALLY WEIGHTED OVER THE TEHRI CATCHMENT.
2024-09-02 22:00:00+00:00,0.521,1.934,1.42,ERA5-LAND HOURLY PRECIPITATION SAMPLED AT NEAREST MODEL-GRID LOCATIONS VIA OPEN-METEO AND SPATIALLY WEIGHTED OVER THE TEHRI CATCHMENT.
2024-09-02 23:00:00+00:00,0.407,1.443,1.802,ERA5-LAND HOURLY PRECIPITATION SAMPLED AT NEAREST MODEL-GRID LOCATIONS VIA OPEN-METEO AND SPATIALLY WEIGHTED OVER THE TEHRI CATCHMENT.
2024-09-03 00:00:00+00:00,0.26,0.734,0.841,ERA5-LAND HOURLY PRECIPITATION SAMPLED AT NEAREST MODEL-GRID LOCATIONS VIA OPEN-METEO AND SPATIALLY WEIGHTED OVER THE TEHRI CATCHMENT.
2024-09-03 01:00:00+00:00,0.587,1.729,3.573,ERA5-LAND HOURLY PRECIPITATION SAMPLED AT NEAREST MODEL-GRID LOCATIONS VIA OPEN-METEO AND SPATIALLY WEIGHTED OVER THE TEHRI CATCHMENT.
2024-09-03 02:00:00+00:00,0.508,1.025,1.262,ERA5-LAND HOURLY PRECIPITATION SAMPLED AT NEAREST MODEL-GRID LOCATIONS VIA OPEN-METEO AND SPATIALLY WEIGHTED OVER THE TEHRI CATCHMENT.
2024-09-03 03:00:00+00:00,0.389,0.444,0.299,ERA5-LAND HOURLY PRECIPITATION SAMPLED AT NEAREST MODEL-GRID LOCATIONS VIA OPEN-METEO AND SPATIALLY WEIGHTED OVER THE TEHRI CATCHMENT.
2024-09-03 04:00:00+00:00,0.242,0.164,0.206,ERA5-LAND HOURLY PRECIPITATION SAMPLED AT NEAREST MODEL-GRID LOCATIONS VIA OPEN-METEO AND SPATIALLY WEIGHTED OVER THE TEHRI CATCHMENT.
2024-09-03 05:00:00+00:00,0.307,0.143,0.198,ERA5-LAND HOURLY PRECIPITATION SAMPLED AT NEAREST MODEL-GRID LOCATIONS VIA OPEN-METEO AND SPATIALLY WEIGHTED OVER THE TEHRI CATCHMENT.
2024-09-03 06:00:00+00:00,0.28,0.127,0.088,ERA5-LAND HOURLY PRECIPITATION SAMPLED AT NEAREST MODEL-GRID LOCATIONS VIA OPEN-METEO AND SPATIALLY WEIGHTED OVER THE TEHRI CATCHMENT.
2024-09-03 07:00:00+00:00,0.231,0.358,0.064,ERA5-LAND HOURLY PRECIPITATION SAMPLED AT NEAREST MODEL-GRID LOCATIONS VIA OPEN-METEO AND SPATIALLY WEIGHTED OVER THE TEHRI CATCHMENT.
2024-09-03 08:00:00+00:00,0.443,2.227,0.405,ERA5-LAND HOURLY PRECIPITATION SAMPLED AT NEAREST MODEL-GRID LOCATIONS VIA OPEN-METEO AND SPATIALLY WEIGHTED OVER THE TEHRI CATCHMENT.
2024-09-03 09:00:00+00:00,0.953,3.605,0.527,ERA5-LAND HOURLY PRECIPITATION SAMPLED AT NEAREST MODEL-GRID LOCATIONS VIA OPEN-METEO AND SPATIALLY WEIGHTED OVER THE TEHRI CATCHMENT.
2024-09-03 10:00:00+00:00,0.546,0.559,0.713,ERA5-LAND HOURLY PRECIPITATION SAMPLED AT NEAREST MODEL-GRID LOCATIONS VIA OPEN-METEO AND SPATIALLY WEIGHTED OVER THE TEHRI CATCHMENT.
2024-09-03 11:00:00+00:00,0.242,0.173,0.218,ERA5-LAND HOURLY PRECIPITATION SAMPLED AT NEAREST MODEL-GRID LOCATIONS VIA OPEN-METEO AND SPATIALLY WEIGHTED OVER THE TEHRI CATCHMENT.
2024-09-03 12:00:00+00:00,0.048,0.045,0.096,ERA5-LAND HOURLY PRECIPITATION SAMPLED AT NEAREST MODEL-GRID LOCATIONS VIA OPEN-METEO AND SPATIALLY WEIGHTED OVER THE TEHRI CATCHMENT.
2024-09-03 13:00:00+00:00,0.264,0.6,1.365,ERA5-LAND HOURLY PRECIPITATION SAMPLED AT NEAREST MODEL-GRID LOCATIONS VIA OPEN-METEO AND SPATIALLY WEIGHTED OVER THE TEHRI CATCHMENT.
2024-09-03 14:00:00+00:00,0.29,0.817,2.775,ERA5-LAND HOURLY PRECIPITATION SAMPLED AT NEAREST MODEL-GRID LOCATIONS VIA OPEN-METEO AND SPATIALLY WEIGHTED OVER THE TEHRI CATCHMENT.
2024-09-03 15:00:00+00:00,0.124,1.025,0.62,ERA5-LAND HOURLY PRECIPITATION SAMPLED AT NEAREST MODEL-GRID LOCATIONS VIA OPEN-METEO AND SPATIALLY WEIGHTED OVER THE TEHRI CATCHMENT.
2024-09-03 16:00:00+00:00,0.078,0.57,0.311,ERA5-LAND HOURLY PRECIPITATION SAMPLED AT NEAREST MODEL-GRID LOCATIONS VIA OPEN-METEO AND SPATIALLY WEIGHTED OVER THE TEHRI CATCHMENT.
2024-09-03 17:00:00+00:00,0.116,0.486,0.57,ERA5-LAND HOURLY PRECIPITATION SAMPLED AT NEAREST MODEL-GRID LOCATIONS VIA OPEN-METEO AND SPATIALLY WEIGHTED OVER THE TEHRI CATCHMENT.
2024-09-03 18:00:00+00:00,0.122,0.524,0.378,ERA5-LAND HOURLY PRECIPITATION SAMPLED AT NEAREST MODEL-GRID LOCATIONS VIA OPEN-METEO AND SPATIALLY WEIGHTED OVER THE TEHRI CATCHMENT.
2024-09-03 19:00:00+00:00,0.065,0.211,0.189,ERA5-LAND HOURLY PRECIPITATION SAMPLED AT NEAREST MODEL-GRID LOCATIONS VIA OPEN-METEO AND SPATIALLY WEIGHTED OVER THE TEHRI CATCHMENT.
2024-09-03 20:00:00+00:00,0.041,0.032,0.03,ERA5-LAND HOURLY PRECIPITATION SAMPLED AT NEAREST MODEL-GRID LOCATIONS VIA OPEN-METEO AND SPATIALLY WEIGHTED OVER THE TEHRI CATCHMENT.
2024-09-03 21:00:00+00:00,0.03,0.006,0.003,ERA5-LAND HOURLY PRECIPITATION SAMPLED AT NEAREST MODEL-GRID LOCATIONS VIA OPEN-METEO AND SPATIALLY WEIGHTED OVER THE TEHRI CATCHMENT.
2024-09-03 22:00:00+00:00,0.037,0.042,0.003,ERA5-LAND HOURLY PRECIPITATION SAMPLED AT NEAREST MODEL-GRID LOCATIONS VIA OPEN-METEO AND SPATIALLY WEIGHTED OVER THE TEHRI CATCHMENT.
2024-09-03 23:00:00+00:00,0.077,0.266,0.014,ERA5-LAND HOURLY PRECIPITATION SAMPLED AT NEAREST MODEL-GRID LOCATIONS VIA OPEN-METEO AND SPATIALLY WEIGHTED OVER THE TEHRI CATCHMENT.
2024-09-04 00:00:00+00:00,0.07,0.759,0.043,ERA5-LAND HOURLY PRECIPITATION SAMPLED AT NEAREST MODEL-GRID LOCATIONS VIA OPEN-METEO AND SPATIALLY WEIGHTED OVER THE TEHRI CATCHMENT.
2024-09-04 01:00:00+00:00,0.044,0.193,1.919,ERA5-LAND HOURLY PRECIPITATION SAMPLED AT NEAREST MODEL-GRID LOCATIONS VIA OPEN-METEO AND SPATIALLY WEIGHTED OVER THE TEHRI CATCHMENT.
2024-09-04 02:00:00+00:00,0.008,0.092,0.96,ERA5-LAND HOURLY PRECIPITATION SAMPLED AT NEAREST MODEL-GRID LOCATIONS VIA OPEN-METEO AND SPATIALLY WEIGHTED OVER THE TEHRI CATCHMENT.
2024-09-04 03:00:00+00:00,0.019,0.12,0.419,ERA5-LAND HOURLY PRECIPITATION SAMPLED AT NEAREST MODEL-GRID LOCATIONS VIA OPEN-METEO AND SPATIALLY WEIGHTED OVER THE TEHRI CATCHMENT.
2024-09-04 04:00:00+00:00,0.143,0.256,0.338,ERA5-LAND HOURLY PRECIPITATION SAMPLED AT NEAREST MODEL-GRID LOCATIONS VIA OPEN-METEO AND SPATIALLY WEIGHTED OVER THE TEHRI CATCHMENT.
2024-09-04 05:00:00+00:00,0.187,0.291,0.513,ERA5-LAND HOURLY PRECIPITATION SAMPLED AT NEAREST MODEL-GRID LOCATIONS VIA OPEN-METEO AND SPATIALLY WEIGHTED OVER THE TEHRI CATCHMENT.
2024-09-04 06:00:00+00:00,0.732,1.877,0.66,ERA5-LAND HOURLY PRECIPITATION SAMPLED AT NEAREST MODEL-GRID LOCATIONS VIA OPEN-METEO AND SPATIALLY WEIGHTED OVER THE TEHRI CATCHMENT.
2024-09-04 07:00:00+00:00,0.748,0.504,0.292,ERA5-LAND HOURLY PRECIPITATION SAMPLED AT NEAREST MODEL-GRID LOCATIONS VIA OPEN-METEO AND SPATIALLY WEIGHTED OVER THE TEHRI CATCHMENT.
2024-09-04 08:00:00+00:00,0.772,0.462,0.778,ERA5-LAND HOURLY PRECIPITATION SAMPLED AT NEAREST MODEL-GRID LOCATIONS VIA OPEN-METEO AND SPATIALLY WEIGHTED OVER THE TEHRI CATCHMENT.
2024-09-04 09:00:00+00:00,0.491,1.621,1.627,ERA5-LAND HOURLY PRECIPITATION SAMPLED AT NEAREST MODEL-GRID LOCATIONS VIA OPEN-METEO AND SPATIALLY WEIGHTED OVER THE TEHRI CATCHMENT.
2024-09-04 10:00:00+00:00,0.233,0.419,0.355,ERA5-LAND HOURLY PRECIPITATION SAMPLED AT NEAREST MODEL-GRID LOCATIONS VIA OPEN-METEO AND SPATIALLY WEIGHTED OVER THE TEHRI CATCHMENT.
2024-09-04 11:00:00+00:00,0.141,0.193,0.095,ERA5-LAND HOURLY PRECIPITATION SAMPLED AT NEAREST MODEL-GRID LOCATIONS VIA OPEN-METEO AND SPATIALLY WEIGHTED OVER THE TEHRI CATCHMENT.
2024-09-04 12:00:00+00:00,0.025,0.02,0.006,ERA5-LAND HOURLY PRECIPITATION SAMPLED AT NEAREST MODEL-GRID LOCATIONS VIA OPEN-METEO AND SPATIALLY WEIGHTED OVER THE TEHRI CATCHMENT.
2024-09-04 13:00:00+00:00,0.001,0.023,0.003,ERA5-LAND HOURLY PRECIPITATION SAMPLED AT NEAREST MODEL-GRID LOCATIONS VIA OPEN-METEO AND SPATIALLY WEIGHTED OVER THE TEHRI CATCHMENT.
2024-09-04 14:00:00+00:00,0.0,0.002,0.008,ERA5-LAND HOURLY PRECIPITATION SAMPLED AT NEAREST MODEL-GRID LOCATIONS VIA OPEN-METEO AND SPATIALLY WEIGHTED OVER THE TEHRI CATCHMENT.
2024-09-04 15:00:00+00:00,0.003,0.011,0.001,ERA5-LAND HOURLY PRECIPITATION SAMPLED AT NEAREST MODEL-GRID LOCATIONS VIA OPEN-METEO AND SPATIALLY WEIGHTED OVER THE TEHRI CATCHMENT.
2024-09-04 16:00:00+00:00,0.0,0.037,0.002,ERA5-LAND HOURLY PRECIPITATION SAMPLED AT NEAREST MODEL-GRID LOCATIONS VIA OPEN-METEO AND SPATIALLY WEIGHTED OVER THE TEHRI CATCHMENT.
2024-09-04 17:00:00+00:00,0.0,0.023,0.001,ERA5-LAND HOURLY PRECIPITATION SAMPLED AT NEAREST MODEL-GRID LOCATIONS VIA OPEN-METEO AND SPATIALLY WEIGHTED OVER THE TEHRI CATCHMENT.
2024-09-04 18:00:00+00:00,0.0,0.009,0.0,ERA5-LAND HOURLY PRECIPITATION SAMPLED AT NEAREST MODEL-GRID LOCATIONS VIA OPEN-METEO AND SPATIALLY WEIGHTED OVER THE TEHRI CATCHMENT.
2024-09-04 19:00:00+00:00,0.0,0.003,0.001,ERA5-LAND HOURLY PRECIPITATION SAMPLED AT NEAREST MODEL-GRID LOCATIONS VIA OPEN-METEO AND SPATIALLY WEIGHTED OVER THE TEHRI CATCHMENT.
2024-09-04 20:00:00+00:00,0.005,0.017,0.022,ERA5-LAND HOURLY PRECIPITATION SAMPLED AT NEAREST MODEL-GRID LOCATIONS VIA OPEN-METEO AND SPATIALLY WEIGHTED OVER THE TEHRI CATCHMENT.
2024-09-04 21:00:00+00:00,0.002,0.01,0.072,ERA5-LAND HOURLY PRECIPITATION SAMPLED AT NEAREST MODEL-GRID LOCATIONS VIA OPEN-METEO AND SPATIALLY WEIGHTED OVER THE TEHRI CATCHMENT.
2024-09-04 22:00:00+00:00,0.003,0.012,0.024,ERA5-LAND HOURLY PRECIPITATION SAMPLED AT NEAREST MODEL-GRID LOCATIONS VIA OPEN-METEO AND SPATIALLY WEIGHTED OVER THE TEHRI CATCHMENT.
2024-09-04 23:00:00+00:00,0.0,0.001,0.005,ERA5-LAND HOURLY PRECIPITATION SAMPLED AT NEAREST MODEL-GRID LOCATIONS VIA OPEN-METEO AND SPATIALLY WEIGHTED OVER THE TEHRI CATCHMENT.
2024-09-05 00:00:00+00:00,0.0,0.0,0.0,ERA5-LAND HOURLY PRECIPITATION SAMPLED AT NEAREST MODEL-GRID LOCATIONS VIA OPEN-METEO AND SPATIALLY WEIGHTED OVER THE TEHRI CATCHMENT.
2024-09-05 01:00:00+00:00,0.016,0.054,0.458,ERA5-LAND HOURLY PRECIPITATION SAMPLED AT NEAREST MODEL-GRID LOCATIONS VIA OPEN-METEO AND SPATIALLY WEIGHTED OVER THE TEHRI CATCHMENT.
2024-09-05 02:00:00+00:00,0.177,0.07,0.502,ERA5-LAND HOURLY PRECIPITATION SAMPLED AT NEAREST MODEL-GRID LOCATIONS VIA OPEN-METEO AND SPATIALLY WEIGHTED OVER THE TEHRI CATCHMENT.
2024-09-05 03:00:00+00:00,0.134,0.07,0.392,ERA5-LAND HOURLY PRECIPITATION SAMPLED AT NEAREST MODEL-GRID LOCATIONS VIA OPEN-METEO AND SPATIALLY WEIGHTED OVER THE TEHRI CATCHMENT.
2024-09-05 04:00:00+00:00,0.084,0.148,0.182,ERA5-LAND HOURLY PRECIPITATION SAMPLED AT NEAREST MODEL-GRID LOCATIONS VIA OPEN-METEO AND SPATIALLY WEIGHTED OVER THE TEHRI CATCHMENT.
2024-09-05 05:00:00+00:00,0.06,0.345,0.185,ERA5-LAND HOURLY PRECIPITATION SAMPLED AT NEAREST MODEL-GRID LOCATIONS VIA OPEN-METEO AND SPATIALLY WEIGHTED OVER THE TEHRI CATCHMENT.
2024-09-05 06:00:00+00:00,0.251,0.297,0.686,ERA5-LAND HOURLY PRECIPITATION SAMPLED AT NEAREST MODEL-GRID LOCATIONS VIA OPEN-METEO AND SPATIALLY WEIGHTED OVER THE TEHRI CATCHMENT.
2024-09-05 07:00:00+00:00,0.57,2.064,0.615,ERA5-LAND HOURLY PRECIPITATION SAMPLED AT NEAREST MODEL-GRID LOCATIONS VIA OPEN-METEO AND SPATIALLY WEIGHTED OVER THE TEHRI CATCHMENT.
2024-09-05 08:00:00+00:00,0.603,3.668,0.446,ERA5-LAND HOURLY PRECIPITATION SAMPLED AT NEAREST MODEL-GRID LOCATIONS VIA OPEN-METEO AND SPATIALLY WEIGHTED OVER THE TEHRI CATCHMENT.
2024-09-05 09:00:00+00:00,0.896,1.305,0.301,ERA5-LAND HOURLY PRECIPITATION SAMPLED AT NEAREST MODEL-GRID LOCATIONS VIA OPEN-METEO AND SPATIALLY WEIGHTED OVER THE TEHRI CATCHMENT.
2024-09-05 10:00:00+00:00,0.427,0.497,0.502,ERA5-LAND HOURLY PRECIPITATION SAMPLED AT NEAREST MODEL-GRID LOCATIONS VIA OPEN-METEO AND SPATIALLY WEIGHTED OVER THE TEHRI CATCHMENT.
2024-09-05 11:00:00+00:00,0.158,0.442,0.272,ERA5-LAND HOURLY PRECIPITATION SAMPLED AT NEAREST MODEL-GRID LOCATIONS VIA OPEN-METEO AND SPATIALLY WEIGHTED OVER THE TEHRI CATCHMENT.
2024-09-05 12:00:00+00:00,0.098,0.099,0.054,ERA5-LAND HOURLY PRECIPITATION SAMPLED AT NEAREST MODEL-GRID LOCATIONS VIA OPEN-METEO AND SPATIALLY WEIGHTED OVER THE TEHRI CATCHMENT.
2024-09-05 13:00:00+00:00,0.033,0.045,0.002,ERA5-LAND HOURLY PRECIPITATION SAMPLED AT NEAREST MODEL-GRID LOCATIONS VIA OPEN-METEO AND SPATIALLY WEIGHTED OVER THE TEHRI CATCHMENT.
2024-09-05 14:00:00+00:00,0.018,0.019,0.0,ERA5-LAND HOURLY PRECIPITATION SAMPLED AT NEAREST MODEL-GRID LOCATIONS VIA OPEN-METEO AND SPATIALLY WEIGHTED OVER THE TEHRI CATCHMENT.
2024-09-05 15:00:00+00:00,0.014,0.051,0.004,ERA5-LAND HOURLY PRECIPITATION SAMPLED AT NEAREST MODEL-GRID LOCATIONS VIA OPEN-METEO AND SPATIALLY WEIGHTED OVER THE TEHRI CATCHMENT.
2024-09-05 16:00:00+00:00,0.047,0.12,0.064,ERA5-LAND HOURLY PRECIPITATION SAMPLED AT NEAREST MODEL-GRID LOCATIONS VIA OPEN-METEO AND SPATIALLY WEIGHTED OVER THE TEHRI CATCHMENT.
2024-09-05 17:00:00+00:00,0.084,0.22,0.188,ERA5-LAND HOURLY PRECIPITATION SAMPLED AT NEAREST MODEL-GRID LOCATIONS VIA OPEN-METEO AND SPATIALLY WEIGHTED OVER THE TEHRI CATCHMENT.
2024-09-05 18:00:00+00:00,0.117,0.106,0.194,ERA5-LAND HOURLY PRECIPITATION SAMPLED AT NEAREST MODEL-GRID LOCATIONS VIA OPEN-METEO AND SPATIALLY WEIGHTED OVER THE TEHRI CATCHMENT.
2024-09-05 19:00:00+00:00,0.137,0.223,0.182,ERA5-LAND HOURLY PRECIPITATION SAMPLED AT NEAREST MODEL-GRID LOCATIONS VIA OPEN-METEO AND SPATIALLY WEIGHTED OVER THE TEHRI CATCHMENT.
2024-09-05 20:00:00+00:00,0.102,0.065,0.161,ERA5-LAND HOURLY PRECIPITATION SAMPLED AT NEAREST MODEL-GRID LOCATIONS VIA OPEN-METEO AND SPATIALLY WEIGHTED OVER THE TEHRI CATCHMENT.
2024-09-05 21:00:00+00:00,0.174,0.029,0.111,ERA5-LAND HOURLY PRECIPITATION SAMPLED AT NEAREST MODEL-GRID LOCATIONS VIA OPEN-METEO AND SPATIALLY WEIGHTED OVER THE TEHRI CATCHMENT.
2024-09-05 22:00:00+00:00,0.039,0.016,0.021,ERA5-LAND HOURLY PRECIPITATION SAMPLED AT NEAREST MODEL-GRID LOCATIONS VIA OPEN-METEO AND SPATIALLY WEIGHTED OVER THE TEHRI CATCHMENT.
2024-09-05 23:00:00+00:00,0.018,0.001,0.0,ERA5-LAND HOURLY PRECIPITATION SAMPLED AT NEAREST MODEL-GRID LOCATIONS VIA OPEN-METEO AND SPATIALLY WEIGHTED OVER THE TEHRI CATCHMENT.
2024-09-06 00:00:00+00:00,0.013,0.01,0.0,ERA5-LAND HOURLY PRECIPITATION SAMPLED AT NEAREST MODEL-GRID LOCATIONS VIA OPEN-METEO AND SPATIALLY WEIGHTED OVER THE TEHRI CATCHMENT.
2024-09-06 01:00:00+00:00,0.022,0.024,0.002,ERA5-LAND HOURLY PRECIPITATION SAMPLED AT NEAREST MODEL-GRID LOCATIONS VIA OPEN-METEO AND SPATIALLY WEIGHTED OVER THE TEHRI CATCHMENT.
2024-09-06 02:00:00+00:00,0.029,0.004,0.001,ERA5-LAND HOURLY PRECIPITATION SAMPLED AT NEAREST MODEL-GRID LOCATIONS VIA OPEN-METEO AND SPATIALLY WEIGHTED OVER THE TEHRI CATCHMENT.
2024-09-06 03:00:00+00:00,0.003,0.015,0.002,ERA5-LAND HOURLY PRECIPITATION SAMPLED AT NEAREST MODEL-GRID LOCATIONS VIA OPEN-METEO AND SPATIALLY WEIGHTED OVER THE TEHRI CATCHMENT.
2024-09-06 04:00:00+00:00,0.061,0.116,0.043,ERA5-LAND HOURLY PRECIPITATION SAMPLED AT NEAREST MODEL-GRID LOCATIONS VIA OPEN-METEO AND SPATIALLY WEIGHTED OVER THE TEHRI CATCHMENT.
2024-09-06 05:00:00+00:00,0.178,0.129,0.08,ERA5-LAND HOURLY PRECIPITATION SAMPLED AT NEAREST MODEL-GRID LOCATIONS VIA OPEN-METEO AND SPATIALLY WEIGHTED OVER THE TEHRI CATCHMENT.
2024-09-06 06:00:00+00:00,0.405,0.245,0.066,ERA5-LAND HOURLY PRECIPITATION SAMPLED AT NEAREST MODEL-GRID LOCATIONS VIA OPEN-METEO AND SPATIALLY WEIGHTED OVER THE TEHRI CATCHMENT.
2024-09-06 07:00:00+00:00,0.418,2.125,0.495,ERA5-LAND HOURLY PRECIPITATION SAMPLED AT NEAREST MODEL-GRID LOCATIONS VIA OPEN-METEO AND SPATIALLY WEIGHTED OVER THE TEHRI CATCHMENT.
2024-09-06 08:00:00+00:00,0.83,4.779,0.517,ERA5-LAND HOURLY PRECIPITATION SAMPLED AT NEAREST MODEL-GRID LOCATIONS VIA OPEN-METEO AND SPATIALLY WEIGHTED OVER THE TEHRI CATCHMENT.
2024-09-06 09:00:00+00:00,1.532,0.694,2.631,ERA5-LAND HOURLY PRECIPITATION SAMPLED AT NEAREST MODEL-GRID LOCATIONS VIA OPEN-METEO AND SPATIALLY WEIGHTED OVER THE TEHRI CATCHMENT.
2024-09-06 10:00:00+00:00,0.733,0.937,0.547,ERA5-LAND HOURLY PRECIPITATION SAMPLED AT NEAREST MODEL-GRID LOCATIONS VIA OPEN-METEO AND SPATIALLY WEIGHTED OVER THE TEHRI CATCHMENT.
2024-09-06 11:00:00+00:00,0.158,0.442,0.193,ERA5-LAND HOURLY PRECIPITATION SAMPLED AT NEAREST MODEL-GRID LOCATIONS VIA OPEN-METEO AND SPATIALLY WEIGHTED OVER THE TEHRI CATCHMENT.
2024-09-06 12:00:00+00:00,0.168,1.383,0.303,ERA5-LAND HOURLY PRECIPITATION SAMPLED AT NEAREST MODEL-GRID LOCATIONS VIA OPEN-METEO AND SPATIALLY WEIGHTED OVER THE TEHRI CATCHMENT.
2024-09-06 13:00:00+00:00,0.105,0.191,0.458,ERA5-LAND HOURLY PRECIPITATION SAMPLED AT NEAREST MODEL-GRID LOCATIONS VIA OPEN-METEO AND SPATIALLY WEIGHTED OVER THE TEHRI CATCHMENT.
2024-09-06 14:00:00+00:00,0.123,0.227,0.385,ERA5-LAND HOURLY PRECIPITATION SAMPLED AT NEAREST MODEL-GRID LOCATIONS VIA OPEN-METEO AND SPATIALLY WEIGHTED OVER THE TEHRI CATCHMENT.
2024-09-06 15:00:00+00:00,0.208,0.094,0.517,ERA5-LAND HOURLY PRECIPITATION SAMPLED AT NEAREST MODEL-GRID LOCATIONS VIA OPEN-METEO AND SPATIALLY WEIGHTED OVER THE TEHRI CATCHMENT.
2024-09-06 16:00:00+00:00,0.047,0.069,0.121,ERA5-LAND HOURLY PRECIPITATION SAMPLED AT NEAREST MODEL-GRID LOCATIONS VIA OPEN-METEO AND SPATIALLY WEIGHTED OVER THE TEHRI CATCHMENT.
2024-09-06 17:00:00+00:00,0.035,0.138,0.035,ERA5-LAND HOURLY PRECIPITATION SAMPLED AT NEAREST MODEL-GRID LOCATIONS VIA OPEN-METEO AND SPATIALLY WEIGHTED OVER THE TEHRI CATCHMENT.
2024-09-06 18:00:00+00:00,0.03,0.189,0.018,ERA5-LAND HOURLY PRECIPITATION SAMPLED AT NEAREST MODEL-GRID LOCATIONS VIA OPEN-METEO AND SPATIALLY WEIGHTED OVER THE TEHRI CATCHMENT.
2024-09-06 19:00:00+00:00,0.047,0.254,0.228,ERA5-LAND HOURLY PRECIPITATION SAMPLED AT NEAREST MODEL-GRID LOCATIONS VIA OPEN-METEO AND SPATIALLY WEIGHTED OVER THE TEHRI CATCHMENT.
2024-09-06 20:00:00+00:00,0.252,0.429,0.698,ERA5-LAND HOURLY PRECIPITATION SAMPLED AT NEAREST MODEL-GRID LOCATIONS VIA OPEN-METEO AND SPATIALLY WEIGHTED OVER THE TEHRI CATCHMENT.
2024-09-06 21:00:00+00:00,0.233,0.153,0.444,ERA5-LAND HOURLY PRECIPITATION SAMPLED AT NEAREST MODEL-GRID LOCATIONS VIA OPEN-METEO AND SPATIALLY WEIGHTED OVER THE TEHRI CATCHMENT.
2024-09-06 22:00:00+00:00,0.085,0.034,0.038,ERA5-LAND HOURLY PRECIPITATION SAMPLED AT NEAREST MODEL-GRID LOCATIONS VIA OPEN-METEO AND SPATIALLY WEIGHTED OVER THE TEHRI CATCHMENT.
2024-09-06 23:00:00+00:00,0.098,0.128,0.016,ERA5-LAND HOURLY PRECIPITATION SAMPLED AT NEAREST MODEL-GRID LOCATIONS VIA OPEN-METEO AND SPATIALLY WEIGHTED OVER THE TEHRI CATCHMENT.
2024-09-07 00:00:00+00:00,0.055,0.035,0.004,ERA5-LAND HOURLY PRECIPITATION SAMPLED AT NEAREST MODEL-GRID LOCATIONS VIA OPEN-METEO AND SPATIALLY WEIGHTED OVER THE TEHRI CATCHMENT.
2024-09-07 01:00:00+00:00,0.206,0.428,0.908,ERA5-LAND HOURLY PRECIPITATION SAMPLED AT NEAREST MODEL-GRID LOCATIONS VIA OPEN-METEO AND SPATIALLY WEIGHTED OVER THE TEHRI CATCHMENT.
2024-09-07 02:00:00+00:00,0.456,0.473,0.704,ERA5-LAND HOURLY PRECIPITATION SAMPLED AT NEAREST MODEL-GRID LOCATIONS VIA OPEN-METEO AND SPATIALLY WEIGHTED OVER THE TEHRI CATCHMENT.
2024-09-07 03:00:00+00:00,0.457,0.371,0.344,ERA5-LAND HOURLY PRECIPITATION SAMPLED AT NEAREST MODEL-GRID LOCATIONS VIA OPEN-METEO AND SPATIALLY WEIGHTED OVER THE TEHRI CATCHMENT.
2024-09-07 04:00:00+00:00,0.481,0.275,0.355,ERA5-LAND HOURLY PRECIPITATION SAMPLED AT NEAREST MODEL-GRID LOCATIONS VIA OPEN-METEO AND SPATIALLY WEIGHTED OVER THE TEHRI CATCHMENT.
2024-09-07 05:00:00+00:00,0.543,0.327,0.145,ERA5-LAND HOURLY PRECIPITATION SAMPLED AT NEAREST MODEL-GRID LOCATIONS VIA OPEN-METEO AND SPATIALLY WEIGHTED OVER THE TEHRI CATCHMENT.
2024-09-07 06:00:00+00:00,0.374,2.24,0.329,ERA5-LAND HOURLY PRECIPITATION SAMPLED AT NEAREST MODEL-GRID LOCATIONS VIA OPEN-METEO AND SPATIALLY WEIGHTED OVER THE TEHRI CATCHMENT.
2024-09-07 07:00:00+00:00,0.402,0.457,0.826,ERA5-LAND HOURLY PRECIPITATION SAMPLED AT NEAREST MODEL-GRID LOCATIONS VIA OPEN-METEO AND SPATIALLY WEIGHTED OVER THE TEHRI CATCHMENT.
2024-09-07 08:00:00+00:00,0.328,2.075,0.993,ERA5-LAND HOURLY PRECIPITATION SAMPLED AT NEAREST MODEL-GRID LOCATIONS VIA OPEN-METEO AND SPATIALLY WEIGHTED OVER THE TEHRI CATCHMENT.
2024-09-07 09:00:00+00:00,0.337,2.605,1.221,ERA5-LAND HOURLY PRECIPITATION SAMPLED AT NEAREST MODEL-GRID LOCATIONS VIA OPEN-METEO AND SPATIALLY WEIGHTED OVER THE TEHRI CATCHMENT.
2024-09-07 10:00:00+00:00,0.63,0.645,0.758,ERA5-LAND HOURLY PRECIPITATION SAMPLED AT NEAREST MODEL-GRID LOCATIONS VIA OPEN-METEO AND SPATIALLY WEIGHTED OVER THE TEHRI CATCHMENT.
2024-09-07 11:00:00+00:00,0.375,1.41,0.432,ERA5-LAND HOURLY PRECIPITATION SAMPLED AT NEAREST MODEL-GRID LOCATIONS VIA OPEN-METEO AND SPATIALLY WEIGHTED OVER THE TEHRI CATCHMENT.
2024-09-07 12:00:00+00:00,0.112,0.271,0.161,ERA5-LAND HOURLY PRECIPITATION SAMPLED AT NEAREST MODEL-GRID LOCATIONS VIA OPEN-METEO AND SPATIALLY WEIGHTED OVER THE TEHRI CATCHMENT.
2024-09-07 13:00:00+00:00,0.117,0.107,0.02,ERA5-LAND HOURLY PRECIPITATION SAMPLED AT NEAREST MODEL-GRID LOCATIONS VIA OPEN-METEO AND SPATIALLY WEIGHTED OVER THE TEHRI CATCHMENT.
2024-09-07 14:00:00+00:00,0.048,0.013,0.005,ERA5-LAND HOURLY PRECIPITATION SAMPLED AT NEAREST MODEL-GRID LOCATIONS VIA OPEN-METEO AND SPATIALLY WEIGHTED OVER THE TEHRI CATCHMENT.
2024-09-07 15:00:00+00:00,0.038,0.052,0.027,ERA5-LAND HOURLY PRECIPITATION SAMPLED AT NEAREST MODEL-GRID LOCATIONS VIA OPEN-METEO AND SPATIALLY WEIGHTED OVER THE TEHRI CATCHMENT.
2024-09-07 16:00:00+00:00,0.054,0.357,0.007,ERA5-LAND HOURLY PRECIPITATION SAMPLED AT NEAREST MODEL-GRID LOCATIONS VIA OPEN-METEO AND SPATIALLY WEIGHTED OVER THE TEHRI CATCHMENT.
2024-09-07 17:00:00+00:00,0.194,0.713,0.045,ERA5-LAND HOURLY PRECIPITATION SAMPLED AT NEAREST MODEL-GRID LOCATIONS VIA OPEN-METEO AND SPATIALLY WEIGHTED OVER THE TEHRI CATCHMENT.
2024-09-07 18:00:00+00:00,0.407,1.54,0.196,ERA5-LAND HOURLY PRECIPITATION SAMPLED AT NEAREST MODEL-GRID LOCATIONS VIA OPEN-METEO AND SPATIALLY WEIGHTED OVER THE TEHRI CATCHMENT.
2024-09-07 19:00:00+00:00,0.516,1.769,0.718,ERA5-LAND HOURLY PRECIPITATION SAMPLED AT NEAREST MODEL-GRID LOCATIONS VIA OPEN-METEO AND SPATIALLY WEIGHTED OVER THE TEHRI CATCHMENT.
2024-09-07 20:00:00+00:00,0.514,1.121,0.67,ERA5-LAND HOURLY PRECIPITATION SAMPLED AT NEAREST MODEL-GRID LOCATIONS VIA OPEN-METEO AND SPATIALLY WEIGHTED OVER THE TEHRI CATCHMENT.
2024-09-07 21:00:00+00:00,0.475,1.133,0.42,ERA5-LAND HOURLY PRECIPITATION SAMPLED AT NEAREST MODEL-GRID LOCATIONS VIA OPEN-METEO AND SPATIALLY WEIGHTED OVER THE TEHRI CATCHMENT.
2024-09-07 22:00:00+00:00,0.342,0.824,0.131,ERA5-LAND HOURLY PRECIPITATION SAMPLED AT NEAREST MODEL-GRID LOCATIONS VIA OPEN-METEO AND SPATIALLY WEIGHTED OVER THE TEHRI CATCHMENT.
2024-09-07 23:00:00+00:00,0.209,0.602,0.064,ERA5-LAND HOURLY PRECIPITATION SAMPLED AT NEAREST MODEL-GRID LOCATIONS VIA OPEN-METEO AND SPATIALLY WEIGHTED OVER THE TEHRI CATCHMENT.
2024-09-08 00:00:00+00:00,0.14,0.308,0.015,ERA5-LAND HOURLY PRECIPITATION SAMPLED AT NEAREST MODEL-GRID LOCATIONS VIA OPEN-METEO AND SPATIALLY WEIGHTED OVER THE TEHRI CATCHMENT.
2024-09-08 01:00:00+00:00,0.16,0.521,0.012,ERA5-LAND HOURLY PRECIPITATION SAMPLED AT NEAREST MODEL-GRID LOCATIONS VIA OPEN-METEO AND SPATIALLY WEIGHTED OVER THE TEHRI CATCHMENT.
2024-09-08 02:00:00+00:00,0.142,0.293,0.012,ERA5-LAND HOURLY PRECIPITATION SAMPLED AT NEAREST MODEL-GRID LOCATIONS VIA OPEN-METEO AND SPATIALLY WEIGHTED OVER THE TEHRI CATCHMENT.
2024-09-08 03:00:00+00:00,0.124,0.086,0.003,ERA5-LAND HOURLY PRECIPITATION SAMPLED AT NEAREST MODEL-GRID LOCATIONS VIA OPEN-METEO AND SPATIALLY WEIGHTED OVER THE TEHRI CATCHMENT.
2024-09-08 04:00:00+00:00,0.139,0.023,0.001,ERA5-LAND HOURLY PRECIPITATION SAMPLED AT NEAREST MODEL-GRID LOCATIONS VIA OPEN-METEO AND SPATIALLY WEIGHTED OVER THE TEHRI CATCHMENT.
2024-09-08 05:00:00+00:00,0.192,0.097,0.007,ERA5-LAND HOURLY PRECIPITATION SAMPLED AT NEAREST MODEL-GRID LOCATIONS VIA OPEN-METEO AND SPATIALLY WEIGHTED OVER THE TEHRI CATCHMENT.
2024-09-08 06:00:00+00:00,0.25,0.575,0.093,ERA5-LAND HOURLY PRECIPITATION SAMPLED AT NEAREST MODEL-GRID LOCATIONS VIA OPEN-METEO AND SPATIALLY WEIGHTED OVER THE TEHRI CATCHMENT.
2024-09-08 07:00:00+00:00,0.877,0.35,0.365,ERA5-LAND HOURLY PRECIPITATION SAMPLED AT NEAREST MODEL-GRID LOCATIONS VIA OPEN-METEO AND SPATIALLY WEIGHTED OVER THE TEHRI CATCHMENT.
2024-09-08 08:00:00+00:00,0.595,1.06,0.198,ERA5-LAND HOURLY PRECIPITATION SAMPLED AT NEAREST MODEL-GRID LOCATIONS VIA OPEN-METEO AND SPATIALLY WEIGHTED OVER THE TEHRI CATCHMENT.
2024-09-08 09:00:00+00:00,0.538,2.038,0.163,ERA5-LAND HOURLY PRECIPITATION SAMPLED AT NEAREST MODEL-GRID LOCATIONS VIA OPEN-METEO AND SPATIALLY WEIGHTED OVER THE TEHRI CATCHMENT.
2024-09-08 10:00:00+00:00,0.346,0.587,0.715,ERA5-LAND HOURLY PRECIPITATION SAMPLED AT NEAREST MODEL-GRID LOCATIONS VIA OPEN-METEO AND SPATIALLY WEIGHTED OVER THE TEHRI CATCHMENT.
2024-09-08 11:00:00+00:00,0.283,0.776,0.761,ERA5-LAND HOURLY PRECIPITATION SAMPLED AT NEAREST MODEL-GRID LOCATIONS VIA OPEN-METEO AND SPATIALLY WEIGHTED OVER THE TEHRI CATCHMENT.
2024-09-08 12:00:00+00:00,0.077,0.064,0.037,ERA5-LAND HOURLY PRECIPITATION SAMPLED AT NEAREST MODEL-GRID LOCATIONS VIA OPEN-METEO AND SPATIALLY WEIGHTED OVER THE TEHRI CATCHMENT.
2024-09-08 13:00:00+00:00,0.106,0.059,0.015,ERA5-LAND HOURLY PRECIPITATION SAMPLED AT NEAREST MODEL-GRID LOCATIONS VIA OPEN-METEO AND SPATIALLY WEIGHTED OVER THE TEHRI CATCHMENT.
2024-09-08 14:00:00+00:00,0.053,0.016,0.001,ERA5-LAND HOURLY PRECIPITATION SAMPLED AT NEAREST MODEL-GRID LOCATIONS VIA OPEN-METEO AND SPATIALLY WEIGHTED OVER THE TEHRI CATCHMENT.
2024-09-08 15:00:00+00:00,0.018,0.0,0.001,ERA5-LAND HOURLY PRECIPITATION SAMPLED AT NEAREST MODEL-GRID LOCATIONS VIA OPEN-METEO AND SPATIALLY WEIGHTED OVER THE TEHRI CATCHMENT.
2024-09-08 16:00:00+00:00,0.0,0.0,0.0,ERA5-LAND HOURLY PRECIPITATION SAMPLED AT NEAREST MODEL-GRID LOCATIONS VIA OPEN-METEO AND SPATIALLY WEIGHTED OVER THE TEHRI CATCHMENT.
2024-09-08 17:00:00+00:00,0.001,0.0,0.001,ERA5-LAND HOURLY PRECIPITATION SAMPLED AT NEAREST MODEL-GRID LOCATIONS VIA OPEN-METEO AND SPATIALLY WEIGHTED OVER THE TEHRI CATCHMENT.
2024-09-08 18:00:00+00:00,0.001,0.0,0.001,ERA5-LAND HOURLY PRECIPITATION SAMPLED AT NEAREST MODEL-GRID LOCATIONS VIA OPEN-METEO AND SPATIALLY WEIGHTED OVER THE TEHRI CATCHMENT.
2024-09-08 19:00:00+00:00,0.005,0.0,0.003,ERA5-LAND HOURLY PRECIPITATION SAMPLED AT NEAREST MODEL-GRID LOCATIONS VIA OPEN-METEO AND SPATIALLY WEIGHTED OVER THE TEHRI CATCHMENT.
2024-09-08 20:00:00+00:00,0.044,0.003,0.0,ERA5-LAND HOURLY PRECIPITATION SAMPLED AT NEAREST MODEL-GRID LOCATIONS VIA OPEN-METEO AND SPATIALLY WEIGHTED OVER THE TEHRI CATCHMENT.
2024-09-08 21:00:00+00:00,0.023,0.003,0.0,ERA5-LAND HOURLY PRECIPITATION SAMPLED AT NEAREST MODEL-GRID LOCATIONS VIA OPEN-METEO AND SPATIALLY WEIGHTED OVER THE TEHRI CATCHMENT.
2024-09-08 22:00:00+00:00,0.024,0.046,0.0,ERA5-LAND HOURLY PRECIPITATION SAMPLED AT NEAREST MODEL-GRID LOCATIONS VIA OPEN-METEO AND SPATIALLY WEIGHTED OVER THE TEHRI CATCHMENT.
2024-09-08 23:00:00+00:00,0.006,0.0,0.0,ERA5-LAND HOURLY PRECIPITATION SAMPLED AT NEAREST MODEL-GRID LOCATIONS VIA OPEN-METEO AND SPATIALLY WEIGHTED OVER THE TEHRI CATCHMENT.
2024-09-09 00:00:00+00:00,0.0,0.0,0.0,ERA5-LAND HOURLY PRECIPITATION SAMPLED AT NEAREST MODEL-GRID LOCATIONS VIA OPEN-METEO AND SPATIALLY WEIGHTED OVER THE TEHRI CATCHMENT.
2024-09-09 01:00:00+00:00,0.018,0.06,0.009,ERA5-LAND HOURLY PRECIPITATION SAMPLED AT NEAREST MODEL-GRID LOCATIONS VIA OPEN-METEO AND SPATIALLY WEIGHTED OVER THE TEHRI CATCHMENT.
2024-09-09 02:00:00+00:00,0.086,0.051,0.109,ERA5-LAND HOURLY PRECIPITATION SAMPLED AT NEAREST MODEL-GRID LOCATIONS VIA OPEN-METEO AND SPATIALLY WEIGHTED OVER THE TEHRI CATCHMENT.
2024-09-09 03:00:00+00:00,0.075,0.055,0.14,ERA5-LAND HOURLY PRECIPITATION SAMPLED AT NEAREST MODEL-GRID LOCATIONS VIA OPEN-METEO AND SPATIALLY WEIGHTED OVER THE TEHRI CATCHMENT.
2024-09-09 04:00:00+00:00,0.048,0.052,0.159,ERA5-LAND HOURLY PRECIPITATION SAMPLED AT NEAREST MODEL-GRID LOCATIONS VIA OPEN-METEO AND SPATIALLY WEIGHTED OVER THE TEHRI CATCHMENT.
2024-09-09 05:00:00+00:00,0.074,0.054,0.029,ERA5-LAND HOURLY PRECIPITATION SAMPLED AT NEAREST MODEL-GRID LOCATIONS VIA OPEN-METEO AND SPATIALLY WEIGHTED OVER THE TEHRI CATCHMENT.
2024-09-09 06:00:00+00:00,0.135,0.212,0.013,ERA5-LAND HOURLY PRECIPITATION SAMPLED AT NEAREST MODEL-GRID LOCATIONS VIA OPEN-METEO AND SPATIALLY WEIGHTED OVER THE TEHRI CATCHMENT.
2024-09-09 07:00:00+00:00,0.206,0.491,0.094,ERA5-LAND HOURLY PRECIPITATION SAMPLED AT NEAREST MODEL-GRID LOCATIONS VIA OPEN-METEO AND SPATIALLY WEIGHTED OVER THE TEHRI CATCHMENT.
2024-09-09 08:00:00+00:00,0.244,0.634,0.317,ERA5-LAND HOURLY PRECIPITATION SAMPLED AT NEAREST MODEL-GRID LOCATIONS VIA OPEN-METEO AND SPATIALLY WEIGHTED OVER THE TEHRI CATCHMENT.
2024-09-09 09:00:00+00:00,0.403,3.201,1.246,ERA5-LAND HOURLY PRECIPITATION SAMPLED AT NEAREST MODEL-GRID LOCATIONS VIA OPEN-METEO AND SPATIALLY WEIGHTED OVER THE TEHRI CATCHMENT.
2024-09-09 10:00:00+00:00,0.399,0.436,0.18,ERA5-LAND HOURLY PRECIPITATION SAMPLED AT NEAREST MODEL-GRID LOCATIONS VIA OPEN-METEO AND SPATIALLY WEIGHTED OVER THE TEHRI CATCHMENT.
2024-09-09 11:00:00+00:00,0.072,0.138,0.047,ERA5-LAND HOURLY PRECIPITATION SAMPLED AT NEAREST MODEL-GRID LOCATIONS VIA OPEN-METEO AND SPATIALLY WEIGHTED OVER THE TEHRI CATCHMENT.
2024-09-09 12:00:00+00:00,0.039,0.067,0.005,ERA5-LAND HOURLY PRECIPITATION SAMPLED AT NEAREST MODEL-GRID LOCATIONS VIA OPEN-METEO AND SPATIALLY WEIGHTED OVER THE TEHRI CATCHMENT.
2024-09-09 13:00:00+00:00,0.027,0.054,0.041,ERA5-LAND HOURLY PRECIPITATION SAMPLED AT NEAREST MODEL-GRID LOCATIONS VIA OPEN-METEO AND SPATIALLY WEIGHTED OVER THE TEHRI CATCHMENT.
2024-09-09 14:00:00+00:00,0.042,0.166,0.03,ERA5-LAND HOURLY PRECIPITATION SAMPLED AT NEAREST MODEL-GRID LOCATIONS VIA OPEN-METEO AND SPATIALLY WEIGHTED OVER THE TEHRI CATCHMENT.
2024-09-09 15:00:00+00:00,0.049,0.255,0.528,ERA5-LAND HOURLY PRECIPITATION SAMPLED AT NEAREST MODEL-GRID LOCATIONS VIA OPEN-METEO AND SPATIALLY WEIGHTED OVER THE TEHRI CATCHMENT.
2024-09-09 16:00:00+00:00,0.065,0.082,0.235,ERA5-LAND HOURLY PRECIPITATION SAMPLED AT NEAREST MODEL-GRID LOCATIONS VIA OPEN-METEO AND SPATIALLY WEIGHTED OVER THE TEHRI CATCHMENT.
2024-09-09 17:00:00+00:00,0.0,0.125,0.004,ERA5-LAND HOURLY PRECIPITATION SAMPLED AT NEAREST MODEL-GRID LOCATIONS VIA OPEN-METEO AND SPATIALLY WEIGHTED OVER THE TEHRI CATCHMENT.
2024-09-09 18:00:00+00:00,0.002,0.114,0.0,ERA5-LAND HOURLY PRECIPITATION SAMPLED AT NEAREST MODEL-GRID LOCATIONS VIA OPEN-METEO AND SPATIALLY WEIGHTED OVER THE TEHRI CATCHMENT.
2024-09-09 19:00:00+00:00,0.076,0.478,0.144,ERA5-LAND HOURLY PRECIPITATION SAMPLED AT NEAREST MODEL-GRID LOCATIONS VIA OPEN-METEO AND SPATIALLY WEIGHTED OVER THE TEHRI CATCHMENT.
2024-09-09 20:00:00+00:00,0.1,0.426,0.172,ERA5-LAND HOURLY PRECIPITATION SAMPLED AT NEAREST MODEL-GRID LOCATIONS VIA OPEN-METEO AND SPATIALLY WEIGHTED OVER THE TEHRI CATCHMENT.
2024-09-09 21:00:00+00:00,0.051,0.232,0.134,ERA5-LAND HOURLY PRECIPITATION SAMPLED AT NEAREST MODEL-GRID LOCATIONS VIA OPEN-METEO AND SPATIALLY WEIGHTED OVER THE TEHRI CATCHMENT.
2024-09-09 22:00:00+00:00,0.003,0.008,0.0,ERA5-LAND HOURLY PRECIPITATION SAMPLED AT NEAREST MODEL-GRID LOCATIONS VIA OPEN-METEO AND SPATIALLY WEIGHTED OVER THE TEHRI CATCHMENT.
2024-09-09 23:00:00+00:00,0.001,0.0,0.003,ERA5-LAND HOURLY PRECIPITATION SAMPLED AT NEAREST MODEL-GRID LOCATIONS VIA OPEN-METEO AND SPATIALLY WEIGHTED OVER THE TEHRI CATCHMENT.
2024-09-10 00:00:00+00:00,0.016,0.028,0.0,ERA5-LAND HOURLY PRECIPITATION SAMPLED AT NEAREST MODEL-GRID LOCATIONS VIA OPEN-METEO AND SPATIALLY WEIGHTED OVER THE TEHRI CATCHMENT.
2024-09-10 01:00:00+00:00,0.006,0.1,0.193,ERA5-LAND HOURLY PRECIPITATION SAMPLED AT NEAREST MODEL-GRID LOCATIONS VIA OPEN-METEO AND SPATIALLY WEIGHTED OVER THE TEHRI CATCHMENT.
2024-09-10 02:00:00+00:00,0.017,0.488,0.272,ERA5-LAND HOURLY PRECIPITATION SAMPLED AT NEAREST MODEL-GRID LOCATIONS VIA OPEN-METEO AND SPATIALLY WEIGHTED OVER THE TEHRI CATCHMENT.
2024-09-10 03:00:00+00:00,0.006,0.209,0.168,ERA5-LAND HOURLY PRECIPITATION SAMPLED AT NEAREST MODEL-GRID LOCATIONS VIA OPEN-METEO AND SPATIALLY WEIGHTED OVER THE TEHRI CATCHMENT.
2024-09-10 04:00:00+00:00,0.112,0.359,0.056,ERA5-LAND HOURLY PRECIPITATION SAMPLED AT NEAREST MODEL-GRID LOCATIONS VIA OPEN-METEO AND SPATIALLY WEIGHTED OVER THE TEHRI CATCHMENT.
2024-09-10 05:00:00+00:00,0.294,0.8,0.49,ERA5-LAND HOURLY PRECIPITATION SAMPLED AT NEAREST MODEL-GRID LOCATIONS VIA OPEN-METEO AND SPATIALLY WEIGHTED OVER THE TEHRI CATCHMENT.
2024-09-10 06:00:00+00:00,0.569,0.302,0.785,ERA5-LAND HOURLY PRECIPITATION SAMPLED AT NEAREST MODEL-GRID LOCATIONS VIA OPEN-METEO AND SPATIALLY WEIGHTED OVER THE TEHRI CATCHMENT.
2024-09-10 07:00:00+00:00,0.729,1.069,0.719,ERA5-LAND HOURLY PRECIPITATION SAMPLED AT NEAREST MODEL-GRID LOCATIONS VIA OPEN-METEO AND SPATIALLY WEIGHTED OVER THE TEHRI CATCHMENT.
2024-09-10 08:00:00+00:00,0.779,1.278,0.606,ERA5-LAND HOURLY PRECIPITATION SAMPLED AT NEAREST MODEL-GRID LOCATIONS VIA OPEN-METEO AND SPATIALLY WEIGHTED OVER THE TEHRI CATCHMENT.
2024-09-10 09:00:00+00:00,0.514,3.516,0.953,ERA5-LAND HOURLY PRECIPITATION SAMPLED AT NEAREST MODEL-GRID LOCATIONS VIA OPEN-METEO AND SPATIALLY WEIGHTED OVER THE TEHRI CATCHMENT.
2024-09-10 10:00:00+00:00,0.328,0.075,0.228,ERA5-LAND HOURLY PRECIPITATION SAMPLED AT NEAREST MODEL-GRID LOCATIONS VIA OPEN-METEO AND SPATIALLY WEIGHTED OVER THE TEHRI CATCHMENT.
2024-09-10 11:00:00+00:00,0.143,0.137,0.029,ERA5-LAND HOURLY PRECIPITATION SAMPLED AT NEAREST MODEL-GRID LOCATIONS VIA OPEN-METEO AND SPATIALLY WEIGHTED OVER THE TEHRI CATCHMENT.
2024-09-10 12:00:00+00:00,0.063,0.031,0.01,ERA5-LAND HOURLY PRECIPITATION SAMPLED AT NEAREST MODEL-GRID LOCATIONS VIA OPEN-METEO AND SPATIALLY WEIGHTED OVER THE TEHRI CATCHMENT.
2024-09-10 13:00:00+00:00,0.015,0.003,0.0,ERA5-LAND HOURLY PRECIPITATION SAMPLED AT NEAREST MODEL-GRID LOCATIONS VIA OPEN-METEO AND SPATIALLY WEIGHTED OVER THE TEHRI CATCHMENT.
2024-09-10 14:00:00+00:00,0.02,0.01,0.0,ERA5-LAND HOURLY PRECIPITATION SAMPLED AT NEAREST MODEL-GRID LOCATIONS VIA OPEN-METEO AND SPATIALLY WEIGHTED OVER THE TEHRI CATCHMENT.
2024-09-10 15:00:00+00:00,0.02,0.0,0.0,ERA5-LAND HOURLY PRECIPITATION SAMPLED AT NEAREST MODEL-GRID LOCATIONS VIA OPEN-METEO AND SPATIALLY WEIGHTED OVER THE TEHRI CATCHMENT.
2024-09-10 16:00:00+00:00,0.022,0.0,0.0,ERA5-LAND HOURLY PRECIPITATION SAMPLED AT NEAREST MODEL-GRID LOCATIONS VIA OPEN-METEO AND SPATIALLY WEIGHTED OVER THE TEHRI CATCHMENT.
2024-09-10 17:00:00+00:00,0.023,0.0,0.0,ERA5-LAND HOURLY PRECIPITATION SAMPLED AT NEAREST MODEL-GRID LOCATIONS VIA OPEN-METEO AND SPATIALLY WEIGHTED OVER THE TEHRI CATCHMENT.
2024-09-10 18:00:00+00:00,0.03,0.0,0.0,ERA5-LAND HOURLY PRECIPITATION SAMPLED AT NEAREST MODEL-GRID LOCATIONS VIA OPEN-METEO AND SPATIALLY WEIGHTED OVER THE TEHRI CATCHMENT.
2024-09-10 19:00:00+00:00,0.026,0.0,0.0,ERA5-LAND HOURLY PRECIPITATION SAMPLED AT NEAREST MODEL-GRID LOCATIONS VIA OPEN-METEO AND SPATIALLY WEIGHTED OVER THE TEHRI CATCHMENT.
2024-09-10 20:00:00+00:00,0.039,0.012,0.001,ERA5-LAND HOURLY PRECIPITATION SAMPLED AT NEAREST MODEL-GRID LOCATIONS VIA OPEN-METEO AND SPATIALLY WEIGHTED OVER THE TEHRI CATCHMENT.
2024-09-10 21:00:00+00:00,0.076,0.094,0.011,ERA5-LAND HOURLY PRECIPITATION SAMPLED AT NEAREST MODEL-GRID LOCATIONS VIA OPEN-METEO AND SPATIALLY WEIGHTED OVER THE TEHRI CATCHMENT.
2024-09-10 22:00:00+00:00,0.171,0.057,0.204,ERA5-LAND HOURLY PRECIPITATION SAMPLED AT NEAREST MODEL-GRID LOCATIONS VIA OPEN-METEO AND SPATIALLY WEIGHTED OVER THE TEHRI CATCHMENT.
2024-09-10 23:00:00+00:00,0.11,0.041,0.885,ERA5-LAND HOURLY PRECIPITATION SAMPLED AT NEAREST MODEL-GRID LOCATIONS VIA OPEN-METEO AND SPATIALLY WEIGHTED OVER THE TEHRI CATCHMENT.
2024-09-11 00:00:00+00:00,0.155,0.028,0.621,ERA5-LAND HOURLY PRECIPITATION SAMPLED AT NEAREST MODEL-GRID LOCATIONS VIA OPEN-METEO AND SPATIALLY WEIGHTED OVER THE TEHRI CATCHMENT.
2024-09-11 01:00:00+00:00,0.07,0.054,0.007,ERA5-LAND HOURLY PRECIPITATION SAMPLED AT NEAREST MODEL-GRID LOCATIONS VIA OPEN-METEO AND SPATIALLY WEIGHTED OVER THE TEHRI CATCHMENT.
2024-09-11 02:00:00+00:00,0.227,0.165,0.054,ERA5-LAND HOURLY PRECIPITATION SAMPLED AT NEAREST MODEL-GRID LOCATIONS VIA OPEN-METEO AND SPATIALLY WEIGHTED OVER THE TEHRI CATCHMENT.
2024-09-11 03:00:00+00:00,0.224,0.095,0.079,ERA5-LAND HOURLY PRECIPITATION SAMPLED AT NEAREST MODEL-GRID LOCATIONS VIA OPEN-METEO AND SPATIALLY WEIGHTED OVER THE TEHRI CATCHMENT.
2024-09-11 04:00:00+00:00,0.11,0.103,0.069,ERA5-LAND HOURLY PRECIPITATION SAMPLED AT NEAREST MODEL-GRID LOCATIONS VIA OPEN-METEO AND SPATIALLY WEIGHTED OVER THE TEHRI CATCHMENT.
2024-09-11 05:00:00+00:00,0.211,0.128,0.015,ERA5-LAND HOURLY PRECIPITATION SAMPLED AT NEAREST MODEL-GRID LOCATIONS VIA OPEN-METEO AND SPATIALLY WEIGHTED OVER THE TEHRI CATCHMENT.
2024-09-11 06:00:00+00:00,0.237,0.467,0.01,ERA5-LAND HOURLY PRECIPITATION SAMPLED AT NEAREST MODEL-GRID LOCATIONS VIA OPEN-METEO AND SPATIALLY WEIGHTED OVER THE TEHRI CATCHMENT.
2024-09-11 07:00:00+00:00,0.357,0.446,0.134,ERA5-LAND HOURLY PRECIPITATION SAMPLED AT NEAREST MODEL-GRID LOCATIONS VIA OPEN-METEO AND SPATIALLY WEIGHTED OVER THE TEHRI CATCHMENT.
2024-09-11 08:00:00+00:00,0.449,0.857,0.165,ERA5-LAND HOURLY PRECIPITATION SAMPLED AT NEAREST MODEL-GRID LOCATIONS VIA OPEN-METEO AND SPATIALLY WEIGHTED OVER THE TEHRI CATCHMENT.
2024-09-11 09:00:00+00:00,0.513,0.295,0.084,ERA5-LAND HOURLY PRECIPITATION SAMPLED AT NEAREST MODEL-GRID LOCATIONS VIA OPEN-METEO AND SPATIALLY WEIGHTED OVER THE TEHRI CATCHMENT.
2024-09-11 10:00:00+00:00,0.261,0.282,0.126,ERA5-LAND HOURLY PRECIPITATION SAMPLED AT NEAREST MODEL-GRID LOCATIONS VIA OPEN-METEO AND SPATIALLY WEIGHTED OVER THE TEHRI CATCHMENT.
2024-09-11 11:00:00+00:00,0.274,0.52,0.022,ERA5-LAND HOURLY PRECIPITATION SAMPLED AT NEAREST MODEL-GRID LOCATIONS VIA OPEN-METEO AND SPATIALLY WEIGHTED OVER THE TEHRI CATCHMENT.
2024-09-11 12:00:00+00:00,0.361,0.71,0.012,ERA5-LAND HOURLY PRECIPITATION SAMPLED AT NEAREST MODEL-GRID LOCATIONS VIA OPEN-METEO AND SPATIALLY WEIGHTED OVER THE TEHRI CATCHMENT.
2024-09-11 13:00:00+00:00,0.291,1.08,0.014,ERA5-LAND HOURLY PRECIPITATION SAMPLED AT NEAREST MODEL-GRID LOCATIONS VIA OPEN-METEO AND SPATIALLY WEIGHTED OVER THE TEHRI CATCHMENT.
2024-09-11 14:00:00+00:00,0.304,0.275,0.009,ERA5-LAND HOURLY PRECIPITATION SAMPLED AT NEAREST MODEL-GRID LOCATIONS VIA OPEN-METEO AND SPATIALLY WEIGHTED OVER THE TEHRI CATCHMENT.
2024-09-11 15:00:00+00:00,0.321,0.274,0.01,ERA5-LAND HOURLY PRECIPITATION SAMPLED AT NEAREST MODEL-GRID LOCATIONS VIA OPEN-METEO AND SPATIALLY WEIGHTED OVER THE TEHRI CATCHMENT.
2024-09-11 16:00:00+00:00,0.323,0.764,0.164,ERA5-LAND HOURLY PRECIPITATION SAMPLED AT NEAREST MODEL-GRID LOCATIONS VIA OPEN-METEO AND SPATIALLY WEIGHTED OVER THE TEHRI CATCHMENT.
2024-09-11 17:00:00+00:00,0.376,0.614,0.072,ERA5-LAND HOURLY PRECIPITATION SAMPLED AT NEAREST MODEL-GRID LOCATIONS VIA OPEN-METEO AND SPATIALLY WEIGHTED OVER THE TEHRI CATCHMENT.
2024-09-11 18:00:00+00:00,0.538,0.283,0.127,ERA5-LAND HOURLY PRECIPITATION SAMPLED AT NEAREST MODEL-GRID LOCATIONS VIA OPEN-METEO AND SPATIALLY WEIGHTED OVER THE TEHRI CATCHMENT.
2024-09-11 19:00:00+00:00,0.421,0.245,0.035,ERA5-LAND HOURLY PRECIPITATION SAMPLED AT NEAREST MODEL-GRID LOCATIONS VIA OPEN-METEO AND SPATIALLY WEIGHTED OVER THE TEHRI CATCHMENT.
2024-09-11 20:00:00+00:00,0.368,0.191,0.038,ERA5-LAND HOURLY PRECIPITATION SAMPLED AT NEAREST MODEL-GRID LOCATIONS VIA OPEN-METEO AND SPATIALLY WEIGHTED OVER THE TEHRI CATCHMENT.
2024-09-11 21:00:00+00:00,0.47,0.424,0.09,ERA5-LAND HOURLY PRECIPITATION SAMPLED AT NEAREST MODEL-GRID LOCATIONS VIA OPEN-METEO AND SPATIALLY WEIGHTED OVER THE TEHRI CATCHMENT.
2024-09-11 22:00:00+00:00,0.749,1.119,0.352,ERA5-LAND HOURLY PRECIPITATION SAMPLED AT NEAREST MODEL-GRID LOCATIONS VIA OPEN-METEO AND SPATIALLY WEIGHTED OVER THE TEHRI CATCHMENT.
2024-09-11 23:00:00+00:00,0.721,1.569,0.509,ERA5-LAND HOURLY PRECIPITATION SAMPLED AT NEAREST MODEL-GRID LOCATIONS VIA OPEN-METEO AND SPATIALLY WEIGHTED OVER THE TEHRI CATCHMENT.
2024-09-12 00:00:00+00:00,0.962,2.273,1.042,ERA5-LAND HOURLY PRECIPITATION SAMPLED AT NEAREST MODEL-GRID LOCATIONS VIA OPEN-METEO AND SPATIALLY WEIGHTED OVER THE TEHRI CATCHMENT.
2024-09-12 01:00:00+00:00,2.614,4.617,2.517,ERA5-LAND HOURLY PRECIPITATION SAMPLED AT NEAREST MODEL-GRID LOCATIONS VIA OPEN-METEO AND SPATIALLY WEIGHTED OVER THE TEHRI CATCHMENT.
2024-09-12 02:00:00+00:00,3.076,3.926,2.651,ERA5-LAND HOURLY PRECIPITATION SAMPLED AT NEAREST MODEL-GRID LOCATIONS VIA OPEN-METEO AND SPATIALLY WEIGHTED OVER THE TEHRI CATCHMENT.
2024-09-12 03:00:00+00:00,3.389,3.071,2.913,ERA5-LAND HOURLY PRECIPITATION SAMPLED AT NEAREST MODEL-GRID LOCATIONS VIA OPEN-METEO AND SPATIALLY WEIGHTED OVER THE TEHRI CATCHMENT.
2024-09-12 04:00:00+00:00,3.34,2.29,2.49,ERA5-LAND HOURLY PRECIPITATION SAMPLED AT NEAREST MODEL-GRID LOCATIONS VIA OPEN-METEO AND SPATIALLY WEIGHTED OVER THE TEHRI CATCHMENT.
2024-09-12 05:00:00+00:00,3.027,1.907,1.868,ERA5-LAND HOURLY PRECIPITATION SAMPLED AT NEAREST MODEL-GRID LOCATIONS VIA OPEN-METEO AND SPATIALLY WEIGHTED OVER THE TEHRI CATCHMENT.
2024-09-12 06:00:00+00:00,2.668,3.588,1.965,ERA5-LAND HOURLY PRECIPITATION SAMPLED AT NEAREST MODEL-GRID LOCATIONS VIA OPEN-METEO AND SPATIALLY WEIGHTED OVER THE TEHRI CATCHMENT.
2024-09-12 07:00:00+00:00,3.46,4.173,3.25,ERA5-LAND HOURLY PRECIPITATION SAMPLED AT NEAREST MODEL-GRID LOCATIONS VIA OPEN-METEO AND SPATIALLY WEIGHTED OVER THE TEHRI CATCHMENT.
2024-09-12 08:00:00+00:00,3.376,4.0,4.08,ERA5-LAND HOURLY PRECIPITATION SAMPLED AT NEAREST MODEL-GRID LOCATIONS VIA OPEN-METEO AND SPATIALLY WEIGHTED OVER THE TEHRI CATCHMENT.
2024-09-12 09:00:00+00:00,3.3,4.72,4.456,ERA5-LAND HOURLY PRECIPITATION SAMPLED AT NEAREST MODEL-GRID LOCATIONS VIA OPEN-METEO AND SPATIALLY WEIGHTED OVER THE TEHRI CATCHMENT.
2024-09-12 10:00:00+00:00,3.551,4.625,4.178,ERA5-LAND HOURLY PRECIPITATION SAMPLED AT NEAREST MODEL-GRID LOCATIONS VIA OPEN-METEO AND SPATIALLY WEIGHTED OVER THE TEHRI CATCHMENT.
2024-09-12 11:00:00+00:00,3.078,2.593,3.304,ERA5-LAND HOURLY PRECIPITATION SAMPLED AT NEAREST MODEL-GRID LOCATIONS VIA OPEN-METEO AND SPATIALLY WEIGHTED OVER THE TEHRI CATCHMENT.
2024-09-12 12:00:00+00:00,2.278,2.636,2.627,ERA5-LAND HOURLY PRECIPITATION SAMPLED AT NEAREST MODEL-GRID LOCATIONS VIA OPEN-METEO AND SPATIALLY WEIGHTED OVER THE TEHRI CATCHMENT.
2024-09-12 13:00:00+00:00,1.36,3.69,3.537,ERA5-LAND HOURLY PRECIPITATION SAMPLED AT NEAREST MODEL-GRID LOCATIONS VIA OPEN-METEO AND SPATIALLY WEIGHTED OVER THE TEHRI CATCHMENT.
2024-09-12 14:00:00+00:00,0.835,2.138,2.239,ERA5-LAND HOURLY PRECIPITATION SAMPLED AT NEAREST MODEL-GRID LOCATIONS VIA OPEN-METEO AND SPATIALLY WEIGHTED OVER THE TEHRI CATCHMENT.
2024-09-12 15:00:00+00:00,0.65,1.556,1.267,ERA5-LAND HOURLY PRECIPITATION SAMPLED AT NEAREST MODEL-GRID LOCATIONS VIA OPEN-METEO AND SPATIALLY WEIGHTED OVER THE TEHRI CATCHMENT.
2024-09-12 16:00:00+00:00,0.92,1.569,0.351,ERA5-LAND HOURLY PRECIPITATION SAMPLED AT NEAREST MODEL-GRID LOCATIONS VIA OPEN-METEO AND SPATIALLY WEIGHTED OVER THE TEHRI CATCHMENT.
2024-09-12 17:00:00+00:00,1.118,1.441,0.169,ERA5-LAND HOURLY PRECIPITATION SAMPLED AT NEAREST MODEL-GRID LOCATIONS VIA OPEN-METEO AND SPATIALLY WEIGHTED OVER THE TEHRI CATCHMENT.
2024-09-12 18:00:00+00:00,1.026,0.937,0.097,ERA5-LAND HOURLY PRECIPITATION SAMPLED AT NEAREST MODEL-GRID LOCATIONS VIA OPEN-METEO AND SPATIALLY WEIGHTED OVER THE TEHRI CATCHMENT.
2024-09-12 19:00:00+00:00,0.766,0.875,0.057,ERA5-LAND HOURLY PRECIPITATION SAMPLED AT NEAREST MODEL-GRID LOCATIONS VIA OPEN-METEO AND SPATIALLY WEIGHTED OVER THE TEHRI CATCHMENT.
2024-09-12 20:00:00+00:00,0.508,1.089,0.195,ERA5-LAND HOURLY PRECIPITATION SAMPLED AT NEAREST MODEL-GRID LOCATIONS VIA OPEN-METEO AND SPATIALLY WEIGHTED OVER THE TEHRI CATCHMENT.
2024-09-12 21:00:00+00:00,0.46,0.882,0.275,ERA5-LAND HOURLY PRECIPITATION SAMPLED AT NEAREST MODEL-GRID LOCATIONS VIA OPEN-METEO AND SPATIALLY WEIGHTED OVER THE TEHRI CATCHMENT.
2024-09-12 22:00:00+00:00,0.278,0.593,0.167,ERA5-LAND HOURLY PRECIPITATION SAMPLED AT NEAREST MODEL-GRID LOCATIONS VIA OPEN-METEO AND SPATIALLY WEIGHTED OVER THE TEHRI CATCHMENT.
2024-09-12 23:00:00+00:00,0.233,0.873,0.493,ERA5-LAND HOURLY PRECIPITATION SAMPLED AT NEAREST MODEL-GRID LOCATIONS VIA OPEN-METEO AND SPATIALLY WEIGHTED OVER THE TEHRI CATCHMENT.
2024-09-13 00:00:00+00:00,0.54,1.54,1.466,ERA5-LAND HOURLY PRECIPITATION SAMPLED AT NEAREST MODEL-GRID LOCATIONS VIA OPEN-METEO AND SPATIALLY WEIGHTED OVER THE TEHRI CATCHMENT.
2024-09-13 01:00:00+00:00,2.098,2.234,1.399,ERA5-LAND HOURLY PRECIPITATION SAMPLED AT NEAREST MODEL-GRID LOCATIONS VIA OPEN-METEO AND SPATIALLY WEIGHTED OVER THE TEHRI CATCHMENT.
2024-09-13 02:00:00+00:00,2.152,1.795,0.759,ERA5-LAND HOURLY PRECIPITATION SAMPLED AT NEAREST MODEL-GRID LOCATIONS VIA OPEN-METEO AND SPATIALLY WEIGHTED OVER THE TEHRI CATCHMENT.
2024-09-13 03:00:00+00:00,1.356,2.996,1.968,ERA5-LAND HOURLY PRECIPITATION SAMPLED AT NEAREST MODEL-GRID LOCATIONS VIA OPEN-METEO AND SPATIALLY WEIGHTED OVER THE TEHRI CATCHMENT.
2024-09-13 04:00:00+00:00,1.643,1.752,1.896,ERA5-LAND HOURLY PRECIPITATION SAMPLED AT NEAREST MODEL-GRID LOCATIONS VIA OPEN-METEO AND SPATIALLY WEIGHTED OVER THE TEHRI CATCHMENT.
2024-09-13 05:00:00+00:00,2.426,2.522,2.063,ERA5-LAND HOURLY PRECIPITATION SAMPLED AT NEAREST MODEL-GRID LOCATIONS VIA OPEN-METEO AND SPATIALLY WEIGHTED OVER THE TEHRI CATCHMENT.
2024-09-13 06:00:00+00:00,2.609,3.489,3.443,ERA5-LAND HOURLY PRECIPITATION SAMPLED AT NEAREST MODEL-GRID LOCATIONS VIA OPEN-METEO AND SPATIALLY WEIGHTED OVER THE TEHRI CATCHMENT.
2024-09-13 07:00:00+00:00,2.866,2.854,2.47,ERA5-LAND HOURLY PRECIPITATION SAMPLED AT NEAREST MODEL-GRID LOCATIONS VIA OPEN-METEO AND SPATIALLY WEIGHTED OVER THE TEHRI CATCHMENT.
2024-09-13 08:00:00+00:00,3.208,3.251,1.691,ERA5-LAND HOURLY PRECIPITATION SAMPLED AT NEAREST MODEL-GRID LOCATIONS VIA OPEN-METEO AND SPATIALLY WEIGHTED OVER THE TEHRI CATCHMENT.
2024-09-13 09:00:00+00:00,3.496,5.733,1.678,ERA5-LAND HOURLY PRECIPITATION SAMPLED AT NEAREST MODEL-GRID LOCATIONS VIA OPEN-METEO AND SPATIALLY WEIGHTED OVER THE TEHRI CATCHMENT.
2024-09-13 10:00:00+00:00,3.485,5.041,0.806,ERA5-LAND HOURLY PRECIPITATION SAMPLED AT NEAREST MODEL-GRID LOCATIONS VIA OPEN-METEO AND SPATIALLY WEIGHTED OVER THE TEHRI CATCHMENT.
2024-09-13 11:00:00+00:00,3.829,3.309,0.461,ERA5-LAND HOURLY PRECIPITATION SAMPLED AT NEAREST MODEL-GRID LOCATIONS VIA OPEN-METEO AND SPATIALLY WEIGHTED OVER THE TEHRI CATCHMENT.
2024-09-13 12:00:00+00:00,3.537,1.618,0.265,ERA5-LAND HOURLY PRECIPITATION SAMPLED AT NEAREST MODEL-GRID LOCATIONS VIA OPEN-METEO AND SPATIALLY WEIGHTED OVER THE TEHRI CATCHMENT.
2024-09-13 13:00:00+00:00,1.442,0.932,0.487,ERA5-LAND HOURLY PRECIPITATION SAMPLED AT NEAREST MODEL-GRID LOCATIONS VIA OPEN-METEO AND SPATIALLY WEIGHTED OVER THE TEHRI CATCHMENT.
2024-09-13 14:00:00+00:00,1.054,0.897,0.482,ERA5-LAND HOURLY PRECIPITATION SAMPLED AT NEAREST MODEL-GRID LOCATIONS VIA OPEN-METEO AND SPATIALLY WEIGHTED OVER THE TEHRI CATCHMENT.
2024-09-13 15:00:00+00:00,0.478,0.883,0.334,ERA5-LAND HOURLY PRECIPITATION SAMPLED AT NEAREST MODEL-GRID LOCATIONS VIA OPEN-METEO AND SPATIALLY WEIGHTED OVER THE TEHRI CATCHMENT.
2024-09-13 16:00:00+00:00,0.233,0.625,0.108,ERA5-LAND HOURLY PRECIPITATION SAMPLED AT NEAREST MODEL-GRID LOCATIONS VIA OPEN-METEO AND SPATIALLY WEIGHTED OVER THE TEHRI CATCHMENT.
2024-09-13 17:00:00+00:00,0.14,0.479,0.061,ERA5-LAND HOURLY PRECIPITATION SAMPLED AT NEAREST MODEL-GRID LOCATIONS VIA OPEN-METEO AND SPATIALLY WEIGHTED OVER THE TEHRI CATCHMENT.
2024-09-13 18:00:00+00:00,0.098,0.334,0.036,ERA5-LAND HOURLY PRECIPITATION SAMPLED AT NEAREST MODEL-GRID LOCATIONS VIA OPEN-METEO AND SPATIALLY WEIGHTED OVER THE TEHRI CATCHMENT.
2024-09-13 19:00:00+00:00,0.071,0.249,0.006,ERA5-LAND HOURLY PRECIPITATION SAMPLED AT NEAREST MODEL-GRID LOCATIONS VIA OPEN-METEO AND SPATIALLY WEIGHTED OVER THE TEHRI CATCHMENT.
2024-09-13 20:00:00+00:00,0.055,0.204,0.005,ERA5-LAND HOURLY PRECIPITATION SAMPLED AT NEAREST MODEL-GRID LOCATIONS VIA OPEN-METEO AND SPATIALLY WEIGHTED OVER THE TEHRI CATCHMENT.
2024-09-13 21:00:00+00:00,0.027,0.201,0.005,ERA5-LAND HOURLY PRECIPITATION SAMPLED AT NEAREST MODEL-GRID LOCATIONS VIA OPEN-METEO AND SPATIALLY WEIGHTED OVER THE TEHRI CATCHMENT.
2024-09-13 22:00:00+00:00,0.02,0.173,0.004,ERA5-LAND HOURLY PRECIPITATION SAMPLED AT NEAREST MODEL-GRID LOCATIONS VIA OPEN-METEO AND SPATIALLY WEIGHTED OVER THE TEHRI CATCHMENT.
2024-09-13 23:00:00+00:00,0.021,0.116,0.002,ERA5-LAND HOURLY PRECIPITATION SAMPLED AT NEAREST MODEL-GRID LOCATIONS VIA OPEN-METEO AND SPATIALLY WEIGHTED OVER THE TEHRI CATCHMENT.
2024-09-14 00:00:00+00:00,0.025,0.037,0.001,ERA5-LAND HOURLY PRECIPITATION SAMPLED AT NEAREST MODEL-GRID LOCATIONS VIA OPEN-METEO AND SPATIALLY WEIGHTED OVER THE TEHRI CATCHMENT.
2024-09-14 01:00:00+00:00,0.0,0.008,0.0,ERA5-LAND HOURLY PRECIPITATION SAMPLED AT NEAREST MODEL-GRID LOCATIONS VIA OPEN-METEO AND SPATIALLY WEIGHTED OVER THE TEHRI CATCHMENT.
2024-09-14 02:00:00+00:00,0.0,0.006,0.024,ERA5-LAND HOURLY PRECIPITATION SAMPLED AT NEAREST MODEL-GRID LOCATIONS VIA OPEN-METEO AND SPATIALLY WEIGHTED OVER THE TEHRI CATCHMENT.
2024-09-14 03:00:00+00:00,0.0,0.04,0.035,ERA5-LAND HOURLY PRECIPITATION SAMPLED AT NEAREST MODEL-GRID LOCATIONS VIA OPEN-METEO AND SPATIALLY WEIGHTED OVER THE TEHRI CATCHMENT.
2024-09-14 04:00:00+00:00,0.019,0.072,0.009,ERA5-LAND HOURLY PRECIPITATION SAMPLED AT NEAREST MODEL-GRID LOCATIONS VIA OPEN-METEO AND SPATIALLY WEIGHTED OVER THE TEHRI CATCHMENT.
2024-09-14 05:00:00+00:00,0.108,0.514,0.144,ERA5-LAND HOURLY PRECIPITATION SAMPLED AT NEAREST MODEL-GRID LOCATIONS VIA OPEN-METEO AND SPATIALLY WEIGHTED OVER THE TEHRI CATCHMENT.
2024-09-14 06:00:00+00:00,0.33,0.777,0.261,ERA5-LAND HOURLY PRECIPITATION SAMPLED AT NEAREST MODEL-GRID LOCATIONS VIA OPEN-METEO AND SPATIALLY WEIGHTED OVER THE TEHRI CATCHMENT.
2024-09-14 07:00:00+00:00,0.604,1.054,0.771,ERA5-LAND HOURLY PRECIPITATION SAMPLED AT NEAREST MODEL-GRID LOCATIONS VIA OPEN-METEO AND SPATIALLY WEIGHTED OVER THE TEHRI CATCHMENT.
2024-09-14 08:00:00+00:00,0.645,0.505,0.429,ERA5-LAND HOURLY PRECIPITATION SAMPLED AT NEAREST MODEL-GRID LOCATIONS VIA OPEN-METEO AND SPATIALLY WEIGHTED OVER THE TEHRI CATCHMENT.
2024-09-14 09:00:00+00:00,0.56,0.392,0.324,ERA5-LAND HOURLY PRECIPITATION SAMPLED AT NEAREST MODEL-GRID LOCATIONS VIA OPEN-METEO AND SPATIALLY WEIGHTED OVER THE TEHRI CATCHMENT.
2024-09-14 10:00:00+00:00,0.532,0.308,0.105,ERA5-LAND HOURLY PRECIPITATION SAMPLED AT NEAREST MODEL-GRID LOCATIONS VIA OPEN-METEO AND SPATIALLY WEIGHTED OVER THE TEHRI CATCHMENT.
2024-09-14 11:00:00+00:00,0.271,0.321,0.021,ERA5-LAND HOURLY PRECIPITATION SAMPLED AT NEAREST MODEL-GRID LOCATIONS VIA OPEN-METEO AND SPATIALLY WEIGHTED OVER THE TEHRI CATCHMENT.
2024-09-14 12:00:00+00:00,0.171,0.066,0.004,ERA5-LAND HOURLY PRECIPITATION SAMPLED AT NEAREST MODEL-GRID LOCATIONS VIA OPEN-METEO AND SPATIALLY WEIGHTED OVER THE TEHRI CATCHMENT.
2024-09-14 13:00:00+00:00,0.047,0.044,0.004,ERA5-LAND HOURLY PRECIPITATION SAMPLED AT NEAREST MODEL-GRID LOCATIONS VIA OPEN-METEO AND SPATIALLY WEIGHTED OVER THE TEHRI CATCHMENT.
2024-09-14 14:00:00+00:00,0.054,0.016,0.0,ERA5-LAND HOURLY PRECIPITATION SAMPLED AT NEAREST MODEL-GRID LOCATIONS VIA OPEN-METEO AND SPATIALLY WEIGHTED OVER THE TEHRI CATCHMENT.
2024-09-14 15:00:00+00:00,0.045,0.0,0.001,ERA5-LAND HOURLY PRECIPITATION SAMPLED AT NEAREST MODEL-GRID LOCATIONS VIA OPEN-METEO AND SPATIALLY WEIGHTED OVER THE TEHRI CATCHMENT.
2024-09-14 16:00:00+00:00,0.037,0.002,0.055,ERA5-LAND HOURLY PRECIPITATION SAMPLED AT NEAREST MODEL-GRID LOCATIONS VIA OPEN-METEO AND SPATIALLY WEIGHTED OVER THE TEHRI CATCHMENT.
2024-09-14 17:00:00+00:00,0.056,0.007,0.077,ERA5-LAND HOURLY PRECIPITATION SAMPLED AT NEAREST MODEL-GRID LOCATIONS VIA OPEN-METEO AND SPATIALLY WEIGHTED OVER THE TEHRI CATCHMENT.
2024-09-14 18:00:00+00:00,0.057,0.01,0.028,ERA5-LAND HOURLY PRECIPITATION SAMPLED AT NEAREST MODEL-GRID LOCATIONS VIA OPEN-METEO AND SPATIALLY WEIGHTED OVER THE TEHRI CATCHMENT.
2024-09-14 19:00:00+00:00,0.013,0.005,0.03,ERA5-LAND HOURLY PRECIPITATION SAMPLED AT NEAREST MODEL-GRID LOCATIONS VIA OPEN-METEO AND SPATIALLY WEIGHTED OVER THE TEHRI CATCHMENT.
2024-09-14 20:00:00+00:00,0.007,0.004,0.18,ERA5-LAND HOURLY PRECIPITATION SAMPLED AT NEAREST MODEL-GRID LOCATIONS VIA OPEN-METEO AND SPATIALLY WEIGHTED OVER THE TEHRI CATCHMENT.
2024-09-14 21:00:00+00:00,0.027,0.009,0.07,ERA5-LAND HOURLY PRECIPITATION SAMPLED AT NEAREST MODEL-GRID LOCATIONS VIA OPEN-METEO AND SPATIALLY WEIGHTED OVER THE TEHRI CATCHMENT.
2024-09-14 22:00:00+00:00,0.005,0.004,0.089,ERA5-LAND HOURLY PRECIPITATION SAMPLED AT NEAREST MODEL-GRID LOCATIONS VIA OPEN-METEO AND SPATIALLY WEIGHTED OVER THE TEHRI CATCHMENT.
2024-09-14 23:00:00+00:00,0.006,0.0,0.004,ERA5-LAND HOURLY PRECIPITATION SAMPLED AT NEAREST MODEL-GRID LOCATIONS VIA OPEN-METEO AND SPATIALLY WEIGHTED OVER THE TEHRI CATCHMENT.
2024-09-15 00:00:00+00:00,0.002,0.0,0.0,ERA5-LAND HOURLY PRECIPITATION SAMPLED AT NEAREST MODEL-GRID LOCATIONS VIA OPEN-METEO AND SPATIALLY WEIGHTED OVER THE TEHRI CATCHMENT.
2024-09-15 01:00:00+00:00,0.011,0.0,0.061,ERA5-LAND HOURLY PRECIPITATION SAMPLED AT NEAREST MODEL-GRID LOCATIONS VIA OPEN-METEO AND SPATIALLY WEIGHTED OVER THE TEHRI CATCHMENT.
2024-09-15 02:00:00+00:00,0.02,0.0,0.02,ERA5-LAND HOURLY PRECIPITATION SAMPLED AT NEAREST MODEL-GRID LOCATIONS VIA OPEN-METEO AND SPATIALLY WEIGHTED OVER THE TEHRI CATCHMENT.
2024-09-15 03:00:00+00:00,0.002,0.0,0.001,ERA5-LAND HOURLY PRECIPITATION SAMPLED AT NEAREST MODEL-GRID LOCATIONS VIA OPEN-METEO AND SPATIALLY WEIGHTED OVER THE TEHRI CATCHMENT.
2024-09-15 04:00:00+00:00,0.002,0.005,0.0,ERA5-LAND HOURLY PRECIPITATION SAMPLED AT NEAREST MODEL-GRID LOCATIONS VIA OPEN-METEO AND SPATIALLY WEIGHTED OVER THE TEHRI CATCHMENT.
2024-09-15 05:00:00+00:00,0.033,0.074,0.006,ERA5-LAND HOURLY PRECIPITATION SAMPLED AT NEAREST MODEL-GRID LOCATIONS VIA OPEN-METEO AND SPATIALLY WEIGHTED OVER THE TEHRI CATCHMENT.
2024-09-15 06:00:00+00:00,0.134,0.179,0.028,ERA5-LAND HOURLY PRECIPITATION SAMPLED AT NEAREST MODEL-GRID LOCATIONS VIA OPEN-METEO AND SPATIALLY WEIGHTED OVER THE TEHRI CATCHMENT.
2024-09-15 07:00:00+00:00,0.197,0.229,0.338,ERA5-LAND HOURLY PRECIPITATION SAMPLED AT NEAREST MODEL-GRID LOCATIONS VIA OPEN-METEO AND SPATIALLY WEIGHTED OVER THE TEHRI CATCHMENT.
2024-09-15 08:00:00+00:00,0.324,1.706,0.502,ERA5-LAND HOURLY PRECIPITATION SAMPLED AT NEAREST MODEL-GRID LOCATIONS VIA OPEN-METEO AND SPATIALLY WEIGHTED OVER THE TEHRI CATCHMENT.
2024-09-15 09:00:00+00:00,0.342,0.263,0.298,ERA5-LAND HOURLY PRECIPITATION SAMPLED AT NEAREST MODEL-GRID LOCATIONS VIA OPEN-METEO AND SPATIALLY WEIGHTED OVER THE TEHRI CATCHMENT.
2024-09-15 10:00:00+00:00,0.087,0.084,0.764,ERA5-LAND HOURLY PRECIPITATION SAMPLED AT NEAREST MODEL-GRID LOCATIONS VIA OPEN-METEO AND SPATIALLY WEIGHTED OVER THE TEHRI CATCHMENT.
2024-09-15 11:00:00+00:00,0.082,0.073,0.043,ERA5-LAND HOURLY PRECIPITATION SAMPLED AT NEAREST MODEL-GRID LOCATIONS VIA OPEN-METEO AND SPATIALLY WEIGHTED OVER THE TEHRI CATCHMENT.
2024-09-15 12:00:00+00:00,0.045,0.016,0.002,ERA5-LAND HOURLY PRECIPITATION SAMPLED AT NEAREST MODEL-GRID LOCATIONS VIA OPEN-METEO AND SPATIALLY WEIGHTED OVER THE TEHRI CATCHMENT.
2024-09-15 13:00:00+00:00,0.028,0.036,0.256,ERA5-LAND HOURLY PRECIPITATION SAMPLED AT NEAREST MODEL-GRID LOCATIONS VIA OPEN-METEO AND SPATIALLY WEIGHTED OVER THE TEHRI CATCHMENT.
2024-09-15 14:00:00+00:00,0.016,0.013,0.03,ERA5-LAND HOURLY PRECIPITATION SAMPLED AT NEAREST MODEL-GRID LOCATIONS VIA OPEN-METEO AND SPATIALLY WEIGHTED OVER THE TEHRI CATCHMENT.
2024-09-15 15:00:00+00:00,0.015,0.014,0.514,ERA5-LAND HOURLY PRECIPITATION SAMPLED AT NEAREST MODEL-GRID LOCATIONS VIA OPEN-METEO AND SPATIALLY WEIGHTED OVER THE TEHRI CATCHMENT.
2024-09-15 16:00:00+00:00,0.015,0.017,0.153,ERA5-LAND HOURLY PRECIPITATION SAMPLED AT NEAREST MODEL-GRID LOCATIONS VIA OPEN-METEO AND SPATIALLY WEIGHTED OVER THE TEHRI CATCHMENT.
2024-09-15 17:00:00+00:00,0.009,0.005,0.086,ERA5-LAND HOURLY PRECIPITATION SAMPLED AT NEAREST MODEL-GRID LOCATIONS VIA OPEN-METEO AND SPATIALLY WEIGHTED OVER THE TEHRI CATCHMENT.
2024-09-15 18:00:00+00:00,0.006,0.005,0.0,ERA5-LAND HOURLY PRECIPITATION SAMPLED AT NEAREST MODEL-GRID LOCATIONS VIA OPEN-METEO AND SPATIALLY WEIGHTED OVER THE TEHRI CATCHMENT.
2024-09-15 19:00:00+00:00,0.001,0.005,0.0,ERA5-LAND HOURLY PRECIPITATION SAMPLED AT NEAREST MODEL-GRID LOCATIONS VIA OPEN-METEO AND SPATIALLY WEIGHTED OVER THE TEHRI CATCHMENT.
2024-09-15 20:00:00+00:00,0.001,0.0,0.0,ERA5-LAND HOURLY PRECIPITATION SAMPLED AT NEAREST MODEL-GRID LOCATIONS VIA OPEN-METEO AND SPATIALLY WEIGHTED OVER THE TEHRI CATCHMENT.
2024-09-15 21:00:00+00:00,0.001,0.003,0.0,ERA5-LAND HOURLY PRECIPITATION SAMPLED AT NEAREST MODEL-GRID LOCATIONS VIA OPEN-METEO AND SPATIALLY WEIGHTED OVER THE TEHRI CATCHMENT.
2024-09-15 22:00:00+00:00,0.0,0.0,0.0,ERA5-LAND HOURLY PRECIPITATION SAMPLED AT NEAREST MODEL-GRID LOCATIONS VIA OPEN-METEO AND SPATIALLY WEIGHTED OVER THE TEHRI CATCHMENT.
2024-09-15 23:00:00+00:00,0.0,0.0,0.0,ERA5-LAND HOURLY PRECIPITATION SAMPLED AT NEAREST MODEL-GRID LOCATIONS VIA OPEN-METEO AND SPATIALLY WEIGHTED OVER THE TEHRI CATCHMENT.
2024-09-16 00:00:00+00:00,0.0,0.0,0.0,ERA5-LAND HOURLY PRECIPITATION SAMPLED AT NEAREST MODEL-GRID LOCATIONS VIA OPEN-METEO AND SPATIALLY WEIGHTED OVER THE TEHRI CATCHMENT.
2024-09-16 01:00:00+00:00,0.0,0.0,0.0,ERA5-LAND HOURLY PRECIPITATION SAMPLED AT NEAREST MODEL-GRID LOCATIONS VIA OPEN-METEO AND SPATIALLY WEIGHTED OVER THE TEHRI CATCHMENT.
2024-09-16 02:00:00+00:00,0.0,0.0,0.0,ERA5-LAND HOURLY PRECIPITATION SAMPLED AT NEAREST MODEL-GRID LOCATIONS VIA OPEN-METEO AND SPATIALLY WEIGHTED OVER THE TEHRI CATCHMENT.
2024-09-16 03:00:00+00:00,0.0,0.0,0.0,ERA5-LAND HOURLY PRECIPITATION SAMPLED AT NEAREST MODEL-GRID LOCATIONS VIA OPEN-METEO AND SPATIALLY WEIGHTED OVER THE TEHRI CATCHMENT.
2024-09-16 04:00:00+00:00,0.0,0.0,0.0,ERA5-LAND HOURLY PRECIPITATION SAMPLED AT NEAREST MODEL-GRID LOCATIONS VIA OPEN-METEO AND SPATIALLY WEIGHTED OVER THE TEHRI CATCHMENT.
2024-09-16 05:00:00+00:00,0.001,0.007,0.003,ERA5-LAND HOURLY PRECIPITATION SAMPLED AT NEAREST MODEL-GRID LOCATIONS VIA OPEN-METEO AND SPATIALLY WEIGHTED OVER THE TEHRI CATCHMENT.
2024-09-16 06:00:00+00:00,0.002,0.012,0.036,ERA5-LAND HOURLY PRECIPITATION SAMPLED AT NEAREST MODEL-GRID LOCATIONS VIA OPEN-METEO AND SPATIALLY WEIGHTED OVER THE TEHRI CATCHMENT.
2024-09-16 07:00:00+00:00,0.022,0.017,0.011,ERA5-LAND HOURLY PRECIPITATION SAMPLED AT NEAREST MODEL-GRID LOCATIONS VIA OPEN-METEO AND SPATIALLY WEIGHTED OVER THE TEHRI CATCHMENT.
2024-09-16 08:00:00+00:00,0.028,0.011,0.009,ERA5-LAND HOURLY PRECIPITATION SAMPLED AT NEAREST MODEL-GRID LOCATIONS VIA OPEN-METEO AND SPATIALLY WEIGHTED OVER THE TEHRI CATCHMENT.
2024-09-16 09:00:00+00:00,0.027,0.003,0.015,ERA5-LAND HOURLY PRECIPITATION SAMPLED AT NEAREST MODEL-GRID LOCATIONS VIA OPEN-METEO AND SPATIALLY WEIGHTED OVER THE TEHRI CATCHMENT.
2024-09-16 10:00:00+00:00,0.025,0.055,0.024,ERA5-LAND HOURLY PRECIPITATION SAMPLED AT NEAREST MODEL-GRID LOCATIONS VIA OPEN-METEO AND SPATIALLY WEIGHTED OVER THE TEHRI CATCHMENT.
2024-09-16 11:00:00+00:00,0.018,0.079,0.009,ERA5-LAND HOURLY PRECIPITATION SAMPLED AT NEAREST MODEL-GRID LOCATIONS VIA OPEN-METEO AND SPATIALLY WEIGHTED OVER THE TEHRI CATCHMENT.
2024-09-16 12:00:00+00:00,0.008,0.02,0.003,ERA5-LAND HOURLY PRECIPITATION SAMPLED AT NEAREST MODEL-GRID LOCATIONS VIA OPEN-METEO AND SPATIALLY WEIGHTED OVER THE TEHRI CATCHMENT.
2024-09-16 13:00:00+00:00,0.012,0.044,0.007,ERA5-LAND HOURLY PRECIPITATION SAMPLED AT NEAREST MODEL-GRID LOCATIONS VIA OPEN-METEO AND SPATIALLY WEIGHTED OVER THE TEHRI CATCHMENT.
2024-09-16 14:00:00+00:00,0.006,0.018,0.017,ERA5-LAND HOURLY PRECIPITATION SAMPLED AT NEAREST MODEL-GRID LOCATIONS VIA OPEN-METEO AND SPATIALLY WEIGHTED OVER THE TEHRI CATCHMENT.
2024-09-16 15:00:00+00:00,0.0,0.019,0.0,ERA5-LAND HOURLY PRECIPITATION SAMPLED AT NEAREST MODEL-GRID LOCATIONS VIA OPEN-METEO AND SPATIALLY WEIGHTED OVER THE TEHRI CATCHMENT.
2024-09-16 16:00:00+00:00,0.0,0.0,0.0,ERA5-LAND HOURLY PRECIPITATION SAMPLED AT NEAREST MODEL-GRID LOCATIONS VIA OPEN-METEO AND SPATIALLY WEIGHTED OVER THE TEHRI CATCHMENT.
2024-09-16 17:00:00+00:00,0.0,0.0,0.0,ERA5-LAND HOURLY PRECIPITATION SAMPLED AT NEAREST MODEL-GRID LOCATIONS VIA OPEN-METEO AND SPATIALLY WEIGHTED OVER THE TEHRI CATCHMENT.
2024-09-16 18:00:00+00:00,0.0,0.0,0.0,ERA5-LAND HOURLY PRECIPITATION SAMPLED AT NEAREST MODEL-GRID LOCATIONS VIA OPEN-METEO AND SPATIALLY WEIGHTED OVER THE TEHRI CATCHMENT.
2024-09-16 19:00:00+00:00,0.0,0.0,0.0,ERA5-LAND HOURLY PRECIPITATION SAMPLED AT NEAREST MODEL-GRID LOCATIONS VIA OPEN-METEO AND SPATIALLY WEIGHTED OVER THE TEHRI CATCHMENT.
2024-09-16 20:00:00+00:00,0.0,0.0,0.0,ERA5-LAND HOURLY PRECIPITATION SAMPLED AT NEAREST MODEL-GRID LOCATIONS VIA OPEN-METEO AND SPATIALLY WEIGHTED OVER THE TEHRI CATCHMENT.
2024-09-16 21:00:00+00:00,0.0,0.0,0.0,ERA5-LAND HOURLY PRECIPITATION SAMPLED AT NEAREST MODEL-GRID LOCATIONS VIA OPEN-METEO AND SPATIALLY WEIGHTED OVER THE TEHRI CATCHMENT.
2024-09-16 22:00:00+00:00,0.0,0.0,0.0,ERA5-LAND HOURLY PRECIPITATION SAMPLED AT NEAREST MODEL-GRID LOCATIONS VIA OPEN-METEO AND SPATIALLY WEIGHTED OVER THE TEHRI CATCHMENT.
2024-09-16 23:00:00+00:00,0.0,0.0,0.0,ERA5-LAND HOURLY PRECIPITATION SAMPLED AT NEAREST MODEL-GRID LOCATIONS VIA OPEN-METEO AND SPATIALLY WEIGHTED OVER THE TEHRI CATCHMENT.
2024-09-17 00:00:00+00:00,0.0,0.0,0.0,ERA5-LAND HOURLY PRECIPITATION SAMPLED AT NEAREST MODEL-GRID LOCATIONS VIA OPEN-METEO AND SPATIALLY WEIGHTED OVER THE TEHRI CATCHMENT.
2024-09-17 01:00:00+00:00,0.0,0.0,0.0,ERA5-LAND HOURLY PRECIPITATION SAMPLED AT NEAREST MODEL-GRID LOCATIONS VIA OPEN-METEO AND SPATIALLY WEIGHTED OVER THE TEHRI CATCHMENT.
2024-09-17 02:00:00+00:00,0.0,0.0,0.002,ERA5-LAND HOURLY PRECIPITATION SAMPLED AT NEAREST MODEL-GRID LOCATIONS VIA OPEN-METEO AND SPATIALLY WEIGHTED OVER THE TEHRI CATCHMENT.
2024-09-17 03:00:00+00:00,0.0,0.0,0.0,ERA5-LAND HOURLY PRECIPITATION SAMPLED AT NEAREST MODEL-GRID LOCATIONS VIA OPEN-METEO AND SPATIALLY WEIGHTED OVER THE TEHRI CATCHMENT.
2024-09-17 04:00:00+00:00,0.0,0.0,0.0,ERA5-LAND HOURLY PRECIPITATION SAMPLED AT NEAREST MODEL-GRID LOCATIONS VIA OPEN-METEO AND SPATIALLY WEIGHTED OVER THE TEHRI CATCHMENT.
2024-09-17 05:00:00+00:00,0.0,0.008,0.0,ERA5-LAND HOURLY PRECIPITATION SAMPLED AT NEAREST MODEL-GRID LOCATIONS VIA OPEN-METEO AND SPATIALLY WEIGHTED OVER THE TEHRI CATCHMENT.
2024-09-17 06:00:00+00:00,0.006,0.066,0.001,ERA5-LAND HOURLY PRECIPITATION SAMPLED AT NEAREST MODEL-GRID LOCATIONS VIA OPEN-METEO AND SPATIALLY WEIGHTED OVER THE TEHRI CATCHMENT.
2024-09-17 07:00:00+00:00,0.034,0.079,0.023,ERA5-LAND HOURLY PRECIPITATION SAMPLED AT NEAREST MODEL-GRID LOCATIONS VIA OPEN-METEO AND SPATIALLY WEIGHTED OVER THE TEHRI CATCHMENT.
2024-09-17 08:00:00+00:00,0.02,0.476,0.226,ERA5-LAND HOURLY PRECIPITATION SAMPLED AT NEAREST MODEL-GRID LOCATIONS VIA OPEN-METEO AND SPATIALLY WEIGHTED OVER THE TEHRI CATCHMENT.
2024-09-17 09:00:00+00:00,0.121,0.168,0.229,ERA5-LAND HOURLY PRECIPITATION SAMPLED AT NEAREST MODEL-GRID LOCATIONS VIA OPEN-METEO AND SPATIALLY WEIGHTED OVER THE TEHRI CATCHMENT.
2024-09-17 10:00:00+00:00,0.008,0.205,0.148,ERA5-LAND HOURLY PRECIPITATION SAMPLED AT NEAREST MODEL-GRID LOCATIONS VIA OPEN-METEO AND SPATIALLY WEIGHTED OVER THE TEHRI CATCHMENT.
2024-09-17 11:00:00+00:00,0.008,0.394,0.458,ERA5-LAND HOURLY PRECIPITATION SAMPLED AT NEAREST MODEL-GRID LOCATIONS VIA OPEN-METEO AND SPATIALLY WEIGHTED OVER THE TEHRI CATCHMENT.
2024-09-17 12:00:00+00:00,0.017,0.395,0.301,ERA5-LAND HOURLY PRECIPITATION SAMPLED AT NEAREST MODEL-GRID LOCATIONS VIA OPEN-METEO AND SPATIALLY WEIGHTED OVER THE TEHRI CATCHMENT.
2024-09-17 13:00:00+00:00,0.068,0.269,0.575,ERA5-LAND HOURLY PRECIPITATION SAMPLED AT NEAREST MODEL-GRID LOCATIONS VIA OPEN-METEO AND SPATIALLY WEIGHTED OVER THE TEHRI CATCHMENT.
2024-09-17 14:00:00+00:00,0.012,0.848,2.168,ERA5-LAND HOURLY PRECIPITATION SAMPLED AT NEAREST MODEL-GRID LOCATIONS VIA OPEN-METEO AND SPATIALLY WEIGHTED OVER THE TEHRI CATCHMENT.
2024-09-17 15:00:00+00:00,0.022,0.32,0.68,ERA5-LAND HOURLY PRECIPITATION SAMPLED AT NEAREST MODEL-GRID LOCATIONS VIA OPEN-METEO AND SPATIALLY WEIGHTED OVER THE TEHRI CATCHMENT.
2024-09-17 16:00:00+00:00,0.031,0.244,0.233,ERA5-LAND HOURLY PRECIPITATION SAMPLED AT NEAREST MODEL-GRID LOCATIONS VIA OPEN-METEO AND SPATIALLY WEIGHTED OVER THE TEHRI CATCHMENT.
2024-09-17 17:00:00+00:00,0.018,0.169,0.103,ERA5-LAND HOURLY PRECIPITATION SAMPLED AT NEAREST MODEL-GRID LOCATIONS VIA OPEN-METEO AND SPATIALLY WEIGHTED OVER THE TEHRI CATCHMENT.
2024-09-17 18:00:00+00:00,0.039,0.134,0.048,ERA5-LAND HOURLY PRECIPITATION SAMPLED AT NEAREST MODEL-GRID LOCATIONS VIA OPEN-METEO AND SPATIALLY WEIGHTED OVER THE TEHRI CATCHMENT.
2024-09-17 19:00:00+00:00,0.041,0.086,0.01,ERA5-LAND HOURLY PRECIPITATION SAMPLED AT NEAREST MODEL-GRID LOCATIONS VIA OPEN-METEO AND SPATIALLY WEIGHTED OVER THE TEHRI CATCHMENT.
2024-09-17 20:00:00+00:00,0.144,0.195,0.06,ERA5-LAND HOURLY PRECIPITATION SAMPLED AT NEAREST MODEL-GRID LOCATIONS VIA OPEN-METEO AND SPATIALLY WEIGHTED OVER THE TEHRI CATCHMENT.
2024-09-17 21:00:00+00:00,0.376,0.524,0.099,ERA5-LAND HOURLY PRECIPITATION SAMPLED AT NEAREST MODEL-GRID LOCATIONS VIA OPEN-METEO AND SPATIALLY WEIGHTED OVER THE TEHRI CATCHMENT.
2024-09-17 22:00:00+00:00,0.491,0.733,0.076,ERA5-LAND HOURLY PRECIPITATION SAMPLED AT NEAREST MODEL-GRID LOCATIONS VIA OPEN-METEO AND SPATIALLY WEIGHTED OVER THE TEHRI CATCHMENT.
2024-09-17 23:00:00+00:00,0.481,0.524,0.066,ERA5-LAND HOURLY PRECIPITATION SAMPLED AT NEAREST MODEL-GRID LOCATIONS VIA OPEN-METEO AND SPATIALLY WEIGHTED OVER THE TEHRI CATCHMENT.
2024-09-18 00:00:00+00:00,0.588,0.777,0.061,ERA5-LAND HOURLY PRECIPITATION SAMPLED AT NEAREST MODEL-GRID LOCATIONS VIA OPEN-METEO AND SPATIALLY WEIGHTED OVER THE TEHRI CATCHMENT.
2024-09-18 01:00:00+00:00,2.422,2.497,2.198,ERA5-LAND HOURLY PRECIPITATION SAMPLED AT NEAREST MODEL-GRID LOCATIONS VIA OPEN-METEO AND SPATIALLY WEIGHTED OVER THE TEHRI CATCHMENT.
2024-09-18 02:00:00+00:00,2.365,2.664,2.404,ERA5-LAND HOURLY PRECIPITATION SAMPLED AT NEAREST MODEL-GRID LOCATIONS VIA OPEN-METEO AND SPATIALLY WEIGHTED OVER THE TEHRI CATCHMENT.
2024-09-18 03:00:00+00:00,2.243,1.858,1.696,ERA5-LAND HOURLY PRECIPITATION SAMPLED AT NEAREST MODEL-GRID LOCATIONS VIA OPEN-METEO AND SPATIALLY WEIGHTED OVER THE TEHRI CATCHMENT.
2024-09-18 04:00:00+00:00,2.039,1.473,1.311,ERA5-LAND HOURLY PRECIPITATION SAMPLED AT NEAREST MODEL-GRID LOCATIONS VIA OPEN-METEO AND SPATIALLY WEIGHTED OVER THE TEHRI CATCHMENT.
2024-09-18 05:00:00+00:00,2.209,1.669,1.661,ERA5-LAND HOURLY PRECIPITATION SAMPLED AT NEAREST MODEL-GRID LOCATIONS VIA OPEN-METEO AND SPATIALLY WEIGHTED OVER THE TEHRI CATCHMENT.
2024-09-18 06:00:00+00:00,2.404,0.83,1.174,ERA5-LAND HOURLY PRECIPITATION SAMPLED AT NEAREST MODEL-GRID LOCATIONS VIA OPEN-METEO AND SPATIALLY WEIGHTED OVER THE TEHRI CATCHMENT.
2024-09-18 07:00:00+00:00,1.918,0.864,1.015,ERA5-LAND HOURLY PRECIPITATION SAMPLED AT NEAREST MODEL-GRID LOCATIONS VIA OPEN-METEO AND SPATIALLY WEIGHTED OVER THE TEHRI CATCHMENT.
2024-09-18 08:00:00+00:00,1.798,1.241,1.465,ERA5-LAND HOURLY PRECIPITATION SAMPLED AT NEAREST MODEL-GRID LOCATIONS VIA OPEN-METEO AND SPATIALLY WEIGHTED OVER THE TEHRI CATCHMENT.
2024-09-18 09:00:00+00:00,1.966,1.441,1.723,ERA5-LAND HOURLY PRECIPITATION SAMPLED AT NEAREST MODEL-GRID LOCATIONS VIA OPEN-METEO AND SPATIALLY WEIGHTED OVER THE TEHRI CATCHMENT.
2024-09-18 10:00:00+00:00,2.292,1.569,1.641,ERA5-LAND HOURLY PRECIPITATION SAMPLED AT NEAREST MODEL-GRID LOCATIONS VIA OPEN-METEO AND SPATIALLY WEIGHTED OVER THE TEHRI CATCHMENT.
2024-09-18 11:00:00+00:00,2.326,1.109,1.298,ERA5-LAND HOURLY PRECIPITATION SAMPLED AT NEAREST MODEL-GRID LOCATIONS VIA OPEN-METEO AND SPATIALLY WEIGHTED OVER THE TEHRI CATCHMENT.
2024-09-18 12:00:00+00:00,1.662,0.998,1.126,ERA5-LAND HOURLY PRECIPITATION SAMPLED AT NEAREST MODEL-GRID LOCATIONS VIA OPEN-METEO AND SPATIALLY WEIGHTED OVER THE TEHRI CATCHMENT.
2024-09-18 13:00:00+00:00,1.317,0.445,0.813,ERA5-LAND HOURLY PRECIPITATION SAMPLED AT NEAREST MODEL-GRID LOCATIONS VIA OPEN-METEO AND SPATIALLY WEIGHTED OVER THE TEHRI CATCHMENT.
2024-09-18 14:00:00+00:00,0.863,0.129,0.259,ERA5-LAND HOURLY PRECIPITATION SAMPLED AT NEAREST MODEL-GRID LOCATIONS VIA OPEN-METEO AND SPATIALLY WEIGHTED OVER THE TEHRI CATCHMENT.
2024-09-18 15:00:00+00:00,0.716,0.168,0.367,ERA5-LAND HOURLY PRECIPITATION SAMPLED AT NEAREST MODEL-GRID LOCATIONS VIA OPEN-METEO AND SPATIALLY WEIGHTED OVER THE TEHRI CATCHMENT.
2024-09-18 16:00:00+00:00,0.54,0.053,0.162,ERA5-LAND HOURLY PRECIPITATION SAMPLED AT NEAREST MODEL-GRID LOCATIONS VIA OPEN-METEO AND SPATIALLY WEIGHTED OVER THE TEHRI CATCHMENT.
2024-09-18 17:00:00+00:00,0.29,0.057,0.038,ERA5-LAND HOURLY PRECIPITATION SAMPLED AT NEAREST MODEL-GRID LOCATIONS VIA OPEN-METEO AND SPATIALLY WEIGHTED OVER THE TEHRI CATCHMENT.
2024-09-18 18:00:00+00:00,0.116,0.008,0.026,ERA5-LAND HOURLY PRECIPITATION SAMPLED AT NEAREST MODEL-GRID LOCATIONS VIA OPEN-METEO AND SPATIALLY WEIGHTED OVER THE TEHRI CATCHMENT.
2024-09-18 19:00:00+00:00,0.117,0.128,0.412,ERA5-LAND HOURLY PRECIPITATION SAMPLED AT NEAREST MODEL-GRID LOCATIONS VIA OPEN-METEO AND SPATIALLY WEIGHTED OVER THE TEHRI CATCHMENT.
2024-09-18 20:00:00+00:00,0.405,0.393,0.814,ERA5-LAND HOURLY PRECIPITATION SAMPLED AT NEAREST MODEL-GRID LOCATIONS VIA OPEN-METEO AND SPATIALLY WEIGHTED OVER THE TEHRI CATCHMENT.
2024-09-18 21:00:00+00:00,0.764,0.512,0.692,ERA5-LAND HOURLY PRECIPITATION SAMPLED AT NEAREST MODEL-GRID LOCATIONS VIA OPEN-METEO AND SPATIALLY WEIGHTED OVER THE TEHRI CATCHMENT.
2024-09-18 22:00:00+00:00,0.937,0.438,0.423,ERA5-LAND HOURLY PRECIPITATION SAMPLED AT NEAREST MODEL-GRID LOCATIONS VIA OPEN-METEO AND SPATIALLY WEIGHTED OVER THE TEHRI CATCHMENT.
2024-09-18 23:00:00+00:00,0.686,0.22,0.293,ERA5-LAND HOURLY PRECIPITATION SAMPLED AT NEAREST MODEL-GRID LOCATIONS VIA OPEN-METEO AND SPATIALLY WEIGHTED OVER THE TEHRI CATCHMENT.
2024-09-19 00:00:00+00:00,0.369,0.182,0.561,ERA5-LAND HOURLY PRECIPITATION SAMPLED AT NEAREST MODEL-GRID LOCATIONS VIA OPEN-METEO AND SPATIALLY WEIGHTED OVER THE TEHRI CATCHMENT.
2024-09-19 01:00:00+00:00,0.021,0.0,0.029,ERA5-LAND HOURLY PRECIPITATION SAMPLED AT NEAREST MODEL-GRID LOCATIONS VIA OPEN-METEO AND SPATIALLY WEIGHTED OVER THE TEHRI CATCHMENT.
2024-09-19 02:00:00+00:00,0.0,0.0,0.0,ERA5-LAND HOURLY PRECIPITATION SAMPLED AT NEAREST MODEL-GRID LOCATIONS VIA OPEN-METEO AND SPATIALLY WEIGHTED OVER THE TEHRI CATCHMENT.
2024-09-19 03:00:00+00:00,0.0,0.0,0.0,ERA5-LAND HOURLY PRECIPITATION SAMPLED AT NEAREST MODEL-GRID LOCATIONS VIA OPEN-METEO AND SPATIALLY WEIGHTED OVER THE TEHRI CATCHMENT.
2024-09-19 04:00:00+00:00,0.0,0.0,0.0,ERA5-LAND HOURLY PRECIPITATION SAMPLED AT NEAREST MODEL-GRID LOCATIONS VIA OPEN-METEO AND SPATIALLY WEIGHTED OVER THE TEHRI CATCHMENT.
2024-09-19 05:00:00+00:00,0.009,0.0,0.0,ERA5-LAND HOURLY PRECIPITATION SAMPLED AT NEAREST MODEL-GRID LOCATIONS VIA OPEN-METEO AND SPATIALLY WEIGHTED OVER THE TEHRI CATCHMENT.
2024-09-19 06:00:00+00:00,0.021,0.045,0.0,ERA5-LAND HOURLY PRECIPITATION SAMPLED AT NEAREST MODEL-GRID LOCATIONS VIA OPEN-METEO AND SPATIALLY WEIGHTED OVER THE TEHRI CATCHMENT.
2024-09-19 07:00:00+00:00,0.013,0.047,0.012,ERA5-LAND HOURLY PRECIPITATION SAMPLED AT NEAREST MODEL-GRID LOCATIONS VIA OPEN-METEO AND SPATIALLY WEIGHTED OVER THE TEHRI CATCHMENT.
2024-09-19 08:00:00+00:00,0.026,0.06,0.026,ERA5-LAND HOURLY PRECIPITATION SAMPLED AT NEAREST MODEL-GRID LOCATIONS VIA OPEN-METEO AND SPATIALLY WEIGHTED OVER THE TEHRI CATCHMENT.
2024-09-19 09:00:00+00:00,0.02,0.048,0.023,ERA5-LAND HOURLY PRECIPITATION SAMPLED AT NEAREST MODEL-GRID LOCATIONS VIA OPEN-METEO AND SPATIALLY WEIGHTED OVER THE TEHRI CATCHMENT.
2024-09-19 10:00:00+00:00,0.019,0.083,0.001,ERA5-LAND HOURLY PRECIPITATION SAMPLED AT NEAREST MODEL-GRID LOCATIONS VIA OPEN-METEO AND SPATIALLY WEIGHTED OVER THE TEHRI CATCHMENT.
2024-09-19 11:00:00+00:00,0.01,0.034,0.001,ERA5-LAND HOURLY PRECIPITATION SAMPLED AT NEAREST MODEL-GRID LOCATIONS VIA OPEN-METEO AND SPATIALLY WEIGHTED OVER THE TEHRI CATCHMENT.
2024-09-19 12:00:00+00:00,0.002,0.003,0.0,ERA5-LAND HOURLY PRECIPITATION SAMPLED AT NEAREST MODEL-GRID LOCATIONS VIA OPEN-METEO AND SPATIALLY WEIGHTED OVER THE TEHRI CATCHMENT.
2024-09-19 13:00:00+00:00,0.001,0.0,0.0,ERA5-LAND HOURLY PRECIPITATION SAMPLED AT NEAREST MODEL-GRID LOCATIONS VIA OPEN-METEO AND SPATIALLY WEIGHTED OVER THE TEHRI CATCHMENT.
2024-09-19 14:00:00+00:00,0.0,0.0,0.0,ERA5-LAND HOURLY PRECIPITATION SAMPLED AT NEAREST MODEL-GRID LOCATIONS VIA OPEN-METEO AND SPATIALLY WEIGHTED OVER THE TEHRI CATCHMENT.
2024-09-19 15:00:00+00:00,0.0,0.0,0.0,ERA5-LAND HOURLY PRECIPITATION SAMPLED AT NEAREST MODEL-GRID LOCATIONS VIA OPEN-METEO AND SPATIALLY WEIGHTED OVER THE TEHRI CATCHMENT.
2024-09-19 16:00:00+00:00,0.0,0.0,0.0,ERA5-LAND HOURLY PRECIPITATION SAMPLED AT NEAREST MODEL-GRID LOCATIONS VIA OPEN-METEO AND SPATIALLY WEIGHTED OVER THE TEHRI CATCHMENT.
2024-09-19 17:00:00+00:00,0.0,0.0,0.0,ERA5-LAND HOURLY PRECIPITATION SAMPLED AT NEAREST MODEL-GRID LOCATIONS VIA OPEN-METEO AND SPATIALLY WEIGHTED OVER THE TEHRI CATCHMENT.
2024-09-19 18:00:00+00:00,0.0,0.0,0.0,ERA5-LAND HOURLY PRECIPITATION SAMPLED AT NEAREST MODEL-GRID LOCATIONS VIA OPEN-METEO AND SPATIALLY WEIGHTED OVER THE TEHRI CATCHMENT.
2024-09-19 19:00:00+00:00,0.0,0.0,0.0,ERA5-LAND HOURLY PRECIPITATION SAMPLED AT NEAREST MODEL-GRID LOCATIONS VIA OPEN-METEO AND SPATIALLY WEIGHTED OVER THE TEHRI CATCHMENT.
2024-09-19 20:00:00+00:00,0.0,0.0,0.0,ERA5-LAND HOURLY PRECIPITATION SAMPLED AT NEAREST MODEL-GRID LOCATIONS VIA OPEN-METEO AND SPATIALLY WEIGHTED OVER THE TEHRI CATCHMENT.
2024-09-19 21:00:00+00:00,0.0,0.0,0.0,ERA5-LAND HOURLY PRECIPITATION SAMPLED AT NEAREST MODEL-GRID LOCATIONS VIA OPEN-METEO AND SPATIALLY WEIGHTED OVER THE TEHRI CATCHMENT.
2024-09-19 22:00:00+00:00,0.0,0.0,0.0,ERA5-LAND HOURLY PRECIPITATION SAMPLED AT NEAREST MODEL-GRID LOCATIONS VIA OPEN-METEO AND SPATIALLY WEIGHTED OVER THE TEHRI CATCHMENT.
2024-09-19 23:00:00+00:00,0.0,0.0,0.0,ERA5-LAND HOURLY PRECIPITATION SAMPLED AT NEAREST MODEL-GRID LOCATIONS VIA OPEN-METEO AND SPATIALLY WEIGHTED OVER THE TEHRI CATCHMENT.
2024-09-20 00:00:00+00:00,0.0,0.0,0.0,ERA5-LAND HOURLY PRECIPITATION SAMPLED AT NEAREST MODEL-GRID LOCATIONS VIA OPEN-METEO AND SPATIALLY WEIGHTED OVER THE TEHRI CATCHMENT.
2024-09-20 01:00:00+00:00,0.0,0.0,0.0,ERA5-LAND HOURLY PRECIPITATION SAMPLED AT NEAREST MODEL-GRID LOCATIONS VIA OPEN-METEO AND SPATIALLY WEIGHTED OVER THE TEHRI CATCHMENT.
2024-09-20 02:00:00+00:00,0.0,0.0,0.0,ERA5-LAND HOURLY PRECIPITATION SAMPLED AT NEAREST MODEL-GRID LOCATIONS VIA OPEN-METEO AND SPATIALLY WEIGHTED OVER THE TEHRI CATCHMENT.
2024-09-20 03:00:00+00:00,0.0,0.0,0.0,ERA5-LAND HOURLY PRECIPITATION SAMPLED AT NEAREST MODEL-GRID LOCATIONS VIA OPEN-METEO AND SPATIALLY WEIGHTED OVER THE TEHRI CATCHMENT.
2024-09-20 04:00:00+00:00,0.0,0.0,0.0,ERA5-LAND HOURLY PRECIPITATION SAMPLED AT NEAREST MODEL-GRID LOCATIONS VIA OPEN-METEO AND SPATIALLY WEIGHTED OVER THE TEHRI CATCHMENT.
2024-09-20 05:00:00+00:00,0.0,0.009,0.0,ERA5-LAND HOURLY PRECIPITATION SAMPLED AT NEAREST MODEL-GRID LOCATIONS VIA OPEN-METEO AND SPATIALLY WEIGHTED OVER THE TEHRI CATCHMENT.
2024-09-20 06:00:00+00:00,0.001,0.041,0.005,ERA5-LAND HOURLY PRECIPITATION SAMPLED AT NEAREST MODEL-GRID LOCATIONS VIA OPEN-METEO AND SPATIALLY WEIGHTED OVER THE TEHRI CATCHMENT.
2024-09-20 07:00:00+00:00,0.004,0.087,0.003,ERA5-LAND HOURLY PRECIPITATION SAMPLED AT NEAREST MODEL-GRID LOCATIONS VIA OPEN-METEO AND SPATIALLY WEIGHTED OVER THE TEHRI CATCHMENT.
2024-09-20 08:00:00+00:00,0.014,0.116,0.001,ERA5-LAND HOURLY PRECIPITATION SAMPLED AT NEAREST MODEL-GRID LOCATIONS VIA OPEN-METEO AND SPATIALLY WEIGHTED OVER THE TEHRI CATCHMENT.
2024-09-20 09:00:00+00:00,0.023,0.171,0.005,ERA5-LAND HOURLY PRECIPITATION SAMPLED AT NEAREST MODEL-GRID LOCATIONS VIA OPEN-METEO AND SPATIALLY WEIGHTED OVER THE TEHRI CATCHMENT.
2024-09-20 10:00:00+00:00,0.027,0.143,0.001,ERA5-LAND HOURLY PRECIPITATION SAMPLED AT NEAREST MODEL-GRID LOCATIONS VIA OPEN-METEO AND SPATIALLY WEIGHTED OVER THE TEHRI CATCHMENT.
2024-09-20 11:00:00+00:00,0.018,0.076,0.001,ERA5-LAND HOURLY PRECIPITATION SAMPLED AT NEAREST MODEL-GRID LOCATIONS VIA OPEN-METEO AND SPATIALLY WEIGHTED OVER THE TEHRI CATCHMENT.
2024-09-20 12:00:00+00:00,0.0,0.032,0.0,ERA5-LAND HOURLY PRECIPITATION SAMPLED AT NEAREST MODEL-GRID LOCATIONS VIA OPEN-METEO AND SPATIALLY WEIGHTED OVER THE TEHRI CATCHMENT.
2024-09-20 13:00:00+00:00,0.0,0.0,0.0,ERA5-LAND HOURLY PRECIPITATION SAMPLED AT NEAREST MODEL-GRID LOCATIONS VIA OPEN-METEO AND SPATIALLY WEIGHTED OVER THE TEHRI CATCHMENT.
2024-09-20 14:00:00+00:00,0.001,0.0,0.002,ERA5-LAND HOURLY PRECIPITATION SAMPLED AT NEAREST MODEL-GRID LOCATIONS VIA OPEN-METEO AND SPATIALLY WEIGHTED OVER THE TEHRI CATCHMENT.
2024-09-20 15:00:00+00:00,0.0,0.0,0.0,ERA5-LAND HOURLY PRECIPITATION SAMPLED AT NEAREST MODEL-GRID LOCATIONS VIA OPEN-METEO AND SPATIALLY WEIGHTED OVER THE TEHRI CATCHMENT.
2024-09-20 16:00:00+00:00,0.0,0.0,0.0,ERA5-LAND HOURLY PRECIPITATION SAMPLED AT NEAREST MODEL-GRID LOCATIONS VIA OPEN-METEO AND SPATIALLY WEIGHTED OVER THE TEHRI CATCHMENT.
2024-09-20 17:00:00+00:00,0.0,0.0,0.0,ERA5-LAND HOURLY PRECIPITATION SAMPLED AT NEAREST MODEL-GRID LOCATIONS VIA OPEN-METEO AND SPATIALLY WEIGHTED OVER THE TEHRI CATCHMENT.
2024-09-20 18:00:00+00:00,0.004,0.0,0.001,ERA5-LAND HOURLY PRECIPITATION SAMPLED AT NEAREST MODEL-GRID LOCATIONS VIA OPEN-METEO AND SPATIALLY WEIGHTED OVER THE TEHRI CATCHMENT.
2024-09-20 19:00:00+00:00,0.007,0.0,0.001,ERA5-LAND HOURLY PRECIPITATION SAMPLED AT NEAREST MODEL-GRID LOCATIONS VIA OPEN-METEO AND SPATIALLY WEIGHTED OVER THE TEHRI CATCHMENT.
2024-09-20 20:00:00+00:00,0.037,0.0,0.003,ERA5-LAND HOURLY PRECIPITATION SAMPLED AT NEAREST MODEL-GRID LOCATIONS VIA OPEN-METEO AND SPATIALLY WEIGHTED OVER THE TEHRI CATCHMENT.
2024-09-20 21:00:00+00:00,0.061,0.0,0.004,ERA5-LAND HOURLY PRECIPITATION SAMPLED AT NEAREST MODEL-GRID LOCATIONS VIA OPEN-METEO AND SPATIALLY WEIGHTED OVER THE TEHRI CATCHMENT.
2024-09-20 22:00:00+00:00,0.021,0.005,0.006,ERA5-LAND HOURLY PRECIPITATION SAMPLED AT NEAREST MODEL-GRID LOCATIONS VIA OPEN-METEO AND SPATIALLY WEIGHTED OVER THE TEHRI CATCHMENT.
2024-09-20 23:00:00+00:00,0.019,0.016,0.005,ERA5-LAND HOURLY PRECIPITATION SAMPLED AT NEAREST MODEL-GRID LOCATIONS VIA OPEN-METEO AND SPATIALLY WEIGHTED OVER THE TEHRI CATCHMENT.
2024-09-21 00:00:00+00:00,0.015,0.062,0.004,ERA5-LAND HOURLY PRECIPITATION SAMPLED AT NEAREST MODEL-GRID LOCATIONS VIA OPEN-METEO AND SPATIALLY WEIGHTED OVER THE TEHRI CATCHMENT.
2024-09-21 01:00:00+00:00,0.0,0.0,0.0,ERA5-LAND HOURLY PRECIPITATION SAMPLED AT NEAREST MODEL-GRID LOCATIONS VIA OPEN-METEO AND SPATIALLY WEIGHTED OVER THE TEHRI CATCHMENT.
2024-09-21 02:00:00+00:00,0.0,0.014,0.0,ERA5-LAND HOURLY PRECIPITATION SAMPLED AT NEAREST MODEL-GRID LOCATIONS VIA OPEN-METEO AND SPATIALLY WEIGHTED OVER THE TEHRI CATCHMENT.
2024-09-21 03:00:00+00:00,0.001,0.016,0.0,ERA5-LAND HOURLY PRECIPITATION SAMPLED AT NEAREST MODEL-GRID LOCATIONS VIA OPEN-METEO AND SPATIALLY WEIGHTED OVER THE TEHRI CATCHMENT.
2024-09-21 04:00:00+00:00,0.006,0.064,0.021,ERA5-LAND HOURLY PRECIPITATION SAMPLED AT NEAREST MODEL-GRID LOCATIONS VIA OPEN-METEO AND SPATIALLY WEIGHTED OVER THE TEHRI CATCHMENT.
2024-09-21 05:00:00+00:00,0.012,0.146,0.058,ERA5-LAND HOURLY PRECIPITATION SAMPLED AT NEAREST MODEL-GRID LOCATIONS VIA OPEN-METEO AND SPATIALLY WEIGHTED OVER THE TEHRI CATCHMENT.
2024-09-21 06:00:00+00:00,0.028,0.216,0.095,ERA5-LAND HOURLY PRECIPITATION SAMPLED AT NEAREST MODEL-GRID LOCATIONS VIA OPEN-METEO AND SPATIALLY WEIGHTED OVER THE TEHRI CATCHMENT.
2024-09-21 07:00:00+00:00,0.027,0.249,0.105,ERA5-LAND HOURLY PRECIPITATION SAMPLED AT NEAREST MODEL-GRID LOCATIONS VIA OPEN-METEO AND SPATIALLY WEIGHTED OVER THE TEHRI CATCHMENT.
2024-09-21 08:00:00+00:00,0.036,0.174,0.123,ERA5-LAND HOURLY PRECIPITATION SAMPLED AT NEAREST MODEL-GRID LOCATIONS VIA OPEN-METEO AND SPATIALLY WEIGHTED OVER THE TEHRI CATCHMENT.
2024-09-21 09:00:00+00:00,0.06,0.15,0.161,ERA5-LAND HOURLY PRECIPITATION SAMPLED AT NEAREST MODEL-GRID LOCATIONS VIA OPEN-METEO AND SPATIALLY WEIGHTED OVER THE TEHRI CATCHMENT.
2024-09-21 10:00:00+00:00,0.062,0.251,0.211,ERA5-LAND HOURLY PRECIPITATION SAMPLED AT NEAREST MODEL-GRID LOCATIONS VIA OPEN-METEO AND SPATIALLY WEIGHTED OVER THE TEHRI CATCHMENT.
2024-09-21 11:00:00+00:00,0.03,0.32,0.165,ERA5-LAND HOURLY PRECIPITATION SAMPLED AT NEAREST MODEL-GRID LOCATIONS VIA OPEN-METEO AND SPATIALLY WEIGHTED OVER THE TEHRI CATCHMENT.
2024-09-21 12:00:00+00:00,0.027,0.095,0.163,ERA5-LAND HOURLY PRECIPITATION SAMPLED AT NEAREST MODEL-GRID LOCATIONS VIA OPEN-METEO AND SPATIALLY WEIGHTED OVER THE TEHRI CATCHMENT.
2024-09-21 13:00:00+00:00,0.012,0.078,0.063,ERA5-LAND HOURLY PRECIPITATION SAMPLED AT NEAREST MODEL-GRID LOCATIONS VIA OPEN-METEO AND SPATIALLY WEIGHTED OVER THE TEHRI CATCHMENT.
2024-09-21 14:00:00+00:00,0.003,0.034,0.025,ERA5-LAND HOURLY PRECIPITATION SAMPLED AT NEAREST MODEL-GRID LOCATIONS VIA OPEN-METEO AND SPATIALLY WEIGHTED OVER THE TEHRI CATCHMENT.
2024-09-21 15:00:00+00:00,0.0,0.037,0.02,ERA5-LAND HOURLY PRECIPITATION SAMPLED AT NEAREST MODEL-GRID LOCATIONS VIA OPEN-METEO AND SPATIALLY WEIGHTED OVER THE TEHRI CATCHMENT.
2024-09-21 16:00:00+00:00,0.0,0.087,0.05,ERA5-LAND HOURLY PRECIPITATION SAMPLED AT NEAREST MODEL-GRID LOCATIONS VIA OPEN-METEO AND SPATIALLY WEIGHTED OVER THE TEHRI CATCHMENT.
2024-09-21 17:00:00+00:00,0.001,0.152,0.053,ERA5-LAND HOURLY PRECIPITATION SAMPLED AT NEAREST MODEL-GRID LOCATIONS VIA OPEN-METEO AND SPATIALLY WEIGHTED OVER THE TEHRI CATCHMENT.
2024-09-21 18:00:00+00:00,0.008,0.188,0.146,ERA5-LAND HOURLY PRECIPITATION SAMPLED AT NEAREST MODEL-GRID LOCATIONS VIA OPEN-METEO AND SPATIALLY WEIGHTED OVER THE TEHRI CATCHMENT.
2024-09-21 19:00:00+00:00,0.029,0.154,0.239,ERA5-LAND HOURLY PRECIPITATION SAMPLED AT NEAREST MODEL-GRID LOCATIONS VIA OPEN-METEO AND SPATIALLY WEIGHTED OVER THE TEHRI CATCHMENT.
2024-09-21 20:00:00+00:00,0.013,0.187,0.244,ERA5-LAND HOURLY PRECIPITATION SAMPLED AT NEAREST MODEL-GRID LOCATIONS VIA OPEN-METEO AND SPATIALLY WEIGHTED OVER THE TEHRI CATCHMENT.
2024-09-21 21:00:00+00:00,0.011,0.309,0.279,ERA5-LAND HOURLY PRECIPITATION SAMPLED AT NEAREST MODEL-GRID LOCATIONS VIA OPEN-METEO AND SPATIALLY WEIGHTED OVER THE TEHRI CATCHMENT.
2024-09-21 22:00:00+00:00,0.007,0.373,0.253,ERA5-LAND HOURLY PRECIPITATION SAMPLED AT NEAREST MODEL-GRID LOCATIONS VIA OPEN-METEO AND SPATIALLY WEIGHTED OVER THE TEHRI CATCHMENT.
2024-09-21 23:00:00+00:00,0.009,0.305,0.105,ERA5-LAND HOURLY PRECIPITATION SAMPLED AT NEAREST MODEL-GRID LOCATIONS VIA OPEN-METEO AND SPATIALLY WEIGHTED OVER THE TEHRI CATCHMENT.
2024-09-22 00:00:00+00:00,0.032,0.244,0.059,ERA5-LAND HOURLY PRECIPITATION SAMPLED AT NEAREST MODEL-GRID LOCATIONS VIA OPEN-METEO AND SPATIALLY WEIGHTED OVER THE TEHRI CATCHMENT.
2024-09-22 01:00:00+00:00,0.001,0.04,0.011,ERA5-LAND HOURLY PRECIPITATION SAMPLED AT NEAREST MODEL-GRID LOCATIONS VIA OPEN-METEO AND SPATIALLY WEIGHTED OVER THE TEHRI CATCHMENT.
2024-09-22 02:00:00+00:00,0.0,0.016,0.01,ERA5-LAND HOURLY PRECIPITATION SAMPLED AT NEAREST MODEL-GRID LOCATIONS VIA OPEN-METEO AND SPATIALLY WEIGHTED OVER THE TEHRI CATCHMENT.
2024-09-22 03:00:00+00:00,0.0,0.004,0.012,ERA5-LAND HOURLY PRECIPITATION SAMPLED AT NEAREST MODEL-GRID LOCATIONS VIA OPEN-METEO AND SPATIALLY WEIGHTED OVER THE TEHRI CATCHMENT.
2024-09-22 04:00:00+00:00,0.002,0.024,0.019,ERA5-LAND HOURLY PRECIPITATION SAMPLED AT NEAREST MODEL-GRID LOCATIONS VIA OPEN-METEO AND SPATIALLY WEIGHTED OVER THE TEHRI CATCHMENT.
2024-09-22 05:00:00+00:00,0.009,0.103,0.037,ERA5-LAND HOURLY PRECIPITATION SAMPLED AT NEAREST MODEL-GRID LOCATIONS VIA OPEN-METEO AND SPATIALLY WEIGHTED OVER THE TEHRI CATCHMENT.
2024-09-22 06:00:00+00:00,0.042,0.231,0.058,ERA5-LAND HOURLY PRECIPITATION SAMPLED AT NEAREST MODEL-GRID LOCATIONS VIA OPEN-METEO AND SPATIALLY WEIGHTED OVER THE TEHRI CATCHMENT.
2024-09-22 07:00:00+00:00,0.077,0.231,0.082,ERA5-LAND HOURLY PRECIPITATION SAMPLED AT NEAREST MODEL-GRID LOCATIONS VIA OPEN-METEO AND SPATIALLY WEIGHTED OVER THE TEHRI CATCHMENT.
2024-09-22 08:00:00+00:00,0.045,0.195,0.05,ERA5-LAND HOURLY PRECIPITATION SAMPLED AT NEAREST MODEL-GRID LOCATIONS VIA OPEN-METEO AND SPATIALLY WEIGHTED OVER THE TEHRI CATCHMENT.
2024-09-22 09:00:00+00:00,0.114,0.681,0.168,ERA5-LAND HOURLY PRECIPITATION SAMPLED AT NEAREST MODEL-GRID LOCATIONS VIA OPEN-METEO AND SPATIALLY WEIGHTED OVER THE TEHRI CATCHMENT.
2024-09-22 10:00:00+00:00,0.065,0.41,0.073,ERA5-LAND HOURLY PRECIPITATION SAMPLED AT NEAREST MODEL-GRID LOCATIONS VIA OPEN-METEO AND SPATIALLY WEIGHTED OVER THE TEHRI CATCHMENT.
2024-09-22 11:00:00+00:00,0.055,0.127,0.094,ERA5-LAND HOURLY PRECIPITATION SAMPLED AT NEAREST MODEL-GRID LOCATIONS VIA OPEN-METEO AND SPATIALLY WEIGHTED OVER THE TEHRI CATCHMENT.
2024-09-22 12:00:00+00:00,0.015,0.029,0.013,ERA5-LAND HOURLY PRECIPITATION SAMPLED AT NEAREST MODEL-GRID LOCATIONS VIA OPEN-METEO AND SPATIALLY WEIGHTED OVER THE TEHRI CATCHMENT.
2024-09-22 13:00:00+00:00,0.003,0.062,0.055,ERA5-LAND HOURLY PRECIPITATION SAMPLED AT NEAREST MODEL-GRID LOCATIONS VIA OPEN-METEO AND SPATIALLY WEIGHTED OVER THE TEHRI CATCHMENT.
2024-09-22 14:00:00+00:00,0.0,0.0,0.001,ERA5-LAND HOURLY PRECIPITATION SAMPLED AT NEAREST MODEL-GRID LOCATIONS VIA OPEN-METEO AND SPATIALLY WEIGHTED OVER THE TEHRI CATCHMENT.
2024-09-22 15:00:00+00:00,0.0,0.0,0.0,ERA5-LAND HOURLY PRECIPITATION SAMPLED AT NEAREST MODEL-GRID LOCATIONS VIA OPEN-METEO AND SPATIALLY WEIGHTED OVER THE TEHRI CATCHMENT.
2024-09-22 16:00:00+00:00,0.0,0.0,0.0,ERA5-LAND HOURLY PRECIPITATION SAMPLED AT NEAREST MODEL-GRID LOCATIONS VIA OPEN-METEO AND SPATIALLY WEIGHTED OVER THE TEHRI CATCHMENT.
2024-09-22 17:00:00+00:00,0.0,0.0,0.0,ERA5-LAND HOURLY PRECIPITATION SAMPLED AT NEAREST MODEL-GRID LOCATIONS VIA OPEN-METEO AND SPATIALLY WEIGHTED OVER THE TEHRI CATCHMENT.
2024-09-22 18:00:00+00:00,0.0,0.0,0.0,ERA5-LAND HOURLY PRECIPITATION SAMPLED AT NEAREST MODEL-GRID LOCATIONS VIA OPEN-METEO AND SPATIALLY WEIGHTED OVER THE TEHRI CATCHMENT.
2024-09-22 19:00:00+00:00,0.0,0.0,0.0,ERA5-LAND HOURLY PRECIPITATION SAMPLED AT NEAREST MODEL-GRID LOCATIONS VIA OPEN-METEO AND SPATIALLY WEIGHTED OVER THE TEHRI CATCHMENT.
2024-09-22 20:00:00+00:00,0.0,0.0,0.0,ERA5-LAND HOURLY PRECIPITATION SAMPLED AT NEAREST MODEL-GRID LOCATIONS VIA OPEN-METEO AND SPATIALLY WEIGHTED OVER THE TEHRI CATCHMENT.
2024-09-22 21:00:00+00:00,0.0,0.0,0.0,ERA5-LAND HOURLY PRECIPITATION SAMPLED AT NEAREST MODEL-GRID LOCATIONS VIA OPEN-METEO AND SPATIALLY WEIGHTED OVER THE TEHRI CATCHMENT.
2024-09-22 22:00:00+00:00,0.0,0.0,0.0,ERA5-LAND HOURLY PRECIPITATION SAMPLED AT NEAREST MODEL-GRID LOCATIONS VIA OPEN-METEO AND SPATIALLY WEIGHTED OVER THE TEHRI CATCHMENT.
2024-09-22 23:00:00+00:00,0.001,0.0,0.0,ERA5-LAND HOURLY PRECIPITATION SAMPLED AT NEAREST MODEL-GRID LOCATIONS VIA OPEN-METEO AND SPATIALLY WEIGHTED OVER THE TEHRI CATCHMENT.
2024-09-23 00:00:00+00:00,0.0,0.0,0.0,ERA5-LAND HOURLY PRECIPITATION SAMPLED AT NEAREST MODEL-GRID LOCATIONS VIA OPEN-METEO AND SPATIALLY WEIGHTED OVER THE TEHRI CATCHMENT.
2024-09-23 01:00:00+00:00,0.0,0.0,0.0,ERA5-LAND HOURLY PRECIPITATION SAMPLED AT NEAREST MODEL-GRID LOCATIONS VIA OPEN-METEO AND SPATIALLY WEIGHTED OVER THE TEHRI CATCHMENT.
2024-09-23 02:00:00+00:00,0.0,0.0,0.0,ERA5-LAND HOURLY PRECIPITATION SAMPLED AT NEAREST MODEL-GRID LOCATIONS VIA OPEN-METEO AND SPATIALLY WEIGHTED OVER THE TEHRI CATCHMENT.
2024-09-23 03:00:00+00:00,0.0,0.0,0.0,ERA5-LAND HOURLY PRECIPITATION SAMPLED AT NEAREST MODEL-GRID LOCATIONS VIA OPEN-METEO AND SPATIALLY WEIGHTED OVER THE TEHRI CATCHMENT.
2024-09-23 04:00:00+00:00,0.001,0.001,0.0,ERA5-LAND HOURLY PRECIPITATION SAMPLED AT NEAREST MODEL-GRID LOCATIONS VIA OPEN-METEO AND SPATIALLY WEIGHTED OVER THE TEHRI CATCHMENT.
2024-09-23 05:00:00+00:00,0.006,0.029,0.0,ERA5-LAND HOURLY PRECIPITATION SAMPLED AT NEAREST MODEL-GRID LOCATIONS VIA OPEN-METEO AND SPATIALLY WEIGHTED OVER THE TEHRI CATCHMENT.
2024-09-23 06:00:00+00:00,0.026,0.062,0.018,ERA5-LAND HOURLY PRECIPITATION SAMPLED AT NEAREST MODEL-GRID LOCATIONS VIA OPEN-METEO AND SPATIALLY WEIGHTED OVER THE TEHRI CATCHMENT.
2024-09-23 07:00:00+00:00,0.049,0.098,0.017,ERA5-LAND HOURLY PRECIPITATION SAMPLED AT NEAREST MODEL-GRID LOCATIONS VIA OPEN-METEO AND SPATIALLY WEIGHTED OVER THE TEHRI CATCHMENT.
2024-09-23 08:00:00+00:00,0.165,0.217,0.085,ERA5-LAND HOURLY PRECIPITATION SAMPLED AT NEAREST MODEL-GRID LOCATIONS VIA OPEN-METEO AND SPATIALLY WEIGHTED OVER THE TEHRI CATCHMENT.
2024-09-23 09:00:00+00:00,0.064,0.104,0.039,ERA5-LAND HOURLY PRECIPITATION SAMPLED AT NEAREST MODEL-GRID LOCATIONS VIA OPEN-METEO AND SPATIALLY WEIGHTED OVER THE TEHRI CATCHMENT.
2024-09-23 10:00:00+00:00,0.064,0.162,0.02,ERA5-LAND HOURLY PRECIPITATION SAMPLED AT NEAREST MODEL-GRID LOCATIONS VIA OPEN-METEO AND SPATIALLY WEIGHTED OVER THE TEHRI CATCHMENT.
2024-09-23 11:00:00+00:00,0.095,0.109,0.028,ERA5-LAND HOURLY PRECIPITATION SAMPLED AT NEAREST MODEL-GRID LOCATIONS VIA OPEN-METEO AND SPATIALLY WEIGHTED OVER THE TEHRI CATCHMENT.
2024-09-23 12:00:00+00:00,0.008,0.008,0.0,ERA5-LAND HOURLY PRECIPITATION SAMPLED AT NEAREST MODEL-GRID LOCATIONS VIA OPEN-METEO AND SPATIALLY WEIGHTED OVER THE TEHRI CATCHMENT.
2024-09-23 13:00:00+00:00,0.0,0.0,0.0,ERA5-LAND HOURLY PRECIPITATION SAMPLED AT NEAREST MODEL-GRID LOCATIONS VIA OPEN-METEO AND SPATIALLY WEIGHTED OVER THE TEHRI CATCHMENT.
2024-09-23 14:00:00+00:00,0.0,0.0,0.0,ERA5-LAND HOURLY PRECIPITATION SAMPLED AT NEAREST MODEL-GRID LOCATIONS VIA OPEN-METEO AND SPATIALLY WEIGHTED OVER THE TEHRI CATCHMENT.
2024-09-23 15:00:00+00:00,0.0,0.0,0.0,ERA5-LAND HOURLY PRECIPITATION SAMPLED AT NEAREST MODEL-GRID LOCATIONS VIA OPEN-METEO AND SPATIALLY WEIGHTED OVER THE TEHRI CATCHMENT.
2024-09-23 16:00:00+00:00,0.0,0.0,0.0,ERA5-LAND HOURLY PRECIPITATION SAMPLED AT NEAREST MODEL-GRID LOCATIONS VIA OPEN-METEO AND SPATIALLY WEIGHTED OVER THE TEHRI CATCHMENT.
2024-09-23 17:00:00+00:00,0.0,0.0,0.0,ERA5-LAND HOURLY PRECIPITATION SAMPLED AT NEAREST MODEL-GRID LOCATIONS VIA OPEN-METEO AND SPATIALLY WEIGHTED OVER THE TEHRI CATCHMENT.
2024-09-23 18:00:00+00:00,0.0,0.0,0.0,ERA5-LAND HOURLY PRECIPITATION SAMPLED AT NEAREST MODEL-GRID LOCATIONS VIA OPEN-METEO AND SPATIALLY WEIGHTED OVER THE TEHRI CATCHMENT.
2024-09-23 19:00:00+00:00,0.0,0.0,0.0,ERA5-LAND HOURLY PRECIPITATION SAMPLED AT NEAREST MODEL-GRID LOCATIONS VIA OPEN-METEO AND SPATIALLY WEIGHTED OVER THE TEHRI CATCHMENT.
2024-09-23 20:00:00+00:00,0.007,0.0,0.0,ERA5-LAND HOURLY PRECIPITATION SAMPLED AT NEAREST MODEL-GRID LOCATIONS VIA OPEN-METEO AND SPATIALLY WEIGHTED OVER THE TEHRI CATCHMENT.
2024-09-23 21:00:00+00:00,0.008,0.0,0.0,ERA5-LAND HOURLY PRECIPITATION SAMPLED AT NEAREST MODEL-GRID LOCATIONS VIA OPEN-METEO AND SPATIALLY WEIGHTED OVER THE TEHRI CATCHMENT.
2024-09-23 22:00:00+00:00,0.006,0.0,0.0,ERA5-LAND HOURLY PRECIPITATION SAMPLED AT NEAREST MODEL-GRID LOCATIONS VIA OPEN-METEO AND SPATIALLY WEIGHTED OVER THE TEHRI CATCHMENT.
2024-09-23 23:00:00+00:00,0.0,0.0,0.0,ERA5-LAND HOURLY PRECIPITATION SAMPLED AT NEAREST MODEL-GRID LOCATIONS VIA OPEN-METEO AND SPATIALLY WEIGHTED OVER THE TEHRI CATCHMENT.
2024-09-24 00:00:00+00:00,0.0,0.0,0.0,ERA5-LAND HOURLY PRECIPITATION SAMPLED AT NEAREST MODEL-GRID LOCATIONS VIA OPEN-METEO AND SPATIALLY WEIGHTED OVER THE TEHRI CATCHMENT.
2024-09-24 01:00:00+00:00,0.0,0.0,0.0,ERA5-LAND HOURLY PRECIPITATION SAMPLED AT NEAREST MODEL-GRID LOCATIONS VIA OPEN-METEO AND SPATIALLY WEIGHTED OVER THE TEHRI CATCHMENT.
2024-09-24 02:00:00+00:00,0.0,0.0,0.0,ERA5-LAND HOURLY PRECIPITATION SAMPLED AT NEAREST MODEL-GRID LOCATIONS VIA OPEN-METEO AND SPATIALLY WEIGHTED OVER THE TEHRI CATCHMENT.
2024-09-24 03:00:00+00:00,0.0,0.0,0.0,ERA5-LAND HOURLY PRECIPITATION SAMPLED AT NEAREST MODEL-GRID LOCATIONS VIA OPEN-METEO AND SPATIALLY WEIGHTED OVER THE TEHRI CATCHMENT.
2024-09-24 04:00:00+00:00,0.0,0.0,0.0,ERA5-LAND HOURLY PRECIPITATION SAMPLED AT NEAREST MODEL-GRID LOCATIONS VIA OPEN-METEO AND SPATIALLY WEIGHTED OVER THE TEHRI CATCHMENT.
2024-09-24 05:00:00+00:00,0.006,0.001,0.0,ERA5-LAND HOURLY PRECIPITATION SAMPLED AT NEAREST MODEL-GRID LOCATIONS VIA OPEN-METEO AND SPATIALLY WEIGHTED OVER THE TEHRI CATCHMENT.
2024-09-24 06:00:00+00:00,0.035,0.031,0.004,ERA5-LAND HOURLY PRECIPITATION SAMPLED AT NEAREST MODEL-GRID LOCATIONS VIA OPEN-METEO AND SPATIALLY WEIGHTED OVER THE TEHRI CATCHMENT.
2024-09-24 07:00:00+00:00,0.037,0.068,0.024,ERA5-LAND HOURLY PRECIPITATION SAMPLED AT NEAREST MODEL-GRID LOCATIONS VIA OPEN-METEO AND SPATIALLY WEIGHTED OVER THE TEHRI CATCHMENT.
2024-09-24 08:00:00+00:00,0.062,0.219,0.05,ERA5-LAND HOURLY PRECIPITATION SAMPLED AT NEAREST MODEL-GRID LOCATIONS VIA OPEN-METEO AND SPATIALLY WEIGHTED OVER THE TEHRI CATCHMENT.
2024-09-24 09:00:00+00:00,0.085,0.112,0.103,ERA5-LAND HOURLY PRECIPITATION SAMPLED AT NEAREST MODEL-GRID LOCATIONS VIA OPEN-METEO AND SPATIALLY WEIGHTED OVER THE TEHRI CATCHMENT.
2024-09-24 10:00:00+00:00,0.072,0.083,0.12,ERA5-LAND HOURLY PRECIPITATION SAMPLED AT NEAREST MODEL-GRID LOCATIONS VIA OPEN-METEO AND SPATIALLY WEIGHTED OVER THE TEHRI CATCHMENT.
2024-09-24 11:00:00+00:00,0.016,0.043,0.051,ERA5-LAND HOURLY PRECIPITATION SAMPLED AT NEAREST MODEL-GRID LOCATIONS VIA OPEN-METEO AND SPATIALLY WEIGHTED OVER THE TEHRI CATCHMENT.
2024-09-24 12:00:00+00:00,0.003,0.017,0.011,ERA5-LAND HOURLY PRECIPITATION SAMPLED AT NEAREST MODEL-GRID LOCATIONS VIA OPEN-METEO AND SPATIALLY WEIGHTED OVER THE TEHRI CATCHMENT.
2024-09-24 13:00:00+00:00,0.0,0.0,0.0,ERA5-LAND HOURLY PRECIPITATION SAMPLED AT NEAREST MODEL-GRID LOCATIONS VIA OPEN-METEO AND SPATIALLY WEIGHTED OVER THE TEHRI CATCHMENT.
2024-09-24 14:00:00+00:00,0.0,0.002,0.003,ERA5-LAND HOURLY PRECIPITATION SAMPLED AT NEAREST MODEL-GRID LOCATIONS VIA OPEN-METEO AND SPATIALLY WEIGHTED OVER THE TEHRI CATCHMENT.
2024-09-24 15:00:00+00:00,0.001,0.083,0.063,ERA5-LAND HOURLY PRECIPITATION SAMPLED AT NEAREST MODEL-GRID LOCATIONS VIA OPEN-METEO AND SPATIALLY WEIGHTED OVER THE TEHRI CATCHMENT.
2024-09-24 16:00:00+00:00,0.001,0.145,0.147,ERA5-LAND HOURLY PRECIPITATION SAMPLED AT NEAREST MODEL-GRID LOCATIONS VIA OPEN-METEO AND SPATIALLY WEIGHTED OVER THE TEHRI CATCHMENT.
2024-09-24 17:00:00+00:00,0.004,0.388,0.136,ERA5-LAND HOURLY PRECIPITATION SAMPLED AT NEAREST MODEL-GRID LOCATIONS VIA OPEN-METEO AND SPATIALLY WEIGHTED OVER THE TEHRI CATCHMENT.
2024-09-24 18:00:00+00:00,0.008,0.096,0.138,ERA5-LAND HOURLY PRECIPITATION SAMPLED AT NEAREST MODEL-GRID LOCATIONS VIA OPEN-METEO AND SPATIALLY WEIGHTED OVER THE TEHRI CATCHMENT.
2024-09-24 19:00:00+00:00,0.019,0.202,0.027,ERA5-LAND HOURLY PRECIPITATION SAMPLED AT NEAREST MODEL-GRID LOCATIONS VIA OPEN-METEO AND SPATIALLY WEIGHTED OVER THE TEHRI CATCHMENT.
2024-09-24 20:00:00+00:00,0.007,0.021,0.0,ERA5-LAND HOURLY PRECIPITATION SAMPLED AT NEAREST MODEL-GRID LOCATIONS VIA OPEN-METEO AND SPATIALLY WEIGHTED OVER THE TEHRI CATCHMENT.
2024-09-24 21:00:00+00:00,0.015,0.147,0.192,ERA5-LAND HOURLY PRECIPITATION SAMPLED AT NEAREST MODEL-GRID LOCATIONS VIA OPEN-METEO AND SPATIALLY WEIGHTED OVER THE TEHRI CATCHMENT.
2024-09-24 22:00:00+00:00,0.014,0.016,0.09,ERA5-LAND HOURLY PRECIPITATION SAMPLED AT NEAREST MODEL-GRID LOCATIONS VIA OPEN-METEO AND SPATIALLY WEIGHTED OVER THE TEHRI CATCHMENT.
2024-09-24 23:00:00+00:00,0.005,0.042,0.017,ERA5-LAND HOURLY PRECIPITATION SAMPLED AT NEAREST MODEL-GRID LOCATIONS VIA OPEN-METEO AND SPATIALLY WEIGHTED OVER THE TEHRI CATCHMENT.
2024-09-25 00:00:00+00:00,0.0,0.004,0.016,ERA5-LAND HOURLY PRECIPITATION SAMPLED AT NEAREST MODEL-GRID LOCATIONS VIA OPEN-METEO AND SPATIALLY WEIGHTED OVER THE TEHRI CATCHMENT.
2024-09-25 01:00:00+00:00,0.0,0.0,0.0,ERA5-LAND HOURLY PRECIPITATION SAMPLED AT NEAREST MODEL-GRID LOCATIONS VIA OPEN-METEO AND SPATIALLY WEIGHTED OVER THE TEHRI CATCHMENT.
2024-09-25 02:00:00+00:00,0.001,0.0,0.001,ERA5-LAND HOURLY PRECIPITATION SAMPLED AT NEAREST MODEL-GRID LOCATIONS VIA OPEN-METEO AND SPATIALLY WEIGHTED OVER THE TEHRI CATCHMENT.
2024-09-25 03:00:00+00:00,0.001,0.005,0.008,ERA5-LAND HOURLY PRECIPITATION SAMPLED AT NEAREST MODEL-GRID LOCATIONS VIA OPEN-METEO AND SPATIALLY WEIGHTED OVER THE TEHRI CATCHMENT.
2024-09-25 04:00:00+00:00,0.001,0.062,0.081,ERA5-LAND HOURLY PRECIPITATION SAMPLED AT NEAREST MODEL-GRID LOCATIONS VIA OPEN-METEO AND SPATIALLY WEIGHTED OVER THE TEHRI CATCHMENT.
2024-09-25 05:00:00+00:00,0.027,0.125,0.191,ERA5-LAND HOURLY PRECIPITATION SAMPLED AT NEAREST MODEL-GRID LOCATIONS VIA OPEN-METEO AND SPATIALLY WEIGHTED OVER THE TEHRI CATCHMENT.
2024-09-25 06:00:00+00:00,0.069,0.312,0.178,ERA5-LAND HOURLY PRECIPITATION SAMPLED AT NEAREST MODEL-GRID LOCATIONS VIA OPEN-METEO AND SPATIALLY WEIGHTED OVER THE TEHRI CATCHMENT.
2024-09-25 07:00:00+00:00,0.095,0.341,0.192,ERA5-LAND HOURLY PRECIPITATION SAMPLED AT NEAREST MODEL-GRID LOCATIONS VIA OPEN-METEO AND SPATIALLY WEIGHTED OVER THE TEHRI CATCHMENT.
2024-09-25 08:00:00+00:00,0.125,0.383,0.187,ERA5-LAND HOURLY PRECIPITATION SAMPLED AT NEAREST MODEL-GRID LOCATIONS VIA OPEN-METEO AND SPATIALLY WEIGHTED OVER THE TEHRI CATCHMENT.
2024-09-25 09:00:00+00:00,0.083,0.373,0.221,ERA5-LAND HOURLY PRECIPITATION SAMPLED AT NEAREST MODEL-GRID LOCATIONS VIA OPEN-METEO AND SPATIALLY WEIGHTED OVER THE TEHRI CATCHMENT.
2024-09-25 10:00:00+00:00,0.079,0.241,0.227,ERA5-LAND HOURLY PRECIPITATION SAMPLED AT NEAREST MODEL-GRID LOCATIONS VIA OPEN-METEO AND SPATIALLY WEIGHTED OVER THE TEHRI CATCHMENT.
2024-09-25 11:00:00+00:00,0.066,0.144,0.153,ERA5-LAND HOURLY PRECIPITATION SAMPLED AT NEAREST MODEL-GRID LOCATIONS VIA OPEN-METEO AND SPATIALLY WEIGHTED OVER THE TEHRI CATCHMENT.
2024-09-25 12:00:00+00:00,0.028,0.06,0.059,ERA5-LAND HOURLY PRECIPITATION SAMPLED AT NEAREST MODEL-GRID LOCATIONS VIA OPEN-METEO AND SPATIALLY WEIGHTED OVER THE TEHRI CATCHMENT.
2024-09-25 13:00:00+00:00,0.048,0.031,0.029,ERA5-LAND HOURLY PRECIPITATION SAMPLED AT NEAREST MODEL-GRID LOCATIONS VIA OPEN-METEO AND SPATIALLY WEIGHTED OVER THE TEHRI CATCHMENT.
2024-09-25 14:00:00+00:00,0.111,0.175,0.073,ERA5-LAND HOURLY PRECIPITATION SAMPLED AT NEAREST MODEL-GRID LOCATIONS VIA OPEN-METEO AND SPATIALLY WEIGHTED OVER THE TEHRI CATCHMENT.
2024-09-25 15:00:00+00:00,0.167,0.329,0.164,ERA5-LAND HOURLY PRECIPITATION SAMPLED AT NEAREST MODEL-GRID LOCATIONS VIA OPEN-METEO AND SPATIALLY WEIGHTED OVER THE TEHRI CATCHMENT.
2024-09-25 16:00:00+00:00,0.263,0.281,0.287,ERA5-LAND HOURLY PRECIPITATION SAMPLED AT NEAREST MODEL-GRID LOCATIONS VIA OPEN-METEO AND SPATIALLY WEIGHTED OVER THE TEHRI CATCHMENT.
2024-09-25 17:00:00+00:00,0.469,0.584,0.575,ERA5-LAND HOURLY PRECIPITATION SAMPLED AT NEAREST MODEL-GRID LOCATIONS VIA OPEN-METEO AND SPATIALLY WEIGHTED OVER THE TEHRI CATCHMENT.
2024-09-25 18:00:00+00:00,1.014,0.889,0.757,ERA5-LAND HOURLY PRECIPITATION SAMPLED AT NEAREST MODEL-GRID LOCATIONS VIA OPEN-METEO AND SPATIALLY WEIGHTED OVER THE TEHRI CATCHMENT.
2024-09-25 19:00:00+00:00,1.218,1.202,0.685,ERA5-LAND HOURLY PRECIPITATION SAMPLED AT NEAREST MODEL-GRID LOCATIONS VIA OPEN-METEO AND SPATIALLY WEIGHTED OVER THE TEHRI CATCHMENT.
2024-09-25 20:00:00+00:00,1.825,2.577,2.976,ERA5-LAND HOURLY PRECIPITATION SAMPLED AT NEAREST MODEL-GRID LOCATIONS VIA OPEN-METEO AND SPATIALLY WEIGHTED OVER THE TEHRI CATCHMENT.
2024-09-25 21:00:00+00:00,1.32,4.304,3.343,ERA5-LAND HOURLY PRECIPITATION SAMPLED AT NEAREST MODEL-GRID LOCATIONS VIA OPEN-METEO AND SPATIALLY WEIGHTED OVER THE TEHRI CATCHMENT.
2024-09-25 22:00:00+00:00,1.26,5.003,2.535,ERA5-LAND HOURLY PRECIPITATION SAMPLED AT NEAREST MODEL-GRID LOCATIONS VIA OPEN-METEO AND SPATIALLY WEIGHTED OVER THE TEHRI CATCHMENT.
2024-09-25 23:00:00+00:00,0.448,3.415,1.523,ERA5-LAND HOURLY PRECIPITATION SAMPLED AT NEAREST MODEL-GRID LOCATIONS VIA OPEN-METEO AND SPATIALLY WEIGHTED OVER THE TEHRI CATCHMENT.
2024-09-26 00:00:00+00:00,0.126,1.674,1.901,ERA5-LAND HOURLY PRECIPITATION SAMPLED AT NEAREST MODEL-GRID LOCATIONS VIA OPEN-METEO AND SPATIALLY WEIGHTED OVER THE TEHRI CATCHMENT.
2024-09-26 01:00:00+00:00,0.279,2.572,5.353,ERA5-LAND HOURLY PRECIPITATION SAMPLED AT NEAREST MODEL-GRID LOCATIONS VIA OPEN-METEO AND SPATIALLY WEIGHTED OVER THE TEHRI CATCHMENT.
2024-09-26 02:00:00+00:00,0.232,4.168,5.129,ERA5-LAND HOURLY PRECIPITATION SAMPLED AT NEAREST MODEL-GRID LOCATIONS VIA OPEN-METEO AND SPATIALLY WEIGHTED OVER THE TEHRI CATCHMENT.
2024-09-26 03:00:00+00:00,0.323,2.378,4.714,ERA5-LAND HOURLY PRECIPITATION SAMPLED AT NEAREST MODEL-GRID LOCATIONS VIA OPEN-METEO AND SPATIALLY WEIGHTED OVER THE TEHRI CATCHMENT.
2024-09-26 04:00:00+00:00,0.609,1.562,3.807,ERA5-LAND HOURLY PRECIPITATION SAMPLED AT NEAREST MODEL-GRID LOCATIONS VIA OPEN-METEO AND SPATIALLY WEIGHTED OVER THE TEHRI CATCHMENT.
2024-09-26 05:00:00+00:00,0.445,0.691,1.733,ERA5-LAND HOURLY PRECIPITATION SAMPLED AT NEAREST MODEL-GRID LOCATIONS VIA OPEN-METEO AND SPATIALLY WEIGHTED OVER THE TEHRI CATCHMENT.
2024-09-26 06:00:00+00:00,0.115,0.242,0.606,ERA5-LAND HOURLY PRECIPITATION SAMPLED AT NEAREST MODEL-GRID LOCATIONS VIA OPEN-METEO AND SPATIALLY WEIGHTED OVER THE TEHRI CATCHMENT.
2024-09-26 07:00:00+00:00,0.047,0.104,0.205,ERA5-LAND HOURLY PRECIPITATION SAMPLED AT NEAREST MODEL-GRID LOCATIONS VIA OPEN-METEO AND SPATIALLY WEIGHTED OVER THE TEHRI CATCHMENT.
2024-09-26 08:00:00+00:00,0.031,0.048,0.091,ERA5-LAND HOURLY PRECIPITATION SAMPLED AT NEAREST MODEL-GRID LOCATIONS VIA OPEN-METEO AND SPATIALLY WEIGHTED OVER THE TEHRI CATCHMENT.
2024-09-26 09:00:00+00:00,0.025,0.036,0.031,ERA5-LAND HOURLY PRECIPITATION SAMPLED AT NEAREST MODEL-GRID LOCATIONS VIA OPEN-METEO AND SPATIALLY WEIGHTED OVER THE TEHRI CATCHMENT.
2024-09-26 10:00:00+00:00,0.024,0.085,0.025,ERA5-LAND HOURLY PRECIPITATION SAMPLED AT NEAREST MODEL-GRID LOCATIONS VIA OPEN-METEO AND SPATIALLY WEIGHTED OVER THE TEHRI CATCHMENT.
2024-09-26 11:00:00+00:00,0.019,0.048,0.017,ERA5-LAND HOURLY PRECIPITATION SAMPLED AT NEAREST MODEL-GRID LOCATIONS VIA OPEN-METEO AND SPATIALLY WEIGHTED OVER THE TEHRI CATCHMENT.
2024-09-26 12:00:00+00:00,0.01,0.027,0.001,ERA5-LAND HOURLY PRECIPITATION SAMPLED AT NEAREST MODEL-GRID LOCATIONS VIA OPEN-METEO AND SPATIALLY WEIGHTED OVER THE TEHRI CATCHMENT.
2024-09-26 13:00:00+00:00,0.009,0.0,0.0,ERA5-LAND HOURLY PRECIPITATION SAMPLED AT NEAREST MODEL-GRID LOCATIONS VIA OPEN-METEO AND SPATIALLY WEIGHTED OVER THE TEHRI CATCHMENT.
2024-09-26 14:00:00+00:00,0.003,0.012,0.0,ERA5-LAND HOURLY PRECIPITATION SAMPLED AT NEAREST MODEL-GRID LOCATIONS VIA OPEN-METEO AND SPATIALLY WEIGHTED OVER THE TEHRI CATCHMENT.
2024-09-26 15:00:00+00:00,0.012,0.022,0.0,ERA5-LAND HOURLY PRECIPITATION SAMPLED AT NEAREST MODEL-GRID LOCATIONS VIA OPEN-METEO AND SPATIALLY WEIGHTED OVER THE TEHRI CATCHMENT.
2024-09-26 16:00:00+00:00,0.011,0.014,0.0,ERA5-LAND HOURLY PRECIPITATION SAMPLED AT NEAREST MODEL-GRID LOCATIONS VIA OPEN-METEO AND SPATIALLY WEIGHTED OVER THE TEHRI CATCHMENT.
2024-09-26 17:00:00+00:00,0.018,0.001,0.0,ERA5-LAND HOURLY PRECIPITATION SAMPLED AT NEAREST MODEL-GRID LOCATIONS VIA OPEN-METEO AND SPATIALLY WEIGHTED OVER THE TEHRI CATCHMENT.
2024-09-26 18:00:00+00:00,0.032,0.054,0.004,ERA5-LAND HOURLY PRECIPITATION SAMPLED AT NEAREST MODEL-GRID LOCATIONS VIA OPEN-METEO AND SPATIALLY WEIGHTED OVER THE TEHRI CATCHMENT.
2024-09-26 19:00:00+00:00,0.055,0.505,0.014,ERA5-LAND HOURLY PRECIPITATION SAMPLED AT NEAREST MODEL-GRID LOCATIONS VIA OPEN-METEO AND SPATIALLY WEIGHTED OVER THE TEHRI CATCHMENT.
2024-09-26 20:00:00+00:00,0.059,0.17,0.053,ERA5-LAND HOURLY PRECIPITATION SAMPLED AT NEAREST MODEL-GRID LOCATIONS VIA OPEN-METEO AND SPATIALLY WEIGHTED OVER THE TEHRI CATCHMENT.
2024-09-26 21:00:00+00:00,0.018,0.018,0.008,ERA5-LAND HOURLY PRECIPITATION SAMPLED AT NEAREST MODEL-GRID LOCATIONS VIA OPEN-METEO AND SPATIALLY WEIGHTED OVER THE TEHRI CATCHMENT.
2024-09-26 22:00:00+00:00,0.0,0.0,0.0,ERA5-LAND HOURLY PRECIPITATION SAMPLED AT NEAREST MODEL-GRID LOCATIONS VIA OPEN-METEO AND SPATIALLY WEIGHTED OVER THE TEHRI CATCHMENT.
2024-09-26 23:00:00+00:00,0.0,0.0,0.0,ERA5-LAND HOURLY PRECIPITATION SAMPLED AT NEAREST MODEL-GRID LOCATIONS VIA OPEN-METEO AND SPATIALLY WEIGHTED OVER THE TEHRI CATCHMENT.
2024-09-27 00:00:00+00:00,0.0,0.0,0.0,ERA5-LAND HOURLY PRECIPITATION SAMPLED AT NEAREST MODEL-GRID LOCATIONS VIA OPEN-METEO AND SPATIALLY WEIGHTED OVER THE TEHRI CATCHMENT.
2024-09-27 01:00:00+00:00,0.0,0.0,0.0,ERA5-LAND HOURLY PRECIPITATION SAMPLED AT NEAREST MODEL-GRID LOCATIONS VIA OPEN-METEO AND SPATIALLY WEIGHTED OVER THE TEHRI CATCHMENT.
2024-09-27 02:00:00+00:00,0.0,0.0,0.0,ERA5-LAND HOURLY PRECIPITATION SAMPLED AT NEAREST MODEL-GRID LOCATIONS VIA OPEN-METEO AND SPATIALLY WEIGHTED OVER THE TEHRI CATCHMENT.
2024-09-27 03:00:00+00:00,0.0,0.0,0.0,ERA5-LAND HOURLY PRECIPITATION SAMPLED AT NEAREST MODEL-GRID LOCATIONS VIA OPEN-METEO AND SPATIALLY WEIGHTED OVER THE TEHRI CATCHMENT.
2024-09-27 04:00:00+00:00,0.002,0.003,0.0,ERA5-LAND HOURLY PRECIPITATION SAMPLED AT NEAREST MODEL-GRID LOCATIONS VIA OPEN-METEO AND SPATIALLY WEIGHTED OVER THE TEHRI CATCHMENT.
2024-09-27 05:00:00+00:00,0.008,0.067,0.009,ERA5-LAND HOURLY PRECIPITATION SAMPLED AT NEAREST MODEL-GRID LOCATIONS VIA OPEN-METEO AND SPATIALLY WEIGHTED OVER THE TEHRI CATCHMENT.
2024-09-27 06:00:00+00:00,0.018,0.136,0.05,ERA5-LAND HOURLY PRECIPITATION SAMPLED AT NEAREST MODEL-GRID LOCATIONS VIA OPEN-METEO AND SPATIALLY WEIGHTED OVER THE TEHRI CATCHMENT.
2024-09-27 07:00:00+00:00,0.06,0.089,0.077,ERA5-LAND HOURLY PRECIPITATION SAMPLED AT NEAREST MODEL-GRID LOCATIONS VIA OPEN-METEO AND SPATIALLY WEIGHTED OVER THE TEHRI CATCHMENT.
2024-09-27 08:00:00+00:00,0.089,0.361,0.082,ERA5-LAND HOURLY PRECIPITATION SAMPLED AT NEAREST MODEL-GRID LOCATIONS VIA OPEN-METEO AND SPATIALLY WEIGHTED OVER THE TEHRI CATCHMENT.
2024-09-27 09:00:00+00:00,0.272,0.676,0.221,ERA5-LAND HOURLY PRECIPITATION SAMPLED AT NEAREST MODEL-GRID LOCATIONS VIA OPEN-METEO AND SPATIALLY WEIGHTED OVER THE TEHRI CATCHMENT.
2024-09-27 10:00:00+00:00,0.15,1.032,1.188,ERA5-LAND HOURLY PRECIPITATION SAMPLED AT NEAREST MODEL-GRID LOCATIONS VIA OPEN-METEO AND SPATIALLY WEIGHTED OVER THE TEHRI CATCHMENT.
2024-09-27 11:00:00+00:00,0.2,0.812,0.87,ERA5-LAND HOURLY PRECIPITATION SAMPLED AT NEAREST MODEL-GRID LOCATIONS VIA OPEN-METEO AND SPATIALLY WEIGHTED OVER THE TEHRI CATCHMENT.
2024-09-27 12:00:00+00:00,0.128,0.449,0.21,ERA5-LAND HOURLY PRECIPITATION SAMPLED AT NEAREST MODEL-GRID LOCATIONS VIA OPEN-METEO AND SPATIALLY WEIGHTED OVER THE TEHRI CATCHMENT.
2024-09-27 13:00:00+00:00,0.043,0.0,0.0,ERA5-LAND HOURLY PRECIPITATION SAMPLED AT NEAREST MODEL-GRID LOCATIONS VIA OPEN-METEO AND SPATIALLY WEIGHTED OVER THE TEHRI CATCHMENT.
2024-09-27 14:00:00+00:00,0.01,0.0,0.0,ERA5-LAND HOURLY PRECIPITATION SAMPLED AT NEAREST MODEL-GRID LOCATIONS VIA OPEN-METEO AND SPATIALLY WEIGHTED OVER THE TEHRI CATCHMENT.
2024-09-27 15:00:00+00:00,0.015,0.0,0.0,ERA5-LAND HOURLY PRECIPITATION SAMPLED AT NEAREST MODEL-GRID LOCATIONS VIA OPEN-METEO AND SPATIALLY WEIGHTED OVER THE TEHRI CATCHMENT.
2024-09-27 16:00:00+00:00,0.032,0.074,0.003,ERA5-LAND HOURLY PRECIPITATION SAMPLED AT NEAREST MODEL-GRID LOCATIONS VIA OPEN-METEO AND SPATIALLY WEIGHTED OVER THE TEHRI CATCHMENT.
2024-09-27 17:00:00+00:00,0.058,0.062,0.002,ERA5-LAND HOURLY PRECIPITATION SAMPLED AT NEAREST MODEL-GRID LOCATIONS VIA OPEN-METEO AND SPATIALLY WEIGHTED OVER THE TEHRI CATCHMENT.
2024-09-27 18:00:00+00:00,0.006,0.01,0.0,ERA5-LAND HOURLY PRECIPITATION SAMPLED AT NEAREST MODEL-GRID LOCATIONS VIA OPEN-METEO AND SPATIALLY WEIGHTED OVER THE TEHRI CATCHMENT.
2024-09-27 19:00:00+00:00,0.003,0.003,0.0,ERA5-LAND HOURLY PRECIPITATION SAMPLED AT NEAREST MODEL-GRID LOCATIONS VIA OPEN-METEO AND SPATIALLY WEIGHTED OVER THE TEHRI CATCHMENT.
2024-09-27 20:00:00+00:00,0.0,0.0,0.0,ERA5-LAND HOURLY PRECIPITATION SAMPLED AT NEAREST MODEL-GRID LOCATIONS VIA OPEN-METEO AND SPATIALLY WEIGHTED OVER THE TEHRI CATCHMENT.
2024-09-27 21:00:00+00:00,0.0,0.003,0.0,ERA5-LAND HOURLY PRECIPITATION SAMPLED AT NEAREST MODEL-GRID LOCATIONS VIA OPEN-METEO AND SPATIALLY WEIGHTED OVER THE TEHRI CATCHMENT.
2024-09-27 22:00:00+00:00,0.0,0.0,0.0,ERA5-LAND HOURLY PRECIPITATION SAMPLED AT NEAREST MODEL-GRID LOCATIONS VIA OPEN-METEO AND SPATIALLY WEIGHTED OVER THE TEHRI CATCHMENT.
2024-09-27 23:00:00+00:00,0.0,0.0,0.0,ERA5-LAND HOURLY PRECIPITATION SAMPLED AT NEAREST MODEL-GRID LOCATIONS VIA OPEN-METEO AND SPATIALLY WEIGHTED OVER THE TEHRI CATCHMENT.
2024-09-28 00:00:00+00:00,0.0,0.0,0.0,ERA5-LAND HOURLY PRECIPITATION SAMPLED AT NEAREST MODEL-GRID LOCATIONS VIA OPEN-METEO AND SPATIALLY WEIGHTED OVER THE TEHRI CATCHMENT.
2024-09-28 01:00:00+00:00,0.0,0.0,0.0,ERA5-LAND HOURLY PRECIPITATION SAMPLED AT NEAREST MODEL-GRID LOCATIONS VIA OPEN-METEO AND SPATIALLY WEIGHTED OVER THE TEHRI CATCHMENT.
2024-09-28 02:00:00+00:00,0.0,0.0,0.0,ERA5-LAND HOURLY PRECIPITATION SAMPLED AT NEAREST MODEL-GRID LOCATIONS VIA OPEN-METEO AND SPATIALLY WEIGHTED OVER THE TEHRI CATCHMENT.
2024-09-28 03:00:00+00:00,0.0,0.0,0.0,ERA5-LAND HOURLY PRECIPITATION SAMPLED AT NEAREST MODEL-GRID LOCATIONS VIA OPEN-METEO AND SPATIALLY WEIGHTED OVER THE TEHRI CATCHMENT.
2024-09-28 04:00:00+00:00,0.0,0.0,0.0,ERA5-LAND HOURLY PRECIPITATION SAMPLED AT NEAREST MODEL-GRID LOCATIONS VIA OPEN-METEO AND SPATIALLY WEIGHTED OVER THE TEHRI CATCHMENT.
2024-09-28 05:00:00+00:00,0.001,0.012,0.0,ERA5-LAND HOURLY PRECIPITATION SAMPLED AT NEAREST MODEL-GRID LOCATIONS VIA OPEN-METEO AND SPATIALLY WEIGHTED OVER THE TEHRI CATCHMENT.
2024-09-28 06:00:00+00:00,0.036,0.089,0.035,ERA5-LAND HOURLY PRECIPITATION SAMPLED AT NEAREST MODEL-GRID LOCATIONS VIA OPEN-METEO AND SPATIALLY WEIGHTED OVER THE TEHRI CATCHMENT.
2024-09-28 07:00:00+00:00,0.087,0.18,0.082,ERA5-LAND HOURLY PRECIPITATION SAMPLED AT NEAREST MODEL-GRID LOCATIONS VIA OPEN-METEO AND SPATIALLY WEIGHTED OVER THE TEHRI CATCHMENT.
2024-09-28 08:00:00+00:00,0.093,0.17,0.098,ERA5-LAND HOURLY PRECIPITATION SAMPLED AT NEAREST MODEL-GRID LOCATIONS VIA OPEN-METEO AND SPATIALLY WEIGHTED OVER THE TEHRI CATCHMENT.
2024-09-28 09:00:00+00:00,0.055,0.187,0.091,ERA5-LAND HOURLY PRECIPITATION SAMPLED AT NEAREST MODEL-GRID LOCATIONS VIA OPEN-METEO AND SPATIALLY WEIGHTED OVER THE TEHRI CATCHMENT.
2024-09-28 10:00:00+00:00,0.048,0.161,0.051,ERA5-LAND HOURLY PRECIPITATION SAMPLED AT NEAREST MODEL-GRID LOCATIONS VIA OPEN-METEO AND SPATIALLY WEIGHTED OVER THE TEHRI CATCHMENT.
2024-09-28 11:00:00+00:00,0.02,0.117,0.041,ERA5-LAND HOURLY PRECIPITATION SAMPLED AT NEAREST MODEL-GRID LOCATIONS VIA OPEN-METEO AND SPATIALLY WEIGHTED OVER THE TEHRI CATCHMENT.
2024-09-28 12:00:00+00:00,0.014,0.075,0.033,ERA5-LAND HOURLY PRECIPITATION SAMPLED AT NEAREST MODEL-GRID LOCATIONS VIA OPEN-METEO AND SPATIALLY WEIGHTED OVER THE TEHRI CATCHMENT.
2024-09-28 13:00:00+00:00,0.004,0.035,0.018,ERA5-LAND HOURLY PRECIPITATION SAMPLED AT NEAREST MODEL-GRID LOCATIONS VIA OPEN-METEO AND SPATIALLY WEIGHTED OVER THE TEHRI CATCHMENT.
2024-09-28 14:00:00+00:00,0.004,0.052,0.043,ERA5-LAND HOURLY PRECIPITATION SAMPLED AT NEAREST MODEL-GRID LOCATIONS VIA OPEN-METEO AND SPATIALLY WEIGHTED OVER THE TEHRI CATCHMENT.
2024-09-28 15:00:00+00:00,0.012,0.191,0.179,ERA5-LAND HOURLY PRECIPITATION SAMPLED AT NEAREST MODEL-GRID LOCATIONS VIA OPEN-METEO AND SPATIALLY WEIGHTED OVER THE TEHRI CATCHMENT.
2024-09-28 16:00:00+00:00,0.048,0.148,0.393,ERA5-LAND HOURLY PRECIPITATION SAMPLED AT NEAREST MODEL-GRID LOCATIONS VIA OPEN-METEO AND SPATIALLY WEIGHTED OVER THE TEHRI CATCHMENT.
2024-09-28 17:00:00+00:00,0.042,0.161,0.548,ERA5-LAND HOURLY PRECIPITATION SAMPLED AT NEAREST MODEL-GRID LOCATIONS VIA OPEN-METEO AND SPATIALLY WEIGHTED OVER THE TEHRI CATCHMENT.
2024-09-28 18:00:00+00:00,0.022,0.129,0.544,ERA5-LAND HOURLY PRECIPITATION SAMPLED AT NEAREST MODEL-GRID LOCATIONS VIA OPEN-METEO AND SPATIALLY WEIGHTED OVER THE TEHRI CATCHMENT.
2024-09-28 19:00:00+00:00,0.007,0.037,1.578,ERA5-LAND HOURLY PRECIPITATION SAMPLED AT NEAREST MODEL-GRID LOCATIONS VIA OPEN-METEO AND SPATIALLY WEIGHTED OVER THE TEHRI CATCHMENT.
2024-09-28 20:00:00+00:00,0.0,0.042,1.775,ERA5-LAND HOURLY PRECIPITATION SAMPLED AT NEAREST MODEL-GRID LOCATIONS VIA OPEN-METEO AND SPATIALLY WEIGHTED OVER THE TEHRI CATCHMENT.
2024-09-28 21:00:00+00:00,0.039,0.183,0.917,ERA5-LAND HOURLY PRECIPITATION SAMPLED AT NEAREST MODEL-GRID LOCATIONS VIA OPEN-METEO AND SPATIALLY WEIGHTED OVER THE TEHRI CATCHMENT.
2024-09-28 22:00:00+00:00,0.003,0.126,0.259,ERA5-LAND HOURLY PRECIPITATION SAMPLED AT NEAREST MODEL-GRID LOCATIONS VIA OPEN-METEO AND SPATIALLY WEIGHTED OVER THE TEHRI CATCHMENT.
2024-09-28 23:00:00+00:00,0.0,0.002,0.007,ERA5-LAND HOURLY PRECIPITATION SAMPLED AT NEAREST MODEL-GRID LOCATIONS VIA OPEN-METEO AND SPATIALLY WEIGHTED OVER THE TEHRI CATCHMENT.
2024-09-29 00:00:00+00:00,0.0,0.0,0.0,ERA5-LAND HOURLY PRECIPITATION SAMPLED AT NEAREST MODEL-GRID LOCATIONS VIA OPEN-METEO AND SPATIALLY WEIGHTED OVER THE TEHRI CATCHMENT.
2024-09-29 01:00:00+00:00,0.0,0.0,0.0,ERA5-LAND HOURLY PRECIPITATION SAMPLED AT NEAREST MODEL-GRID LOCATIONS VIA OPEN-METEO AND SPATIALLY WEIGHTED OVER THE TEHRI CATCHMENT.
2024-09-29 02:00:00+00:00,0.0,0.0,0.0,ERA5-LAND HOURLY PRECIPITATION SAMPLED AT NEAREST MODEL-GRID LOCATIONS VIA OPEN-METEO AND SPATIALLY WEIGHTED OVER THE TEHRI CATCHMENT.
2024-09-29 03:00:00+00:00,0.0,0.0,0.0,ERA5-LAND HOURLY PRECIPITATION SAMPLED AT NEAREST MODEL-GRID LOCATIONS VIA OPEN-METEO AND SPATIALLY WEIGHTED OVER THE TEHRI CATCHMENT.
2024-09-29 04:00:00+00:00,0.0,0.0,0.0,ERA5-LAND HOURLY PRECIPITATION SAMPLED AT NEAREST MODEL-GRID LOCATIONS VIA OPEN-METEO AND SPATIALLY WEIGHTED OVER THE TEHRI CATCHMENT.
2024-09-29 05:00:00+00:00,0.0,0.0,0.0,ERA5-LAND HOURLY PRECIPITATION SAMPLED AT NEAREST MODEL-GRID LOCATIONS VIA OPEN-METEO AND SPATIALLY WEIGHTED OVER THE TEHRI CATCHMENT.
2024-09-29 06:00:00+00:00,0.003,0.017,0.008,ERA5-LAND HOURLY PRECIPITATION SAMPLED AT NEAREST MODEL-GRID LOCATIONS VIA OPEN-METEO AND SPATIALLY WEIGHTED OVER THE TEHRI CATCHMENT.
2024-09-29 07:00:00+00:00,0.031,0.075,0.022,ERA5-LAND HOURLY PRECIPITATION SAMPLED AT NEAREST MODEL-GRID LOCATIONS VIA OPEN-METEO AND SPATIALLY WEIGHTED OVER THE TEHRI CATCHMENT.
2024-09-29 08:00:00+00:00,0.041,0.105,0.023,ERA5-LAND HOURLY PRECIPITATION SAMPLED AT NEAREST MODEL-GRID LOCATIONS VIA OPEN-METEO AND SPATIALLY WEIGHTED OVER THE TEHRI CATCHMENT.
2024-09-29 09:00:00+00:00,0.033,0.13,0.017,ERA5-LAND HOURLY PRECIPITATION SAMPLED AT NEAREST MODEL-GRID LOCATIONS VIA OPEN-METEO AND SPATIALLY WEIGHTED OVER THE TEHRI CATCHMENT.
2024-09-29 10:00:00+00:00,0.028,0.073,0.007,ERA5-LAND HOURLY PRECIPITATION SAMPLED AT NEAREST MODEL-GRID LOCATIONS VIA OPEN-METEO AND SPATIALLY WEIGHTED OVER THE TEHRI CATCHMENT.
2024-09-29 11:00:00+00:00,0.008,0.009,0.0,ERA5-LAND HOURLY PRECIPITATION SAMPLED AT NEAREST MODEL-GRID LOCATIONS VIA OPEN-METEO AND SPATIALLY WEIGHTED OVER THE TEHRI CATCHMENT.
2024-09-29 12:00:00+00:00,0.0,0.004,0.0,ERA5-LAND HOURLY PRECIPITATION SAMPLED AT NEAREST MODEL-GRID LOCATIONS VIA OPEN-METEO AND SPATIALLY WEIGHTED OVER THE TEHRI CATCHMENT.
2024-09-29 13:00:00+00:00,0.0,0.0,0.0,ERA5-LAND HOURLY PRECIPITATION SAMPLED AT NEAREST MODEL-GRID LOCATIONS VIA OPEN-METEO AND SPATIALLY WEIGHTED OVER THE TEHRI CATCHMENT.
2024-09-29 14:00:00+00:00,0.0,0.0,0.002,ERA5-LAND HOURLY PRECIPITATION SAMPLED AT NEAREST MODEL-GRID LOCATIONS VIA OPEN-METEO AND SPATIALLY WEIGHTED OVER THE TEHRI CATCHMENT.
2024-09-29 15:00:00+00:00,0.0,0.0,0.008,ERA5-LAND HOURLY PRECIPITATION SAMPLED AT NEAREST MODEL-GRID LOCATIONS VIA OPEN-METEO AND SPATIALLY WEIGHTED OVER THE TEHRI CATCHMENT.
2024-09-29 16:00:00+00:00,0.001,0.0,0.018,ERA5-LAND HOURLY PRECIPITATION SAMPLED AT NEAREST MODEL-GRID LOCATIONS VIA OPEN-METEO AND SPATIALLY WEIGHTED OVER THE TEHRI CATCHMENT.
2024-09-29 17:00:00+00:00,0.0,0.0,0.01,ERA5-LAND HOURLY PRECIPITATION SAMPLED AT NEAREST MODEL-GRID LOCATIONS VIA OPEN-METEO AND SPATIALLY WEIGHTED OVER THE TEHRI CATCHMENT.
2024-09-29 18:00:00+00:00,0.0,0.0,0.0,ERA5-LAND HOURLY PRECIPITATION SAMPLED AT NEAREST MODEL-GRID LOCATIONS VIA OPEN-METEO AND SPATIALLY WEIGHTED OVER THE TEHRI CATCHMENT.
2024-09-29 19:00:00+00:00,0.0,0.0,0.0,ERA5-LAND HOURLY PRECIPITATION SAMPLED AT NEAREST MODEL-GRID LOCATIONS VIA OPEN-METEO AND SPATIALLY WEIGHTED OVER THE TEHRI CATCHMENT.
2024-09-29 20:00:00+00:00,0.0,0.0,0.0,ERA5-LAND HOURLY PRECIPITATION SAMPLED AT NEAREST MODEL-GRID LOCATIONS VIA OPEN-METEO AND SPATIALLY WEIGHTED OVER THE TEHRI CATCHMENT.
2024-09-29 21:00:00+00:00,0.0,0.0,0.0,ERA5-LAND HOURLY PRECIPITATION SAMPLED AT NEAREST MODEL-GRID LOCATIONS VIA OPEN-METEO AND SPATIALLY WEIGHTED OVER THE TEHRI CATCHMENT.
2024-09-29 22:00:00+00:00,0.0,0.0,0.0,ERA5-LAND HOURLY PRECIPITATION SAMPLED AT NEAREST MODEL-GRID LOCATIONS VIA OPEN-METEO AND SPATIALLY WEIGHTED OVER THE TEHRI CATCHMENT.
2024-09-29 23:00:00+00:00,0.0,0.0,0.0,ERA5-LAND HOURLY PRECIPITATION SAMPLED AT NEAREST MODEL-GRID LOCATIONS VIA OPEN-METEO AND SPATIALLY WEIGHTED OVER THE TEHRI CATCHMENT.
2024-09-30 00:00:00+00:00,0.0,0.0,0.0,ERA5-LAND HOURLY PRECIPITATION SAMPLED AT NEAREST MODEL-GRID LOCATIONS VIA OPEN-METEO AND SPATIALLY WEIGHTED OVER THE TEHRI CATCHMENT.
2024-09-30 01:00:00+00:00,0.0,0.0,0.0,ERA5-LAND HOURLY PRECIPITATION SAMPLED AT NEAREST MODEL-GRID LOCATIONS VIA OPEN-METEO AND SPATIALLY WEIGHTED OVER THE TEHRI CATCHMENT.
2024-09-30 02:00:00+00:00,0.0,0.0,0.0,ERA5-LAND HOURLY PRECIPITATION SAMPLED AT NEAREST MODEL-GRID LOCATIONS VIA OPEN-METEO AND SPATIALLY WEIGHTED OVER THE TEHRI CATCHMENT.
2024-09-30 03:00:00+00:00,0.0,0.0,0.0,ERA5-LAND HOURLY PRECIPITATION SAMPLED AT NEAREST MODEL-GRID LOCATIONS VIA OPEN-METEO AND SPATIALLY WEIGHTED OVER THE TEHRI CATCHMENT.
2024-09-30 04:00:00+00:00,0.0,0.0,0.0,ERA5-LAND HOURLY PRECIPITATION SAMPLED AT NEAREST MODEL-GRID LOCATIONS VIA OPEN-METEO AND SPATIALLY WEIGHTED OVER THE TEHRI CATCHMENT.
2024-09-30 05:00:00+00:00,0.0,0.0,0.0,ERA5-LAND HOURLY PRECIPITATION SAMPLED AT NEAREST MODEL-GRID LOCATIONS VIA OPEN-METEO AND SPATIALLY WEIGHTED OVER THE TEHRI CATCHMENT.
2024-09-30 06:00:00+00:00,0.001,0.007,0.0,ERA5-LAND HOURLY PRECIPITATION SAMPLED AT NEAREST MODEL-GRID LOCATIONS VIA OPEN-METEO AND SPATIALLY WEIGHTED OVER THE TEHRI CATCHMENT.
2024-09-30 07:00:00+00:00,0.008,0.06,0.002,ERA5-LAND HOURLY PRECIPITATION SAMPLED AT NEAREST MODEL-GRID LOCATIONS VIA OPEN-METEO AND SPATIALLY WEIGHTED OVER THE TEHRI CATCHMENT.
2024-09-30 08:00:00+00:00,0.014,0.134,0.01,ERA5-LAND HOURLY PRECIPITATION SAMPLED AT NEAREST MODEL-GRID LOCATIONS VIA OPEN-METEO AND SPATIALLY WEIGHTED OVER THE TEHRI CATCHMENT.
2024-09-30 09:00:00+00:00,0.013,0.084,0.022,ERA5-LAND HOURLY PRECIPITATION SAMPLED AT NEAREST MODEL-GRID LOCATIONS VIA OPEN-METEO AND SPATIALLY WEIGHTED OVER THE TEHRI CATCHMENT.
2024-09-30 10:00:00+00:00,0.008,0.099,0.011,ERA5-LAND HOURLY PRECIPITATION SAMPLED AT NEAREST MODEL-GRID LOCATIONS VIA OPEN-METEO AND SPATIALLY WEIGHTED OVER THE TEHRI CATCHMENT.
2024-09-30 11:00:00+00:00,0.004,0.027,0.003,ERA5-LAND HOURLY PRECIPITATION SAMPLED AT NEAREST MODEL-GRID LOCATIONS VIA OPEN-METEO AND SPATIALLY WEIGHTED OVER THE TEHRI CATCHMENT.
2024-09-30 12:00:00+00:00,0.001,0.014,0.002,ERA5-LAND HOURLY PRECIPITATION SAMPLED AT NEAREST MODEL-GRID LOCATIONS VIA OPEN-METEO AND SPATIALLY WEIGHTED OVER THE TEHRI CATCHMENT.
2024-09-30 13:00:00+00:00,0.0,0.0,0.002,ERA5-LAND HOURLY PRECIPITATION SAMPLED AT NEAREST MODEL-GRID LOCATIONS VIA OPEN-METEO AND SPATIALLY WEIGHTED OVER THE TEHRI CATCHMENT.
2024-09-30 14:00:00+00:00,0.0,0.0,0.0,ERA5-LAND HOURLY PRECIPITATION SAMPLED AT NEAREST MODEL-GRID LOCATIONS VIA OPEN-METEO AND SPATIALLY WEIGHTED OVER THE TEHRI CATCHMENT.
2024-09-30 15:00:00+00:00,0.0,0.0,0.005,ERA5-LAND HOURLY PRECIPITATION SAMPLED AT NEAREST MODEL-GRID LOCATIONS VIA OPEN-METEO AND SPATIALLY WEIGHTED OVER THE TEHRI CATCHMENT.
2024-09-30 16:00:00+00:00,0.0,0.0,0.0,ERA5-LAND HOURLY PRECIPITATION SAMPLED AT NEAREST MODEL-GRID LOCATIONS VIA OPEN-METEO AND SPATIALLY WEIGHTED OVER THE TEHRI CATCHMENT.
2024-09-30 17:00:00+00:00,0.0,0.0,0.0,ERA5-LAND HOURLY PRECIPITATION SAMPLED AT NEAREST MODEL-GRID LOCATIONS VIA OPEN-METEO AND SPATIALLY WEIGHTED OVER THE TEHRI CATCHMENT.
2024-09-30 18:00:00+00:00,0.0,0.0,0.0,ERA5-LAND HOURLY PRECIPITATION SAMPLED AT NEAREST MODEL-GRID LOCATIONS VIA OPEN-METEO AND SPATIALLY WEIGHTED OVER THE TEHRI CATCHMENT.
2024-09-30 19:00:00+00:00,0.0,0.0,0.0,ERA5-LAND HOURLY PRECIPITATION SAMPLED AT NEAREST MODEL-GRID LOCATIONS VIA OPEN-METEO AND SPATIALLY WEIGHTED OVER THE TEHRI CATCHMENT.
2024-09-30 20:00:00+00:00,0.0,0.002,0.003,ERA5-LAND HOURLY PRECIPITATION SAMPLED AT NEAREST MODEL-GRID LOCATIONS VIA OPEN-METEO AND SPATIALLY WEIGHTED OVER THE TEHRI CATCHMENT.
2024-09-30 21:00:00+00:00,0.0,0.0,0.0,ERA5-LAND HOURLY PRECIPITATION SAMPLED AT NEAREST MODEL-GRID LOCATIONS VIA OPEN-METEO AND SPATIALLY WEIGHTED OVER THE TEHRI CATCHMENT.
2024-09-30 22:00:00+00:00,0.0,0.0,0.0,ERA5-LAND HOURLY PRECIPITATION SAMPLED AT NEAREST MODEL-GRID LOCATIONS VIA OPEN-METEO AND SPATIALLY WEIGHTED OVER THE TEHRI CATCHMENT.
2024-09-30 23:00:00+00:00,0.0,0.0,0.0,ERA5-LAND HOURLY PRECIPITATION SAMPLED AT NEAREST MODEL-GRID LOCATIONS VIA OPEN-METEO AND SPATIALLY WEIGHTED OVER THE TEHRI CATCHMENT.
