timestamp,catchment_precip_mm,valid_grid_fraction,source_product
2024-06-01 00:00:00+00:00,0.0,1.0,ECMWF ERA5-Land Hourly Surface Reanalysis (v1.0)
2024-06-01 01:00:00+00:00,0.0,1.0,ECMWF ERA5-Land Hourly Surface Reanalysis (v1.0)
2024-06-01 02:00:00+00:00,0.0,1.0,ECMWF ERA5-Land Hourly Surface Reanalysis (v1.0)
2024-06-01 03:00:00+00:00,0.0,1.0,ECMWF ERA5-Land Hourly Surface Reanalysis (v1.0)
2024-06-01 04:00:00+00:00,0.0,1.0,ECMWF ERA5-Land Hourly Surface Reanalysis (v1.0)
2024-06-01 05:00:00+00:00,0.0,1.0,ECMWF ERA5-Land Hourly Surface Reanalysis (v1.0)
2024-06-01 06:00:00+00:00,0.0,1.0,ECMWF ERA5-Land Hourly Surface Reanalysis (v1.0)
2024-06-01 07:00:00+00:00,0.004,1.0,ECMWF ERA5-Land Hourly Surface Reanalysis (v1.0)
2024-06-01 08:00:00+00:00,0.012,1.0,ECMWF ERA5-Land Hourly Surface Reanalysis (v1.0)
2024-06-01 09:00:00+00:00,0.033,1.0,ECMWF ERA5-Land Hourly Surface Reanalysis (v1.0)
2024-06-01 10:00:00+00:00,0.034,1.0,ECMWF ERA5-Land Hourly Surface Reanalysis (v1.0)
2024-06-01 11:00:00+00:00,0.02,1.0,ECMWF ERA5-Land Hourly Surface Reanalysis (v1.0)
2024-06-01 12:00:00+00:00,0.029,1.0,ECMWF ERA5-Land Hourly Surface Reanalysis (v1.0)
2024-06-01 13:00:00+00:00,0.008,1.0,ECMWF ERA5-Land Hourly Surface Reanalysis (v1.0)
2024-06-01 14:00:00+00:00,0.002,1.0,ECMWF ERA5-Land Hourly Surface Reanalysis (v1.0)
2024-06-01 15:00:00+00:00,0.003,1.0,ECMWF ERA5-Land Hourly Surface Reanalysis (v1.0)
2024-06-01 16:00:00+00:00,0.0,1.0,ECMWF ERA5-Land Hourly Surface Reanalysis (v1.0)
2024-06-01 17:00:00+00:00,0.0,1.0,ECMWF ERA5-Land Hourly Surface Reanalysis (v1.0)
2024-06-01 18:00:00+00:00,0.0,1.0,ECMWF ERA5-Land Hourly Surface Reanalysis (v1.0)
2024-06-01 19:00:00+00:00,0.0,1.0,ECMWF ERA5-Land Hourly Surface Reanalysis (v1.0)
2024-06-01 20:00:00+00:00,0.0,1.0,ECMWF ERA5-Land Hourly Surface Reanalysis (v1.0)
2024-06-01 21:00:00+00:00,0.0,1.0,ECMWF ERA5-Land Hourly Surface Reanalysis (v1.0)
2024-06-01 22:00:00+00:00,0.0,1.0,ECMWF ERA5-Land Hourly Surface Reanalysis (v1.0)
2024-06-01 23:00:00+00:00,0.002,1.0,ECMWF ERA5-Land Hourly Surface Reanalysis (v1.0)
2024-06-02 00:00:00+00:00,0.0,1.0,ECMWF ERA5-Land Hourly Surface Reanalysis (v1.0)
2024-06-02 01:00:00+00:00,0.333,1.0,ECMWF ERA5-Land Hourly Surface Reanalysis (v1.0)
2024-06-02 02:00:00+00:00,0.027,1.0,ECMWF ERA5-Land Hourly Surface Reanalysis (v1.0)
2024-06-02 03:00:00+00:00,0.031,1.0,ECMWF ERA5-Land Hourly Surface Reanalysis (v1.0)
2024-06-02 04:00:00+00:00,0.08,1.0,ECMWF ERA5-Land Hourly Surface Reanalysis (v1.0)
2024-06-02 05:00:00+00:00,0.112,1.0,ECMWF ERA5-Land Hourly Surface Reanalysis (v1.0)
2024-06-02 06:00:00+00:00,0.134,1.0,ECMWF ERA5-Land Hourly Surface Reanalysis (v1.0)
2024-06-02 07:00:00+00:00,0.174,1.0,ECMWF ERA5-Land Hourly Surface Reanalysis (v1.0)
2024-06-02 08:00:00+00:00,0.156,1.0,ECMWF ERA5-Land Hourly Surface Reanalysis (v1.0)
2024-06-02 09:00:00+00:00,0.172,1.0,ECMWF ERA5-Land Hourly Surface Reanalysis (v1.0)
2024-06-02 10:00:00+00:00,0.05,1.0,ECMWF ERA5-Land Hourly Surface Reanalysis (v1.0)
2024-06-02 11:00:00+00:00,0.019,1.0,ECMWF ERA5-Land Hourly Surface Reanalysis (v1.0)
2024-06-02 12:00:00+00:00,0.025,1.0,ECMWF ERA5-Land Hourly Surface Reanalysis (v1.0)
2024-06-02 13:00:00+00:00,0.007,1.0,ECMWF ERA5-Land Hourly Surface Reanalysis (v1.0)
2024-06-02 14:00:00+00:00,0.002,1.0,ECMWF ERA5-Land Hourly Surface Reanalysis (v1.0)
2024-06-02 15:00:00+00:00,0.0,1.0,ECMWF ERA5-Land Hourly Surface Reanalysis (v1.0)
2024-06-02 16:00:00+00:00,0.0,1.0,ECMWF ERA5-Land Hourly Surface Reanalysis (v1.0)
2024-06-02 17:00:00+00:00,0.0,1.0,ECMWF ERA5-Land Hourly Surface Reanalysis (v1.0)
2024-06-02 18:00:00+00:00,0.0,1.0,ECMWF ERA5-Land Hourly Surface Reanalysis (v1.0)
2024-06-02 19:00:00+00:00,0.0,1.0,ECMWF ERA5-Land Hourly Surface Reanalysis (v1.0)
2024-06-02 20:00:00+00:00,0.0,1.0,ECMWF ERA5-Land Hourly Surface Reanalysis (v1.0)
2024-06-02 21:00:00+00:00,0.0,1.0,ECMWF ERA5-Land Hourly Surface Reanalysis (v1.0)
2024-06-02 22:00:00+00:00,0.0,1.0,ECMWF ERA5-Land Hourly Surface Reanalysis (v1.0)
2024-06-02 23:00:00+00:00,0.0,1.0,ECMWF ERA5-Land Hourly Surface Reanalysis (v1.0)
2024-06-03 00:00:00+00:00,0.0,1.0,ECMWF ERA5-Land Hourly Surface Reanalysis (v1.0)
2024-06-03 01:00:00+00:00,0.0,1.0,ECMWF ERA5-Land Hourly Surface Reanalysis (v1.0)
2024-06-03 02:00:00+00:00,0.0,1.0,ECMWF ERA5-Land Hourly Surface Reanalysis (v1.0)
2024-06-03 03:00:00+00:00,0.0,1.0,ECMWF ERA5-Land Hourly Surface Reanalysis (v1.0)
2024-06-03 04:00:00+00:00,0.024,1.0,ECMWF ERA5-Land Hourly Surface Reanalysis (v1.0)
2024-06-03 05:00:00+00:00,0.055,1.0,ECMWF ERA5-Land Hourly Surface Reanalysis (v1.0)
2024-06-03 06:00:00+00:00,0.05,1.0,ECMWF ERA5-Land Hourly Surface Reanalysis (v1.0)
2024-06-03 07:00:00+00:00,0.07,1.0,ECMWF ERA5-Land Hourly Surface Reanalysis (v1.0)
2024-06-03 08:00:00+00:00,0.173,1.0,ECMWF ERA5-Land Hourly Surface Reanalysis (v1.0)
2024-06-03 09:00:00+00:00,0.143,1.0,ECMWF ERA5-Land Hourly Surface Reanalysis (v1.0)
2024-06-03 10:00:00+00:00,0.355,1.0,ECMWF ERA5-Land Hourly Surface Reanalysis (v1.0)
2024-06-03 11:00:00+00:00,0.199,1.0,ECMWF ERA5-Land Hourly Surface Reanalysis (v1.0)
2024-06-03 12:00:00+00:00,0.122,1.0,ECMWF ERA5-Land Hourly Surface Reanalysis (v1.0)
2024-06-03 13:00:00+00:00,0.116,1.0,ECMWF ERA5-Land Hourly Surface Reanalysis (v1.0)
2024-06-03 14:00:00+00:00,0.032,1.0,ECMWF ERA5-Land Hourly Surface Reanalysis (v1.0)
2024-06-03 15:00:00+00:00,0.002,1.0,ECMWF ERA5-Land Hourly Surface Reanalysis (v1.0)
2024-06-03 16:00:00+00:00,0.001,1.0,ECMWF ERA5-Land Hourly Surface Reanalysis (v1.0)
2024-06-03 17:00:00+00:00,0.0,1.0,ECMWF ERA5-Land Hourly Surface Reanalysis (v1.0)
2024-06-03 18:00:00+00:00,0.0,1.0,ECMWF ERA5-Land Hourly Surface Reanalysis (v1.0)
2024-06-03 19:00:00+00:00,0.0,1.0,ECMWF ERA5-Land Hourly Surface Reanalysis (v1.0)
2024-06-03 20:00:00+00:00,0.0,1.0,ECMWF ERA5-Land Hourly Surface Reanalysis (v1.0)
2024-06-03 21:00:00+00:00,0.0,1.0,ECMWF ERA5-Land Hourly Surface Reanalysis (v1.0)
2024-06-03 22:00:00+00:00,0.0,1.0,ECMWF ERA5-Land Hourly Surface Reanalysis (v1.0)
2024-06-03 23:00:00+00:00,0.0,1.0,ECMWF ERA5-Land Hourly Surface Reanalysis (v1.0)
2024-06-04 00:00:00+00:00,0.0,1.0,ECMWF ERA5-Land Hourly Surface Reanalysis (v1.0)
2024-06-04 01:00:00+00:00,0.0,1.0,ECMWF ERA5-Land Hourly Surface Reanalysis (v1.0)
2024-06-04 02:00:00+00:00,0.003,1.0,ECMWF ERA5-Land Hourly Surface Reanalysis (v1.0)
2024-06-04 03:00:00+00:00,0.029,1.0,ECMWF ERA5-Land Hourly Surface Reanalysis (v1.0)
2024-06-04 04:00:00+00:00,0.04,1.0,ECMWF ERA5-Land Hourly Surface Reanalysis (v1.0)
2024-06-04 05:00:00+00:00,0.051,1.0,ECMWF ERA5-Land Hourly Surface Reanalysis (v1.0)
2024-06-04 06:00:00+00:00,0.178,1.0,ECMWF ERA5-Land Hourly Surface Reanalysis (v1.0)
2024-06-04 07:00:00+00:00,0.196,1.0,ECMWF ERA5-Land Hourly Surface Reanalysis (v1.0)
2024-06-04 08:00:00+00:00,0.23,1.0,ECMWF ERA5-Land Hourly Surface Reanalysis (v1.0)
2024-06-04 09:00:00+00:00,0.481,1.0,ECMWF ERA5-Land Hourly Surface Reanalysis (v1.0)
2024-06-04 10:00:00+00:00,0.411,1.0,ECMWF ERA5-Land Hourly Surface Reanalysis (v1.0)
2024-06-04 11:00:00+00:00,0.153,1.0,ECMWF ERA5-Land Hourly Surface Reanalysis (v1.0)
2024-06-04 12:00:00+00:00,0.139,1.0,ECMWF ERA5-Land Hourly Surface Reanalysis (v1.0)
2024-06-04 13:00:00+00:00,0.044,1.0,ECMWF ERA5-Land Hourly Surface Reanalysis (v1.0)
2024-06-04 14:00:00+00:00,0.006,1.0,ECMWF ERA5-Land Hourly Surface Reanalysis (v1.0)
2024-06-04 15:00:00+00:00,0.005,1.0,ECMWF ERA5-Land Hourly Surface Reanalysis (v1.0)
2024-06-04 16:00:00+00:00,0.002,1.0,ECMWF ERA5-Land Hourly Surface Reanalysis (v1.0)
2024-06-04 17:00:00+00:00,0.0,1.0,ECMWF ERA5-Land Hourly Surface Reanalysis (v1.0)
2024-06-04 18:00:00+00:00,0.0,1.0,ECMWF ERA5-Land Hourly Surface Reanalysis (v1.0)
2024-06-04 19:00:00+00:00,0.0,1.0,ECMWF ERA5-Land Hourly Surface Reanalysis (v1.0)
2024-06-04 20:00:00+00:00,0.0,1.0,ECMWF ERA5-Land Hourly Surface Reanalysis (v1.0)
2024-06-04 21:00:00+00:00,0.0,1.0,ECMWF ERA5-Land Hourly Surface Reanalysis (v1.0)
2024-06-04 22:00:00+00:00,0.0,1.0,ECMWF ERA5-Land Hourly Surface Reanalysis (v1.0)
2024-06-04 23:00:00+00:00,0.0,1.0,ECMWF ERA5-Land Hourly Surface Reanalysis (v1.0)
2024-06-05 00:00:00+00:00,0.0,1.0,ECMWF ERA5-Land Hourly Surface Reanalysis (v1.0)
2024-06-05 01:00:00+00:00,0.003,1.0,ECMWF ERA5-Land Hourly Surface Reanalysis (v1.0)
2024-06-05 02:00:00+00:00,0.0,1.0,ECMWF ERA5-Land Hourly Surface Reanalysis (v1.0)
2024-06-05 03:00:00+00:00,0.004,1.0,ECMWF ERA5-Land Hourly Surface Reanalysis (v1.0)
2024-06-05 04:00:00+00:00,0.095,1.0,ECMWF ERA5-Land Hourly Surface Reanalysis (v1.0)
2024-06-05 05:00:00+00:00,0.153,1.0,ECMWF ERA5-Land Hourly Surface Reanalysis (v1.0)
2024-06-05 06:00:00+00:00,0.076,1.0,ECMWF ERA5-Land Hourly Surface Reanalysis (v1.0)
2024-06-05 07:00:00+00:00,0.106,1.0,ECMWF ERA5-Land Hourly Surface Reanalysis (v1.0)
2024-06-05 08:00:00+00:00,0.137,1.0,ECMWF ERA5-Land Hourly Surface Reanalysis (v1.0)
2024-06-05 09:00:00+00:00,0.265,1.0,ECMWF ERA5-Land Hourly Surface Reanalysis (v1.0)
2024-06-05 10:00:00+00:00,0.221,1.0,ECMWF ERA5-Land Hourly Surface Reanalysis (v1.0)
2024-06-05 11:00:00+00:00,0.244,1.0,ECMWF ERA5-Land Hourly Surface Reanalysis (v1.0)
2024-06-05 12:00:00+00:00,0.126,1.0,ECMWF ERA5-Land Hourly Surface Reanalysis (v1.0)
2024-06-05 13:00:00+00:00,0.466,1.0,ECMWF ERA5-Land Hourly Surface Reanalysis (v1.0)
2024-06-05 14:00:00+00:00,0.228,1.0,ECMWF ERA5-Land Hourly Surface Reanalysis (v1.0)
2024-06-05 15:00:00+00:00,0.096,1.0,ECMWF ERA5-Land Hourly Surface Reanalysis (v1.0)
2024-06-05 16:00:00+00:00,0.014,1.0,ECMWF ERA5-Land Hourly Surface Reanalysis (v1.0)
2024-06-05 17:00:00+00:00,0.0,1.0,ECMWF ERA5-Land Hourly Surface Reanalysis (v1.0)
2024-06-05 18:00:00+00:00,0.0,1.0,ECMWF ERA5-Land Hourly Surface Reanalysis (v1.0)
2024-06-05 19:00:00+00:00,0.0,1.0,ECMWF ERA5-Land Hourly Surface Reanalysis (v1.0)
2024-06-05 20:00:00+00:00,0.0,1.0,ECMWF ERA5-Land Hourly Surface Reanalysis (v1.0)
2024-06-05 21:00:00+00:00,0.0,1.0,ECMWF ERA5-Land Hourly Surface Reanalysis (v1.0)
2024-06-05 22:00:00+00:00,0.0,1.0,ECMWF ERA5-Land Hourly Surface Reanalysis (v1.0)
2024-06-05 23:00:00+00:00,0.0,1.0,ECMWF ERA5-Land Hourly Surface Reanalysis (v1.0)
2024-06-06 00:00:00+00:00,0.0,1.0,ECMWF ERA5-Land Hourly Surface Reanalysis (v1.0)
2024-06-06 01:00:00+00:00,0.0,1.0,ECMWF ERA5-Land Hourly Surface Reanalysis (v1.0)
2024-06-06 02:00:00+00:00,0.0,1.0,ECMWF ERA5-Land Hourly Surface Reanalysis (v1.0)
2024-06-06 03:00:00+00:00,0.0,1.0,ECMWF ERA5-Land Hourly Surface Reanalysis (v1.0)
2024-06-06 04:00:00+00:00,0.004,1.0,ECMWF ERA5-Land Hourly Surface Reanalysis (v1.0)
2024-06-06 05:00:00+00:00,0.029,1.0,ECMWF ERA5-Land Hourly Surface Reanalysis (v1.0)
2024-06-06 06:00:00+00:00,0.088,1.0,ECMWF ERA5-Land Hourly Surface Reanalysis (v1.0)
2024-06-06 07:00:00+00:00,0.106,1.0,ECMWF ERA5-Land Hourly Surface Reanalysis (v1.0)
2024-06-06 08:00:00+00:00,0.153,1.0,ECMWF ERA5-Land Hourly Surface Reanalysis (v1.0)
2024-06-06 09:00:00+00:00,0.119,1.0,ECMWF ERA5-Land Hourly Surface Reanalysis (v1.0)
2024-06-06 10:00:00+00:00,0.106,1.0,ECMWF ERA5-Land Hourly Surface Reanalysis (v1.0)
2024-06-06 11:00:00+00:00,0.081,1.0,ECMWF ERA5-Land Hourly Surface Reanalysis (v1.0)
2024-06-06 12:00:00+00:00,0.015,1.0,ECMWF ERA5-Land Hourly Surface Reanalysis (v1.0)
2024-06-06 13:00:00+00:00,0.041,1.0,ECMWF ERA5-Land Hourly Surface Reanalysis (v1.0)
2024-06-06 14:00:00+00:00,0.0,1.0,ECMWF ERA5-Land Hourly Surface Reanalysis (v1.0)
2024-06-06 15:00:00+00:00,0.0,1.0,ECMWF ERA5-Land Hourly Surface Reanalysis (v1.0)
2024-06-06 16:00:00+00:00,0.0,1.0,ECMWF ERA5-Land Hourly Surface Reanalysis (v1.0)
2024-06-06 17:00:00+00:00,0.0,1.0,ECMWF ERA5-Land Hourly Surface Reanalysis (v1.0)
2024-06-06 18:00:00+00:00,0.0,1.0,ECMWF ERA5-Land Hourly Surface Reanalysis (v1.0)
2024-06-06 19:00:00+00:00,0.0,1.0,ECMWF ERA5-Land Hourly Surface Reanalysis (v1.0)
2024-06-06 20:00:00+00:00,0.0,1.0,ECMWF ERA5-Land Hourly Surface Reanalysis (v1.0)
2024-06-06 21:00:00+00:00,0.0,1.0,ECMWF ERA5-Land Hourly Surface Reanalysis (v1.0)
2024-06-06 22:00:00+00:00,0.0,1.0,ECMWF ERA5-Land Hourly Surface Reanalysis (v1.0)
2024-06-06 23:00:00+00:00,0.0,1.0,ECMWF ERA5-Land Hourly Surface Reanalysis (v1.0)
2024-06-07 00:00:00+00:00,0.0,1.0,ECMWF ERA5-Land Hourly Surface Reanalysis (v1.0)
2024-06-07 01:00:00+00:00,0.0,1.0,ECMWF ERA5-Land Hourly Surface Reanalysis (v1.0)
2024-06-07 02:00:00+00:00,0.0,1.0,ECMWF ERA5-Land Hourly Surface Reanalysis (v1.0)
2024-06-07 03:00:00+00:00,0.0,1.0,ECMWF ERA5-Land Hourly Surface Reanalysis (v1.0)
2024-06-07 04:00:00+00:00,0.0,1.0,ECMWF ERA5-Land Hourly Surface Reanalysis (v1.0)
2024-06-07 05:00:00+00:00,0.004,1.0,ECMWF ERA5-Land Hourly Surface Reanalysis (v1.0)
2024-06-07 06:00:00+00:00,0.023,1.0,ECMWF ERA5-Land Hourly Surface Reanalysis (v1.0)
2024-06-07 07:00:00+00:00,0.038,1.0,ECMWF ERA5-Land Hourly Surface Reanalysis (v1.0)
2024-06-07 08:00:00+00:00,0.112,1.0,ECMWF ERA5-Land Hourly Surface Reanalysis (v1.0)
2024-06-07 09:00:00+00:00,0.135,1.0,ECMWF ERA5-Land Hourly Surface Reanalysis (v1.0)
2024-06-07 10:00:00+00:00,0.117,1.0,ECMWF ERA5-Land Hourly Surface Reanalysis (v1.0)
2024-06-07 11:00:00+00:00,0.096,1.0,ECMWF ERA5-Land Hourly Surface Reanalysis (v1.0)
2024-06-07 12:00:00+00:00,0.036,1.0,ECMWF ERA5-Land Hourly Surface Reanalysis (v1.0)
2024-06-07 13:00:00+00:00,0.004,1.0,ECMWF ERA5-Land Hourly Surface Reanalysis (v1.0)
2024-06-07 14:00:00+00:00,0.0,1.0,ECMWF ERA5-Land Hourly Surface Reanalysis (v1.0)
2024-06-07 15:00:00+00:00,0.0,1.0,ECMWF ERA5-Land Hourly Surface Reanalysis (v1.0)
2024-06-07 16:00:00+00:00,0.0,1.0,ECMWF ERA5-Land Hourly Surface Reanalysis (v1.0)
2024-06-07 17:00:00+00:00,0.0,1.0,ECMWF ERA5-Land Hourly Surface Reanalysis (v1.0)
2024-06-07 18:00:00+00:00,0.0,1.0,ECMWF ERA5-Land Hourly Surface Reanalysis (v1.0)
2024-06-07 19:00:00+00:00,0.0,1.0,ECMWF ERA5-Land Hourly Surface Reanalysis (v1.0)
2024-06-07 20:00:00+00:00,0.0,1.0,ECMWF ERA5-Land Hourly Surface Reanalysis (v1.0)
2024-06-07 21:00:00+00:00,0.0,1.0,ECMWF ERA5-Land Hourly Surface Reanalysis (v1.0)
2024-06-07 22:00:00+00:00,0.0,1.0,ECMWF ERA5-Land Hourly Surface Reanalysis (v1.0)
2024-06-07 23:00:00+00:00,0.0,1.0,ECMWF ERA5-Land Hourly Surface Reanalysis (v1.0)
2024-06-08 00:00:00+00:00,0.0,1.0,ECMWF ERA5-Land Hourly Surface Reanalysis (v1.0)
2024-06-08 01:00:00+00:00,0.0,1.0,ECMWF ERA5-Land Hourly Surface Reanalysis (v1.0)
2024-06-08 02:00:00+00:00,0.0,1.0,ECMWF ERA5-Land Hourly Surface Reanalysis (v1.0)
2024-06-08 03:00:00+00:00,0.0,1.0,ECMWF ERA5-Land Hourly Surface Reanalysis (v1.0)
2024-06-08 04:00:00+00:00,0.0,1.0,ECMWF ERA5-Land Hourly Surface Reanalysis (v1.0)
2024-06-08 05:00:00+00:00,0.008,1.0,ECMWF ERA5-Land Hourly Surface Reanalysis (v1.0)
2024-06-08 06:00:00+00:00,0.021,1.0,ECMWF ERA5-Land Hourly Surface Reanalysis (v1.0)
2024-06-08 07:00:00+00:00,0.031,1.0,ECMWF ERA5-Land Hourly Surface Reanalysis (v1.0)
2024-06-08 08:00:00+00:00,0.051,1.0,ECMWF ERA5-Land Hourly Surface Reanalysis (v1.0)
2024-06-08 09:00:00+00:00,0.067,1.0,ECMWF ERA5-Land Hourly Surface Reanalysis (v1.0)
2024-06-08 10:00:00+00:00,0.067,1.0,ECMWF ERA5-Land Hourly Surface Reanalysis (v1.0)
2024-06-08 11:00:00+00:00,0.043,1.0,ECMWF ERA5-Land Hourly Surface Reanalysis (v1.0)
2024-06-08 12:00:00+00:00,0.036,1.0,ECMWF ERA5-Land Hourly Surface Reanalysis (v1.0)
2024-06-08 13:00:00+00:00,0.091,1.0,ECMWF ERA5-Land Hourly Surface Reanalysis (v1.0)
2024-06-08 14:00:00+00:00,0.089,1.0,ECMWF ERA5-Land Hourly Surface Reanalysis (v1.0)
2024-06-08 15:00:00+00:00,0.028,1.0,ECMWF ERA5-Land Hourly Surface Reanalysis (v1.0)
2024-06-08 16:00:00+00:00,0.007,1.0,ECMWF ERA5-Land Hourly Surface Reanalysis (v1.0)
2024-06-08 17:00:00+00:00,0.0,1.0,ECMWF ERA5-Land Hourly Surface Reanalysis (v1.0)
2024-06-08 18:00:00+00:00,0.0,1.0,ECMWF ERA5-Land Hourly Surface Reanalysis (v1.0)
2024-06-08 19:00:00+00:00,0.0,1.0,ECMWF ERA5-Land Hourly Surface Reanalysis (v1.0)
2024-06-08 20:00:00+00:00,0.0,1.0,ECMWF ERA5-Land Hourly Surface Reanalysis (v1.0)
2024-06-08 21:00:00+00:00,0.002,1.0,ECMWF ERA5-Land Hourly Surface Reanalysis (v1.0)
2024-06-08 22:00:00+00:00,0.002,1.0,ECMWF ERA5-Land Hourly Surface Reanalysis (v1.0)
2024-06-08 23:00:00+00:00,0.0,1.0,ECMWF ERA5-Land Hourly Surface Reanalysis (v1.0)
2024-06-09 00:00:00+00:00,0.0,1.0,ECMWF ERA5-Land Hourly Surface Reanalysis (v1.0)
2024-06-09 01:00:00+00:00,0.009,1.0,ECMWF ERA5-Land Hourly Surface Reanalysis (v1.0)
2024-06-09 02:00:00+00:00,0.017,1.0,ECMWF ERA5-Land Hourly Surface Reanalysis (v1.0)
2024-06-09 03:00:00+00:00,0.028,1.0,ECMWF ERA5-Land Hourly Surface Reanalysis (v1.0)
2024-06-09 04:00:00+00:00,0.046,1.0,ECMWF ERA5-Land Hourly Surface Reanalysis (v1.0)
2024-06-09 05:00:00+00:00,0.048,1.0,ECMWF ERA5-Land Hourly Surface Reanalysis (v1.0)
2024-06-09 06:00:00+00:00,0.107,1.0,ECMWF ERA5-Land Hourly Surface Reanalysis (v1.0)
2024-06-09 07:00:00+00:00,0.163,1.0,ECMWF ERA5-Land Hourly Surface Reanalysis (v1.0)
2024-06-09 08:00:00+00:00,0.207,1.0,ECMWF ERA5-Land Hourly Surface Reanalysis (v1.0)
2024-06-09 09:00:00+00:00,0.202,1.0,ECMWF ERA5-Land Hourly Surface Reanalysis (v1.0)
2024-06-09 10:00:00+00:00,0.306,1.0,ECMWF ERA5-Land Hourly Surface Reanalysis (v1.0)
2024-06-09 11:00:00+00:00,0.191,1.0,ECMWF ERA5-Land Hourly Surface Reanalysis (v1.0)
2024-06-09 12:00:00+00:00,0.107,1.0,ECMWF ERA5-Land Hourly Surface Reanalysis (v1.0)
2024-06-09 13:00:00+00:00,0.019,1.0,ECMWF ERA5-Land Hourly Surface Reanalysis (v1.0)
2024-06-09 14:00:00+00:00,0.006,1.0,ECMWF ERA5-Land Hourly Surface Reanalysis (v1.0)
2024-06-09 15:00:00+00:00,0.0,1.0,ECMWF ERA5-Land Hourly Surface Reanalysis (v1.0)
2024-06-09 16:00:00+00:00,0.0,1.0,ECMWF ERA5-Land Hourly Surface Reanalysis (v1.0)
2024-06-09 17:00:00+00:00,0.0,1.0,ECMWF ERA5-Land Hourly Surface Reanalysis (v1.0)
2024-06-09 18:00:00+00:00,0.0,1.0,ECMWF ERA5-Land Hourly Surface Reanalysis (v1.0)
2024-06-09 19:00:00+00:00,0.0,1.0,ECMWF ERA5-Land Hourly Surface Reanalysis (v1.0)
2024-06-09 20:00:00+00:00,0.0,1.0,ECMWF ERA5-Land Hourly Surface Reanalysis (v1.0)
2024-06-09 21:00:00+00:00,0.0,1.0,ECMWF ERA5-Land Hourly Surface Reanalysis (v1.0)
2024-06-09 22:00:00+00:00,0.0,1.0,ECMWF ERA5-Land Hourly Surface Reanalysis (v1.0)
2024-06-09 23:00:00+00:00,0.0,1.0,ECMWF ERA5-Land Hourly Surface Reanalysis (v1.0)
2024-06-10 00:00:00+00:00,0.0,1.0,ECMWF ERA5-Land Hourly Surface Reanalysis (v1.0)
2024-06-10 01:00:00+00:00,0.0,1.0,ECMWF ERA5-Land Hourly Surface Reanalysis (v1.0)
2024-06-10 02:00:00+00:00,0.0,1.0,ECMWF ERA5-Land Hourly Surface Reanalysis (v1.0)
2024-06-10 03:00:00+00:00,0.004,1.0,ECMWF ERA5-Land Hourly Surface Reanalysis (v1.0)
2024-06-10 04:00:00+00:00,0.008,1.0,ECMWF ERA5-Land Hourly Surface Reanalysis (v1.0)
2024-06-10 05:00:00+00:00,0.041,1.0,ECMWF ERA5-Land Hourly Surface Reanalysis (v1.0)
2024-06-10 06:00:00+00:00,0.056,1.0,ECMWF ERA5-Land Hourly Surface Reanalysis (v1.0)
2024-06-10 07:00:00+00:00,0.071,1.0,ECMWF ERA5-Land Hourly Surface Reanalysis (v1.0)
2024-06-10 08:00:00+00:00,0.083,1.0,ECMWF ERA5-Land Hourly Surface Reanalysis (v1.0)
2024-06-10 09:00:00+00:00,0.116,1.0,ECMWF ERA5-Land Hourly Surface Reanalysis (v1.0)
2024-06-10 10:00:00+00:00,0.166,1.0,ECMWF ERA5-Land Hourly Surface Reanalysis (v1.0)
2024-06-10 11:00:00+00:00,0.117,1.0,ECMWF ERA5-Land Hourly Surface Reanalysis (v1.0)
2024-06-10 12:00:00+00:00,0.101,1.0,ECMWF ERA5-Land Hourly Surface Reanalysis (v1.0)
2024-06-10 13:00:00+00:00,0.069,1.0,ECMWF ERA5-Land Hourly Surface Reanalysis (v1.0)
2024-06-10 14:00:00+00:00,0.029,1.0,ECMWF ERA5-Land Hourly Surface Reanalysis (v1.0)
2024-06-10 15:00:00+00:00,0.01,1.0,ECMWF ERA5-Land Hourly Surface Reanalysis (v1.0)
2024-06-10 16:00:00+00:00,0.002,1.0,ECMWF ERA5-Land Hourly Surface Reanalysis (v1.0)
2024-06-10 17:00:00+00:00,0.0,1.0,ECMWF ERA5-Land Hourly Surface Reanalysis (v1.0)
2024-06-10 18:00:00+00:00,0.0,1.0,ECMWF ERA5-Land Hourly Surface Reanalysis (v1.0)
2024-06-10 19:00:00+00:00,0.0,1.0,ECMWF ERA5-Land Hourly Surface Reanalysis (v1.0)
2024-06-10 20:00:00+00:00,0.0,1.0,ECMWF ERA5-Land Hourly Surface Reanalysis (v1.0)
2024-06-10 21:00:00+00:00,0.0,1.0,ECMWF ERA5-Land Hourly Surface Reanalysis (v1.0)
2024-06-10 22:00:00+00:00,0.0,1.0,ECMWF ERA5-Land Hourly Surface Reanalysis (v1.0)
2024-06-10 23:00:00+00:00,0.0,1.0,ECMWF ERA5-Land Hourly Surface Reanalysis (v1.0)
2024-06-11 00:00:00+00:00,0.0,1.0,ECMWF ERA5-Land Hourly Surface Reanalysis (v1.0)
2024-06-11 01:00:00+00:00,0.005,1.0,ECMWF ERA5-Land Hourly Surface Reanalysis (v1.0)
2024-06-11 02:00:00+00:00,0.015,1.0,ECMWF ERA5-Land Hourly Surface Reanalysis (v1.0)
2024-06-11 03:00:00+00:00,0.008,1.0,ECMWF ERA5-Land Hourly Surface Reanalysis (v1.0)
2024-06-11 04:00:00+00:00,0.033,1.0,ECMWF ERA5-Land Hourly Surface Reanalysis (v1.0)
2024-06-11 05:00:00+00:00,0.085,1.0,ECMWF ERA5-Land Hourly Surface Reanalysis (v1.0)
2024-06-11 06:00:00+00:00,0.125,1.0,ECMWF ERA5-Land Hourly Surface Reanalysis (v1.0)
2024-06-11 07:00:00+00:00,0.139,1.0,ECMWF ERA5-Land Hourly Surface Reanalysis (v1.0)
2024-06-11 08:00:00+00:00,0.15,1.0,ECMWF ERA5-Land Hourly Surface Reanalysis (v1.0)
2024-06-11 09:00:00+00:00,0.127,1.0,ECMWF ERA5-Land Hourly Surface Reanalysis (v1.0)
2024-06-11 10:00:00+00:00,0.082,1.0,ECMWF ERA5-Land Hourly Surface Reanalysis (v1.0)
2024-06-11 11:00:00+00:00,0.053,1.0,ECMWF ERA5-Land Hourly Surface Reanalysis (v1.0)
2024-06-11 12:00:00+00:00,0.039,1.0,ECMWF ERA5-Land Hourly Surface Reanalysis (v1.0)
2024-06-11 13:00:00+00:00,0.017,1.0,ECMWF ERA5-Land Hourly Surface Reanalysis (v1.0)
2024-06-11 14:00:00+00:00,0.01,1.0,ECMWF ERA5-Land Hourly Surface Reanalysis (v1.0)
2024-06-11 15:00:00+00:00,0.003,1.0,ECMWF ERA5-Land Hourly Surface Reanalysis (v1.0)
2024-06-11 16:00:00+00:00,0.0,1.0,ECMWF ERA5-Land Hourly Surface Reanalysis (v1.0)
2024-06-11 17:00:00+00:00,0.0,1.0,ECMWF ERA5-Land Hourly Surface Reanalysis (v1.0)
2024-06-11 18:00:00+00:00,0.0,1.0,ECMWF ERA5-Land Hourly Surface Reanalysis (v1.0)
2024-06-11 19:00:00+00:00,0.0,1.0,ECMWF ERA5-Land Hourly Surface Reanalysis (v1.0)
2024-06-11 20:00:00+00:00,0.0,1.0,ECMWF ERA5-Land Hourly Surface Reanalysis (v1.0)
2024-06-11 21:00:00+00:00,0.0,1.0,ECMWF ERA5-Land Hourly Surface Reanalysis (v1.0)
2024-06-11 22:00:00+00:00,0.0,1.0,ECMWF ERA5-Land Hourly Surface Reanalysis (v1.0)
2024-06-11 23:00:00+00:00,0.0,1.0,ECMWF ERA5-Land Hourly Surface Reanalysis (v1.0)
2024-06-12 00:00:00+00:00,0.0,1.0,ECMWF ERA5-Land Hourly Surface Reanalysis (v1.0)
2024-06-12 01:00:00+00:00,0.0,1.0,ECMWF ERA5-Land Hourly Surface Reanalysis (v1.0)
2024-06-12 02:00:00+00:00,0.0,1.0,ECMWF ERA5-Land Hourly Surface Reanalysis (v1.0)
2024-06-12 03:00:00+00:00,0.0,1.0,ECMWF ERA5-Land Hourly Surface Reanalysis (v1.0)
2024-06-12 04:00:00+00:00,0.0,1.0,ECMWF ERA5-Land Hourly Surface Reanalysis (v1.0)
2024-06-12 05:00:00+00:00,0.0,1.0,ECMWF ERA5-Land Hourly Surface Reanalysis (v1.0)
2024-06-12 06:00:00+00:00,0.002,1.0,ECMWF ERA5-Land Hourly Surface Reanalysis (v1.0)
2024-06-12 07:00:00+00:00,0.018,1.0,ECMWF ERA5-Land Hourly Surface Reanalysis (v1.0)
2024-06-12 08:00:00+00:00,0.027,1.0,ECMWF ERA5-Land Hourly Surface Reanalysis (v1.0)
2024-06-12 09:00:00+00:00,0.03,1.0,ECMWF ERA5-Land Hourly Surface Reanalysis (v1.0)
2024-06-12 10:00:00+00:00,0.046,1.0,ECMWF ERA5-Land Hourly Surface Reanalysis (v1.0)
2024-06-12 11:00:00+00:00,0.055,1.0,ECMWF ERA5-Land Hourly Surface Reanalysis (v1.0)
2024-06-12 12:00:00+00:00,0.043,1.0,ECMWF ERA5-Land Hourly Surface Reanalysis (v1.0)
2024-06-12 13:00:00+00:00,0.023,1.0,ECMWF ERA5-Land Hourly Surface Reanalysis (v1.0)
2024-06-12 14:00:00+00:00,0.011,1.0,ECMWF ERA5-Land Hourly Surface Reanalysis (v1.0)
2024-06-12 15:00:00+00:00,0.001,1.0,ECMWF ERA5-Land Hourly Surface Reanalysis (v1.0)
2024-06-12 16:00:00+00:00,0.0,1.0,ECMWF ERA5-Land Hourly Surface Reanalysis (v1.0)
2024-06-12 17:00:00+00:00,0.0,1.0,ECMWF ERA5-Land Hourly Surface Reanalysis (v1.0)
2024-06-12 18:00:00+00:00,0.0,1.0,ECMWF ERA5-Land Hourly Surface Reanalysis (v1.0)
2024-06-12 19:00:00+00:00,0.0,1.0,ECMWF ERA5-Land Hourly Surface Reanalysis (v1.0)
2024-06-12 20:00:00+00:00,0.0,1.0,ECMWF ERA5-Land Hourly Surface Reanalysis (v1.0)
2024-06-12 21:00:00+00:00,0.0,1.0,ECMWF ERA5-Land Hourly Surface Reanalysis (v1.0)
2024-06-12 22:00:00+00:00,0.0,1.0,ECMWF ERA5-Land Hourly Surface Reanalysis (v1.0)
2024-06-12 23:00:00+00:00,0.0,1.0,ECMWF ERA5-Land Hourly Surface Reanalysis (v1.0)
2024-06-13 00:00:00+00:00,0.0,1.0,ECMWF ERA5-Land Hourly Surface Reanalysis (v1.0)
2024-06-13 01:00:00+00:00,0.0,1.0,ECMWF ERA5-Land Hourly Surface Reanalysis (v1.0)
2024-06-13 02:00:00+00:00,0.0,1.0,ECMWF ERA5-Land Hourly Surface Reanalysis (v1.0)
2024-06-13 03:00:00+00:00,0.0,1.0,ECMWF ERA5-Land Hourly Surface Reanalysis (v1.0)
2024-06-13 04:00:00+00:00,0.0,1.0,ECMWF ERA5-Land Hourly Surface Reanalysis (v1.0)
2024-06-13 05:00:00+00:00,0.0,1.0,ECMWF ERA5-Land Hourly Surface Reanalysis (v1.0)
2024-06-13 06:00:00+00:00,0.003,1.0,ECMWF ERA5-Land Hourly Surface Reanalysis (v1.0)
2024-06-13 07:00:00+00:00,0.022,1.0,ECMWF ERA5-Land Hourly Surface Reanalysis (v1.0)
2024-06-13 08:00:00+00:00,0.031,1.0,ECMWF ERA5-Land Hourly Surface Reanalysis (v1.0)
2024-06-13 09:00:00+00:00,0.037,1.0,ECMWF ERA5-Land Hourly Surface Reanalysis (v1.0)
2024-06-13 10:00:00+00:00,0.03,1.0,ECMWF ERA5-Land Hourly Surface Reanalysis (v1.0)
2024-06-13 11:00:00+00:00,0.034,1.0,ECMWF ERA5-Land Hourly Surface Reanalysis (v1.0)
2024-06-13 12:00:00+00:00,0.015,1.0,ECMWF ERA5-Land Hourly Surface Reanalysis (v1.0)
2024-06-13 13:00:00+00:00,0.014,1.0,ECMWF ERA5-Land Hourly Surface Reanalysis (v1.0)
2024-06-13 14:00:00+00:00,0.005,1.0,ECMWF ERA5-Land Hourly Surface Reanalysis (v1.0)
2024-06-13 15:00:00+00:00,0.003,1.0,ECMWF ERA5-Land Hourly Surface Reanalysis (v1.0)
2024-06-13 16:00:00+00:00,0.0,1.0,ECMWF ERA5-Land Hourly Surface Reanalysis (v1.0)
2024-06-13 17:00:00+00:00,0.0,1.0,ECMWF ERA5-Land Hourly Surface Reanalysis (v1.0)
2024-06-13 18:00:00+00:00,0.0,1.0,ECMWF ERA5-Land Hourly Surface Reanalysis (v1.0)
2024-06-13 19:00:00+00:00,0.0,1.0,ECMWF ERA5-Land Hourly Surface Reanalysis (v1.0)
2024-06-13 20:00:00+00:00,0.0,1.0,ECMWF ERA5-Land Hourly Surface Reanalysis (v1.0)
2024-06-13 21:00:00+00:00,0.0,1.0,ECMWF ERA5-Land Hourly Surface Reanalysis (v1.0)
2024-06-13 22:00:00+00:00,0.0,1.0,ECMWF ERA5-Land Hourly Surface Reanalysis (v1.0)
2024-06-13 23:00:00+00:00,0.0,1.0,ECMWF ERA5-Land Hourly Surface Reanalysis (v1.0)
2024-06-14 00:00:00+00:00,0.0,1.0,ECMWF ERA5-Land Hourly Surface Reanalysis (v1.0)
2024-06-14 01:00:00+00:00,0.0,1.0,ECMWF ERA5-Land Hourly Surface Reanalysis (v1.0)
2024-06-14 02:00:00+00:00,0.001,1.0,ECMWF ERA5-Land Hourly Surface Reanalysis (v1.0)
2024-06-14 03:00:00+00:00,0.0,1.0,ECMWF ERA5-Land Hourly Surface Reanalysis (v1.0)
2024-06-14 04:00:00+00:00,0.01,1.0,ECMWF ERA5-Land Hourly Surface Reanalysis (v1.0)
2024-06-14 05:00:00+00:00,0.034,1.0,ECMWF ERA5-Land Hourly Surface Reanalysis (v1.0)
2024-06-14 06:00:00+00:00,0.037,1.0,ECMWF ERA5-Land Hourly Surface Reanalysis (v1.0)
2024-06-14 07:00:00+00:00,0.027,1.0,ECMWF ERA5-Land Hourly Surface Reanalysis (v1.0)
2024-06-14 08:00:00+00:00,0.053,1.0,ECMWF ERA5-Land Hourly Surface Reanalysis (v1.0)
2024-06-14 09:00:00+00:00,0.046,1.0,ECMWF ERA5-Land Hourly Surface Reanalysis (v1.0)
2024-06-14 10:00:00+00:00,0.03,1.0,ECMWF ERA5-Land Hourly Surface Reanalysis (v1.0)
2024-06-14 11:00:00+00:00,0.037,1.0,ECMWF ERA5-Land Hourly Surface Reanalysis (v1.0)
2024-06-14 12:00:00+00:00,0.035,1.0,ECMWF ERA5-Land Hourly Surface Reanalysis (v1.0)
2024-06-14 13:00:00+00:00,0.027,1.0,ECMWF ERA5-Land Hourly Surface Reanalysis (v1.0)
2024-06-14 14:00:00+00:00,0.006,1.0,ECMWF ERA5-Land Hourly Surface Reanalysis (v1.0)
2024-06-14 15:00:00+00:00,0.0,1.0,ECMWF ERA5-Land Hourly Surface Reanalysis (v1.0)
2024-06-14 16:00:00+00:00,0.0,1.0,ECMWF ERA5-Land Hourly Surface Reanalysis (v1.0)
2024-06-14 17:00:00+00:00,0.0,1.0,ECMWF ERA5-Land Hourly Surface Reanalysis (v1.0)
2024-06-14 18:00:00+00:00,0.0,1.0,ECMWF ERA5-Land Hourly Surface Reanalysis (v1.0)
2024-06-14 19:00:00+00:00,0.0,1.0,ECMWF ERA5-Land Hourly Surface Reanalysis (v1.0)
2024-06-14 20:00:00+00:00,0.0,1.0,ECMWF ERA5-Land Hourly Surface Reanalysis (v1.0)
2024-06-14 21:00:00+00:00,0.0,1.0,ECMWF ERA5-Land Hourly Surface Reanalysis (v1.0)
2024-06-14 22:00:00+00:00,0.0,1.0,ECMWF ERA5-Land Hourly Surface Reanalysis (v1.0)
2024-06-14 23:00:00+00:00,0.0,1.0,ECMWF ERA5-Land Hourly Surface Reanalysis (v1.0)
2024-06-15 00:00:00+00:00,0.0,1.0,ECMWF ERA5-Land Hourly Surface Reanalysis (v1.0)
2024-06-15 01:00:00+00:00,0.0,1.0,ECMWF ERA5-Land Hourly Surface Reanalysis (v1.0)
2024-06-15 02:00:00+00:00,0.0,1.0,ECMWF ERA5-Land Hourly Surface Reanalysis (v1.0)
2024-06-15 03:00:00+00:00,0.0,1.0,ECMWF ERA5-Land Hourly Surface Reanalysis (v1.0)
2024-06-15 04:00:00+00:00,0.0,1.0,ECMWF ERA5-Land Hourly Surface Reanalysis (v1.0)
2024-06-15 05:00:00+00:00,0.004,1.0,ECMWF ERA5-Land Hourly Surface Reanalysis (v1.0)
2024-06-15 06:00:00+00:00,0.007,1.0,ECMWF ERA5-Land Hourly Surface Reanalysis (v1.0)
2024-06-15 07:00:00+00:00,0.017,1.0,ECMWF ERA5-Land Hourly Surface Reanalysis (v1.0)
2024-06-15 08:00:00+00:00,0.038,1.0,ECMWF ERA5-Land Hourly Surface Reanalysis (v1.0)
2024-06-15 09:00:00+00:00,0.069,1.0,ECMWF ERA5-Land Hourly Surface Reanalysis (v1.0)
2024-06-15 10:00:00+00:00,0.086,1.0,ECMWF ERA5-Land Hourly Surface Reanalysis (v1.0)
2024-06-15 11:00:00+00:00,0.075,1.0,ECMWF ERA5-Land Hourly Surface Reanalysis (v1.0)
2024-06-15 12:00:00+00:00,0.037,1.0,ECMWF ERA5-Land Hourly Surface Reanalysis (v1.0)
2024-06-15 13:00:00+00:00,0.008,1.0,ECMWF ERA5-Land Hourly Surface Reanalysis (v1.0)
2024-06-15 14:00:00+00:00,0.001,1.0,ECMWF ERA5-Land Hourly Surface Reanalysis (v1.0)
2024-06-15 15:00:00+00:00,0.0,1.0,ECMWF ERA5-Land Hourly Surface Reanalysis (v1.0)
2024-06-15 16:00:00+00:00,0.0,1.0,ECMWF ERA5-Land Hourly Surface Reanalysis (v1.0)
2024-06-15 17:00:00+00:00,0.0,1.0,ECMWF ERA5-Land Hourly Surface Reanalysis (v1.0)
2024-06-15 18:00:00+00:00,0.0,1.0,ECMWF ERA5-Land Hourly Surface Reanalysis (v1.0)
2024-06-15 19:00:00+00:00,0.0,1.0,ECMWF ERA5-Land Hourly Surface Reanalysis (v1.0)
2024-06-15 20:00:00+00:00,0.0,1.0,ECMWF ERA5-Land Hourly Surface Reanalysis (v1.0)
2024-06-15 21:00:00+00:00,0.0,1.0,ECMWF ERA5-Land Hourly Surface Reanalysis (v1.0)
2024-06-15 22:00:00+00:00,0.0,1.0,ECMWF ERA5-Land Hourly Surface Reanalysis (v1.0)
2024-06-15 23:00:00+00:00,0.0,1.0,ECMWF ERA5-Land Hourly Surface Reanalysis (v1.0)
2024-06-16 00:00:00+00:00,0.0,1.0,ECMWF ERA5-Land Hourly Surface Reanalysis (v1.0)
2024-06-16 01:00:00+00:00,0.0,1.0,ECMWF ERA5-Land Hourly Surface Reanalysis (v1.0)
2024-06-16 02:00:00+00:00,0.0,1.0,ECMWF ERA5-Land Hourly Surface Reanalysis (v1.0)
2024-06-16 03:00:00+00:00,0.0,1.0,ECMWF ERA5-Land Hourly Surface Reanalysis (v1.0)
2024-06-16 04:00:00+00:00,0.0,1.0,ECMWF ERA5-Land Hourly Surface Reanalysis (v1.0)
2024-06-16 05:00:00+00:00,0.001,1.0,ECMWF ERA5-Land Hourly Surface Reanalysis (v1.0)
2024-06-16 06:00:00+00:00,0.009,1.0,ECMWF ERA5-Land Hourly Surface Reanalysis (v1.0)
2024-06-16 07:00:00+00:00,0.035,1.0,ECMWF ERA5-Land Hourly Surface Reanalysis (v1.0)
2024-06-16 08:00:00+00:00,0.061,1.0,ECMWF ERA5-Land Hourly Surface Reanalysis (v1.0)
2024-06-16 09:00:00+00:00,0.064,1.0,ECMWF ERA5-Land Hourly Surface Reanalysis (v1.0)
2024-06-16 10:00:00+00:00,0.06,1.0,ECMWF ERA5-Land Hourly Surface Reanalysis (v1.0)
2024-06-16 11:00:00+00:00,0.047,1.0,ECMWF ERA5-Land Hourly Surface Reanalysis (v1.0)
2024-06-16 12:00:00+00:00,0.051,1.0,ECMWF ERA5-Land Hourly Surface Reanalysis (v1.0)
2024-06-16 13:00:00+00:00,0.017,1.0,ECMWF ERA5-Land Hourly Surface Reanalysis (v1.0)
2024-06-16 14:00:00+00:00,0.006,1.0,ECMWF ERA5-Land Hourly Surface Reanalysis (v1.0)
2024-06-16 15:00:00+00:00,0.0,1.0,ECMWF ERA5-Land Hourly Surface Reanalysis (v1.0)
2024-06-16 16:00:00+00:00,0.0,1.0,ECMWF ERA5-Land Hourly Surface Reanalysis (v1.0)
2024-06-16 17:00:00+00:00,0.0,1.0,ECMWF ERA5-Land Hourly Surface Reanalysis (v1.0)
2024-06-16 18:00:00+00:00,0.0,1.0,ECMWF ERA5-Land Hourly Surface Reanalysis (v1.0)
2024-06-16 19:00:00+00:00,0.0,1.0,ECMWF ERA5-Land Hourly Surface Reanalysis (v1.0)
2024-06-16 20:00:00+00:00,0.0,1.0,ECMWF ERA5-Land Hourly Surface Reanalysis (v1.0)
2024-06-16 21:00:00+00:00,0.0,1.0,ECMWF ERA5-Land Hourly Surface Reanalysis (v1.0)
2024-06-16 22:00:00+00:00,0.0,1.0,ECMWF ERA5-Land Hourly Surface Reanalysis (v1.0)
2024-06-16 23:00:00+00:00,0.0,1.0,ECMWF ERA5-Land Hourly Surface Reanalysis (v1.0)
2024-06-17 00:00:00+00:00,0.0,1.0,ECMWF ERA5-Land Hourly Surface Reanalysis (v1.0)
2024-06-17 01:00:00+00:00,0.0,1.0,ECMWF ERA5-Land Hourly Surface Reanalysis (v1.0)
2024-06-17 02:00:00+00:00,0.0,1.0,ECMWF ERA5-Land Hourly Surface Reanalysis (v1.0)
2024-06-17 03:00:00+00:00,0.0,1.0,ECMWF ERA5-Land Hourly Surface Reanalysis (v1.0)
2024-06-17 04:00:00+00:00,0.001,1.0,ECMWF ERA5-Land Hourly Surface Reanalysis (v1.0)
2024-06-17 05:00:00+00:00,0.001,1.0,ECMWF ERA5-Land Hourly Surface Reanalysis (v1.0)
2024-06-17 06:00:00+00:00,0.02,1.0,ECMWF ERA5-Land Hourly Surface Reanalysis (v1.0)
2024-06-17 07:00:00+00:00,0.044,1.0,ECMWF ERA5-Land Hourly Surface Reanalysis (v1.0)
2024-06-17 08:00:00+00:00,0.062,1.0,ECMWF ERA5-Land Hourly Surface Reanalysis (v1.0)
2024-06-17 09:00:00+00:00,0.052,1.0,ECMWF ERA5-Land Hourly Surface Reanalysis (v1.0)
2024-06-17 10:00:00+00:00,0.036,1.0,ECMWF ERA5-Land Hourly Surface Reanalysis (v1.0)
2024-06-17 11:00:00+00:00,0.03,1.0,ECMWF ERA5-Land Hourly Surface Reanalysis (v1.0)
2024-06-17 12:00:00+00:00,0.022,1.0,ECMWF ERA5-Land Hourly Surface Reanalysis (v1.0)
2024-06-17 13:00:00+00:00,0.009,1.0,ECMWF ERA5-Land Hourly Surface Reanalysis (v1.0)
2024-06-17 14:00:00+00:00,0.001,1.0,ECMWF ERA5-Land Hourly Surface Reanalysis (v1.0)
2024-06-17 15:00:00+00:00,0.0,1.0,ECMWF ERA5-Land Hourly Surface Reanalysis (v1.0)
2024-06-17 16:00:00+00:00,0.0,1.0,ECMWF ERA5-Land Hourly Surface Reanalysis (v1.0)
2024-06-17 17:00:00+00:00,0.0,1.0,ECMWF ERA5-Land Hourly Surface Reanalysis (v1.0)
2024-06-17 18:00:00+00:00,0.002,1.0,ECMWF ERA5-Land Hourly Surface Reanalysis (v1.0)
2024-06-17 19:00:00+00:00,0.002,1.0,ECMWF ERA5-Land Hourly Surface Reanalysis (v1.0)
2024-06-17 20:00:00+00:00,0.0,1.0,ECMWF ERA5-Land Hourly Surface Reanalysis (v1.0)
2024-06-17 21:00:00+00:00,0.0,1.0,ECMWF ERA5-Land Hourly Surface Reanalysis (v1.0)
2024-06-17 22:00:00+00:00,0.0,1.0,ECMWF ERA5-Land Hourly Surface Reanalysis (v1.0)
2024-06-17 23:00:00+00:00,0.0,1.0,ECMWF ERA5-Land Hourly Surface Reanalysis (v1.0)
2024-06-18 00:00:00+00:00,0.0,1.0,ECMWF ERA5-Land Hourly Surface Reanalysis (v1.0)
2024-06-18 01:00:00+00:00,0.0,1.0,ECMWF ERA5-Land Hourly Surface Reanalysis (v1.0)
2024-06-18 02:00:00+00:00,0.0,1.0,ECMWF ERA5-Land Hourly Surface Reanalysis (v1.0)
2024-06-18 03:00:00+00:00,0.0,1.0,ECMWF ERA5-Land Hourly Surface Reanalysis (v1.0)
2024-06-18 04:00:00+00:00,0.001,1.0,ECMWF ERA5-Land Hourly Surface Reanalysis (v1.0)
2024-06-18 05:00:00+00:00,0.024,1.0,ECMWF ERA5-Land Hourly Surface Reanalysis (v1.0)
2024-06-18 06:00:00+00:00,0.088,1.0,ECMWF ERA5-Land Hourly Surface Reanalysis (v1.0)
2024-06-18 07:00:00+00:00,0.092,1.0,ECMWF ERA5-Land Hourly Surface Reanalysis (v1.0)
2024-06-18 08:00:00+00:00,0.116,1.0,ECMWF ERA5-Land Hourly Surface Reanalysis (v1.0)
2024-06-18 09:00:00+00:00,0.091,1.0,ECMWF ERA5-Land Hourly Surface Reanalysis (v1.0)
2024-06-18 10:00:00+00:00,0.134,1.0,ECMWF ERA5-Land Hourly Surface Reanalysis (v1.0)
2024-06-18 11:00:00+00:00,0.066,1.0,ECMWF ERA5-Land Hourly Surface Reanalysis (v1.0)
2024-06-18 12:00:00+00:00,0.035,1.0,ECMWF ERA5-Land Hourly Surface Reanalysis (v1.0)
2024-06-18 13:00:00+00:00,0.008,1.0,ECMWF ERA5-Land Hourly Surface Reanalysis (v1.0)
2024-06-18 14:00:00+00:00,0.004,1.0,ECMWF ERA5-Land Hourly Surface Reanalysis (v1.0)
2024-06-18 15:00:00+00:00,0.001,1.0,ECMWF ERA5-Land Hourly Surface Reanalysis (v1.0)
2024-06-18 16:00:00+00:00,0.0,1.0,ECMWF ERA5-Land Hourly Surface Reanalysis (v1.0)
2024-06-18 17:00:00+00:00,0.0,1.0,ECMWF ERA5-Land Hourly Surface Reanalysis (v1.0)
2024-06-18 18:00:00+00:00,0.001,1.0,ECMWF ERA5-Land Hourly Surface Reanalysis (v1.0)
2024-06-18 19:00:00+00:00,0.002,1.0,ECMWF ERA5-Land Hourly Surface Reanalysis (v1.0)
2024-06-18 20:00:00+00:00,0.002,1.0,ECMWF ERA5-Land Hourly Surface Reanalysis (v1.0)
2024-06-18 21:00:00+00:00,0.001,1.0,ECMWF ERA5-Land Hourly Surface Reanalysis (v1.0)
2024-06-18 22:00:00+00:00,0.0,1.0,ECMWF ERA5-Land Hourly Surface Reanalysis (v1.0)
2024-06-18 23:00:00+00:00,0.001,1.0,ECMWF ERA5-Land Hourly Surface Reanalysis (v1.0)
2024-06-19 00:00:00+00:00,0.0,1.0,ECMWF ERA5-Land Hourly Surface Reanalysis (v1.0)
2024-06-19 01:00:00+00:00,0.007,1.0,ECMWF ERA5-Land Hourly Surface Reanalysis (v1.0)
2024-06-19 02:00:00+00:00,0.004,1.0,ECMWF ERA5-Land Hourly Surface Reanalysis (v1.0)
2024-06-19 03:00:00+00:00,0.016,1.0,ECMWF ERA5-Land Hourly Surface Reanalysis (v1.0)
2024-06-19 04:00:00+00:00,0.05,1.0,ECMWF ERA5-Land Hourly Surface Reanalysis (v1.0)
2024-06-19 05:00:00+00:00,0.063,1.0,ECMWF ERA5-Land Hourly Surface Reanalysis (v1.0)
2024-06-19 06:00:00+00:00,0.049,1.0,ECMWF ERA5-Land Hourly Surface Reanalysis (v1.0)
2024-06-19 07:00:00+00:00,0.071,1.0,ECMWF ERA5-Land Hourly Surface Reanalysis (v1.0)
2024-06-19 08:00:00+00:00,0.135,1.0,ECMWF ERA5-Land Hourly Surface Reanalysis (v1.0)
2024-06-19 09:00:00+00:00,0.147,1.0,ECMWF ERA5-Land Hourly Surface Reanalysis (v1.0)
2024-06-19 10:00:00+00:00,0.189,1.0,ECMWF ERA5-Land Hourly Surface Reanalysis (v1.0)
2024-06-19 11:00:00+00:00,0.078,1.0,ECMWF ERA5-Land Hourly Surface Reanalysis (v1.0)
2024-06-19 12:00:00+00:00,0.053,1.0,ECMWF ERA5-Land Hourly Surface Reanalysis (v1.0)
2024-06-19 13:00:00+00:00,0.018,1.0,ECMWF ERA5-Land Hourly Surface Reanalysis (v1.0)
2024-06-19 14:00:00+00:00,0.011,1.0,ECMWF ERA5-Land Hourly Surface Reanalysis (v1.0)
2024-06-19 15:00:00+00:00,0.002,1.0,ECMWF ERA5-Land Hourly Surface Reanalysis (v1.0)
2024-06-19 16:00:00+00:00,0.006,1.0,ECMWF ERA5-Land Hourly Surface Reanalysis (v1.0)
2024-06-19 17:00:00+00:00,0.01,1.0,ECMWF ERA5-Land Hourly Surface Reanalysis (v1.0)
2024-06-19 18:00:00+00:00,0.009,1.0,ECMWF ERA5-Land Hourly Surface Reanalysis (v1.0)
2024-06-19 19:00:00+00:00,0.009,1.0,ECMWF ERA5-Land Hourly Surface Reanalysis (v1.0)
2024-06-19 20:00:00+00:00,0.016,1.0,ECMWF ERA5-Land Hourly Surface Reanalysis (v1.0)
2024-06-19 21:00:00+00:00,0.0,1.0,ECMWF ERA5-Land Hourly Surface Reanalysis (v1.0)
2024-06-19 22:00:00+00:00,0.002,1.0,ECMWF ERA5-Land Hourly Surface Reanalysis (v1.0)
2024-06-19 23:00:00+00:00,0.006,1.0,ECMWF ERA5-Land Hourly Surface Reanalysis (v1.0)
2024-06-20 00:00:00+00:00,0.005,1.0,ECMWF ERA5-Land Hourly Surface Reanalysis (v1.0)
2024-06-20 01:00:00+00:00,0.0,1.0,ECMWF ERA5-Land Hourly Surface Reanalysis (v1.0)
2024-06-20 02:00:00+00:00,0.0,1.0,ECMWF ERA5-Land Hourly Surface Reanalysis (v1.0)
2024-06-20 03:00:00+00:00,0.006,1.0,ECMWF ERA5-Land Hourly Surface Reanalysis (v1.0)
2024-06-20 04:00:00+00:00,0.016,1.0,ECMWF ERA5-Land Hourly Surface Reanalysis (v1.0)
2024-06-20 05:00:00+00:00,0.069,1.0,ECMWF ERA5-Land Hourly Surface Reanalysis (v1.0)
2024-06-20 06:00:00+00:00,0.122,1.0,ECMWF ERA5-Land Hourly Surface Reanalysis (v1.0)
2024-06-20 07:00:00+00:00,0.196,1.0,ECMWF ERA5-Land Hourly Surface Reanalysis (v1.0)
2024-06-20 08:00:00+00:00,0.274,1.0,ECMWF ERA5-Land Hourly Surface Reanalysis (v1.0)
2024-06-20 09:00:00+00:00,0.18,1.0,ECMWF ERA5-Land Hourly Surface Reanalysis (v1.0)
2024-06-20 10:00:00+00:00,0.147,1.0,ECMWF ERA5-Land Hourly Surface Reanalysis (v1.0)
2024-06-20 11:00:00+00:00,0.149,1.0,ECMWF ERA5-Land Hourly Surface Reanalysis (v1.0)
2024-06-20 12:00:00+00:00,0.067,1.0,ECMWF ERA5-Land Hourly Surface Reanalysis (v1.0)
2024-06-20 13:00:00+00:00,0.001,1.0,ECMWF ERA5-Land Hourly Surface Reanalysis (v1.0)
2024-06-20 14:00:00+00:00,0.0,1.0,ECMWF ERA5-Land Hourly Surface Reanalysis (v1.0)
2024-06-20 15:00:00+00:00,0.0,1.0,ECMWF ERA5-Land Hourly Surface Reanalysis (v1.0)
2024-06-20 16:00:00+00:00,0.002,1.0,ECMWF ERA5-Land Hourly Surface Reanalysis (v1.0)
2024-06-20 17:00:00+00:00,0.008,1.0,ECMWF ERA5-Land Hourly Surface Reanalysis (v1.0)
2024-06-20 18:00:00+00:00,0.004,1.0,ECMWF ERA5-Land Hourly Surface Reanalysis (v1.0)
2024-06-20 19:00:00+00:00,0.005,1.0,ECMWF ERA5-Land Hourly Surface Reanalysis (v1.0)
2024-06-20 20:00:00+00:00,0.009,1.0,ECMWF ERA5-Land Hourly Surface Reanalysis (v1.0)
2024-06-20 21:00:00+00:00,0.02,1.0,ECMWF ERA5-Land Hourly Surface Reanalysis (v1.0)
2024-06-20 22:00:00+00:00,0.009,1.0,ECMWF ERA5-Land Hourly Surface Reanalysis (v1.0)
2024-06-20 23:00:00+00:00,0.0,1.0,ECMWF ERA5-Land Hourly Surface Reanalysis (v1.0)
2024-06-21 00:00:00+00:00,0.0,1.0,ECMWF ERA5-Land Hourly Surface Reanalysis (v1.0)
2024-06-21 01:00:00+00:00,0.026,1.0,ECMWF ERA5-Land Hourly Surface Reanalysis (v1.0)
2024-06-21 02:00:00+00:00,0.005,1.0,ECMWF ERA5-Land Hourly Surface Reanalysis (v1.0)
2024-06-21 03:00:00+00:00,0.007,1.0,ECMWF ERA5-Land Hourly Surface Reanalysis (v1.0)
2024-06-21 04:00:00+00:00,0.018,1.0,ECMWF ERA5-Land Hourly Surface Reanalysis (v1.0)
2024-06-21 05:00:00+00:00,0.037,1.0,ECMWF ERA5-Land Hourly Surface Reanalysis (v1.0)
2024-06-21 06:00:00+00:00,0.052,1.0,ECMWF ERA5-Land Hourly Surface Reanalysis (v1.0)
2024-06-21 07:00:00+00:00,0.07,1.0,ECMWF ERA5-Land Hourly Surface Reanalysis (v1.0)
2024-06-21 08:00:00+00:00,0.171,1.0,ECMWF ERA5-Land Hourly Surface Reanalysis (v1.0)
2024-06-21 09:00:00+00:00,0.354,1.0,ECMWF ERA5-Land Hourly Surface Reanalysis (v1.0)
2024-06-21 10:00:00+00:00,0.202,1.0,ECMWF ERA5-Land Hourly Surface Reanalysis (v1.0)
2024-06-21 11:00:00+00:00,0.048,1.0,ECMWF ERA5-Land Hourly Surface Reanalysis (v1.0)
2024-06-21 12:00:00+00:00,0.015,1.0,ECMWF ERA5-Land Hourly Surface Reanalysis (v1.0)
2024-06-21 13:00:00+00:00,0.006,1.0,ECMWF ERA5-Land Hourly Surface Reanalysis (v1.0)
2024-06-21 14:00:00+00:00,0.003,1.0,ECMWF ERA5-Land Hourly Surface Reanalysis (v1.0)
2024-06-21 15:00:00+00:00,0.005,1.0,ECMWF ERA5-Land Hourly Surface Reanalysis (v1.0)
2024-06-21 16:00:00+00:00,0.004,1.0,ECMWF ERA5-Land Hourly Surface Reanalysis (v1.0)
2024-06-21 17:00:00+00:00,0.002,1.0,ECMWF ERA5-Land Hourly Surface Reanalysis (v1.0)
2024-06-21 18:00:00+00:00,0.005,1.0,ECMWF ERA5-Land Hourly Surface Reanalysis (v1.0)
2024-06-21 19:00:00+00:00,0.002,1.0,ECMWF ERA5-Land Hourly Surface Reanalysis (v1.0)
2024-06-21 20:00:00+00:00,0.003,1.0,ECMWF ERA5-Land Hourly Surface Reanalysis (v1.0)
2024-06-21 21:00:00+00:00,0.004,1.0,ECMWF ERA5-Land Hourly Surface Reanalysis (v1.0)
2024-06-21 22:00:00+00:00,0.001,1.0,ECMWF ERA5-Land Hourly Surface Reanalysis (v1.0)
2024-06-21 23:00:00+00:00,0.0,1.0,ECMWF ERA5-Land Hourly Surface Reanalysis (v1.0)
2024-06-22 00:00:00+00:00,0.001,1.0,ECMWF ERA5-Land Hourly Surface Reanalysis (v1.0)
2024-06-22 01:00:00+00:00,0.001,1.0,ECMWF ERA5-Land Hourly Surface Reanalysis (v1.0)
2024-06-22 02:00:00+00:00,0.0,1.0,ECMWF ERA5-Land Hourly Surface Reanalysis (v1.0)
2024-06-22 03:00:00+00:00,0.002,1.0,ECMWF ERA5-Land Hourly Surface Reanalysis (v1.0)
2024-06-22 04:00:00+00:00,0.013,1.0,ECMWF ERA5-Land Hourly Surface Reanalysis (v1.0)
2024-06-22 05:00:00+00:00,0.062,1.0,ECMWF ERA5-Land Hourly Surface Reanalysis (v1.0)
2024-06-22 06:00:00+00:00,0.158,1.0,ECMWF ERA5-Land Hourly Surface Reanalysis (v1.0)
2024-06-22 07:00:00+00:00,0.214,1.0,ECMWF ERA5-Land Hourly Surface Reanalysis (v1.0)
2024-06-22 08:00:00+00:00,0.259,1.0,ECMWF ERA5-Land Hourly Surface Reanalysis (v1.0)
2024-06-22 09:00:00+00:00,0.415,1.0,ECMWF ERA5-Land Hourly Surface Reanalysis (v1.0)
2024-06-22 10:00:00+00:00,0.534,1.0,ECMWF ERA5-Land Hourly Surface Reanalysis (v1.0)
2024-06-22 11:00:00+00:00,0.189,1.0,ECMWF ERA5-Land Hourly Surface Reanalysis (v1.0)
2024-06-22 12:00:00+00:00,0.063,1.0,ECMWF ERA5-Land Hourly Surface Reanalysis (v1.0)
2024-06-22 13:00:00+00:00,0.007,1.0,ECMWF ERA5-Land Hourly Surface Reanalysis (v1.0)
2024-06-22 14:00:00+00:00,0.005,1.0,ECMWF ERA5-Land Hourly Surface Reanalysis (v1.0)
2024-06-22 15:00:00+00:00,0.013,1.0,ECMWF ERA5-Land Hourly Surface Reanalysis (v1.0)
2024-06-22 16:00:00+00:00,0.019,1.0,ECMWF ERA5-Land Hourly Surface Reanalysis (v1.0)
2024-06-22 17:00:00+00:00,0.042,1.0,ECMWF ERA5-Land Hourly Surface Reanalysis (v1.0)
2024-06-22 18:00:00+00:00,0.023,1.0,ECMWF ERA5-Land Hourly Surface Reanalysis (v1.0)
2024-06-22 19:00:00+00:00,0.053,1.0,ECMWF ERA5-Land Hourly Surface Reanalysis (v1.0)
2024-06-22 20:00:00+00:00,0.06,1.0,ECMWF ERA5-Land Hourly Surface Reanalysis (v1.0)
2024-06-22 21:00:00+00:00,0.055,1.0,ECMWF ERA5-Land Hourly Surface Reanalysis (v1.0)
2024-06-22 22:00:00+00:00,0.076,1.0,ECMWF ERA5-Land Hourly Surface Reanalysis (v1.0)
2024-06-22 23:00:00+00:00,0.049,1.0,ECMWF ERA5-Land Hourly Surface Reanalysis (v1.0)
2024-06-23 00:00:00+00:00,0.04,1.0,ECMWF ERA5-Land Hourly Surface Reanalysis (v1.0)
2024-06-23 01:00:00+00:00,0.057,1.0,ECMWF ERA5-Land Hourly Surface Reanalysis (v1.0)
2024-06-23 02:00:00+00:00,0.047,1.0,ECMWF ERA5-Land Hourly Surface Reanalysis (v1.0)
2024-06-23 03:00:00+00:00,0.034,1.0,ECMWF ERA5-Land Hourly Surface Reanalysis (v1.0)
2024-06-23 04:00:00+00:00,0.32,1.0,ECMWF ERA5-Land Hourly Surface Reanalysis (v1.0)
2024-06-23 05:00:00+00:00,0.667,1.0,ECMWF ERA5-Land Hourly Surface Reanalysis (v1.0)
2024-06-23 06:00:00+00:00,0.51,1.0,ECMWF ERA5-Land Hourly Surface Reanalysis (v1.0)
2024-06-23 07:00:00+00:00,0.23,1.0,ECMWF ERA5-Land Hourly Surface Reanalysis (v1.0)
2024-06-23 08:00:00+00:00,0.415,1.0,ECMWF ERA5-Land Hourly Surface Reanalysis (v1.0)
2024-06-23 09:00:00+00:00,0.424,1.0,ECMWF ERA5-Land Hourly Surface Reanalysis (v1.0)
2024-06-23 10:00:00+00:00,0.323,1.0,ECMWF ERA5-Land Hourly Surface Reanalysis (v1.0)
2024-06-23 11:00:00+00:00,0.173,1.0,ECMWF ERA5-Land Hourly Surface Reanalysis (v1.0)
2024-06-23 12:00:00+00:00,0.039,1.0,ECMWF ERA5-Land Hourly Surface Reanalysis (v1.0)
2024-06-23 13:00:00+00:00,0.003,1.0,ECMWF ERA5-Land Hourly Surface Reanalysis (v1.0)
2024-06-23 14:00:00+00:00,0.0,1.0,ECMWF ERA5-Land Hourly Surface Reanalysis (v1.0)
2024-06-23 15:00:00+00:00,0.031,1.0,ECMWF ERA5-Land Hourly Surface Reanalysis (v1.0)
2024-06-23 16:00:00+00:00,0.055,1.0,ECMWF ERA5-Land Hourly Surface Reanalysis (v1.0)
2024-06-23 17:00:00+00:00,0.018,1.0,ECMWF ERA5-Land Hourly Surface Reanalysis (v1.0)
2024-06-23 18:00:00+00:00,0.019,1.0,ECMWF ERA5-Land Hourly Surface Reanalysis (v1.0)
2024-06-23 19:00:00+00:00,0.031,1.0,ECMWF ERA5-Land Hourly Surface Reanalysis (v1.0)
2024-06-23 20:00:00+00:00,0.042,1.0,ECMWF ERA5-Land Hourly Surface Reanalysis (v1.0)
2024-06-23 21:00:00+00:00,0.045,1.0,ECMWF ERA5-Land Hourly Surface Reanalysis (v1.0)
2024-06-23 22:00:00+00:00,0.085,1.0,ECMWF ERA5-Land Hourly Surface Reanalysis (v1.0)
2024-06-23 23:00:00+00:00,0.002,1.0,ECMWF ERA5-Land Hourly Surface Reanalysis (v1.0)
2024-06-24 00:00:00+00:00,0.006,1.0,ECMWF ERA5-Land Hourly Surface Reanalysis (v1.0)
2024-06-24 01:00:00+00:00,0.0,1.0,ECMWF ERA5-Land Hourly Surface Reanalysis (v1.0)
2024-06-24 02:00:00+00:00,0.008,1.0,ECMWF ERA5-Land Hourly Surface Reanalysis (v1.0)
2024-06-24 03:00:00+00:00,0.025,1.0,ECMWF ERA5-Land Hourly Surface Reanalysis (v1.0)
2024-06-24 04:00:00+00:00,0.243,1.0,ECMWF ERA5-Land Hourly Surface Reanalysis (v1.0)
2024-06-24 05:00:00+00:00,0.286,1.0,ECMWF ERA5-Land Hourly Surface Reanalysis (v1.0)
2024-06-24 06:00:00+00:00,0.248,1.0,ECMWF ERA5-Land Hourly Surface Reanalysis (v1.0)
2024-06-24 07:00:00+00:00,0.54,1.0,ECMWF ERA5-Land Hourly Surface Reanalysis (v1.0)
2024-06-24 08:00:00+00:00,0.714,1.0,ECMWF ERA5-Land Hourly Surface Reanalysis (v1.0)
2024-06-24 09:00:00+00:00,0.865,1.0,ECMWF ERA5-Land Hourly Surface Reanalysis (v1.0)
2024-06-24 10:00:00+00:00,1.447,1.0,ECMWF ERA5-Land Hourly Surface Reanalysis (v1.0)
2024-06-24 11:00:00+00:00,0.29,1.0,ECMWF ERA5-Land Hourly Surface Reanalysis (v1.0)
2024-06-24 12:00:00+00:00,0.105,1.0,ECMWF ERA5-Land Hourly Surface Reanalysis (v1.0)
2024-06-24 13:00:00+00:00,0.042,1.0,ECMWF ERA5-Land Hourly Surface Reanalysis (v1.0)
2024-06-24 14:00:00+00:00,0.075,1.0,ECMWF ERA5-Land Hourly Surface Reanalysis (v1.0)
2024-06-24 15:00:00+00:00,0.077,1.0,ECMWF ERA5-Land Hourly Surface Reanalysis (v1.0)
2024-06-24 16:00:00+00:00,0.024,1.0,ECMWF ERA5-Land Hourly Surface Reanalysis (v1.0)
2024-06-24 17:00:00+00:00,0.019,1.0,ECMWF ERA5-Land Hourly Surface Reanalysis (v1.0)
2024-06-24 18:00:00+00:00,0.019,1.0,ECMWF ERA5-Land Hourly Surface Reanalysis (v1.0)
2024-06-24 19:00:00+00:00,0.018,1.0,ECMWF ERA5-Land Hourly Surface Reanalysis (v1.0)
2024-06-24 20:00:00+00:00,0.058,1.0,ECMWF ERA5-Land Hourly Surface Reanalysis (v1.0)
2024-06-24 21:00:00+00:00,0.104,1.0,ECMWF ERA5-Land Hourly Surface Reanalysis (v1.0)
2024-06-24 22:00:00+00:00,0.106,1.0,ECMWF ERA5-Land Hourly Surface Reanalysis (v1.0)
2024-06-24 23:00:00+00:00,0.039,1.0,ECMWF ERA5-Land Hourly Surface Reanalysis (v1.0)
2024-06-25 00:00:00+00:00,0.009,1.0,ECMWF ERA5-Land Hourly Surface Reanalysis (v1.0)
2024-06-25 01:00:00+00:00,0.119,1.0,ECMWF ERA5-Land Hourly Surface Reanalysis (v1.0)
2024-06-25 02:00:00+00:00,0.098,1.0,ECMWF ERA5-Land Hourly Surface Reanalysis (v1.0)
2024-06-25 03:00:00+00:00,0.018,1.0,ECMWF ERA5-Land Hourly Surface Reanalysis (v1.0)
2024-06-25 04:00:00+00:00,0.033,1.0,ECMWF ERA5-Land Hourly Surface Reanalysis (v1.0)
2024-06-25 05:00:00+00:00,0.192,1.0,ECMWF ERA5-Land Hourly Surface Reanalysis (v1.0)
2024-06-25 06:00:00+00:00,0.253,1.0,ECMWF ERA5-Land Hourly Surface Reanalysis (v1.0)
2024-06-25 07:00:00+00:00,0.401,1.0,ECMWF ERA5-Land Hourly Surface Reanalysis (v1.0)
2024-06-25 08:00:00+00:00,0.378,1.0,ECMWF ERA5-Land Hourly Surface Reanalysis (v1.0)
2024-06-25 09:00:00+00:00,0.746,1.0,ECMWF ERA5-Land Hourly Surface Reanalysis (v1.0)
2024-06-25 10:00:00+00:00,0.622,1.0,ECMWF ERA5-Land Hourly Surface Reanalysis (v1.0)
2024-06-25 11:00:00+00:00,0.479,1.0,ECMWF ERA5-Land Hourly Surface Reanalysis (v1.0)
2024-06-25 12:00:00+00:00,0.206,1.0,ECMWF ERA5-Land Hourly Surface Reanalysis (v1.0)
2024-06-25 13:00:00+00:00,0.028,1.0,ECMWF ERA5-Land Hourly Surface Reanalysis (v1.0)
2024-06-25 14:00:00+00:00,0.029,1.0,ECMWF ERA5-Land Hourly Surface Reanalysis (v1.0)
2024-06-25 15:00:00+00:00,0.005,1.0,ECMWF ERA5-Land Hourly Surface Reanalysis (v1.0)
2024-06-25 16:00:00+00:00,0.003,1.0,ECMWF ERA5-Land Hourly Surface Reanalysis (v1.0)
2024-06-25 17:00:00+00:00,0.007,1.0,ECMWF ERA5-Land Hourly Surface Reanalysis (v1.0)
2024-06-25 18:00:00+00:00,0.006,1.0,ECMWF ERA5-Land Hourly Surface Reanalysis (v1.0)
2024-06-25 19:00:00+00:00,0.067,1.0,ECMWF ERA5-Land Hourly Surface Reanalysis (v1.0)
2024-06-25 20:00:00+00:00,0.462,1.0,ECMWF ERA5-Land Hourly Surface Reanalysis (v1.0)
2024-06-25 21:00:00+00:00,0.19,1.0,ECMWF ERA5-Land Hourly Surface Reanalysis (v1.0)
2024-06-25 22:00:00+00:00,0.047,1.0,ECMWF ERA5-Land Hourly Surface Reanalysis (v1.0)
2024-06-25 23:00:00+00:00,0.014,1.0,ECMWF ERA5-Land Hourly Surface Reanalysis (v1.0)
2024-06-26 00:00:00+00:00,0.017,1.0,ECMWF ERA5-Land Hourly Surface Reanalysis (v1.0)
2024-06-26 01:00:00+00:00,0.122,1.0,ECMWF ERA5-Land Hourly Surface Reanalysis (v1.0)
2024-06-26 02:00:00+00:00,0.087,1.0,ECMWF ERA5-Land Hourly Surface Reanalysis (v1.0)
2024-06-26 03:00:00+00:00,0.037,1.0,ECMWF ERA5-Land Hourly Surface Reanalysis (v1.0)
2024-06-26 04:00:00+00:00,0.078,1.0,ECMWF ERA5-Land Hourly Surface Reanalysis (v1.0)
2024-06-26 05:00:00+00:00,0.197,1.0,ECMWF ERA5-Land Hourly Surface Reanalysis (v1.0)
2024-06-26 06:00:00+00:00,0.76,1.0,ECMWF ERA5-Land Hourly Surface Reanalysis (v1.0)
2024-06-26 07:00:00+00:00,0.906,1.0,ECMWF ERA5-Land Hourly Surface Reanalysis (v1.0)
2024-06-26 08:00:00+00:00,0.453,1.0,ECMWF ERA5-Land Hourly Surface Reanalysis (v1.0)
2024-06-26 09:00:00+00:00,0.225,1.0,ECMWF ERA5-Land Hourly Surface Reanalysis (v1.0)
2024-06-26 10:00:00+00:00,0.087,1.0,ECMWF ERA5-Land Hourly Surface Reanalysis (v1.0)
2024-06-26 11:00:00+00:00,0.039,1.0,ECMWF ERA5-Land Hourly Surface Reanalysis (v1.0)
2024-06-26 12:00:00+00:00,0.091,1.0,ECMWF ERA5-Land Hourly Surface Reanalysis (v1.0)
2024-06-26 13:00:00+00:00,0.066,1.0,ECMWF ERA5-Land Hourly Surface Reanalysis (v1.0)
2024-06-26 14:00:00+00:00,0.251,1.0,ECMWF ERA5-Land Hourly Surface Reanalysis (v1.0)
2024-06-26 15:00:00+00:00,0.311,1.0,ECMWF ERA5-Land Hourly Surface Reanalysis (v1.0)
2024-06-26 16:00:00+00:00,0.367,1.0,ECMWF ERA5-Land Hourly Surface Reanalysis (v1.0)
2024-06-26 17:00:00+00:00,0.22,1.0,ECMWF ERA5-Land Hourly Surface Reanalysis (v1.0)
2024-06-26 18:00:00+00:00,0.259,1.0,ECMWF ERA5-Land Hourly Surface Reanalysis (v1.0)
2024-06-26 19:00:00+00:00,0.185,1.0,ECMWF ERA5-Land Hourly Surface Reanalysis (v1.0)
2024-06-26 20:00:00+00:00,0.353,1.0,ECMWF ERA5-Land Hourly Surface Reanalysis (v1.0)
2024-06-26 21:00:00+00:00,0.394,1.0,ECMWF ERA5-Land Hourly Surface Reanalysis (v1.0)
2024-06-26 22:00:00+00:00,0.244,1.0,ECMWF ERA5-Land Hourly Surface Reanalysis (v1.0)
2024-06-26 23:00:00+00:00,0.181,1.0,ECMWF ERA5-Land Hourly Surface Reanalysis (v1.0)
2024-06-27 00:00:00+00:00,0.035,1.0,ECMWF ERA5-Land Hourly Surface Reanalysis (v1.0)
2024-06-27 01:00:00+00:00,0.08,1.0,ECMWF ERA5-Land Hourly Surface Reanalysis (v1.0)
2024-06-27 02:00:00+00:00,0.033,1.0,ECMWF ERA5-Land Hourly Surface Reanalysis (v1.0)
2024-06-27 03:00:00+00:00,0.071,1.0,ECMWF ERA5-Land Hourly Surface Reanalysis (v1.0)
2024-06-27 04:00:00+00:00,0.067,1.0,ECMWF ERA5-Land Hourly Surface Reanalysis (v1.0)
2024-06-27 05:00:00+00:00,0.383,1.0,ECMWF ERA5-Land Hourly Surface Reanalysis (v1.0)
2024-06-27 06:00:00+00:00,1.144,1.0,ECMWF ERA5-Land Hourly Surface Reanalysis (v1.0)
2024-06-27 07:00:00+00:00,1.157,1.0,ECMWF ERA5-Land Hourly Surface Reanalysis (v1.0)
2024-06-27 08:00:00+00:00,1.462,1.0,ECMWF ERA5-Land Hourly Surface Reanalysis (v1.0)
2024-06-27 09:00:00+00:00,1.385,1.0,ECMWF ERA5-Land Hourly Surface Reanalysis (v1.0)
2024-06-27 10:00:00+00:00,1.034,1.0,ECMWF ERA5-Land Hourly Surface Reanalysis (v1.0)
2024-06-27 11:00:00+00:00,0.518,1.0,ECMWF ERA5-Land Hourly Surface Reanalysis (v1.0)
2024-06-27 12:00:00+00:00,0.146,1.0,ECMWF ERA5-Land Hourly Surface Reanalysis (v1.0)
2024-06-27 13:00:00+00:00,0.092,1.0,ECMWF ERA5-Land Hourly Surface Reanalysis (v1.0)
2024-06-27 14:00:00+00:00,0.007,1.0,ECMWF ERA5-Land Hourly Surface Reanalysis (v1.0)
2024-06-27 15:00:00+00:00,0.004,1.0,ECMWF ERA5-Land Hourly Surface Reanalysis (v1.0)
2024-06-27 16:00:00+00:00,0.074,1.0,ECMWF ERA5-Land Hourly Surface Reanalysis (v1.0)
2024-06-27 17:00:00+00:00,0.68,1.0,ECMWF ERA5-Land Hourly Surface Reanalysis (v1.0)
2024-06-27 18:00:00+00:00,1.129,1.0,ECMWF ERA5-Land Hourly Surface Reanalysis (v1.0)
2024-06-27 19:00:00+00:00,1.1,1.0,ECMWF ERA5-Land Hourly Surface Reanalysis (v1.0)
2024-06-27 20:00:00+00:00,1.023,1.0,ECMWF ERA5-Land Hourly Surface Reanalysis (v1.0)
2024-06-27 21:00:00+00:00,0.807,1.0,ECMWF ERA5-Land Hourly Surface Reanalysis (v1.0)
2024-06-27 22:00:00+00:00,0.365,1.0,ECMWF ERA5-Land Hourly Surface Reanalysis (v1.0)
2024-06-27 23:00:00+00:00,0.37,1.0,ECMWF ERA5-Land Hourly Surface Reanalysis (v1.0)
2024-06-28 00:00:00+00:00,0.456,1.0,ECMWF ERA5-Land Hourly Surface Reanalysis (v1.0)
2024-06-28 01:00:00+00:00,0.129,1.0,ECMWF ERA5-Land Hourly Surface Reanalysis (v1.0)
2024-06-28 02:00:00+00:00,0.052,1.0,ECMWF ERA5-Land Hourly Surface Reanalysis (v1.0)
2024-06-28 03:00:00+00:00,0.011,1.0,ECMWF ERA5-Land Hourly Surface Reanalysis (v1.0)
2024-06-28 04:00:00+00:00,0.059,1.0,ECMWF ERA5-Land Hourly Surface Reanalysis (v1.0)
2024-06-28 05:00:00+00:00,0.126,1.0,ECMWF ERA5-Land Hourly Surface Reanalysis (v1.0)
2024-06-28 06:00:00+00:00,0.348,1.0,ECMWF ERA5-Land Hourly Surface Reanalysis (v1.0)
2024-06-28 07:00:00+00:00,0.406,1.0,ECMWF ERA5-Land Hourly Surface Reanalysis (v1.0)
2024-06-28 08:00:00+00:00,0.665,1.0,ECMWF ERA5-Land Hourly Surface Reanalysis (v1.0)
2024-06-28 09:00:00+00:00,0.741,1.0,ECMWF ERA5-Land Hourly Surface Reanalysis (v1.0)
2024-06-28 10:00:00+00:00,0.35,1.0,ECMWF ERA5-Land Hourly Surface Reanalysis (v1.0)
2024-06-28 11:00:00+00:00,0.327,1.0,ECMWF ERA5-Land Hourly Surface Reanalysis (v1.0)
2024-06-28 12:00:00+00:00,0.208,1.0,ECMWF ERA5-Land Hourly Surface Reanalysis (v1.0)
2024-06-28 13:00:00+00:00,0.018,1.0,ECMWF ERA5-Land Hourly Surface Reanalysis (v1.0)
2024-06-28 14:00:00+00:00,0.014,1.0,ECMWF ERA5-Land Hourly Surface Reanalysis (v1.0)
2024-06-28 15:00:00+00:00,0.136,1.0,ECMWF ERA5-Land Hourly Surface Reanalysis (v1.0)
2024-06-28 16:00:00+00:00,0.536,1.0,ECMWF ERA5-Land Hourly Surface Reanalysis (v1.0)
2024-06-28 17:00:00+00:00,0.616,1.0,ECMWF ERA5-Land Hourly Surface Reanalysis (v1.0)
2024-06-28 18:00:00+00:00,0.309,1.0,ECMWF ERA5-Land Hourly Surface Reanalysis (v1.0)
2024-06-28 19:00:00+00:00,0.292,1.0,ECMWF ERA5-Land Hourly Surface Reanalysis (v1.0)
2024-06-28 20:00:00+00:00,0.199,1.0,ECMWF ERA5-Land Hourly Surface Reanalysis (v1.0)
2024-06-28 21:00:00+00:00,0.08,1.0,ECMWF ERA5-Land Hourly Surface Reanalysis (v1.0)
2024-06-28 22:00:00+00:00,0.021,1.0,ECMWF ERA5-Land Hourly Surface Reanalysis (v1.0)
2024-06-28 23:00:00+00:00,0.009,1.0,ECMWF ERA5-Land Hourly Surface Reanalysis (v1.0)
2024-06-29 00:00:00+00:00,0.0,1.0,ECMWF ERA5-Land Hourly Surface Reanalysis (v1.0)
2024-06-29 01:00:00+00:00,0.003,1.0,ECMWF ERA5-Land Hourly Surface Reanalysis (v1.0)
2024-06-29 02:00:00+00:00,0.008,1.0,ECMWF ERA5-Land Hourly Surface Reanalysis (v1.0)
2024-06-29 03:00:00+00:00,0.057,1.0,ECMWF ERA5-Land Hourly Surface Reanalysis (v1.0)
2024-06-29 04:00:00+00:00,0.082,1.0,ECMWF ERA5-Land Hourly Surface Reanalysis (v1.0)
2024-06-29 05:00:00+00:00,0.176,1.0,ECMWF ERA5-Land Hourly Surface Reanalysis (v1.0)
2024-06-29 06:00:00+00:00,0.3,1.0,ECMWF ERA5-Land Hourly Surface Reanalysis (v1.0)
2024-06-29 07:00:00+00:00,0.299,1.0,ECMWF ERA5-Land Hourly Surface Reanalysis (v1.0)
2024-06-29 08:00:00+00:00,0.698,1.0,ECMWF ERA5-Land Hourly Surface Reanalysis (v1.0)
2024-06-29 09:00:00+00:00,0.753,1.0,ECMWF ERA5-Land Hourly Surface Reanalysis (v1.0)
2024-06-29 10:00:00+00:00,0.337,1.0,ECMWF ERA5-Land Hourly Surface Reanalysis (v1.0)
2024-06-29 11:00:00+00:00,0.292,1.0,ECMWF ERA5-Land Hourly Surface Reanalysis (v1.0)
2024-06-29 12:00:00+00:00,0.147,1.0,ECMWF ERA5-Land Hourly Surface Reanalysis (v1.0)
2024-06-29 13:00:00+00:00,0.027,1.0,ECMWF ERA5-Land Hourly Surface Reanalysis (v1.0)
2024-06-29 14:00:00+00:00,0.012,1.0,ECMWF ERA5-Land Hourly Surface Reanalysis (v1.0)
2024-06-29 15:00:00+00:00,0.066,1.0,ECMWF ERA5-Land Hourly Surface Reanalysis (v1.0)
2024-06-29 16:00:00+00:00,0.048,1.0,ECMWF ERA5-Land Hourly Surface Reanalysis (v1.0)
2024-06-29 17:00:00+00:00,0.021,1.0,ECMWF ERA5-Land Hourly Surface Reanalysis (v1.0)
2024-06-29 18:00:00+00:00,0.033,1.0,ECMWF ERA5-Land Hourly Surface Reanalysis (v1.0)
2024-06-29 19:00:00+00:00,0.056,1.0,ECMWF ERA5-Land Hourly Surface Reanalysis (v1.0)
2024-06-29 20:00:00+00:00,0.051,1.0,ECMWF ERA5-Land Hourly Surface Reanalysis (v1.0)
2024-06-29 21:00:00+00:00,0.042,1.0,ECMWF ERA5-Land Hourly Surface Reanalysis (v1.0)
2024-06-29 22:00:00+00:00,0.037,1.0,ECMWF ERA5-Land Hourly Surface Reanalysis (v1.0)
2024-06-29 23:00:00+00:00,0.026,1.0,ECMWF ERA5-Land Hourly Surface Reanalysis (v1.0)
2024-06-30 00:00:00+00:00,0.023,1.0,ECMWF ERA5-Land Hourly Surface Reanalysis (v1.0)
2024-06-30 01:00:00+00:00,0.0,1.0,ECMWF ERA5-Land Hourly Surface Reanalysis (v1.0)
2024-06-30 02:00:00+00:00,0.0,1.0,ECMWF ERA5-Land Hourly Surface Reanalysis (v1.0)
2024-06-30 03:00:00+00:00,0.0,1.0,ECMWF ERA5-Land Hourly Surface Reanalysis (v1.0)
2024-06-30 04:00:00+00:00,0.012,1.0,ECMWF ERA5-Land Hourly Surface Reanalysis (v1.0)
2024-06-30 05:00:00+00:00,0.056,1.0,ECMWF ERA5-Land Hourly Surface Reanalysis (v1.0)
2024-06-30 06:00:00+00:00,0.106,1.0,ECMWF ERA5-Land Hourly Surface Reanalysis (v1.0)
2024-06-30 07:00:00+00:00,0.151,1.0,ECMWF ERA5-Land Hourly Surface Reanalysis (v1.0)
2024-06-30 08:00:00+00:00,0.198,1.0,ECMWF ERA5-Land Hourly Surface Reanalysis (v1.0)
2024-06-30 09:00:00+00:00,0.224,1.0,ECMWF ERA5-Land Hourly Surface Reanalysis (v1.0)
2024-06-30 10:00:00+00:00,0.206,1.0,ECMWF ERA5-Land Hourly Surface Reanalysis (v1.0)
2024-06-30 11:00:00+00:00,0.145,1.0,ECMWF ERA5-Land Hourly Surface Reanalysis (v1.0)
2024-06-30 12:00:00+00:00,0.135,1.0,ECMWF ERA5-Land Hourly Surface Reanalysis (v1.0)
2024-06-30 13:00:00+00:00,0.049,1.0,ECMWF ERA5-Land Hourly Surface Reanalysis (v1.0)
2024-06-30 14:00:00+00:00,0.019,1.0,ECMWF ERA5-Land Hourly Surface Reanalysis (v1.0)
2024-06-30 15:00:00+00:00,0.095,1.0,ECMWF ERA5-Land Hourly Surface Reanalysis (v1.0)
2024-06-30 16:00:00+00:00,0.259,1.0,ECMWF ERA5-Land Hourly Surface Reanalysis (v1.0)
2024-06-30 17:00:00+00:00,0.412,1.0,ECMWF ERA5-Land Hourly Surface Reanalysis (v1.0)
2024-06-30 18:00:00+00:00,0.223,1.0,ECMWF ERA5-Land Hourly Surface Reanalysis (v1.0)
2024-06-30 19:00:00+00:00,0.17,1.0,ECMWF ERA5-Land Hourly Surface Reanalysis (v1.0)
2024-06-30 20:00:00+00:00,0.121,1.0,ECMWF ERA5-Land Hourly Surface Reanalysis (v1.0)
2024-06-30 21:00:00+00:00,0.119,1.0,ECMWF ERA5-Land Hourly Surface Reanalysis (v1.0)
2024-06-30 22:00:00+00:00,0.084,1.0,ECMWF ERA5-Land Hourly Surface Reanalysis (v1.0)
2024-06-30 23:00:00+00:00,0.017,1.0,ECMWF ERA5-Land Hourly Surface Reanalysis (v1.0)
2024-07-01 00:00:00+00:00,0.012,1.0,ECMWF ERA5-Land Hourly Surface Reanalysis (v1.0)
2024-07-01 01:00:00+00:00,0.007,1.0,ECMWF ERA5-Land Hourly Surface Reanalysis (v1.0)
2024-07-01 02:00:00+00:00,0.027,1.0,ECMWF ERA5-Land Hourly Surface Reanalysis (v1.0)
2024-07-01 03:00:00+00:00,0.071,1.0,ECMWF ERA5-Land Hourly Surface Reanalysis (v1.0)
2024-07-01 04:00:00+00:00,0.076,1.0,ECMWF ERA5-Land Hourly Surface Reanalysis (v1.0)
2024-07-01 05:00:00+00:00,0.142,1.0,ECMWF ERA5-Land Hourly Surface Reanalysis (v1.0)
2024-07-01 06:00:00+00:00,0.257,1.0,ECMWF ERA5-Land Hourly Surface Reanalysis (v1.0)
2024-07-01 07:00:00+00:00,0.429,1.0,ECMWF ERA5-Land Hourly Surface Reanalysis (v1.0)
2024-07-01 08:00:00+00:00,0.735,1.0,ECMWF ERA5-Land Hourly Surface Reanalysis (v1.0)
2024-07-01 09:00:00+00:00,0.431,1.0,ECMWF ERA5-Land Hourly Surface Reanalysis (v1.0)
2024-07-01 10:00:00+00:00,0.348,1.0,ECMWF ERA5-Land Hourly Surface Reanalysis (v1.0)
2024-07-01 11:00:00+00:00,0.296,1.0,ECMWF ERA5-Land Hourly Surface Reanalysis (v1.0)
2024-07-01 12:00:00+00:00,0.173,1.0,ECMWF ERA5-Land Hourly Surface Reanalysis (v1.0)
2024-07-01 13:00:00+00:00,0.12,1.0,ECMWF ERA5-Land Hourly Surface Reanalysis (v1.0)
2024-07-01 14:00:00+00:00,0.276,1.0,ECMWF ERA5-Land Hourly Surface Reanalysis (v1.0)
2024-07-01 15:00:00+00:00,0.435,1.0,ECMWF ERA5-Land Hourly Surface Reanalysis (v1.0)
2024-07-01 16:00:00+00:00,0.681,1.0,ECMWF ERA5-Land Hourly Surface Reanalysis (v1.0)
2024-07-01 17:00:00+00:00,0.668,1.0,ECMWF ERA5-Land Hourly Surface Reanalysis (v1.0)
2024-07-01 18:00:00+00:00,0.47,1.0,ECMWF ERA5-Land Hourly Surface Reanalysis (v1.0)
2024-07-01 19:00:00+00:00,0.195,1.0,ECMWF ERA5-Land Hourly Surface Reanalysis (v1.0)
2024-07-01 20:00:00+00:00,0.05,1.0,ECMWF ERA5-Land Hourly Surface Reanalysis (v1.0)
2024-07-01 21:00:00+00:00,0.013,1.0,ECMWF ERA5-Land Hourly Surface Reanalysis (v1.0)
2024-07-01 22:00:00+00:00,0.046,1.0,ECMWF ERA5-Land Hourly Surface Reanalysis (v1.0)
2024-07-01 23:00:00+00:00,0.025,1.0,ECMWF ERA5-Land Hourly Surface Reanalysis (v1.0)
2024-07-02 00:00:00+00:00,0.011,1.0,ECMWF ERA5-Land Hourly Surface Reanalysis (v1.0)
2024-07-02 01:00:00+00:00,0.015,1.0,ECMWF ERA5-Land Hourly Surface Reanalysis (v1.0)
2024-07-02 02:00:00+00:00,0.014,1.0,ECMWF ERA5-Land Hourly Surface Reanalysis (v1.0)
2024-07-02 03:00:00+00:00,0.062,1.0,ECMWF ERA5-Land Hourly Surface Reanalysis (v1.0)
2024-07-02 04:00:00+00:00,0.065,1.0,ECMWF ERA5-Land Hourly Surface Reanalysis (v1.0)
2024-07-02 05:00:00+00:00,0.117,1.0,ECMWF ERA5-Land Hourly Surface Reanalysis (v1.0)
2024-07-02 06:00:00+00:00,0.597,1.0,ECMWF ERA5-Land Hourly Surface Reanalysis (v1.0)
2024-07-02 07:00:00+00:00,0.605,1.0,ECMWF ERA5-Land Hourly Surface Reanalysis (v1.0)
2024-07-02 08:00:00+00:00,1.138,1.0,ECMWF ERA5-Land Hourly Surface Reanalysis (v1.0)
2024-07-02 09:00:00+00:00,0.69,1.0,ECMWF ERA5-Land Hourly Surface Reanalysis (v1.0)
2024-07-02 10:00:00+00:00,1.256,1.0,ECMWF ERA5-Land Hourly Surface Reanalysis (v1.0)
2024-07-02 11:00:00+00:00,0.652,1.0,ECMWF ERA5-Land Hourly Surface Reanalysis (v1.0)
2024-07-02 12:00:00+00:00,0.409,1.0,ECMWF ERA5-Land Hourly Surface Reanalysis (v1.0)
2024-07-02 13:00:00+00:00,0.671,1.0,ECMWF ERA5-Land Hourly Surface Reanalysis (v1.0)
2024-07-02 14:00:00+00:00,0.349,1.0,ECMWF ERA5-Land Hourly Surface Reanalysis (v1.0)
2024-07-02 15:00:00+00:00,0.211,1.0,ECMWF ERA5-Land Hourly Surface Reanalysis (v1.0)
2024-07-02 16:00:00+00:00,0.065,1.0,ECMWF ERA5-Land Hourly Surface Reanalysis (v1.0)
2024-07-02 17:00:00+00:00,0.264,1.0,ECMWF ERA5-Land Hourly Surface Reanalysis (v1.0)
2024-07-02 18:00:00+00:00,0.659,1.0,ECMWF ERA5-Land Hourly Surface Reanalysis (v1.0)
2024-07-02 19:00:00+00:00,0.44,1.0,ECMWF ERA5-Land Hourly Surface Reanalysis (v1.0)
2024-07-02 20:00:00+00:00,0.845,1.0,ECMWF ERA5-Land Hourly Surface Reanalysis (v1.0)
2024-07-02 21:00:00+00:00,0.763,1.0,ECMWF ERA5-Land Hourly Surface Reanalysis (v1.0)
2024-07-02 22:00:00+00:00,0.302,1.0,ECMWF ERA5-Land Hourly Surface Reanalysis (v1.0)
2024-07-02 23:00:00+00:00,0.729,1.0,ECMWF ERA5-Land Hourly Surface Reanalysis (v1.0)
2024-07-03 00:00:00+00:00,0.526,1.0,ECMWF ERA5-Land Hourly Surface Reanalysis (v1.0)
2024-07-03 01:00:00+00:00,0.08,1.0,ECMWF ERA5-Land Hourly Surface Reanalysis (v1.0)
2024-07-03 02:00:00+00:00,0.016,1.0,ECMWF ERA5-Land Hourly Surface Reanalysis (v1.0)
2024-07-03 03:00:00+00:00,0.052,1.0,ECMWF ERA5-Land Hourly Surface Reanalysis (v1.0)
2024-07-03 04:00:00+00:00,0.115,1.0,ECMWF ERA5-Land Hourly Surface Reanalysis (v1.0)
2024-07-03 05:00:00+00:00,0.088,1.0,ECMWF ERA5-Land Hourly Surface Reanalysis (v1.0)
2024-07-03 06:00:00+00:00,0.16,1.0,ECMWF ERA5-Land Hourly Surface Reanalysis (v1.0)
2024-07-03 07:00:00+00:00,0.36,1.0,ECMWF ERA5-Land Hourly Surface Reanalysis (v1.0)
2024-07-03 08:00:00+00:00,0.459,1.0,ECMWF ERA5-Land Hourly Surface Reanalysis (v1.0)
2024-07-03 09:00:00+00:00,0.753,1.0,ECMWF ERA5-Land Hourly Surface Reanalysis (v1.0)
2024-07-03 10:00:00+00:00,0.564,1.0,ECMWF ERA5-Land Hourly Surface Reanalysis (v1.0)
2024-07-03 11:00:00+00:00,0.384,1.0,ECMWF ERA5-Land Hourly Surface Reanalysis (v1.0)
2024-07-03 12:00:00+00:00,0.325,1.0,ECMWF ERA5-Land Hourly Surface Reanalysis (v1.0)
2024-07-03 13:00:00+00:00,0.373,1.0,ECMWF ERA5-Land Hourly Surface Reanalysis (v1.0)
2024-07-03 14:00:00+00:00,0.163,1.0,ECMWF ERA5-Land Hourly Surface Reanalysis (v1.0)
2024-07-03 15:00:00+00:00,0.105,1.0,ECMWF ERA5-Land Hourly Surface Reanalysis (v1.0)
2024-07-03 16:00:00+00:00,0.047,1.0,ECMWF ERA5-Land Hourly Surface Reanalysis (v1.0)
2024-07-03 17:00:00+00:00,0.037,1.0,ECMWF ERA5-Land Hourly Surface Reanalysis (v1.0)
2024-07-03 18:00:00+00:00,0.132,1.0,ECMWF ERA5-Land Hourly Surface Reanalysis (v1.0)
2024-07-03 19:00:00+00:00,0.166,1.0,ECMWF ERA5-Land Hourly Surface Reanalysis (v1.0)
2024-07-03 20:00:00+00:00,0.098,1.0,ECMWF ERA5-Land Hourly Surface Reanalysis (v1.0)
2024-07-03 21:00:00+00:00,0.069,1.0,ECMWF ERA5-Land Hourly Surface Reanalysis (v1.0)
2024-07-03 22:00:00+00:00,0.095,1.0,ECMWF ERA5-Land Hourly Surface Reanalysis (v1.0)
2024-07-03 23:00:00+00:00,0.078,1.0,ECMWF ERA5-Land Hourly Surface Reanalysis (v1.0)
2024-07-04 00:00:00+00:00,0.025,1.0,ECMWF ERA5-Land Hourly Surface Reanalysis (v1.0)
2024-07-04 01:00:00+00:00,0.026,1.0,ECMWF ERA5-Land Hourly Surface Reanalysis (v1.0)
2024-07-04 02:00:00+00:00,0.009,1.0,ECMWF ERA5-Land Hourly Surface Reanalysis (v1.0)
2024-07-04 03:00:00+00:00,0.013,1.0,ECMWF ERA5-Land Hourly Surface Reanalysis (v1.0)
2024-07-04 04:00:00+00:00,0.053,1.0,ECMWF ERA5-Land Hourly Surface Reanalysis (v1.0)
2024-07-04 05:00:00+00:00,0.115,1.0,ECMWF ERA5-Land Hourly Surface Reanalysis (v1.0)
2024-07-04 06:00:00+00:00,0.185,1.0,ECMWF ERA5-Land Hourly Surface Reanalysis (v1.0)
2024-07-04 07:00:00+00:00,0.682,1.0,ECMWF ERA5-Land Hourly Surface Reanalysis (v1.0)
2024-07-04 08:00:00+00:00,0.373,1.0,ECMWF ERA5-Land Hourly Surface Reanalysis (v1.0)
2024-07-04 09:00:00+00:00,0.429,1.0,ECMWF ERA5-Land Hourly Surface Reanalysis (v1.0)
2024-07-04 10:00:00+00:00,0.571,1.0,ECMWF ERA5-Land Hourly Surface Reanalysis (v1.0)
2024-07-04 11:00:00+00:00,0.461,1.0,ECMWF ERA5-Land Hourly Surface Reanalysis (v1.0)
2024-07-04 12:00:00+00:00,0.334,1.0,ECMWF ERA5-Land Hourly Surface Reanalysis (v1.0)
2024-07-04 13:00:00+00:00,0.298,1.0,ECMWF ERA5-Land Hourly Surface Reanalysis (v1.0)
2024-07-04 14:00:00+00:00,0.502,1.0,ECMWF ERA5-Land Hourly Surface Reanalysis (v1.0)
2024-07-04 15:00:00+00:00,0.424,1.0,ECMWF ERA5-Land Hourly Surface Reanalysis (v1.0)
2024-07-04 16:00:00+00:00,0.772,1.0,ECMWF ERA5-Land Hourly Surface Reanalysis (v1.0)
2024-07-04 17:00:00+00:00,1.394,1.0,ECMWF ERA5-Land Hourly Surface Reanalysis (v1.0)
2024-07-04 18:00:00+00:00,1.088,1.0,ECMWF ERA5-Land Hourly Surface Reanalysis (v1.0)
2024-07-04 19:00:00+00:00,1.035,1.0,ECMWF ERA5-Land Hourly Surface Reanalysis (v1.0)
2024-07-04 20:00:00+00:00,1.034,1.0,ECMWF ERA5-Land Hourly Surface Reanalysis (v1.0)
2024-07-04 21:00:00+00:00,0.735,1.0,ECMWF ERA5-Land Hourly Surface Reanalysis (v1.0)
2024-07-04 22:00:00+00:00,1.053,1.0,ECMWF ERA5-Land Hourly Surface Reanalysis (v1.0)
2024-07-04 23:00:00+00:00,1.487,1.0,ECMWF ERA5-Land Hourly Surface Reanalysis (v1.0)
2024-07-05 00:00:00+00:00,1.644,1.0,ECMWF ERA5-Land Hourly Surface Reanalysis (v1.0)
2024-07-05 01:00:00+00:00,1.244,1.0,ECMWF ERA5-Land Hourly Surface Reanalysis (v1.0)
2024-07-05 02:00:00+00:00,1.211,1.0,ECMWF ERA5-Land Hourly Surface Reanalysis (v1.0)
2024-07-05 03:00:00+00:00,1.474,1.0,ECMWF ERA5-Land Hourly Surface Reanalysis (v1.0)
2024-07-05 04:00:00+00:00,1.955,1.0,ECMWF ERA5-Land Hourly Surface Reanalysis (v1.0)
2024-07-05 05:00:00+00:00,2.048,1.0,ECMWF ERA5-Land Hourly Surface Reanalysis (v1.0)
2024-07-05 06:00:00+00:00,1.686,1.0,ECMWF ERA5-Land Hourly Surface Reanalysis (v1.0)
2024-07-05 07:00:00+00:00,1.194,1.0,ECMWF ERA5-Land Hourly Surface Reanalysis (v1.0)
2024-07-05 08:00:00+00:00,0.608,1.0,ECMWF ERA5-Land Hourly Surface Reanalysis (v1.0)
2024-07-05 09:00:00+00:00,0.369,1.0,ECMWF ERA5-Land Hourly Surface Reanalysis (v1.0)
2024-07-05 10:00:00+00:00,0.323,1.0,ECMWF ERA5-Land Hourly Surface Reanalysis (v1.0)
2024-07-05 11:00:00+00:00,0.244,1.0,ECMWF ERA5-Land Hourly Surface Reanalysis (v1.0)
2024-07-05 12:00:00+00:00,0.166,1.0,ECMWF ERA5-Land Hourly Surface Reanalysis (v1.0)
2024-07-05 13:00:00+00:00,0.756,1.0,ECMWF ERA5-Land Hourly Surface Reanalysis (v1.0)
2024-07-05 14:00:00+00:00,0.896,1.0,ECMWF ERA5-Land Hourly Surface Reanalysis (v1.0)
2024-07-05 15:00:00+00:00,0.723,1.0,ECMWF ERA5-Land Hourly Surface Reanalysis (v1.0)
2024-07-05 16:00:00+00:00,0.644,1.0,ECMWF ERA5-Land Hourly Surface Reanalysis (v1.0)
2024-07-05 17:00:00+00:00,0.325,1.0,ECMWF ERA5-Land Hourly Surface Reanalysis (v1.0)
2024-07-05 18:00:00+00:00,0.341,1.0,ECMWF ERA5-Land Hourly Surface Reanalysis (v1.0)
2024-07-05 19:00:00+00:00,0.354,1.0,ECMWF ERA5-Land Hourly Surface Reanalysis (v1.0)
2024-07-05 20:00:00+00:00,0.235,1.0,ECMWF ERA5-Land Hourly Surface Reanalysis (v1.0)
2024-07-05 21:00:00+00:00,0.102,1.0,ECMWF ERA5-Land Hourly Surface Reanalysis (v1.0)
2024-07-05 22:00:00+00:00,0.036,1.0,ECMWF ERA5-Land Hourly Surface Reanalysis (v1.0)
2024-07-05 23:00:00+00:00,0.02,1.0,ECMWF ERA5-Land Hourly Surface Reanalysis (v1.0)
2024-07-06 00:00:00+00:00,0.04,1.0,ECMWF ERA5-Land Hourly Surface Reanalysis (v1.0)
2024-07-06 01:00:00+00:00,0.088,1.0,ECMWF ERA5-Land Hourly Surface Reanalysis (v1.0)
2024-07-06 02:00:00+00:00,0.156,1.0,ECMWF ERA5-Land Hourly Surface Reanalysis (v1.0)
2024-07-06 03:00:00+00:00,0.202,1.0,ECMWF ERA5-Land Hourly Surface Reanalysis (v1.0)
2024-07-06 04:00:00+00:00,0.352,1.0,ECMWF ERA5-Land Hourly Surface Reanalysis (v1.0)
2024-07-06 05:00:00+00:00,0.767,1.0,ECMWF ERA5-Land Hourly Surface Reanalysis (v1.0)
2024-07-06 06:00:00+00:00,0.746,1.0,ECMWF ERA5-Land Hourly Surface Reanalysis (v1.0)
2024-07-06 07:00:00+00:00,0.475,1.0,ECMWF ERA5-Land Hourly Surface Reanalysis (v1.0)
2024-07-06 08:00:00+00:00,0.662,1.0,ECMWF ERA5-Land Hourly Surface Reanalysis (v1.0)
2024-07-06 09:00:00+00:00,0.783,1.0,ECMWF ERA5-Land Hourly Surface Reanalysis (v1.0)
2024-07-06 10:00:00+00:00,0.752,1.0,ECMWF ERA5-Land Hourly Surface Reanalysis (v1.0)
2024-07-06 11:00:00+00:00,0.484,1.0,ECMWF ERA5-Land Hourly Surface Reanalysis (v1.0)
2024-07-06 12:00:00+00:00,0.353,1.0,ECMWF ERA5-Land Hourly Surface Reanalysis (v1.0)
2024-07-06 13:00:00+00:00,0.383,1.0,ECMWF ERA5-Land Hourly Surface Reanalysis (v1.0)
2024-07-06 14:00:00+00:00,0.283,1.0,ECMWF ERA5-Land Hourly Surface Reanalysis (v1.0)
2024-07-06 15:00:00+00:00,0.218,1.0,ECMWF ERA5-Land Hourly Surface Reanalysis (v1.0)
2024-07-06 16:00:00+00:00,0.424,1.0,ECMWF ERA5-Land Hourly Surface Reanalysis (v1.0)
2024-07-06 17:00:00+00:00,0.5,1.0,ECMWF ERA5-Land Hourly Surface Reanalysis (v1.0)
2024-07-06 18:00:00+00:00,0.447,1.0,ECMWF ERA5-Land Hourly Surface Reanalysis (v1.0)
2024-07-06 19:00:00+00:00,0.263,1.0,ECMWF ERA5-Land Hourly Surface Reanalysis (v1.0)
2024-07-06 20:00:00+00:00,0.049,1.0,ECMWF ERA5-Land Hourly Surface Reanalysis (v1.0)
2024-07-06 21:00:00+00:00,0.0,1.0,ECMWF ERA5-Land Hourly Surface Reanalysis (v1.0)
2024-07-06 22:00:00+00:00,0.003,1.0,ECMWF ERA5-Land Hourly Surface Reanalysis (v1.0)
2024-07-06 23:00:00+00:00,0.019,1.0,ECMWF ERA5-Land Hourly Surface Reanalysis (v1.0)
2024-07-07 00:00:00+00:00,0.01,1.0,ECMWF ERA5-Land Hourly Surface Reanalysis (v1.0)
2024-07-07 01:00:00+00:00,0.0,1.0,ECMWF ERA5-Land Hourly Surface Reanalysis (v1.0)
2024-07-07 02:00:00+00:00,0.0,1.0,ECMWF ERA5-Land Hourly Surface Reanalysis (v1.0)
2024-07-07 03:00:00+00:00,0.0,1.0,ECMWF ERA5-Land Hourly Surface Reanalysis (v1.0)
2024-07-07 04:00:00+00:00,0.002,1.0,ECMWF ERA5-Land Hourly Surface Reanalysis (v1.0)
2024-07-07 05:00:00+00:00,0.028,1.0,ECMWF ERA5-Land Hourly Surface Reanalysis (v1.0)
2024-07-07 06:00:00+00:00,0.08,1.0,ECMWF ERA5-Land Hourly Surface Reanalysis (v1.0)
2024-07-07 07:00:00+00:00,0.292,1.0,ECMWF ERA5-Land Hourly Surface Reanalysis (v1.0)
2024-07-07 08:00:00+00:00,0.89,1.0,ECMWF ERA5-Land Hourly Surface Reanalysis (v1.0)
2024-07-07 09:00:00+00:00,0.6,1.0,ECMWF ERA5-Land Hourly Surface Reanalysis (v1.0)
2024-07-07 10:00:00+00:00,0.64,1.0,ECMWF ERA5-Land Hourly Surface Reanalysis (v1.0)
2024-07-07 11:00:00+00:00,0.671,1.0,ECMWF ERA5-Land Hourly Surface Reanalysis (v1.0)
2024-07-07 12:00:00+00:00,0.457,1.0,ECMWF ERA5-Land Hourly Surface Reanalysis (v1.0)
2024-07-07 13:00:00+00:00,0.181,1.0,ECMWF ERA5-Land Hourly Surface Reanalysis (v1.0)
2024-07-07 14:00:00+00:00,0.222,1.0,ECMWF ERA5-Land Hourly Surface Reanalysis (v1.0)
2024-07-07 15:00:00+00:00,0.185,1.0,ECMWF ERA5-Land Hourly Surface Reanalysis (v1.0)
2024-07-07 16:00:00+00:00,0.274,1.0,ECMWF ERA5-Land Hourly Surface Reanalysis (v1.0)
2024-07-07 17:00:00+00:00,0.154,1.0,ECMWF ERA5-Land Hourly Surface Reanalysis (v1.0)
2024-07-07 18:00:00+00:00,0.056,1.0,ECMWF ERA5-Land Hourly Surface Reanalysis (v1.0)
2024-07-07 19:00:00+00:00,0.09,1.0,ECMWF ERA5-Land Hourly Surface Reanalysis (v1.0)
2024-07-07 20:00:00+00:00,0.207,1.0,ECMWF ERA5-Land Hourly Surface Reanalysis (v1.0)
2024-07-07 21:00:00+00:00,0.178,1.0,ECMWF ERA5-Land Hourly Surface Reanalysis (v1.0)
2024-07-07 22:00:00+00:00,0.152,1.0,ECMWF ERA5-Land Hourly Surface Reanalysis (v1.0)
2024-07-07 23:00:00+00:00,0.054,1.0,ECMWF ERA5-Land Hourly Surface Reanalysis (v1.0)
2024-07-08 00:00:00+00:00,0.061,1.0,ECMWF ERA5-Land Hourly Surface Reanalysis (v1.0)
2024-07-08 01:00:00+00:00,0.432,1.0,ECMWF ERA5-Land Hourly Surface Reanalysis (v1.0)
2024-07-08 02:00:00+00:00,0.686,1.0,ECMWF ERA5-Land Hourly Surface Reanalysis (v1.0)
2024-07-08 03:00:00+00:00,0.425,1.0,ECMWF ERA5-Land Hourly Surface Reanalysis (v1.0)
2024-07-08 04:00:00+00:00,0.233,1.0,ECMWF ERA5-Land Hourly Surface Reanalysis (v1.0)
2024-07-08 05:00:00+00:00,0.23,1.0,ECMWF ERA5-Land Hourly Surface Reanalysis (v1.0)
2024-07-08 06:00:00+00:00,0.34,1.0,ECMWF ERA5-Land Hourly Surface Reanalysis (v1.0)
2024-07-08 07:00:00+00:00,0.329,1.0,ECMWF ERA5-Land Hourly Surface Reanalysis (v1.0)
2024-07-08 08:00:00+00:00,0.397,1.0,ECMWF ERA5-Land Hourly Surface Reanalysis (v1.0)
2024-07-08 09:00:00+00:00,0.728,1.0,ECMWF ERA5-Land Hourly Surface Reanalysis (v1.0)
2024-07-08 10:00:00+00:00,0.391,1.0,ECMWF ERA5-Land Hourly Surface Reanalysis (v1.0)
2024-07-08 11:00:00+00:00,0.156,1.0,ECMWF ERA5-Land Hourly Surface Reanalysis (v1.0)
2024-07-08 12:00:00+00:00,0.054,1.0,ECMWF ERA5-Land Hourly Surface Reanalysis (v1.0)
2024-07-08 13:00:00+00:00,0.019,1.0,ECMWF ERA5-Land Hourly Surface Reanalysis (v1.0)
2024-07-08 14:00:00+00:00,0.018,1.0,ECMWF ERA5-Land Hourly Surface Reanalysis (v1.0)
2024-07-08 15:00:00+00:00,0.053,1.0,ECMWF ERA5-Land Hourly Surface Reanalysis (v1.0)
2024-07-08 16:00:00+00:00,0.055,1.0,ECMWF ERA5-Land Hourly Surface Reanalysis (v1.0)
2024-07-08 17:00:00+00:00,0.064,1.0,ECMWF ERA5-Land Hourly Surface Reanalysis (v1.0)
2024-07-08 18:00:00+00:00,0.03,1.0,ECMWF ERA5-Land Hourly Surface Reanalysis (v1.0)
2024-07-08 19:00:00+00:00,0.044,1.0,ECMWF ERA5-Land Hourly Surface Reanalysis (v1.0)
2024-07-08 20:00:00+00:00,0.035,1.0,ECMWF ERA5-Land Hourly Surface Reanalysis (v1.0)
2024-07-08 21:00:00+00:00,0.019,1.0,ECMWF ERA5-Land Hourly Surface Reanalysis (v1.0)
2024-07-08 22:00:00+00:00,0.005,1.0,ECMWF ERA5-Land Hourly Surface Reanalysis (v1.0)
2024-07-08 23:00:00+00:00,0.006,1.0,ECMWF ERA5-Land Hourly Surface Reanalysis (v1.0)
2024-07-09 00:00:00+00:00,0.008,1.0,ECMWF ERA5-Land Hourly Surface Reanalysis (v1.0)
2024-07-09 01:00:00+00:00,0.005,1.0,ECMWF ERA5-Land Hourly Surface Reanalysis (v1.0)
2024-07-09 02:00:00+00:00,0.001,1.0,ECMWF ERA5-Land Hourly Surface Reanalysis (v1.0)
2024-07-09 03:00:00+00:00,0.007,1.0,ECMWF ERA5-Land Hourly Surface Reanalysis (v1.0)
2024-07-09 04:00:00+00:00,0.022,1.0,ECMWF ERA5-Land Hourly Surface Reanalysis (v1.0)
2024-07-09 05:00:00+00:00,0.095,1.0,ECMWF ERA5-Land Hourly Surface Reanalysis (v1.0)
2024-07-09 06:00:00+00:00,0.139,1.0,ECMWF ERA5-Land Hourly Surface Reanalysis (v1.0)
2024-07-09 07:00:00+00:00,0.126,1.0,ECMWF ERA5-Land Hourly Surface Reanalysis (v1.0)
2024-07-09 08:00:00+00:00,0.151,1.0,ECMWF ERA5-Land Hourly Surface Reanalysis (v1.0)
2024-07-09 09:00:00+00:00,0.19,1.0,ECMWF ERA5-Land Hourly Surface Reanalysis (v1.0)
2024-07-09 10:00:00+00:00,0.208,1.0,ECMWF ERA5-Land Hourly Surface Reanalysis (v1.0)
2024-07-09 11:00:00+00:00,0.069,1.0,ECMWF ERA5-Land Hourly Surface Reanalysis (v1.0)
2024-07-09 12:00:00+00:00,0.014,1.0,ECMWF ERA5-Land Hourly Surface Reanalysis (v1.0)
2024-07-09 13:00:00+00:00,0.014,1.0,ECMWF ERA5-Land Hourly Surface Reanalysis (v1.0)
2024-07-09 14:00:00+00:00,0.012,1.0,ECMWF ERA5-Land Hourly Surface Reanalysis (v1.0)
2024-07-09 15:00:00+00:00,0.042,1.0,ECMWF ERA5-Land Hourly Surface Reanalysis (v1.0)
2024-07-09 16:00:00+00:00,0.073,1.0,ECMWF ERA5-Land Hourly Surface Reanalysis (v1.0)
2024-07-09 17:00:00+00:00,0.089,1.0,ECMWF ERA5-Land Hourly Surface Reanalysis (v1.0)
2024-07-09 18:00:00+00:00,0.11,1.0,ECMWF ERA5-Land Hourly Surface Reanalysis (v1.0)
2024-07-09 19:00:00+00:00,0.108,1.0,ECMWF ERA5-Land Hourly Surface Reanalysis (v1.0)
2024-07-09 20:00:00+00:00,0.137,1.0,ECMWF ERA5-Land Hourly Surface Reanalysis (v1.0)
2024-07-09 21:00:00+00:00,0.108,1.0,ECMWF ERA5-Land Hourly Surface Reanalysis (v1.0)
2024-07-09 22:00:00+00:00,0.021,1.0,ECMWF ERA5-Land Hourly Surface Reanalysis (v1.0)
2024-07-09 23:00:00+00:00,0.0,1.0,ECMWF ERA5-Land Hourly Surface Reanalysis (v1.0)
2024-07-10 00:00:00+00:00,0.0,1.0,ECMWF ERA5-Land Hourly Surface Reanalysis (v1.0)
2024-07-10 01:00:00+00:00,0.0,1.0,ECMWF ERA5-Land Hourly Surface Reanalysis (v1.0)
2024-07-10 02:00:00+00:00,0.004,1.0,ECMWF ERA5-Land Hourly Surface Reanalysis (v1.0)
2024-07-10 03:00:00+00:00,0.017,1.0,ECMWF ERA5-Land Hourly Surface Reanalysis (v1.0)
2024-07-10 04:00:00+00:00,0.034,1.0,ECMWF ERA5-Land Hourly Surface Reanalysis (v1.0)
2024-07-10 05:00:00+00:00,0.085,1.0,ECMWF ERA5-Land Hourly Surface Reanalysis (v1.0)
2024-07-10 06:00:00+00:00,0.11,1.0,ECMWF ERA5-Land Hourly Surface Reanalysis (v1.0)
2024-07-10 07:00:00+00:00,0.109,1.0,ECMWF ERA5-Land Hourly Surface Reanalysis (v1.0)
2024-07-10 08:00:00+00:00,0.107,1.0,ECMWF ERA5-Land Hourly Surface Reanalysis (v1.0)
2024-07-10 09:00:00+00:00,0.112,1.0,ECMWF ERA5-Land Hourly Surface Reanalysis (v1.0)
2024-07-10 10:00:00+00:00,0.105,1.0,ECMWF ERA5-Land Hourly Surface Reanalysis (v1.0)
2024-07-10 11:00:00+00:00,0.09,1.0,ECMWF ERA5-Land Hourly Surface Reanalysis (v1.0)
2024-07-10 12:00:00+00:00,0.109,1.0,ECMWF ERA5-Land Hourly Surface Reanalysis (v1.0)
2024-07-10 13:00:00+00:00,0.038,1.0,ECMWF ERA5-Land Hourly Surface Reanalysis (v1.0)
2024-07-10 14:00:00+00:00,0.031,1.0,ECMWF ERA5-Land Hourly Surface Reanalysis (v1.0)
2024-07-10 15:00:00+00:00,0.037,1.0,ECMWF ERA5-Land Hourly Surface Reanalysis (v1.0)
2024-07-10 16:00:00+00:00,0.026,1.0,ECMWF ERA5-Land Hourly Surface Reanalysis (v1.0)
2024-07-10 17:00:00+00:00,0.037,1.0,ECMWF ERA5-Land Hourly Surface Reanalysis (v1.0)
2024-07-10 18:00:00+00:00,0.024,1.0,ECMWF ERA5-Land Hourly Surface Reanalysis (v1.0)
2024-07-10 19:00:00+00:00,0.033,1.0,ECMWF ERA5-Land Hourly Surface Reanalysis (v1.0)
2024-07-10 20:00:00+00:00,0.048,1.0,ECMWF ERA5-Land Hourly Surface Reanalysis (v1.0)
2024-07-10 21:00:00+00:00,0.072,1.0,ECMWF ERA5-Land Hourly Surface Reanalysis (v1.0)
2024-07-10 22:00:00+00:00,0.092,1.0,ECMWF ERA5-Land Hourly Surface Reanalysis (v1.0)
2024-07-10 23:00:00+00:00,0.088,1.0,ECMWF ERA5-Land Hourly Surface Reanalysis (v1.0)
2024-07-11 00:00:00+00:00,0.079,1.0,ECMWF ERA5-Land Hourly Surface Reanalysis (v1.0)
2024-07-11 01:00:00+00:00,1.105,1.0,ECMWF ERA5-Land Hourly Surface Reanalysis (v1.0)
2024-07-11 02:00:00+00:00,1.035,1.0,ECMWF ERA5-Land Hourly Surface Reanalysis (v1.0)
2024-07-11 03:00:00+00:00,1.345,1.0,ECMWF ERA5-Land Hourly Surface Reanalysis (v1.0)
2024-07-11 04:00:00+00:00,0.569,1.0,ECMWF ERA5-Land Hourly Surface Reanalysis (v1.0)
2024-07-11 05:00:00+00:00,0.111,1.0,ECMWF ERA5-Land Hourly Surface Reanalysis (v1.0)
2024-07-11 06:00:00+00:00,0.047,1.0,ECMWF ERA5-Land Hourly Surface Reanalysis (v1.0)
2024-07-11 07:00:00+00:00,0.123,1.0,ECMWF ERA5-Land Hourly Surface Reanalysis (v1.0)
2024-07-11 08:00:00+00:00,0.274,1.0,ECMWF ERA5-Land Hourly Surface Reanalysis (v1.0)
2024-07-11 09:00:00+00:00,0.427,1.0,ECMWF ERA5-Land Hourly Surface Reanalysis (v1.0)
2024-07-11 10:00:00+00:00,0.171,1.0,ECMWF ERA5-Land Hourly Surface Reanalysis (v1.0)
2024-07-11 11:00:00+00:00,0.154,1.0,ECMWF ERA5-Land Hourly Surface Reanalysis (v1.0)
2024-07-11 12:00:00+00:00,0.1,1.0,ECMWF ERA5-Land Hourly Surface Reanalysis (v1.0)
2024-07-11 13:00:00+00:00,0.052,1.0,ECMWF ERA5-Land Hourly Surface Reanalysis (v1.0)
2024-07-11 14:00:00+00:00,0.063,1.0,ECMWF ERA5-Land Hourly Surface Reanalysis (v1.0)
2024-07-11 15:00:00+00:00,0.06,1.0,ECMWF ERA5-Land Hourly Surface Reanalysis (v1.0)
2024-07-11 16:00:00+00:00,0.039,1.0,ECMWF ERA5-Land Hourly Surface Reanalysis (v1.0)
2024-07-11 17:00:00+00:00,0.027,1.0,ECMWF ERA5-Land Hourly Surface Reanalysis (v1.0)
2024-07-11 18:00:00+00:00,0.048,1.0,ECMWF ERA5-Land Hourly Surface Reanalysis (v1.0)
2024-07-11 19:00:00+00:00,0.055,1.0,ECMWF ERA5-Land Hourly Surface Reanalysis (v1.0)
2024-07-11 20:00:00+00:00,0.026,1.0,ECMWF ERA5-Land Hourly Surface Reanalysis (v1.0)
2024-07-11 21:00:00+00:00,0.016,1.0,ECMWF ERA5-Land Hourly Surface Reanalysis (v1.0)
2024-07-11 22:00:00+00:00,0.012,1.0,ECMWF ERA5-Land Hourly Surface Reanalysis (v1.0)
2024-07-11 23:00:00+00:00,0.01,1.0,ECMWF ERA5-Land Hourly Surface Reanalysis (v1.0)
2024-07-12 00:00:00+00:00,0.011,1.0,ECMWF ERA5-Land Hourly Surface Reanalysis (v1.0)
2024-07-12 01:00:00+00:00,0.018,1.0,ECMWF ERA5-Land Hourly Surface Reanalysis (v1.0)
2024-07-12 02:00:00+00:00,0.039,1.0,ECMWF ERA5-Land Hourly Surface Reanalysis (v1.0)
2024-07-12 03:00:00+00:00,0.053,1.0,ECMWF ERA5-Land Hourly Surface Reanalysis (v1.0)
2024-07-12 04:00:00+00:00,0.065,1.0,ECMWF ERA5-Land Hourly Surface Reanalysis (v1.0)
2024-07-12 05:00:00+00:00,0.085,1.0,ECMWF ERA5-Land Hourly Surface Reanalysis (v1.0)
2024-07-12 06:00:00+00:00,0.1,1.0,ECMWF ERA5-Land Hourly Surface Reanalysis (v1.0)
2024-07-12 07:00:00+00:00,0.077,1.0,ECMWF ERA5-Land Hourly Surface Reanalysis (v1.0)
2024-07-12 08:00:00+00:00,0.06,1.0,ECMWF ERA5-Land Hourly Surface Reanalysis (v1.0)
2024-07-12 09:00:00+00:00,0.079,1.0,ECMWF ERA5-Land Hourly Surface Reanalysis (v1.0)
2024-07-12 10:00:00+00:00,0.113,1.0,ECMWF ERA5-Land Hourly Surface Reanalysis (v1.0)
2024-07-12 11:00:00+00:00,0.114,1.0,ECMWF ERA5-Land Hourly Surface Reanalysis (v1.0)
2024-07-12 12:00:00+00:00,0.093,1.0,ECMWF ERA5-Land Hourly Surface Reanalysis (v1.0)
2024-07-12 13:00:00+00:00,0.045,1.0,ECMWF ERA5-Land Hourly Surface Reanalysis (v1.0)
2024-07-12 14:00:00+00:00,0.02,1.0,ECMWF ERA5-Land Hourly Surface Reanalysis (v1.0)
2024-07-12 15:00:00+00:00,0.03,1.0,ECMWF ERA5-Land Hourly Surface Reanalysis (v1.0)
2024-07-12 16:00:00+00:00,0.088,1.0,ECMWF ERA5-Land Hourly Surface Reanalysis (v1.0)
2024-07-12 17:00:00+00:00,0.031,1.0,ECMWF ERA5-Land Hourly Surface Reanalysis (v1.0)
2024-07-12 18:00:00+00:00,0.051,1.0,ECMWF ERA5-Land Hourly Surface Reanalysis (v1.0)
2024-07-12 19:00:00+00:00,0.046,1.0,ECMWF ERA5-Land Hourly Surface Reanalysis (v1.0)
2024-07-12 20:00:00+00:00,0.094,1.0,ECMWF ERA5-Land Hourly Surface Reanalysis (v1.0)
2024-07-12 21:00:00+00:00,0.123,1.0,ECMWF ERA5-Land Hourly Surface Reanalysis (v1.0)
2024-07-12 22:00:00+00:00,0.033,1.0,ECMWF ERA5-Land Hourly Surface Reanalysis (v1.0)
2024-07-12 23:00:00+00:00,0.001,1.0,ECMWF ERA5-Land Hourly Surface Reanalysis (v1.0)
2024-07-13 00:00:00+00:00,0.0,1.0,ECMWF ERA5-Land Hourly Surface Reanalysis (v1.0)
2024-07-13 01:00:00+00:00,0.021,1.0,ECMWF ERA5-Land Hourly Surface Reanalysis (v1.0)
2024-07-13 02:00:00+00:00,0.005,1.0,ECMWF ERA5-Land Hourly Surface Reanalysis (v1.0)
2024-07-13 03:00:00+00:00,0.003,1.0,ECMWF ERA5-Land Hourly Surface Reanalysis (v1.0)
2024-07-13 04:00:00+00:00,0.018,1.0,ECMWF ERA5-Land Hourly Surface Reanalysis (v1.0)
2024-07-13 05:00:00+00:00,0.038,1.0,ECMWF ERA5-Land Hourly Surface Reanalysis (v1.0)
2024-07-13 06:00:00+00:00,0.155,1.0,ECMWF ERA5-Land Hourly Surface Reanalysis (v1.0)
2024-07-13 07:00:00+00:00,0.182,1.0,ECMWF ERA5-Land Hourly Surface Reanalysis (v1.0)
2024-07-13 08:00:00+00:00,0.189,1.0,ECMWF ERA5-Land Hourly Surface Reanalysis (v1.0)
2024-07-13 09:00:00+00:00,0.166,1.0,ECMWF ERA5-Land Hourly Surface Reanalysis (v1.0)
2024-07-13 10:00:00+00:00,0.212,1.0,ECMWF ERA5-Land Hourly Surface Reanalysis (v1.0)
2024-07-13 11:00:00+00:00,0.148,1.0,ECMWF ERA5-Land Hourly Surface Reanalysis (v1.0)
2024-07-13 12:00:00+00:00,0.06,1.0,ECMWF ERA5-Land Hourly Surface Reanalysis (v1.0)
2024-07-13 13:00:00+00:00,0.012,1.0,ECMWF ERA5-Land Hourly Surface Reanalysis (v1.0)
2024-07-13 14:00:00+00:00,0.001,1.0,ECMWF ERA5-Land Hourly Surface Reanalysis (v1.0)
2024-07-13 15:00:00+00:00,0.006,1.0,ECMWF ERA5-Land Hourly Surface Reanalysis (v1.0)
2024-07-13 16:00:00+00:00,0.015,1.0,ECMWF ERA5-Land Hourly Surface Reanalysis (v1.0)
2024-07-13 17:00:00+00:00,0.027,1.0,ECMWF ERA5-Land Hourly Surface Reanalysis (v1.0)
2024-07-13 18:00:00+00:00,0.026,1.0,ECMWF ERA5-Land Hourly Surface Reanalysis (v1.0)
2024-07-13 19:00:00+00:00,0.024,1.0,ECMWF ERA5-Land Hourly Surface Reanalysis (v1.0)
2024-07-13 20:00:00+00:00,0.083,1.0,ECMWF ERA5-Land Hourly Surface Reanalysis (v1.0)
2024-07-13 21:00:00+00:00,0.078,1.0,ECMWF ERA5-Land Hourly Surface Reanalysis (v1.0)
2024-07-13 22:00:00+00:00,0.103,1.0,ECMWF ERA5-Land Hourly Surface Reanalysis (v1.0)
2024-07-13 23:00:00+00:00,0.032,1.0,ECMWF ERA5-Land Hourly Surface Reanalysis (v1.0)
2024-07-14 00:00:00+00:00,0.024,1.0,ECMWF ERA5-Land Hourly Surface Reanalysis (v1.0)
2024-07-14 01:00:00+00:00,0.0,1.0,ECMWF ERA5-Land Hourly Surface Reanalysis (v1.0)
2024-07-14 02:00:00+00:00,0.0,1.0,ECMWF ERA5-Land Hourly Surface Reanalysis (v1.0)
2024-07-14 03:00:00+00:00,0.008,1.0,ECMWF ERA5-Land Hourly Surface Reanalysis (v1.0)
2024-07-14 04:00:00+00:00,0.05,1.0,ECMWF ERA5-Land Hourly Surface Reanalysis (v1.0)
2024-07-14 05:00:00+00:00,0.134,1.0,ECMWF ERA5-Land Hourly Surface Reanalysis (v1.0)
2024-07-14 06:00:00+00:00,0.16,1.0,ECMWF ERA5-Land Hourly Surface Reanalysis (v1.0)
2024-07-14 07:00:00+00:00,0.252,1.0,ECMWF ERA5-Land Hourly Surface Reanalysis (v1.0)
2024-07-14 08:00:00+00:00,0.544,1.0,ECMWF ERA5-Land Hourly Surface Reanalysis (v1.0)
2024-07-14 09:00:00+00:00,0.454,1.0,ECMWF ERA5-Land Hourly Surface Reanalysis (v1.0)
2024-07-14 10:00:00+00:00,0.425,1.0,ECMWF ERA5-Land Hourly Surface Reanalysis (v1.0)
2024-07-14 11:00:00+00:00,0.567,1.0,ECMWF ERA5-Land Hourly Surface Reanalysis (v1.0)
2024-07-14 12:00:00+00:00,0.18,1.0,ECMWF ERA5-Land Hourly Surface Reanalysis (v1.0)
2024-07-14 13:00:00+00:00,0.038,1.0,ECMWF ERA5-Land Hourly Surface Reanalysis (v1.0)
2024-07-14 14:00:00+00:00,0.067,1.0,ECMWF ERA5-Land Hourly Surface Reanalysis (v1.0)
2024-07-14 15:00:00+00:00,0.431,1.0,ECMWF ERA5-Land Hourly Surface Reanalysis (v1.0)
2024-07-14 16:00:00+00:00,0.56,1.0,ECMWF ERA5-Land Hourly Surface Reanalysis (v1.0)
2024-07-14 17:00:00+00:00,0.139,1.0,ECMWF ERA5-Land Hourly Surface Reanalysis (v1.0)
2024-07-14 18:00:00+00:00,0.149,1.0,ECMWF ERA5-Land Hourly Surface Reanalysis (v1.0)
2024-07-14 19:00:00+00:00,0.083,1.0,ECMWF ERA5-Land Hourly Surface Reanalysis (v1.0)
2024-07-14 20:00:00+00:00,0.049,1.0,ECMWF ERA5-Land Hourly Surface Reanalysis (v1.0)
2024-07-14 21:00:00+00:00,0.269,1.0,ECMWF ERA5-Land Hourly Surface Reanalysis (v1.0)
2024-07-14 22:00:00+00:00,0.194,1.0,ECMWF ERA5-Land Hourly Surface Reanalysis (v1.0)
2024-07-14 23:00:00+00:00,0.092,1.0,ECMWF ERA5-Land Hourly Surface Reanalysis (v1.0)
2024-07-15 00:00:00+00:00,0.032,1.0,ECMWF ERA5-Land Hourly Surface Reanalysis (v1.0)
2024-07-15 01:00:00+00:00,0.047,1.0,ECMWF ERA5-Land Hourly Surface Reanalysis (v1.0)
2024-07-15 02:00:00+00:00,0.044,1.0,ECMWF ERA5-Land Hourly Surface Reanalysis (v1.0)
2024-07-15 03:00:00+00:00,0.034,1.0,ECMWF ERA5-Land Hourly Surface Reanalysis (v1.0)
2024-07-15 04:00:00+00:00,0.035,1.0,ECMWF ERA5-Land Hourly Surface Reanalysis (v1.0)
2024-07-15 05:00:00+00:00,0.315,1.0,ECMWF ERA5-Land Hourly Surface Reanalysis (v1.0)
2024-07-15 06:00:00+00:00,0.158,1.0,ECMWF ERA5-Land Hourly Surface Reanalysis (v1.0)
2024-07-15 07:00:00+00:00,0.16,1.0,ECMWF ERA5-Land Hourly Surface Reanalysis (v1.0)
2024-07-15 08:00:00+00:00,0.598,1.0,ECMWF ERA5-Land Hourly Surface Reanalysis (v1.0)
2024-07-15 09:00:00+00:00,0.901,1.0,ECMWF ERA5-Land Hourly Surface Reanalysis (v1.0)
2024-07-15 10:00:00+00:00,0.392,1.0,ECMWF ERA5-Land Hourly Surface Reanalysis (v1.0)
2024-07-15 11:00:00+00:00,0.4,1.0,ECMWF ERA5-Land Hourly Surface Reanalysis (v1.0)
2024-07-15 12:00:00+00:00,0.122,1.0,ECMWF ERA5-Land Hourly Surface Reanalysis (v1.0)
2024-07-15 13:00:00+00:00,0.024,1.0,ECMWF ERA5-Land Hourly Surface Reanalysis (v1.0)
2024-07-15 14:00:00+00:00,0.007,1.0,ECMWF ERA5-Land Hourly Surface Reanalysis (v1.0)
2024-07-15 15:00:00+00:00,0.005,1.0,ECMWF ERA5-Land Hourly Surface Reanalysis (v1.0)
2024-07-15 16:00:00+00:00,0.008,1.0,ECMWF ERA5-Land Hourly Surface Reanalysis (v1.0)
2024-07-15 17:00:00+00:00,0.161,1.0,ECMWF ERA5-Land Hourly Surface Reanalysis (v1.0)
2024-07-15 18:00:00+00:00,0.812,1.0,ECMWF ERA5-Land Hourly Surface Reanalysis (v1.0)
2024-07-15 19:00:00+00:00,1.135,1.0,ECMWF ERA5-Land Hourly Surface Reanalysis (v1.0)
2024-07-15 20:00:00+00:00,0.865,1.0,ECMWF ERA5-Land Hourly Surface Reanalysis (v1.0)
2024-07-15 21:00:00+00:00,0.362,1.0,ECMWF ERA5-Land Hourly Surface Reanalysis (v1.0)
2024-07-15 22:00:00+00:00,0.423,1.0,ECMWF ERA5-Land Hourly Surface Reanalysis (v1.0)
2024-07-15 23:00:00+00:00,0.445,1.0,ECMWF ERA5-Land Hourly Surface Reanalysis (v1.0)
2024-07-16 00:00:00+00:00,0.547,1.0,ECMWF ERA5-Land Hourly Surface Reanalysis (v1.0)
2024-07-16 01:00:00+00:00,0.198,1.0,ECMWF ERA5-Land Hourly Surface Reanalysis (v1.0)
2024-07-16 02:00:00+00:00,0.118,1.0,ECMWF ERA5-Land Hourly Surface Reanalysis (v1.0)
2024-07-16 03:00:00+00:00,0.028,1.0,ECMWF ERA5-Land Hourly Surface Reanalysis (v1.0)
2024-07-16 04:00:00+00:00,0.012,1.0,ECMWF ERA5-Land Hourly Surface Reanalysis (v1.0)
2024-07-16 05:00:00+00:00,0.063,1.0,ECMWF ERA5-Land Hourly Surface Reanalysis (v1.0)
2024-07-16 06:00:00+00:00,0.151,1.0,ECMWF ERA5-Land Hourly Surface Reanalysis (v1.0)
2024-07-16 07:00:00+00:00,0.203,1.0,ECMWF ERA5-Land Hourly Surface Reanalysis (v1.0)
2024-07-16 08:00:00+00:00,0.366,1.0,ECMWF ERA5-Land Hourly Surface Reanalysis (v1.0)
2024-07-16 09:00:00+00:00,0.873,1.0,ECMWF ERA5-Land Hourly Surface Reanalysis (v1.0)
2024-07-16 10:00:00+00:00,0.33,1.0,ECMWF ERA5-Land Hourly Surface Reanalysis (v1.0)
2024-07-16 11:00:00+00:00,0.177,1.0,ECMWF ERA5-Land Hourly Surface Reanalysis (v1.0)
2024-07-16 12:00:00+00:00,0.084,1.0,ECMWF ERA5-Land Hourly Surface Reanalysis (v1.0)
2024-07-16 13:00:00+00:00,0.04,1.0,ECMWF ERA5-Land Hourly Surface Reanalysis (v1.0)
2024-07-16 14:00:00+00:00,0.001,1.0,ECMWF ERA5-Land Hourly Surface Reanalysis (v1.0)
2024-07-16 15:00:00+00:00,0.004,1.0,ECMWF ERA5-Land Hourly Surface Reanalysis (v1.0)
2024-07-16 16:00:00+00:00,0.0,1.0,ECMWF ERA5-Land Hourly Surface Reanalysis (v1.0)
2024-07-16 17:00:00+00:00,0.002,1.0,ECMWF ERA5-Land Hourly Surface Reanalysis (v1.0)
2024-07-16 18:00:00+00:00,0.076,1.0,ECMWF ERA5-Land Hourly Surface Reanalysis (v1.0)
2024-07-16 19:00:00+00:00,0.248,1.0,ECMWF ERA5-Land Hourly Surface Reanalysis (v1.0)
2024-07-16 20:00:00+00:00,0.406,1.0,ECMWF ERA5-Land Hourly Surface Reanalysis (v1.0)
2024-07-16 21:00:00+00:00,0.262,1.0,ECMWF ERA5-Land Hourly Surface Reanalysis (v1.0)
2024-07-16 22:00:00+00:00,0.285,1.0,ECMWF ERA5-Land Hourly Surface Reanalysis (v1.0)
2024-07-16 23:00:00+00:00,0.163,1.0,ECMWF ERA5-Land Hourly Surface Reanalysis (v1.0)
2024-07-17 00:00:00+00:00,0.148,1.0,ECMWF ERA5-Land Hourly Surface Reanalysis (v1.0)
2024-07-17 01:00:00+00:00,0.09,1.0,ECMWF ERA5-Land Hourly Surface Reanalysis (v1.0)
2024-07-17 02:00:00+00:00,0.121,1.0,ECMWF ERA5-Land Hourly Surface Reanalysis (v1.0)
2024-07-17 03:00:00+00:00,0.179,1.0,ECMWF ERA5-Land Hourly Surface Reanalysis (v1.0)
2024-07-17 04:00:00+00:00,0.228,1.0,ECMWF ERA5-Land Hourly Surface Reanalysis (v1.0)
2024-07-17 05:00:00+00:00,0.298,1.0,ECMWF ERA5-Land Hourly Surface Reanalysis (v1.0)
2024-07-17 06:00:00+00:00,0.143,1.0,ECMWF ERA5-Land Hourly Surface Reanalysis (v1.0)
2024-07-17 07:00:00+00:00,0.24,1.0,ECMWF ERA5-Land Hourly Surface Reanalysis (v1.0)
2024-07-17 08:00:00+00:00,0.211,1.0,ECMWF ERA5-Land Hourly Surface Reanalysis (v1.0)
2024-07-17 09:00:00+00:00,0.259,1.0,ECMWF ERA5-Land Hourly Surface Reanalysis (v1.0)
2024-07-17 10:00:00+00:00,0.174,1.0,ECMWF ERA5-Land Hourly Surface Reanalysis (v1.0)
2024-07-17 11:00:00+00:00,0.11,1.0,ECMWF ERA5-Land Hourly Surface Reanalysis (v1.0)
2024-07-17 12:00:00+00:00,0.07,1.0,ECMWF ERA5-Land Hourly Surface Reanalysis (v1.0)
2024-07-17 13:00:00+00:00,0.044,1.0,ECMWF ERA5-Land Hourly Surface Reanalysis (v1.0)
2024-07-17 14:00:00+00:00,0.031,1.0,ECMWF ERA5-Land Hourly Surface Reanalysis (v1.0)
2024-07-17 15:00:00+00:00,0.04,1.0,ECMWF ERA5-Land Hourly Surface Reanalysis (v1.0)
2024-07-17 16:00:00+00:00,0.059,1.0,ECMWF ERA5-Land Hourly Surface Reanalysis (v1.0)
2024-07-17 17:00:00+00:00,0.274,1.0,ECMWF ERA5-Land Hourly Surface Reanalysis (v1.0)
2024-07-17 18:00:00+00:00,0.502,1.0,ECMWF ERA5-Land Hourly Surface Reanalysis (v1.0)
2024-07-17 19:00:00+00:00,0.976,1.0,ECMWF ERA5-Land Hourly Surface Reanalysis (v1.0)
2024-07-17 20:00:00+00:00,1.461,1.0,ECMWF ERA5-Land Hourly Surface Reanalysis (v1.0)
2024-07-17 21:00:00+00:00,1.299,1.0,ECMWF ERA5-Land Hourly Surface Reanalysis (v1.0)
2024-07-17 22:00:00+00:00,0.785,1.0,ECMWF ERA5-Land Hourly Surface Reanalysis (v1.0)
2024-07-17 23:00:00+00:00,0.403,1.0,ECMWF ERA5-Land Hourly Surface Reanalysis (v1.0)
2024-07-18 00:00:00+00:00,0.184,1.0,ECMWF ERA5-Land Hourly Surface Reanalysis (v1.0)
2024-07-18 01:00:00+00:00,0.067,1.0,ECMWF ERA5-Land Hourly Surface Reanalysis (v1.0)
2024-07-18 02:00:00+00:00,0.04,1.0,ECMWF ERA5-Land Hourly Surface Reanalysis (v1.0)
2024-07-18 03:00:00+00:00,0.065,1.0,ECMWF ERA5-Land Hourly Surface Reanalysis (v1.0)
2024-07-18 04:00:00+00:00,0.058,1.0,ECMWF ERA5-Land Hourly Surface Reanalysis (v1.0)
2024-07-18 05:00:00+00:00,0.07,1.0,ECMWF ERA5-Land Hourly Surface Reanalysis (v1.0)
2024-07-18 06:00:00+00:00,0.127,1.0,ECMWF ERA5-Land Hourly Surface Reanalysis (v1.0)
2024-07-18 07:00:00+00:00,0.144,1.0,ECMWF ERA5-Land Hourly Surface Reanalysis (v1.0)
2024-07-18 08:00:00+00:00,0.174,1.0,ECMWF ERA5-Land Hourly Surface Reanalysis (v1.0)
2024-07-18 09:00:00+00:00,0.14,1.0,ECMWF ERA5-Land Hourly Surface Reanalysis (v1.0)
2024-07-18 10:00:00+00:00,0.164,1.0,ECMWF ERA5-Land Hourly Surface Reanalysis (v1.0)
2024-07-18 11:00:00+00:00,0.128,1.0,ECMWF ERA5-Land Hourly Surface Reanalysis (v1.0)
2024-07-18 12:00:00+00:00,0.102,1.0,ECMWF ERA5-Land Hourly Surface Reanalysis (v1.0)
2024-07-18 13:00:00+00:00,0.073,1.0,ECMWF ERA5-Land Hourly Surface Reanalysis (v1.0)
2024-07-18 14:00:00+00:00,0.04,1.0,ECMWF ERA5-Land Hourly Surface Reanalysis (v1.0)
2024-07-18 15:00:00+00:00,0.173,1.0,ECMWF ERA5-Land Hourly Surface Reanalysis (v1.0)
2024-07-18 16:00:00+00:00,0.264,1.0,ECMWF ERA5-Land Hourly Surface Reanalysis (v1.0)
2024-07-18 17:00:00+00:00,0.224,1.0,ECMWF ERA5-Land Hourly Surface Reanalysis (v1.0)
2024-07-18 18:00:00+00:00,0.348,1.0,ECMWF ERA5-Land Hourly Surface Reanalysis (v1.0)
2024-07-18 19:00:00+00:00,0.513,1.0,ECMWF ERA5-Land Hourly Surface Reanalysis (v1.0)
2024-07-18 20:00:00+00:00,0.266,1.0,ECMWF ERA5-Land Hourly Surface Reanalysis (v1.0)
2024-07-18 21:00:00+00:00,0.288,1.0,ECMWF ERA5-Land Hourly Surface Reanalysis (v1.0)
2024-07-18 22:00:00+00:00,0.124,1.0,ECMWF ERA5-Land Hourly Surface Reanalysis (v1.0)
2024-07-18 23:00:00+00:00,0.031,1.0,ECMWF ERA5-Land Hourly Surface Reanalysis (v1.0)
2024-07-19 00:00:00+00:00,0.013,1.0,ECMWF ERA5-Land Hourly Surface Reanalysis (v1.0)
2024-07-19 01:00:00+00:00,0.173,1.0,ECMWF ERA5-Land Hourly Surface Reanalysis (v1.0)
2024-07-19 02:00:00+00:00,0.168,1.0,ECMWF ERA5-Land Hourly Surface Reanalysis (v1.0)
2024-07-19 03:00:00+00:00,0.056,1.0,ECMWF ERA5-Land Hourly Surface Reanalysis (v1.0)
2024-07-19 04:00:00+00:00,0.036,1.0,ECMWF ERA5-Land Hourly Surface Reanalysis (v1.0)
2024-07-19 05:00:00+00:00,0.047,1.0,ECMWF ERA5-Land Hourly Surface Reanalysis (v1.0)
2024-07-19 06:00:00+00:00,0.092,1.0,ECMWF ERA5-Land Hourly Surface Reanalysis (v1.0)
2024-07-19 07:00:00+00:00,0.143,1.0,ECMWF ERA5-Land Hourly Surface Reanalysis (v1.0)
2024-07-19 08:00:00+00:00,0.345,1.0,ECMWF ERA5-Land Hourly Surface Reanalysis (v1.0)
2024-07-19 09:00:00+00:00,0.813,1.0,ECMWF ERA5-Land Hourly Surface Reanalysis (v1.0)
2024-07-19 10:00:00+00:00,0.28,1.0,ECMWF ERA5-Land Hourly Surface Reanalysis (v1.0)
2024-07-19 11:00:00+00:00,0.172,1.0,ECMWF ERA5-Land Hourly Surface Reanalysis (v1.0)
2024-07-19 12:00:00+00:00,0.229,1.0,ECMWF ERA5-Land Hourly Surface Reanalysis (v1.0)
2024-07-19 13:00:00+00:00,0.08,1.0,ECMWF ERA5-Land Hourly Surface Reanalysis (v1.0)
2024-07-19 14:00:00+00:00,0.067,1.0,ECMWF ERA5-Land Hourly Surface Reanalysis (v1.0)
2024-07-19 15:00:00+00:00,0.184,1.0,ECMWF ERA5-Land Hourly Surface Reanalysis (v1.0)
2024-07-19 16:00:00+00:00,0.325,1.0,ECMWF ERA5-Land Hourly Surface Reanalysis (v1.0)
2024-07-19 17:00:00+00:00,0.796,1.0,ECMWF ERA5-Land Hourly Surface Reanalysis (v1.0)
2024-07-19 18:00:00+00:00,1.579,1.0,ECMWF ERA5-Land Hourly Surface Reanalysis (v1.0)
2024-07-19 19:00:00+00:00,0.947,1.0,ECMWF ERA5-Land Hourly Surface Reanalysis (v1.0)
2024-07-19 20:00:00+00:00,0.706,1.0,ECMWF ERA5-Land Hourly Surface Reanalysis (v1.0)
2024-07-19 21:00:00+00:00,0.451,1.0,ECMWF ERA5-Land Hourly Surface Reanalysis (v1.0)
2024-07-19 22:00:00+00:00,0.148,1.0,ECMWF ERA5-Land Hourly Surface Reanalysis (v1.0)
2024-07-19 23:00:00+00:00,0.059,1.0,ECMWF ERA5-Land Hourly Surface Reanalysis (v1.0)
2024-07-20 00:00:00+00:00,0.047,1.0,ECMWF ERA5-Land Hourly Surface Reanalysis (v1.0)
2024-07-20 01:00:00+00:00,0.416,1.0,ECMWF ERA5-Land Hourly Surface Reanalysis (v1.0)
2024-07-20 02:00:00+00:00,0.301,1.0,ECMWF ERA5-Land Hourly Surface Reanalysis (v1.0)
2024-07-20 03:00:00+00:00,0.204,1.0,ECMWF ERA5-Land Hourly Surface Reanalysis (v1.0)
2024-07-20 04:00:00+00:00,0.083,1.0,ECMWF ERA5-Land Hourly Surface Reanalysis (v1.0)
2024-07-20 05:00:00+00:00,0.056,1.0,ECMWF ERA5-Land Hourly Surface Reanalysis (v1.0)
2024-07-20 06:00:00+00:00,0.083,1.0,ECMWF ERA5-Land Hourly Surface Reanalysis (v1.0)
2024-07-20 07:00:00+00:00,0.118,1.0,ECMWF ERA5-Land Hourly Surface Reanalysis (v1.0)
2024-07-20 08:00:00+00:00,0.096,1.0,ECMWF ERA5-Land Hourly Surface Reanalysis (v1.0)
2024-07-20 09:00:00+00:00,0.099,1.0,ECMWF ERA5-Land Hourly Surface Reanalysis (v1.0)
2024-07-20 10:00:00+00:00,0.106,1.0,ECMWF ERA5-Land Hourly Surface Reanalysis (v1.0)
2024-07-20 11:00:00+00:00,0.181,1.0,ECMWF ERA5-Land Hourly Surface Reanalysis (v1.0)
2024-07-20 12:00:00+00:00,0.1,1.0,ECMWF ERA5-Land Hourly Surface Reanalysis (v1.0)
2024-07-20 13:00:00+00:00,0.033,1.0,ECMWF ERA5-Land Hourly Surface Reanalysis (v1.0)
2024-07-20 14:00:00+00:00,0.124,1.0,ECMWF ERA5-Land Hourly Surface Reanalysis (v1.0)
2024-07-20 15:00:00+00:00,0.32,1.0,ECMWF ERA5-Land Hourly Surface Reanalysis (v1.0)
2024-07-20 16:00:00+00:00,0.478,1.0,ECMWF ERA5-Land Hourly Surface Reanalysis (v1.0)
2024-07-20 17:00:00+00:00,0.652,1.0,ECMWF ERA5-Land Hourly Surface Reanalysis (v1.0)
2024-07-20 18:00:00+00:00,0.872,1.0,ECMWF ERA5-Land Hourly Surface Reanalysis (v1.0)
2024-07-20 19:00:00+00:00,1.061,1.0,ECMWF ERA5-Land Hourly Surface Reanalysis (v1.0)
2024-07-20 20:00:00+00:00,0.955,1.0,ECMWF ERA5-Land Hourly Surface Reanalysis (v1.0)
2024-07-20 21:00:00+00:00,0.525,1.0,ECMWF ERA5-Land Hourly Surface Reanalysis (v1.0)
2024-07-20 22:00:00+00:00,0.204,1.0,ECMWF ERA5-Land Hourly Surface Reanalysis (v1.0)
2024-07-20 23:00:00+00:00,0.201,1.0,ECMWF ERA5-Land Hourly Surface Reanalysis (v1.0)
2024-07-21 00:00:00+00:00,0.222,1.0,ECMWF ERA5-Land Hourly Surface Reanalysis (v1.0)
2024-07-21 01:00:00+00:00,0.023,1.0,ECMWF ERA5-Land Hourly Surface Reanalysis (v1.0)
2024-07-21 02:00:00+00:00,0.014,1.0,ECMWF ERA5-Land Hourly Surface Reanalysis (v1.0)
2024-07-21 03:00:00+00:00,0.054,1.0,ECMWF ERA5-Land Hourly Surface Reanalysis (v1.0)
2024-07-21 04:00:00+00:00,0.107,1.0,ECMWF ERA5-Land Hourly Surface Reanalysis (v1.0)
2024-07-21 05:00:00+00:00,0.183,1.0,ECMWF ERA5-Land Hourly Surface Reanalysis (v1.0)
2024-07-21 06:00:00+00:00,0.241,1.0,ECMWF ERA5-Land Hourly Surface Reanalysis (v1.0)
2024-07-21 07:00:00+00:00,0.266,1.0,ECMWF ERA5-Land Hourly Surface Reanalysis (v1.0)
2024-07-21 08:00:00+00:00,0.42,1.0,ECMWF ERA5-Land Hourly Surface Reanalysis (v1.0)
2024-07-21 09:00:00+00:00,0.4,1.0,ECMWF ERA5-Land Hourly Surface Reanalysis (v1.0)
2024-07-21 10:00:00+00:00,0.508,1.0,ECMWF ERA5-Land Hourly Surface Reanalysis (v1.0)
2024-07-21 11:00:00+00:00,0.654,1.0,ECMWF ERA5-Land Hourly Surface Reanalysis (v1.0)
2024-07-21 12:00:00+00:00,0.347,1.0,ECMWF ERA5-Land Hourly Surface Reanalysis (v1.0)
2024-07-21 13:00:00+00:00,0.236,1.0,ECMWF ERA5-Land Hourly Surface Reanalysis (v1.0)
2024-07-21 14:00:00+00:00,0.1,1.0,ECMWF ERA5-Land Hourly Surface Reanalysis (v1.0)
2024-07-21 15:00:00+00:00,0.104,1.0,ECMWF ERA5-Land Hourly Surface Reanalysis (v1.0)
2024-07-21 16:00:00+00:00,0.126,1.0,ECMWF ERA5-Land Hourly Surface Reanalysis (v1.0)
2024-07-21 17:00:00+00:00,0.392,1.0,ECMWF ERA5-Land Hourly Surface Reanalysis (v1.0)
2024-07-21 18:00:00+00:00,0.597,1.0,ECMWF ERA5-Land Hourly Surface Reanalysis (v1.0)
2024-07-21 19:00:00+00:00,0.727,1.0,ECMWF ERA5-Land Hourly Surface Reanalysis (v1.0)
2024-07-21 20:00:00+00:00,1.007,1.0,ECMWF ERA5-Land Hourly Surface Reanalysis (v1.0)
2024-07-21 21:00:00+00:00,1.239,1.0,ECMWF ERA5-Land Hourly Surface Reanalysis (v1.0)
2024-07-21 22:00:00+00:00,1.294,1.0,ECMWF ERA5-Land Hourly Surface Reanalysis (v1.0)
2024-07-21 23:00:00+00:00,1.172,1.0,ECMWF ERA5-Land Hourly Surface Reanalysis (v1.0)
2024-07-22 00:00:00+00:00,0.891,1.0,ECMWF ERA5-Land Hourly Surface Reanalysis (v1.0)
2024-07-22 01:00:00+00:00,0.872,1.0,ECMWF ERA5-Land Hourly Surface Reanalysis (v1.0)
2024-07-22 02:00:00+00:00,0.653,1.0,ECMWF ERA5-Land Hourly Surface Reanalysis (v1.0)
2024-07-22 03:00:00+00:00,0.402,1.0,ECMWF ERA5-Land Hourly Surface Reanalysis (v1.0)
2024-07-22 04:00:00+00:00,0.362,1.0,ECMWF ERA5-Land Hourly Surface Reanalysis (v1.0)
2024-07-22 05:00:00+00:00,0.452,1.0,ECMWF ERA5-Land Hourly Surface Reanalysis (v1.0)
2024-07-22 06:00:00+00:00,0.49,1.0,ECMWF ERA5-Land Hourly Surface Reanalysis (v1.0)
2024-07-22 07:00:00+00:00,0.793,1.0,ECMWF ERA5-Land Hourly Surface Reanalysis (v1.0)
2024-07-22 08:00:00+00:00,0.67,1.0,ECMWF ERA5-Land Hourly Surface Reanalysis (v1.0)
2024-07-22 09:00:00+00:00,0.704,1.0,ECMWF ERA5-Land Hourly Surface Reanalysis (v1.0)
2024-07-22 10:00:00+00:00,0.781,1.0,ECMWF ERA5-Land Hourly Surface Reanalysis (v1.0)
2024-07-22 11:00:00+00:00,0.261,1.0,ECMWF ERA5-Land Hourly Surface Reanalysis (v1.0)
2024-07-22 12:00:00+00:00,0.155,1.0,ECMWF ERA5-Land Hourly Surface Reanalysis (v1.0)
2024-07-22 13:00:00+00:00,0.108,1.0,ECMWF ERA5-Land Hourly Surface Reanalysis (v1.0)
2024-07-22 14:00:00+00:00,0.122,1.0,ECMWF ERA5-Land Hourly Surface Reanalysis (v1.0)
2024-07-22 15:00:00+00:00,0.287,1.0,ECMWF ERA5-Land Hourly Surface Reanalysis (v1.0)
2024-07-22 16:00:00+00:00,0.502,1.0,ECMWF ERA5-Land Hourly Surface Reanalysis (v1.0)
2024-07-22 17:00:00+00:00,0.825,1.0,ECMWF ERA5-Land Hourly Surface Reanalysis (v1.0)
2024-07-22 18:00:00+00:00,1.306,1.0,ECMWF ERA5-Land Hourly Surface Reanalysis (v1.0)
2024-07-22 19:00:00+00:00,1.874,1.0,ECMWF ERA5-Land Hourly Surface Reanalysis (v1.0)
2024-07-22 20:00:00+00:00,2.25,1.0,ECMWF ERA5-Land Hourly Surface Reanalysis (v1.0)
2024-07-22 21:00:00+00:00,2.452,1.0,ECMWF ERA5-Land Hourly Surface Reanalysis (v1.0)
2024-07-22 22:00:00+00:00,2.275,1.0,ECMWF ERA5-Land Hourly Surface Reanalysis (v1.0)
2024-07-22 23:00:00+00:00,1.993,1.0,ECMWF ERA5-Land Hourly Surface Reanalysis (v1.0)
2024-07-23 00:00:00+00:00,1.727,1.0,ECMWF ERA5-Land Hourly Surface Reanalysis (v1.0)
2024-07-23 01:00:00+00:00,0.491,1.0,ECMWF ERA5-Land Hourly Surface Reanalysis (v1.0)
2024-07-23 02:00:00+00:00,0.535,1.0,ECMWF ERA5-Land Hourly Surface Reanalysis (v1.0)
2024-07-23 03:00:00+00:00,0.631,1.0,ECMWF ERA5-Land Hourly Surface Reanalysis (v1.0)
2024-07-23 04:00:00+00:00,0.459,1.0,ECMWF ERA5-Land Hourly Surface Reanalysis (v1.0)
2024-07-23 05:00:00+00:00,0.392,1.0,ECMWF ERA5-Land Hourly Surface Reanalysis (v1.0)
2024-07-23 06:00:00+00:00,0.288,1.0,ECMWF ERA5-Land Hourly Surface Reanalysis (v1.0)
2024-07-23 07:00:00+00:00,0.208,1.0,ECMWF ERA5-Land Hourly Surface Reanalysis (v1.0)
2024-07-23 08:00:00+00:00,0.272,1.0,ECMWF ERA5-Land Hourly Surface Reanalysis (v1.0)
2024-07-23 09:00:00+00:00,0.311,1.0,ECMWF ERA5-Land Hourly Surface Reanalysis (v1.0)
2024-07-23 10:00:00+00:00,0.171,1.0,ECMWF ERA5-Land Hourly Surface Reanalysis (v1.0)
2024-07-23 11:00:00+00:00,0.075,1.0,ECMWF ERA5-Land Hourly Surface Reanalysis (v1.0)
2024-07-23 12:00:00+00:00,0.121,1.0,ECMWF ERA5-Land Hourly Surface Reanalysis (v1.0)
2024-07-23 13:00:00+00:00,0.052,1.0,ECMWF ERA5-Land Hourly Surface Reanalysis (v1.0)
2024-07-23 14:00:00+00:00,0.034,1.0,ECMWF ERA5-Land Hourly Surface Reanalysis (v1.0)
2024-07-23 15:00:00+00:00,0.153,1.0,ECMWF ERA5-Land Hourly Surface Reanalysis (v1.0)
2024-07-23 16:00:00+00:00,0.227,1.0,ECMWF ERA5-Land Hourly Surface Reanalysis (v1.0)
2024-07-23 17:00:00+00:00,0.365,1.0,ECMWF ERA5-Land Hourly Surface Reanalysis (v1.0)
2024-07-23 18:00:00+00:00,0.374,1.0,ECMWF ERA5-Land Hourly Surface Reanalysis (v1.0)
2024-07-23 19:00:00+00:00,0.483,1.0,ECMWF ERA5-Land Hourly Surface Reanalysis (v1.0)
2024-07-23 20:00:00+00:00,0.328,1.0,ECMWF ERA5-Land Hourly Surface Reanalysis (v1.0)
2024-07-23 21:00:00+00:00,0.139,1.0,ECMWF ERA5-Land Hourly Surface Reanalysis (v1.0)
2024-07-23 22:00:00+00:00,0.049,1.0,ECMWF ERA5-Land Hourly Surface Reanalysis (v1.0)
2024-07-23 23:00:00+00:00,0.032,1.0,ECMWF ERA5-Land Hourly Surface Reanalysis (v1.0)
2024-07-24 00:00:00+00:00,0.032,1.0,ECMWF ERA5-Land Hourly Surface Reanalysis (v1.0)
2024-07-24 01:00:00+00:00,0.186,1.0,ECMWF ERA5-Land Hourly Surface Reanalysis (v1.0)
2024-07-24 02:00:00+00:00,0.087,1.0,ECMWF ERA5-Land Hourly Surface Reanalysis (v1.0)
2024-07-24 03:00:00+00:00,0.028,1.0,ECMWF ERA5-Land Hourly Surface Reanalysis (v1.0)
2024-07-24 04:00:00+00:00,0.048,1.0,ECMWF ERA5-Land Hourly Surface Reanalysis (v1.0)
2024-07-24 05:00:00+00:00,0.106,1.0,ECMWF ERA5-Land Hourly Surface Reanalysis (v1.0)
2024-07-24 06:00:00+00:00,0.146,1.0,ECMWF ERA5-Land Hourly Surface Reanalysis (v1.0)
2024-07-24 07:00:00+00:00,0.237,1.0,ECMWF ERA5-Land Hourly Surface Reanalysis (v1.0)
2024-07-24 08:00:00+00:00,0.233,1.0,ECMWF ERA5-Land Hourly Surface Reanalysis (v1.0)
2024-07-24 09:00:00+00:00,0.223,1.0,ECMWF ERA5-Land Hourly Surface Reanalysis (v1.0)
2024-07-24 10:00:00+00:00,0.278,1.0,ECMWF ERA5-Land Hourly Surface Reanalysis (v1.0)
2024-07-24 11:00:00+00:00,0.167,1.0,ECMWF ERA5-Land Hourly Surface Reanalysis (v1.0)
2024-07-24 12:00:00+00:00,0.164,1.0,ECMWF ERA5-Land Hourly Surface Reanalysis (v1.0)
2024-07-24 13:00:00+00:00,0.122,1.0,ECMWF ERA5-Land Hourly Surface Reanalysis (v1.0)
2024-07-24 14:00:00+00:00,0.098,1.0,ECMWF ERA5-Land Hourly Surface Reanalysis (v1.0)
2024-07-24 15:00:00+00:00,0.17,1.0,ECMWF ERA5-Land Hourly Surface Reanalysis (v1.0)
2024-07-24 16:00:00+00:00,0.259,1.0,ECMWF ERA5-Land Hourly Surface Reanalysis (v1.0)
2024-07-24 17:00:00+00:00,0.276,1.0,ECMWF ERA5-Land Hourly Surface Reanalysis (v1.0)
2024-07-24 18:00:00+00:00,0.419,1.0,ECMWF ERA5-Land Hourly Surface Reanalysis (v1.0)
2024-07-24 19:00:00+00:00,0.568,1.0,ECMWF ERA5-Land Hourly Surface Reanalysis (v1.0)
2024-07-24 20:00:00+00:00,0.748,1.0,ECMWF ERA5-Land Hourly Surface Reanalysis (v1.0)
2024-07-24 21:00:00+00:00,0.563,1.0,ECMWF ERA5-Land Hourly Surface Reanalysis (v1.0)
2024-07-24 22:00:00+00:00,0.269,1.0,ECMWF ERA5-Land Hourly Surface Reanalysis (v1.0)
2024-07-24 23:00:00+00:00,0.082,1.0,ECMWF ERA5-Land Hourly Surface Reanalysis (v1.0)
2024-07-25 00:00:00+00:00,0.072,1.0,ECMWF ERA5-Land Hourly Surface Reanalysis (v1.0)
2024-07-25 01:00:00+00:00,0.65,1.0,ECMWF ERA5-Land Hourly Surface Reanalysis (v1.0)
2024-07-25 02:00:00+00:00,0.808,1.0,ECMWF ERA5-Land Hourly Surface Reanalysis (v1.0)
2024-07-25 03:00:00+00:00,1.005,1.0,ECMWF ERA5-Land Hourly Surface Reanalysis (v1.0)
2024-07-25 04:00:00+00:00,1.071,1.0,ECMWF ERA5-Land Hourly Surface Reanalysis (v1.0)
2024-07-25 05:00:00+00:00,0.975,1.0,ECMWF ERA5-Land Hourly Surface Reanalysis (v1.0)
2024-07-25 06:00:00+00:00,0.816,1.0,ECMWF ERA5-Land Hourly Surface Reanalysis (v1.0)
2024-07-25 07:00:00+00:00,0.975,1.0,ECMWF ERA5-Land Hourly Surface Reanalysis (v1.0)
2024-07-25 08:00:00+00:00,0.849,1.0,ECMWF ERA5-Land Hourly Surface Reanalysis (v1.0)
2024-07-25 09:00:00+00:00,0.682,1.0,ECMWF ERA5-Land Hourly Surface Reanalysis (v1.0)
2024-07-25 10:00:00+00:00,0.383,1.0,ECMWF ERA5-Land Hourly Surface Reanalysis (v1.0)
2024-07-25 11:00:00+00:00,0.781,1.0,ECMWF ERA5-Land Hourly Surface Reanalysis (v1.0)
2024-07-25 12:00:00+00:00,0.615,1.0,ECMWF ERA5-Land Hourly Surface Reanalysis (v1.0)
2024-07-25 13:00:00+00:00,0.086,1.0,ECMWF ERA5-Land Hourly Surface Reanalysis (v1.0)
2024-07-25 14:00:00+00:00,0.067,1.0,ECMWF ERA5-Land Hourly Surface Reanalysis (v1.0)
2024-07-25 15:00:00+00:00,0.209,1.0,ECMWF ERA5-Land Hourly Surface Reanalysis (v1.0)
2024-07-25 16:00:00+00:00,0.36,1.0,ECMWF ERA5-Land Hourly Surface Reanalysis (v1.0)
2024-07-25 17:00:00+00:00,0.299,1.0,ECMWF ERA5-Land Hourly Surface Reanalysis (v1.0)
2024-07-25 18:00:00+00:00,0.312,1.0,ECMWF ERA5-Land Hourly Surface Reanalysis (v1.0)
2024-07-25 19:00:00+00:00,0.491,1.0,ECMWF ERA5-Land Hourly Surface Reanalysis (v1.0)
2024-07-25 20:00:00+00:00,0.282,1.0,ECMWF ERA5-Land Hourly Surface Reanalysis (v1.0)
2024-07-25 21:00:00+00:00,0.171,1.0,ECMWF ERA5-Land Hourly Surface Reanalysis (v1.0)
2024-07-25 22:00:00+00:00,0.205,1.0,ECMWF ERA5-Land Hourly Surface Reanalysis (v1.0)
2024-07-25 23:00:00+00:00,0.151,1.0,ECMWF ERA5-Land Hourly Surface Reanalysis (v1.0)
2024-07-26 00:00:00+00:00,0.081,1.0,ECMWF ERA5-Land Hourly Surface Reanalysis (v1.0)
2024-07-26 01:00:00+00:00,0.067,1.0,ECMWF ERA5-Land Hourly Surface Reanalysis (v1.0)
2024-07-26 02:00:00+00:00,0.091,1.0,ECMWF ERA5-Land Hourly Surface Reanalysis (v1.0)
2024-07-26 03:00:00+00:00,0.044,1.0,ECMWF ERA5-Land Hourly Surface Reanalysis (v1.0)
2024-07-26 04:00:00+00:00,0.07,1.0,ECMWF ERA5-Land Hourly Surface Reanalysis (v1.0)
2024-07-26 05:00:00+00:00,0.161,1.0,ECMWF ERA5-Land Hourly Surface Reanalysis (v1.0)
2024-07-26 06:00:00+00:00,0.235,1.0,ECMWF ERA5-Land Hourly Surface Reanalysis (v1.0)
2024-07-26 07:00:00+00:00,0.38,1.0,ECMWF ERA5-Land Hourly Surface Reanalysis (v1.0)
2024-07-26 08:00:00+00:00,0.525,1.0,ECMWF ERA5-Land Hourly Surface Reanalysis (v1.0)
2024-07-26 09:00:00+00:00,0.356,1.0,ECMWF ERA5-Land Hourly Surface Reanalysis (v1.0)
2024-07-26 10:00:00+00:00,0.507,1.0,ECMWF ERA5-Land Hourly Surface Reanalysis (v1.0)
2024-07-26 11:00:00+00:00,0.338,1.0,ECMWF ERA5-Land Hourly Surface Reanalysis (v1.0)
2024-07-26 12:00:00+00:00,0.378,1.0,ECMWF ERA5-Land Hourly Surface Reanalysis (v1.0)
2024-07-26 13:00:00+00:00,0.121,1.0,ECMWF ERA5-Land Hourly Surface Reanalysis (v1.0)
2024-07-26 14:00:00+00:00,0.119,1.0,ECMWF ERA5-Land Hourly Surface Reanalysis (v1.0)
2024-07-26 15:00:00+00:00,0.278,1.0,ECMWF ERA5-Land Hourly Surface Reanalysis (v1.0)
2024-07-26 16:00:00+00:00,0.658,1.0,ECMWF ERA5-Land Hourly Surface Reanalysis (v1.0)
2024-07-26 17:00:00+00:00,0.638,1.0,ECMWF ERA5-Land Hourly Surface Reanalysis (v1.0)
2024-07-26 18:00:00+00:00,0.633,1.0,ECMWF ERA5-Land Hourly Surface Reanalysis (v1.0)
2024-07-26 19:00:00+00:00,0.781,1.0,ECMWF ERA5-Land Hourly Surface Reanalysis (v1.0)
2024-07-26 20:00:00+00:00,1.14,1.0,ECMWF ERA5-Land Hourly Surface Reanalysis (v1.0)
2024-07-26 21:00:00+00:00,1.355,1.0,ECMWF ERA5-Land Hourly Surface Reanalysis (v1.0)
2024-07-26 22:00:00+00:00,1.467,1.0,ECMWF ERA5-Land Hourly Surface Reanalysis (v1.0)
2024-07-26 23:00:00+00:00,1.355,1.0,ECMWF ERA5-Land Hourly Surface Reanalysis (v1.0)
2024-07-27 00:00:00+00:00,0.82,1.0,ECMWF ERA5-Land Hourly Surface Reanalysis (v1.0)
2024-07-27 01:00:00+00:00,0.143,1.0,ECMWF ERA5-Land Hourly Surface Reanalysis (v1.0)
2024-07-27 02:00:00+00:00,0.155,1.0,ECMWF ERA5-Land Hourly Surface Reanalysis (v1.0)
2024-07-27 03:00:00+00:00,0.201,1.0,ECMWF ERA5-Land Hourly Surface Reanalysis (v1.0)
2024-07-27 04:00:00+00:00,0.277,1.0,ECMWF ERA5-Land Hourly Surface Reanalysis (v1.0)
2024-07-27 05:00:00+00:00,0.747,1.0,ECMWF ERA5-Land Hourly Surface Reanalysis (v1.0)
2024-07-27 06:00:00+00:00,1.285,1.0,ECMWF ERA5-Land Hourly Surface Reanalysis (v1.0)
2024-07-27 07:00:00+00:00,0.927,1.0,ECMWF ERA5-Land Hourly Surface Reanalysis (v1.0)
2024-07-27 08:00:00+00:00,0.708,1.0,ECMWF ERA5-Land Hourly Surface Reanalysis (v1.0)
2024-07-27 09:00:00+00:00,0.872,1.0,ECMWF ERA5-Land Hourly Surface Reanalysis (v1.0)
2024-07-27 10:00:00+00:00,0.862,1.0,ECMWF ERA5-Land Hourly Surface Reanalysis (v1.0)
2024-07-27 11:00:00+00:00,0.898,1.0,ECMWF ERA5-Land Hourly Surface Reanalysis (v1.0)
2024-07-27 12:00:00+00:00,0.395,1.0,ECMWF ERA5-Land Hourly Surface Reanalysis (v1.0)
2024-07-27 13:00:00+00:00,0.038,1.0,ECMWF ERA5-Land Hourly Surface Reanalysis (v1.0)
2024-07-27 14:00:00+00:00,0.068,1.0,ECMWF ERA5-Land Hourly Surface Reanalysis (v1.0)
2024-07-27 15:00:00+00:00,0.035,1.0,ECMWF ERA5-Land Hourly Surface Reanalysis (v1.0)
2024-07-27 16:00:00+00:00,0.133,1.0,ECMWF ERA5-Land Hourly Surface Reanalysis (v1.0)
2024-07-27 17:00:00+00:00,0.552,1.0,ECMWF ERA5-Land Hourly Surface Reanalysis (v1.0)
2024-07-27 18:00:00+00:00,0.808,1.0,ECMWF ERA5-Land Hourly Surface Reanalysis (v1.0)
2024-07-27 19:00:00+00:00,0.541,1.0,ECMWF ERA5-Land Hourly Surface Reanalysis (v1.0)
2024-07-27 20:00:00+00:00,0.288,1.0,ECMWF ERA5-Land Hourly Surface Reanalysis (v1.0)
2024-07-27 21:00:00+00:00,0.128,1.0,ECMWF ERA5-Land Hourly Surface Reanalysis (v1.0)
2024-07-27 22:00:00+00:00,0.03,1.0,ECMWF ERA5-Land Hourly Surface Reanalysis (v1.0)
2024-07-27 23:00:00+00:00,0.015,1.0,ECMWF ERA5-Land Hourly Surface Reanalysis (v1.0)
2024-07-28 00:00:00+00:00,0.008,1.0,ECMWF ERA5-Land Hourly Surface Reanalysis (v1.0)
2024-07-28 01:00:00+00:00,0.029,1.0,ECMWF ERA5-Land Hourly Surface Reanalysis (v1.0)
2024-07-28 02:00:00+00:00,0.002,1.0,ECMWF ERA5-Land Hourly Surface Reanalysis (v1.0)
2024-07-28 03:00:00+00:00,0.018,1.0,ECMWF ERA5-Land Hourly Surface Reanalysis (v1.0)
2024-07-28 04:00:00+00:00,0.052,1.0,ECMWF ERA5-Land Hourly Surface Reanalysis (v1.0)
2024-07-28 05:00:00+00:00,0.089,1.0,ECMWF ERA5-Land Hourly Surface Reanalysis (v1.0)
2024-07-28 06:00:00+00:00,0.262,1.0,ECMWF ERA5-Land Hourly Surface Reanalysis (v1.0)
2024-07-28 07:00:00+00:00,0.427,1.0,ECMWF ERA5-Land Hourly Surface Reanalysis (v1.0)
2024-07-28 08:00:00+00:00,0.716,1.0,ECMWF ERA5-Land Hourly Surface Reanalysis (v1.0)
2024-07-28 09:00:00+00:00,0.787,1.0,ECMWF ERA5-Land Hourly Surface Reanalysis (v1.0)
2024-07-28 10:00:00+00:00,0.882,1.0,ECMWF ERA5-Land Hourly Surface Reanalysis (v1.0)
2024-07-28 11:00:00+00:00,0.47,1.0,ECMWF ERA5-Land Hourly Surface Reanalysis (v1.0)
2024-07-28 12:00:00+00:00,0.284,1.0,ECMWF ERA5-Land Hourly Surface Reanalysis (v1.0)
2024-07-28 13:00:00+00:00,0.032,1.0,ECMWF ERA5-Land Hourly Surface Reanalysis (v1.0)
2024-07-28 14:00:00+00:00,0.009,1.0,ECMWF ERA5-Land Hourly Surface Reanalysis (v1.0)
2024-07-28 15:00:00+00:00,0.005,1.0,ECMWF ERA5-Land Hourly Surface Reanalysis (v1.0)
2024-07-28 16:00:00+00:00,0.011,1.0,ECMWF ERA5-Land Hourly Surface Reanalysis (v1.0)
2024-07-28 17:00:00+00:00,0.064,1.0,ECMWF ERA5-Land Hourly Surface Reanalysis (v1.0)
2024-07-28 18:00:00+00:00,0.185,1.0,ECMWF ERA5-Land Hourly Surface Reanalysis (v1.0)
2024-07-28 19:00:00+00:00,0.483,1.0,ECMWF ERA5-Land Hourly Surface Reanalysis (v1.0)
2024-07-28 20:00:00+00:00,0.503,1.0,ECMWF ERA5-Land Hourly Surface Reanalysis (v1.0)
2024-07-28 21:00:00+00:00,0.34,1.0,ECMWF ERA5-Land Hourly Surface Reanalysis (v1.0)
2024-07-28 22:00:00+00:00,0.328,1.0,ECMWF ERA5-Land Hourly Surface Reanalysis (v1.0)
2024-07-28 23:00:00+00:00,0.449,1.0,ECMWF ERA5-Land Hourly Surface Reanalysis (v1.0)
2024-07-29 00:00:00+00:00,0.169,1.0,ECMWF ERA5-Land Hourly Surface Reanalysis (v1.0)
2024-07-29 01:00:00+00:00,0.0,1.0,ECMWF ERA5-Land Hourly Surface Reanalysis (v1.0)
2024-07-29 02:00:00+00:00,0.0,1.0,ECMWF ERA5-Land Hourly Surface Reanalysis (v1.0)
2024-07-29 03:00:00+00:00,0.004,1.0,ECMWF ERA5-Land Hourly Surface Reanalysis (v1.0)
2024-07-29 04:00:00+00:00,0.036,1.0,ECMWF ERA5-Land Hourly Surface Reanalysis (v1.0)
2024-07-29 05:00:00+00:00,0.101,1.0,ECMWF ERA5-Land Hourly Surface Reanalysis (v1.0)
2024-07-29 06:00:00+00:00,0.19,1.0,ECMWF ERA5-Land Hourly Surface Reanalysis (v1.0)
2024-07-29 07:00:00+00:00,0.194,1.0,ECMWF ERA5-Land Hourly Surface Reanalysis (v1.0)
2024-07-29 08:00:00+00:00,0.322,1.0,ECMWF ERA5-Land Hourly Surface Reanalysis (v1.0)
2024-07-29 09:00:00+00:00,0.58,1.0,ECMWF ERA5-Land Hourly Surface Reanalysis (v1.0)
2024-07-29 10:00:00+00:00,0.499,1.0,ECMWF ERA5-Land Hourly Surface Reanalysis (v1.0)
2024-07-29 11:00:00+00:00,0.393,1.0,ECMWF ERA5-Land Hourly Surface Reanalysis (v1.0)
2024-07-29 12:00:00+00:00,0.416,1.0,ECMWF ERA5-Land Hourly Surface Reanalysis (v1.0)
2024-07-29 13:00:00+00:00,0.065,1.0,ECMWF ERA5-Land Hourly Surface Reanalysis (v1.0)
2024-07-29 14:00:00+00:00,0.039,1.0,ECMWF ERA5-Land Hourly Surface Reanalysis (v1.0)
2024-07-29 15:00:00+00:00,0.14,1.0,ECMWF ERA5-Land Hourly Surface Reanalysis (v1.0)
2024-07-29 16:00:00+00:00,0.452,1.0,ECMWF ERA5-Land Hourly Surface Reanalysis (v1.0)
2024-07-29 17:00:00+00:00,0.612,1.0,ECMWF ERA5-Land Hourly Surface Reanalysis (v1.0)
2024-07-29 18:00:00+00:00,1.058,1.0,ECMWF ERA5-Land Hourly Surface Reanalysis (v1.0)
2024-07-29 19:00:00+00:00,1.686,1.0,ECMWF ERA5-Land Hourly Surface Reanalysis (v1.0)
2024-07-29 20:00:00+00:00,2.823,1.0,ECMWF ERA5-Land Hourly Surface Reanalysis (v1.0)
2024-07-29 21:00:00+00:00,2.792,1.0,ECMWF ERA5-Land Hourly Surface Reanalysis (v1.0)
2024-07-29 22:00:00+00:00,1.86,1.0,ECMWF ERA5-Land Hourly Surface Reanalysis (v1.0)
2024-07-29 23:00:00+00:00,1.663,1.0,ECMWF ERA5-Land Hourly Surface Reanalysis (v1.0)
2024-07-30 00:00:00+00:00,0.72,1.0,ECMWF ERA5-Land Hourly Surface Reanalysis (v1.0)
2024-07-30 01:00:00+00:00,0.438,1.0,ECMWF ERA5-Land Hourly Surface Reanalysis (v1.0)
2024-07-30 02:00:00+00:00,0.195,1.0,ECMWF ERA5-Land Hourly Surface Reanalysis (v1.0)
2024-07-30 03:00:00+00:00,0.035,1.0,ECMWF ERA5-Land Hourly Surface Reanalysis (v1.0)
2024-07-30 04:00:00+00:00,0.056,1.0,ECMWF ERA5-Land Hourly Surface Reanalysis (v1.0)
2024-07-30 05:00:00+00:00,0.156,1.0,ECMWF ERA5-Land Hourly Surface Reanalysis (v1.0)
2024-07-30 06:00:00+00:00,0.271,1.0,ECMWF ERA5-Land Hourly Surface Reanalysis (v1.0)
2024-07-30 07:00:00+00:00,0.364,1.0,ECMWF ERA5-Land Hourly Surface Reanalysis (v1.0)
2024-07-30 08:00:00+00:00,0.673,1.0,ECMWF ERA5-Land Hourly Surface Reanalysis (v1.0)
2024-07-30 09:00:00+00:00,0.876,1.0,ECMWF ERA5-Land Hourly Surface Reanalysis (v1.0)
2024-07-30 10:00:00+00:00,0.862,1.0,ECMWF ERA5-Land Hourly Surface Reanalysis (v1.0)
2024-07-30 11:00:00+00:00,0.861,1.0,ECMWF ERA5-Land Hourly Surface Reanalysis (v1.0)
2024-07-30 12:00:00+00:00,0.535,1.0,ECMWF ERA5-Land Hourly Surface Reanalysis (v1.0)
2024-07-30 13:00:00+00:00,0.058,1.0,ECMWF ERA5-Land Hourly Surface Reanalysis (v1.0)
2024-07-30 14:00:00+00:00,0.078,1.0,ECMWF ERA5-Land Hourly Surface Reanalysis (v1.0)
2024-07-30 15:00:00+00:00,0.161,1.0,ECMWF ERA5-Land Hourly Surface Reanalysis (v1.0)
2024-07-30 16:00:00+00:00,0.062,1.0,ECMWF ERA5-Land Hourly Surface Reanalysis (v1.0)
2024-07-30 17:00:00+00:00,0.06,1.0,ECMWF ERA5-Land Hourly Surface Reanalysis (v1.0)
2024-07-30 18:00:00+00:00,0.14,1.0,ECMWF ERA5-Land Hourly Surface Reanalysis (v1.0)
2024-07-30 19:00:00+00:00,0.503,1.0,ECMWF ERA5-Land Hourly Surface Reanalysis (v1.0)
2024-07-30 20:00:00+00:00,0.667,1.0,ECMWF ERA5-Land Hourly Surface Reanalysis (v1.0)
2024-07-30 21:00:00+00:00,0.458,1.0,ECMWF ERA5-Land Hourly Surface Reanalysis (v1.0)
2024-07-30 22:00:00+00:00,0.168,1.0,ECMWF ERA5-Land Hourly Surface Reanalysis (v1.0)
2024-07-30 23:00:00+00:00,0.176,1.0,ECMWF ERA5-Land Hourly Surface Reanalysis (v1.0)
2024-07-31 00:00:00+00:00,0.33,1.0,ECMWF ERA5-Land Hourly Surface Reanalysis (v1.0)
2024-07-31 01:00:00+00:00,0.633,1.0,ECMWF ERA5-Land Hourly Surface Reanalysis (v1.0)
2024-07-31 02:00:00+00:00,1.063,1.0,ECMWF ERA5-Land Hourly Surface Reanalysis (v1.0)
2024-07-31 03:00:00+00:00,0.553,1.0,ECMWF ERA5-Land Hourly Surface Reanalysis (v1.0)
2024-07-31 04:00:00+00:00,0.252,1.0,ECMWF ERA5-Land Hourly Surface Reanalysis (v1.0)
2024-07-31 05:00:00+00:00,0.14,1.0,ECMWF ERA5-Land Hourly Surface Reanalysis (v1.0)
2024-07-31 06:00:00+00:00,0.29,1.0,ECMWF ERA5-Land Hourly Surface Reanalysis (v1.0)
2024-07-31 07:00:00+00:00,0.71,1.0,ECMWF ERA5-Land Hourly Surface Reanalysis (v1.0)
2024-07-31 08:00:00+00:00,1.906,1.0,ECMWF ERA5-Land Hourly Surface Reanalysis (v1.0)
2024-07-31 09:00:00+00:00,0.989,1.0,ECMWF ERA5-Land Hourly Surface Reanalysis (v1.0)
2024-07-31 10:00:00+00:00,1.533,1.0,ECMWF ERA5-Land Hourly Surface Reanalysis (v1.0)
2024-07-31 11:00:00+00:00,1.231,1.0,ECMWF ERA5-Land Hourly Surface Reanalysis (v1.0)
2024-07-31 12:00:00+00:00,0.688,1.0,ECMWF ERA5-Land Hourly Surface Reanalysis (v1.0)
2024-07-31 13:00:00+00:00,4.101,1.0,ECMWF ERA5-Land Hourly Surface Reanalysis (v1.0)
2024-07-31 14:00:00+00:00,4.264,1.0,ECMWF ERA5-Land Hourly Surface Reanalysis (v1.0)
2024-07-31 15:00:00+00:00,4.464,1.0,ECMWF ERA5-Land Hourly Surface Reanalysis (v1.0)
2024-07-31 16:00:00+00:00,2.404,1.0,ECMWF ERA5-Land Hourly Surface Reanalysis (v1.0)
2024-07-31 17:00:00+00:00,1.355,1.0,ECMWF ERA5-Land Hourly Surface Reanalysis (v1.0)
2024-07-31 18:00:00+00:00,1.112,1.0,ECMWF ERA5-Land Hourly Surface Reanalysis (v1.0)
2024-07-31 19:00:00+00:00,1.42,1.0,ECMWF ERA5-Land Hourly Surface Reanalysis (v1.0)
2024-07-31 20:00:00+00:00,1.173,1.0,ECMWF ERA5-Land Hourly Surface Reanalysis (v1.0)
2024-07-31 21:00:00+00:00,1.074,1.0,ECMWF ERA5-Land Hourly Surface Reanalysis (v1.0)
2024-07-31 22:00:00+00:00,1.622,1.0,ECMWF ERA5-Land Hourly Surface Reanalysis (v1.0)
2024-07-31 23:00:00+00:00,2.675,1.0,ECMWF ERA5-Land Hourly Surface Reanalysis (v1.0)
2024-08-01 00:00:00+00:00,3.321,1.0,ECMWF ERA5-Land Hourly Surface Reanalysis (v1.0)
2024-08-01 01:00:00+00:00,0.018,1.0,ECMWF ERA5-Land Hourly Surface Reanalysis (v1.0)
2024-08-01 02:00:00+00:00,0.021,1.0,ECMWF ERA5-Land Hourly Surface Reanalysis (v1.0)
2024-08-01 03:00:00+00:00,0.029,1.0,ECMWF ERA5-Land Hourly Surface Reanalysis (v1.0)
2024-08-01 04:00:00+00:00,0.019,1.0,ECMWF ERA5-Land Hourly Surface Reanalysis (v1.0)
2024-08-01 05:00:00+00:00,0.033,1.0,ECMWF ERA5-Land Hourly Surface Reanalysis (v1.0)
2024-08-01 06:00:00+00:00,0.104,1.0,ECMWF ERA5-Land Hourly Surface Reanalysis (v1.0)
2024-08-01 07:00:00+00:00,0.175,1.0,ECMWF ERA5-Land Hourly Surface Reanalysis (v1.0)
2024-08-01 08:00:00+00:00,0.139,1.0,ECMWF ERA5-Land Hourly Surface Reanalysis (v1.0)
2024-08-01 09:00:00+00:00,0.113,1.0,ECMWF ERA5-Land Hourly Surface Reanalysis (v1.0)
2024-08-01 10:00:00+00:00,0.145,1.0,ECMWF ERA5-Land Hourly Surface Reanalysis (v1.0)
2024-08-01 11:00:00+00:00,0.147,1.0,ECMWF ERA5-Land Hourly Surface Reanalysis (v1.0)
2024-08-01 12:00:00+00:00,0.298,1.0,ECMWF ERA5-Land Hourly Surface Reanalysis (v1.0)
2024-08-01 13:00:00+00:00,0.036,1.0,ECMWF ERA5-Land Hourly Surface Reanalysis (v1.0)
2024-08-01 14:00:00+00:00,0.033,1.0,ECMWF ERA5-Land Hourly Surface Reanalysis (v1.0)
2024-08-01 15:00:00+00:00,0.042,1.0,ECMWF ERA5-Land Hourly Surface Reanalysis (v1.0)
2024-08-01 16:00:00+00:00,0.032,1.0,ECMWF ERA5-Land Hourly Surface Reanalysis (v1.0)
2024-08-01 17:00:00+00:00,0.06,1.0,ECMWF ERA5-Land Hourly Surface Reanalysis (v1.0)
2024-08-01 18:00:00+00:00,0.068,1.0,ECMWF ERA5-Land Hourly Surface Reanalysis (v1.0)
2024-08-01 19:00:00+00:00,0.076,1.0,ECMWF ERA5-Land Hourly Surface Reanalysis (v1.0)
2024-08-01 20:00:00+00:00,0.053,1.0,ECMWF ERA5-Land Hourly Surface Reanalysis (v1.0)
2024-08-01 21:00:00+00:00,0.016,1.0,ECMWF ERA5-Land Hourly Surface Reanalysis (v1.0)
2024-08-01 22:00:00+00:00,0.002,1.0,ECMWF ERA5-Land Hourly Surface Reanalysis (v1.0)
2024-08-01 23:00:00+00:00,0.0,1.0,ECMWF ERA5-Land Hourly Surface Reanalysis (v1.0)
2024-08-02 00:00:00+00:00,0.0,1.0,ECMWF ERA5-Land Hourly Surface Reanalysis (v1.0)
2024-08-02 01:00:00+00:00,0.007,1.0,ECMWF ERA5-Land Hourly Surface Reanalysis (v1.0)
2024-08-02 02:00:00+00:00,0.0,1.0,ECMWF ERA5-Land Hourly Surface Reanalysis (v1.0)
2024-08-02 03:00:00+00:00,0.026,1.0,ECMWF ERA5-Land Hourly Surface Reanalysis (v1.0)
2024-08-02 04:00:00+00:00,0.061,1.0,ECMWF ERA5-Land Hourly Surface Reanalysis (v1.0)
2024-08-02 05:00:00+00:00,0.138,1.0,ECMWF ERA5-Land Hourly Surface Reanalysis (v1.0)
2024-08-02 06:00:00+00:00,0.198,1.0,ECMWF ERA5-Land Hourly Surface Reanalysis (v1.0)
2024-08-02 07:00:00+00:00,0.379,1.0,ECMWF ERA5-Land Hourly Surface Reanalysis (v1.0)
2024-08-02 08:00:00+00:00,0.787,1.0,ECMWF ERA5-Land Hourly Surface Reanalysis (v1.0)
2024-08-02 09:00:00+00:00,1.254,1.0,ECMWF ERA5-Land Hourly Surface Reanalysis (v1.0)
2024-08-02 10:00:00+00:00,0.986,1.0,ECMWF ERA5-Land Hourly Surface Reanalysis (v1.0)
2024-08-02 11:00:00+00:00,1.039,1.0,ECMWF ERA5-Land Hourly Surface Reanalysis (v1.0)
2024-08-02 12:00:00+00:00,1.844,1.0,ECMWF ERA5-Land Hourly Surface Reanalysis (v1.0)
2024-08-02 13:00:00+00:00,1.328,1.0,ECMWF ERA5-Land Hourly Surface Reanalysis (v1.0)
2024-08-02 14:00:00+00:00,0.907,1.0,ECMWF ERA5-Land Hourly Surface Reanalysis (v1.0)
2024-08-02 15:00:00+00:00,1.084,1.0,ECMWF ERA5-Land Hourly Surface Reanalysis (v1.0)
2024-08-02 16:00:00+00:00,1.606,1.0,ECMWF ERA5-Land Hourly Surface Reanalysis (v1.0)
2024-08-02 17:00:00+00:00,1.867,1.0,ECMWF ERA5-Land Hourly Surface Reanalysis (v1.0)
2024-08-02 18:00:00+00:00,1.59,1.0,ECMWF ERA5-Land Hourly Surface Reanalysis (v1.0)
2024-08-02 19:00:00+00:00,1.612,1.0,ECMWF ERA5-Land Hourly Surface Reanalysis (v1.0)
2024-08-02 20:00:00+00:00,1.578,1.0,ECMWF ERA5-Land Hourly Surface Reanalysis (v1.0)
2024-08-02 21:00:00+00:00,1.363,1.0,ECMWF ERA5-Land Hourly Surface Reanalysis (v1.0)
2024-08-02 22:00:00+00:00,0.897,1.0,ECMWF ERA5-Land Hourly Surface Reanalysis (v1.0)
2024-08-02 23:00:00+00:00,0.452,1.0,ECMWF ERA5-Land Hourly Surface Reanalysis (v1.0)
2024-08-03 00:00:00+00:00,0.174,1.0,ECMWF ERA5-Land Hourly Surface Reanalysis (v1.0)
2024-08-03 01:00:00+00:00,0.46,1.0,ECMWF ERA5-Land Hourly Surface Reanalysis (v1.0)
2024-08-03 02:00:00+00:00,0.263,1.0,ECMWF ERA5-Land Hourly Surface Reanalysis (v1.0)
2024-08-03 03:00:00+00:00,0.104,1.0,ECMWF ERA5-Land Hourly Surface Reanalysis (v1.0)
2024-08-03 04:00:00+00:00,0.102,1.0,ECMWF ERA5-Land Hourly Surface Reanalysis (v1.0)
2024-08-03 05:00:00+00:00,0.182,1.0,ECMWF ERA5-Land Hourly Surface Reanalysis (v1.0)
2024-08-03 06:00:00+00:00,0.441,1.0,ECMWF ERA5-Land Hourly Surface Reanalysis (v1.0)
2024-08-03 07:00:00+00:00,0.911,1.0,ECMWF ERA5-Land Hourly Surface Reanalysis (v1.0)
2024-08-03 08:00:00+00:00,1.125,1.0,ECMWF ERA5-Land Hourly Surface Reanalysis (v1.0)
2024-08-03 09:00:00+00:00,0.958,1.0,ECMWF ERA5-Land Hourly Surface Reanalysis (v1.0)
2024-08-03 10:00:00+00:00,0.834,1.0,ECMWF ERA5-Land Hourly Surface Reanalysis (v1.0)
2024-08-03 11:00:00+00:00,0.64,1.0,ECMWF ERA5-Land Hourly Surface Reanalysis (v1.0)
2024-08-03 12:00:00+00:00,0.283,1.0,ECMWF ERA5-Land Hourly Surface Reanalysis (v1.0)
2024-08-03 13:00:00+00:00,0.093,1.0,ECMWF ERA5-Land Hourly Surface Reanalysis (v1.0)
2024-08-03 14:00:00+00:00,0.102,1.0,ECMWF ERA5-Land Hourly Surface Reanalysis (v1.0)
2024-08-03 15:00:00+00:00,0.547,1.0,ECMWF ERA5-Land Hourly Surface Reanalysis (v1.0)
2024-08-03 16:00:00+00:00,0.782,1.0,ECMWF ERA5-Land Hourly Surface Reanalysis (v1.0)
2024-08-03 17:00:00+00:00,0.807,1.0,ECMWF ERA5-Land Hourly Surface Reanalysis (v1.0)
2024-08-03 18:00:00+00:00,0.691,1.0,ECMWF ERA5-Land Hourly Surface Reanalysis (v1.0)
2024-08-03 19:00:00+00:00,0.415,1.0,ECMWF ERA5-Land Hourly Surface Reanalysis (v1.0)
2024-08-03 20:00:00+00:00,0.324,1.0,ECMWF ERA5-Land Hourly Surface Reanalysis (v1.0)
2024-08-03 21:00:00+00:00,0.226,1.0,ECMWF ERA5-Land Hourly Surface Reanalysis (v1.0)
2024-08-03 22:00:00+00:00,0.113,1.0,ECMWF ERA5-Land Hourly Surface Reanalysis (v1.0)
2024-08-03 23:00:00+00:00,0.016,1.0,ECMWF ERA5-Land Hourly Surface Reanalysis (v1.0)
2024-08-04 00:00:00+00:00,0.001,1.0,ECMWF ERA5-Land Hourly Surface Reanalysis (v1.0)
2024-08-04 01:00:00+00:00,0.0,1.0,ECMWF ERA5-Land Hourly Surface Reanalysis (v1.0)
2024-08-04 02:00:00+00:00,0.0,1.0,ECMWF ERA5-Land Hourly Surface Reanalysis (v1.0)
2024-08-04 03:00:00+00:00,0.009,1.0,ECMWF ERA5-Land Hourly Surface Reanalysis (v1.0)
2024-08-04 04:00:00+00:00,0.049,1.0,ECMWF ERA5-Land Hourly Surface Reanalysis (v1.0)
2024-08-04 05:00:00+00:00,0.133,1.0,ECMWF ERA5-Land Hourly Surface Reanalysis (v1.0)
2024-08-04 06:00:00+00:00,0.352,1.0,ECMWF ERA5-Land Hourly Surface Reanalysis (v1.0)
2024-08-04 07:00:00+00:00,0.459,1.0,ECMWF ERA5-Land Hourly Surface Reanalysis (v1.0)
2024-08-04 08:00:00+00:00,0.681,1.0,ECMWF ERA5-Land Hourly Surface Reanalysis (v1.0)
2024-08-04 09:00:00+00:00,0.671,1.0,ECMWF ERA5-Land Hourly Surface Reanalysis (v1.0)
2024-08-04 10:00:00+00:00,0.675,1.0,ECMWF ERA5-Land Hourly Surface Reanalysis (v1.0)
2024-08-04 11:00:00+00:00,0.771,1.0,ECMWF ERA5-Land Hourly Surface Reanalysis (v1.0)
2024-08-04 12:00:00+00:00,0.437,1.0,ECMWF ERA5-Land Hourly Surface Reanalysis (v1.0)
2024-08-04 13:00:00+00:00,0.104,1.0,ECMWF ERA5-Land Hourly Surface Reanalysis (v1.0)
2024-08-04 14:00:00+00:00,0.146,1.0,ECMWF ERA5-Land Hourly Surface Reanalysis (v1.0)
2024-08-04 15:00:00+00:00,0.153,1.0,ECMWF ERA5-Land Hourly Surface Reanalysis (v1.0)
2024-08-04 16:00:00+00:00,0.16,1.0,ECMWF ERA5-Land Hourly Surface Reanalysis (v1.0)
2024-08-04 17:00:00+00:00,0.492,1.0,ECMWF ERA5-Land Hourly Surface Reanalysis (v1.0)
2024-08-04 18:00:00+00:00,0.878,1.0,ECMWF ERA5-Land Hourly Surface Reanalysis (v1.0)
2024-08-04 19:00:00+00:00,0.761,1.0,ECMWF ERA5-Land Hourly Surface Reanalysis (v1.0)
2024-08-04 20:00:00+00:00,0.544,1.0,ECMWF ERA5-Land Hourly Surface Reanalysis (v1.0)
2024-08-04 21:00:00+00:00,0.511,1.0,ECMWF ERA5-Land Hourly Surface Reanalysis (v1.0)
2024-08-04 22:00:00+00:00,0.427,1.0,ECMWF ERA5-Land Hourly Surface Reanalysis (v1.0)
2024-08-04 23:00:00+00:00,0.219,1.0,ECMWF ERA5-Land Hourly Surface Reanalysis (v1.0)
2024-08-05 00:00:00+00:00,0.059,1.0,ECMWF ERA5-Land Hourly Surface Reanalysis (v1.0)
2024-08-05 01:00:00+00:00,0.044,1.0,ECMWF ERA5-Land Hourly Surface Reanalysis (v1.0)
2024-08-05 02:00:00+00:00,0.044,1.0,ECMWF ERA5-Land Hourly Surface Reanalysis (v1.0)
2024-08-05 03:00:00+00:00,0.012,1.0,ECMWF ERA5-Land Hourly Surface Reanalysis (v1.0)
2024-08-05 04:00:00+00:00,0.059,1.0,ECMWF ERA5-Land Hourly Surface Reanalysis (v1.0)
2024-08-05 05:00:00+00:00,0.122,1.0,ECMWF ERA5-Land Hourly Surface Reanalysis (v1.0)
2024-08-05 06:00:00+00:00,0.285,1.0,ECMWF ERA5-Land Hourly Surface Reanalysis (v1.0)
2024-08-05 07:00:00+00:00,0.542,1.0,ECMWF ERA5-Land Hourly Surface Reanalysis (v1.0)
2024-08-05 08:00:00+00:00,1.699,1.0,ECMWF ERA5-Land Hourly Surface Reanalysis (v1.0)
2024-08-05 09:00:00+00:00,1.446,1.0,ECMWF ERA5-Land Hourly Surface Reanalysis (v1.0)
2024-08-05 10:00:00+00:00,1.101,1.0,ECMWF ERA5-Land Hourly Surface Reanalysis (v1.0)
2024-08-05 11:00:00+00:00,0.613,1.0,ECMWF ERA5-Land Hourly Surface Reanalysis (v1.0)
2024-08-05 12:00:00+00:00,0.642,1.0,ECMWF ERA5-Land Hourly Surface Reanalysis (v1.0)
2024-08-05 13:00:00+00:00,0.064,1.0,ECMWF ERA5-Land Hourly Surface Reanalysis (v1.0)
2024-08-05 14:00:00+00:00,0.03,1.0,ECMWF ERA5-Land Hourly Surface Reanalysis (v1.0)
2024-08-05 15:00:00+00:00,0.02,1.0,ECMWF ERA5-Land Hourly Surface Reanalysis (v1.0)
2024-08-05 16:00:00+00:00,0.005,1.0,ECMWF ERA5-Land Hourly Surface Reanalysis (v1.0)
2024-08-05 17:00:00+00:00,0.008,1.0,ECMWF ERA5-Land Hourly Surface Reanalysis (v1.0)
2024-08-05 18:00:00+00:00,0.102,1.0,ECMWF ERA5-Land Hourly Surface Reanalysis (v1.0)
2024-08-05 19:00:00+00:00,0.292,1.0,ECMWF ERA5-Land Hourly Surface Reanalysis (v1.0)
2024-08-05 20:00:00+00:00,0.378,1.0,ECMWF ERA5-Land Hourly Surface Reanalysis (v1.0)
2024-08-05 21:00:00+00:00,0.335,1.0,ECMWF ERA5-Land Hourly Surface Reanalysis (v1.0)
2024-08-05 22:00:00+00:00,0.407,1.0,ECMWF ERA5-Land Hourly Surface Reanalysis (v1.0)
2024-08-05 23:00:00+00:00,0.69,1.0,ECMWF ERA5-Land Hourly Surface Reanalysis (v1.0)
2024-08-06 00:00:00+00:00,1.005,1.0,ECMWF ERA5-Land Hourly Surface Reanalysis (v1.0)
2024-08-06 01:00:00+00:00,0.76,1.0,ECMWF ERA5-Land Hourly Surface Reanalysis (v1.0)
2024-08-06 02:00:00+00:00,0.808,1.0,ECMWF ERA5-Land Hourly Surface Reanalysis (v1.0)
2024-08-06 03:00:00+00:00,0.338,1.0,ECMWF ERA5-Land Hourly Surface Reanalysis (v1.0)
2024-08-06 04:00:00+00:00,0.26,1.0,ECMWF ERA5-Land Hourly Surface Reanalysis (v1.0)
2024-08-06 05:00:00+00:00,0.196,1.0,ECMWF ERA5-Land Hourly Surface Reanalysis (v1.0)
2024-08-06 06:00:00+00:00,0.203,1.0,ECMWF ERA5-Land Hourly Surface Reanalysis (v1.0)
2024-08-06 07:00:00+00:00,0.545,1.0,ECMWF ERA5-Land Hourly Surface Reanalysis (v1.0)
2024-08-06 08:00:00+00:00,0.983,1.0,ECMWF ERA5-Land Hourly Surface Reanalysis (v1.0)
2024-08-06 09:00:00+00:00,1.746,1.0,ECMWF ERA5-Land Hourly Surface Reanalysis (v1.0)
2024-08-06 10:00:00+00:00,1.774,1.0,ECMWF ERA5-Land Hourly Surface Reanalysis (v1.0)
2024-08-06 11:00:00+00:00,1.641,1.0,ECMWF ERA5-Land Hourly Surface Reanalysis (v1.0)
2024-08-06 12:00:00+00:00,1.161,1.0,ECMWF ERA5-Land Hourly Surface Reanalysis (v1.0)
2024-08-06 13:00:00+00:00,0.503,1.0,ECMWF ERA5-Land Hourly Surface Reanalysis (v1.0)
2024-08-06 14:00:00+00:00,0.156,1.0,ECMWF ERA5-Land Hourly Surface Reanalysis (v1.0)
2024-08-06 15:00:00+00:00,0.158,1.0,ECMWF ERA5-Land Hourly Surface Reanalysis (v1.0)
2024-08-06 16:00:00+00:00,0.158,1.0,ECMWF ERA5-Land Hourly Surface Reanalysis (v1.0)
2024-08-06 17:00:00+00:00,0.098,1.0,ECMWF ERA5-Land Hourly Surface Reanalysis (v1.0)
2024-08-06 18:00:00+00:00,0.08,1.0,ECMWF ERA5-Land Hourly Surface Reanalysis (v1.0)
2024-08-06 19:00:00+00:00,0.134,1.0,ECMWF ERA5-Land Hourly Surface Reanalysis (v1.0)
2024-08-06 20:00:00+00:00,0.329,1.0,ECMWF ERA5-Land Hourly Surface Reanalysis (v1.0)
2024-08-06 21:00:00+00:00,0.317,1.0,ECMWF ERA5-Land Hourly Surface Reanalysis (v1.0)
2024-08-06 22:00:00+00:00,0.153,1.0,ECMWF ERA5-Land Hourly Surface Reanalysis (v1.0)
2024-08-06 23:00:00+00:00,0.184,1.0,ECMWF ERA5-Land Hourly Surface Reanalysis (v1.0)
2024-08-07 00:00:00+00:00,0.279,1.0,ECMWF ERA5-Land Hourly Surface Reanalysis (v1.0)
2024-08-07 01:00:00+00:00,1.22,1.0,ECMWF ERA5-Land Hourly Surface Reanalysis (v1.0)
2024-08-07 02:00:00+00:00,1.521,1.0,ECMWF ERA5-Land Hourly Surface Reanalysis (v1.0)
2024-08-07 03:00:00+00:00,0.852,1.0,ECMWF ERA5-Land Hourly Surface Reanalysis (v1.0)
2024-08-07 04:00:00+00:00,0.649,1.0,ECMWF ERA5-Land Hourly Surface Reanalysis (v1.0)
2024-08-07 05:00:00+00:00,0.838,1.0,ECMWF ERA5-Land Hourly Surface Reanalysis (v1.0)
2024-08-07 06:00:00+00:00,0.761,1.0,ECMWF ERA5-Land Hourly Surface Reanalysis (v1.0)
2024-08-07 07:00:00+00:00,0.803,1.0,ECMWF ERA5-Land Hourly Surface Reanalysis (v1.0)
2024-08-07 08:00:00+00:00,0.864,1.0,ECMWF ERA5-Land Hourly Surface Reanalysis (v1.0)
2024-08-07 09:00:00+00:00,0.777,1.0,ECMWF ERA5-Land Hourly Surface Reanalysis (v1.0)
2024-08-07 10:00:00+00:00,0.476,1.0,ECMWF ERA5-Land Hourly Surface Reanalysis (v1.0)
2024-08-07 11:00:00+00:00,0.213,1.0,ECMWF ERA5-Land Hourly Surface Reanalysis (v1.0)
2024-08-07 12:00:00+00:00,0.163,1.0,ECMWF ERA5-Land Hourly Surface Reanalysis (v1.0)
2024-08-07 13:00:00+00:00,0.21,1.0,ECMWF ERA5-Land Hourly Surface Reanalysis (v1.0)
2024-08-07 14:00:00+00:00,0.259,1.0,ECMWF ERA5-Land Hourly Surface Reanalysis (v1.0)
2024-08-07 15:00:00+00:00,0.344,1.0,ECMWF ERA5-Land Hourly Surface Reanalysis (v1.0)
2024-08-07 16:00:00+00:00,0.316,1.0,ECMWF ERA5-Land Hourly Surface Reanalysis (v1.0)
2024-08-07 17:00:00+00:00,0.212,1.0,ECMWF ERA5-Land Hourly Surface Reanalysis (v1.0)
2024-08-07 18:00:00+00:00,0.209,1.0,ECMWF ERA5-Land Hourly Surface Reanalysis (v1.0)
2024-08-07 19:00:00+00:00,0.221,1.0,ECMWF ERA5-Land Hourly Surface Reanalysis (v1.0)
2024-08-07 20:00:00+00:00,0.2,1.0,ECMWF ERA5-Land Hourly Surface Reanalysis (v1.0)
2024-08-07 21:00:00+00:00,0.157,1.0,ECMWF ERA5-Land Hourly Surface Reanalysis (v1.0)
2024-08-07 22:00:00+00:00,0.116,1.0,ECMWF ERA5-Land Hourly Surface Reanalysis (v1.0)
2024-08-07 23:00:00+00:00,0.049,1.0,ECMWF ERA5-Land Hourly Surface Reanalysis (v1.0)
2024-08-08 00:00:00+00:00,0.025,1.0,ECMWF ERA5-Land Hourly Surface Reanalysis (v1.0)
2024-08-08 01:00:00+00:00,0.0,1.0,ECMWF ERA5-Land Hourly Surface Reanalysis (v1.0)
2024-08-08 02:00:00+00:00,0.001,1.0,ECMWF ERA5-Land Hourly Surface Reanalysis (v1.0)
2024-08-08 03:00:00+00:00,0.007,1.0,ECMWF ERA5-Land Hourly Surface Reanalysis (v1.0)
2024-08-08 04:00:00+00:00,0.011,1.0,ECMWF ERA5-Land Hourly Surface Reanalysis (v1.0)
2024-08-08 05:00:00+00:00,0.14,1.0,ECMWF ERA5-Land Hourly Surface Reanalysis (v1.0)
2024-08-08 06:00:00+00:00,0.329,1.0,ECMWF ERA5-Land Hourly Surface Reanalysis (v1.0)
2024-08-08 07:00:00+00:00,0.494,1.0,ECMWF ERA5-Land Hourly Surface Reanalysis (v1.0)
2024-08-08 08:00:00+00:00,1.568,1.0,ECMWF ERA5-Land Hourly Surface Reanalysis (v1.0)
2024-08-08 09:00:00+00:00,1.173,1.0,ECMWF ERA5-Land Hourly Surface Reanalysis (v1.0)
2024-08-08 10:00:00+00:00,0.607,1.0,ECMWF ERA5-Land Hourly Surface Reanalysis (v1.0)
2024-08-08 11:00:00+00:00,0.473,1.0,ECMWF ERA5-Land Hourly Surface Reanalysis (v1.0)
2024-08-08 12:00:00+00:00,0.284,1.0,ECMWF ERA5-Land Hourly Surface Reanalysis (v1.0)
2024-08-08 13:00:00+00:00,0.222,1.0,ECMWF ERA5-Land Hourly Surface Reanalysis (v1.0)
2024-08-08 14:00:00+00:00,0.211,1.0,ECMWF ERA5-Land Hourly Surface Reanalysis (v1.0)
2024-08-08 15:00:00+00:00,0.428,1.0,ECMWF ERA5-Land Hourly Surface Reanalysis (v1.0)
2024-08-08 16:00:00+00:00,0.332,1.0,ECMWF ERA5-Land Hourly Surface Reanalysis (v1.0)
2024-08-08 17:00:00+00:00,0.22,1.0,ECMWF ERA5-Land Hourly Surface Reanalysis (v1.0)
2024-08-08 18:00:00+00:00,0.235,1.0,ECMWF ERA5-Land Hourly Surface Reanalysis (v1.0)
2024-08-08 19:00:00+00:00,0.228,1.0,ECMWF ERA5-Land Hourly Surface Reanalysis (v1.0)
2024-08-08 20:00:00+00:00,0.163,1.0,ECMWF ERA5-Land Hourly Surface Reanalysis (v1.0)
2024-08-08 21:00:00+00:00,0.164,1.0,ECMWF ERA5-Land Hourly Surface Reanalysis (v1.0)
2024-08-08 22:00:00+00:00,0.069,1.0,ECMWF ERA5-Land Hourly Surface Reanalysis (v1.0)
2024-08-08 23:00:00+00:00,0.028,1.0,ECMWF ERA5-Land Hourly Surface Reanalysis (v1.0)
2024-08-09 00:00:00+00:00,0.029,1.0,ECMWF ERA5-Land Hourly Surface Reanalysis (v1.0)
2024-08-09 01:00:00+00:00,0.014,1.0,ECMWF ERA5-Land Hourly Surface Reanalysis (v1.0)
2024-08-09 02:00:00+00:00,0.008,1.0,ECMWF ERA5-Land Hourly Surface Reanalysis (v1.0)
2024-08-09 03:00:00+00:00,0.032,1.0,ECMWF ERA5-Land Hourly Surface Reanalysis (v1.0)
2024-08-09 04:00:00+00:00,0.123,1.0,ECMWF ERA5-Land Hourly Surface Reanalysis (v1.0)
2024-08-09 05:00:00+00:00,0.237,1.0,ECMWF ERA5-Land Hourly Surface Reanalysis (v1.0)
2024-08-09 06:00:00+00:00,0.39,1.0,ECMWF ERA5-Land Hourly Surface Reanalysis (v1.0)
2024-08-09 07:00:00+00:00,1.128,1.0,ECMWF ERA5-Land Hourly Surface Reanalysis (v1.0)
2024-08-09 08:00:00+00:00,1.76,1.0,ECMWF ERA5-Land Hourly Surface Reanalysis (v1.0)
2024-08-09 09:00:00+00:00,1.372,1.0,ECMWF ERA5-Land Hourly Surface Reanalysis (v1.0)
2024-08-09 10:00:00+00:00,1.114,1.0,ECMWF ERA5-Land Hourly Surface Reanalysis (v1.0)
2024-08-09 11:00:00+00:00,0.782,1.0,ECMWF ERA5-Land Hourly Surface Reanalysis (v1.0)
2024-08-09 12:00:00+00:00,0.874,1.0,ECMWF ERA5-Land Hourly Surface Reanalysis (v1.0)
2024-08-09 13:00:00+00:00,0.088,1.0,ECMWF ERA5-Land Hourly Surface Reanalysis (v1.0)
2024-08-09 14:00:00+00:00,0.27,1.0,ECMWF ERA5-Land Hourly Surface Reanalysis (v1.0)
2024-08-09 15:00:00+00:00,0.195,1.0,ECMWF ERA5-Land Hourly Surface Reanalysis (v1.0)
2024-08-09 16:00:00+00:00,0.154,1.0,ECMWF ERA5-Land Hourly Surface Reanalysis (v1.0)
2024-08-09 17:00:00+00:00,0.07,1.0,ECMWF ERA5-Land Hourly Surface Reanalysis (v1.0)
2024-08-09 18:00:00+00:00,0.076,1.0,ECMWF ERA5-Land Hourly Surface Reanalysis (v1.0)
2024-08-09 19:00:00+00:00,0.023,1.0,ECMWF ERA5-Land Hourly Surface Reanalysis (v1.0)
2024-08-09 20:00:00+00:00,0.044,1.0,ECMWF ERA5-Land Hourly Surface Reanalysis (v1.0)
2024-08-09 21:00:00+00:00,0.076,1.0,ECMWF ERA5-Land Hourly Surface Reanalysis (v1.0)
2024-08-09 22:00:00+00:00,0.093,1.0,ECMWF ERA5-Land Hourly Surface Reanalysis (v1.0)
2024-08-09 23:00:00+00:00,0.062,1.0,ECMWF ERA5-Land Hourly Surface Reanalysis (v1.0)
2024-08-10 00:00:00+00:00,0.031,1.0,ECMWF ERA5-Land Hourly Surface Reanalysis (v1.0)
2024-08-10 01:00:00+00:00,0.081,1.0,ECMWF ERA5-Land Hourly Surface Reanalysis (v1.0)
2024-08-10 02:00:00+00:00,0.054,1.0,ECMWF ERA5-Land Hourly Surface Reanalysis (v1.0)
2024-08-10 03:00:00+00:00,0.133,1.0,ECMWF ERA5-Land Hourly Surface Reanalysis (v1.0)
2024-08-10 04:00:00+00:00,0.15,1.0,ECMWF ERA5-Land Hourly Surface Reanalysis (v1.0)
2024-08-10 05:00:00+00:00,0.107,1.0,ECMWF ERA5-Land Hourly Surface Reanalysis (v1.0)
2024-08-10 06:00:00+00:00,0.134,1.0,ECMWF ERA5-Land Hourly Surface Reanalysis (v1.0)
2024-08-10 07:00:00+00:00,0.555,1.0,ECMWF ERA5-Land Hourly Surface Reanalysis (v1.0)
2024-08-10 08:00:00+00:00,0.824,1.0,ECMWF ERA5-Land Hourly Surface Reanalysis (v1.0)
2024-08-10 09:00:00+00:00,0.989,1.0,ECMWF ERA5-Land Hourly Surface Reanalysis (v1.0)
2024-08-10 10:00:00+00:00,0.557,1.0,ECMWF ERA5-Land Hourly Surface Reanalysis (v1.0)
2024-08-10 11:00:00+00:00,0.904,1.0,ECMWF ERA5-Land Hourly Surface Reanalysis (v1.0)
2024-08-10 12:00:00+00:00,0.289,1.0,ECMWF ERA5-Land Hourly Surface Reanalysis (v1.0)
2024-08-10 13:00:00+00:00,0.132,1.0,ECMWF ERA5-Land Hourly Surface Reanalysis (v1.0)
2024-08-10 14:00:00+00:00,0.074,1.0,ECMWF ERA5-Land Hourly Surface Reanalysis (v1.0)
2024-08-10 15:00:00+00:00,0.022,1.0,ECMWF ERA5-Land Hourly Surface Reanalysis (v1.0)
2024-08-10 16:00:00+00:00,0.014,1.0,ECMWF ERA5-Land Hourly Surface Reanalysis (v1.0)
2024-08-10 17:00:00+00:00,0.003,1.0,ECMWF ERA5-Land Hourly Surface Reanalysis (v1.0)
2024-08-10 18:00:00+00:00,0.024,1.0,ECMWF ERA5-Land Hourly Surface Reanalysis (v1.0)
2024-08-10 19:00:00+00:00,0.046,1.0,ECMWF ERA5-Land Hourly Surface Reanalysis (v1.0)
2024-08-10 20:00:00+00:00,0.02,1.0,ECMWF ERA5-Land Hourly Surface Reanalysis (v1.0)
2024-08-10 21:00:00+00:00,0.022,1.0,ECMWF ERA5-Land Hourly Surface Reanalysis (v1.0)
2024-08-10 22:00:00+00:00,0.011,1.0,ECMWF ERA5-Land Hourly Surface Reanalysis (v1.0)
2024-08-10 23:00:00+00:00,0.031,1.0,ECMWF ERA5-Land Hourly Surface Reanalysis (v1.0)
2024-08-11 00:00:00+00:00,0.12,1.0,ECMWF ERA5-Land Hourly Surface Reanalysis (v1.0)
2024-08-11 01:00:00+00:00,0.823,1.0,ECMWF ERA5-Land Hourly Surface Reanalysis (v1.0)
2024-08-11 02:00:00+00:00,0.573,1.0,ECMWF ERA5-Land Hourly Surface Reanalysis (v1.0)
2024-08-11 03:00:00+00:00,0.465,1.0,ECMWF ERA5-Land Hourly Surface Reanalysis (v1.0)
2024-08-11 04:00:00+00:00,0.39,1.0,ECMWF ERA5-Land Hourly Surface Reanalysis (v1.0)
2024-08-11 05:00:00+00:00,0.776,1.0,ECMWF ERA5-Land Hourly Surface Reanalysis (v1.0)
2024-08-11 06:00:00+00:00,0.812,1.0,ECMWF ERA5-Land Hourly Surface Reanalysis (v1.0)
2024-08-11 07:00:00+00:00,0.791,1.0,ECMWF ERA5-Land Hourly Surface Reanalysis (v1.0)
2024-08-11 08:00:00+00:00,0.947,1.0,ECMWF ERA5-Land Hourly Surface Reanalysis (v1.0)
2024-08-11 09:00:00+00:00,0.558,1.0,ECMWF ERA5-Land Hourly Surface Reanalysis (v1.0)
2024-08-11 10:00:00+00:00,0.439,1.0,ECMWF ERA5-Land Hourly Surface Reanalysis (v1.0)
2024-08-11 11:00:00+00:00,0.678,1.0,ECMWF ERA5-Land Hourly Surface Reanalysis (v1.0)
2024-08-11 12:00:00+00:00,0.762,1.0,ECMWF ERA5-Land Hourly Surface Reanalysis (v1.0)
2024-08-11 13:00:00+00:00,0.367,1.0,ECMWF ERA5-Land Hourly Surface Reanalysis (v1.0)
2024-08-11 14:00:00+00:00,0.147,1.0,ECMWF ERA5-Land Hourly Surface Reanalysis (v1.0)
2024-08-11 15:00:00+00:00,0.087,1.0,ECMWF ERA5-Land Hourly Surface Reanalysis (v1.0)
2024-08-11 16:00:00+00:00,0.057,1.0,ECMWF ERA5-Land Hourly Surface Reanalysis (v1.0)
2024-08-11 17:00:00+00:00,0.01,1.0,ECMWF ERA5-Land Hourly Surface Reanalysis (v1.0)
2024-08-11 18:00:00+00:00,0.0,1.0,ECMWF ERA5-Land Hourly Surface Reanalysis (v1.0)
2024-08-11 19:00:00+00:00,0.013,1.0,ECMWF ERA5-Land Hourly Surface Reanalysis (v1.0)
2024-08-11 20:00:00+00:00,0.163,1.0,ECMWF ERA5-Land Hourly Surface Reanalysis (v1.0)
2024-08-11 21:00:00+00:00,0.16,1.0,ECMWF ERA5-Land Hourly Surface Reanalysis (v1.0)
2024-08-11 22:00:00+00:00,0.114,1.0,ECMWF ERA5-Land Hourly Surface Reanalysis (v1.0)
2024-08-11 23:00:00+00:00,0.065,1.0,ECMWF ERA5-Land Hourly Surface Reanalysis (v1.0)
2024-08-12 00:00:00+00:00,0.072,1.0,ECMWF ERA5-Land Hourly Surface Reanalysis (v1.0)
2024-08-12 01:00:00+00:00,0.048,1.0,ECMWF ERA5-Land Hourly Surface Reanalysis (v1.0)
2024-08-12 02:00:00+00:00,0.076,1.0,ECMWF ERA5-Land Hourly Surface Reanalysis (v1.0)
2024-08-12 03:00:00+00:00,0.122,1.0,ECMWF ERA5-Land Hourly Surface Reanalysis (v1.0)
2024-08-12 04:00:00+00:00,0.154,1.0,ECMWF ERA5-Land Hourly Surface Reanalysis (v1.0)
2024-08-12 05:00:00+00:00,0.372,1.0,ECMWF ERA5-Land Hourly Surface Reanalysis (v1.0)
2024-08-12 06:00:00+00:00,0.681,1.0,ECMWF ERA5-Land Hourly Surface Reanalysis (v1.0)
2024-08-12 07:00:00+00:00,1.042,1.0,ECMWF ERA5-Land Hourly Surface Reanalysis (v1.0)
2024-08-12 08:00:00+00:00,0.813,1.0,ECMWF ERA5-Land Hourly Surface Reanalysis (v1.0)
2024-08-12 09:00:00+00:00,0.739,1.0,ECMWF ERA5-Land Hourly Surface Reanalysis (v1.0)
2024-08-12 10:00:00+00:00,1.448,1.0,ECMWF ERA5-Land Hourly Surface Reanalysis (v1.0)
2024-08-12 11:00:00+00:00,1.216,1.0,ECMWF ERA5-Land Hourly Surface Reanalysis (v1.0)
2024-08-12 12:00:00+00:00,0.48,1.0,ECMWF ERA5-Land Hourly Surface Reanalysis (v1.0)
2024-08-12 13:00:00+00:00,0.155,1.0,ECMWF ERA5-Land Hourly Surface Reanalysis (v1.0)
2024-08-12 14:00:00+00:00,0.097,1.0,ECMWF ERA5-Land Hourly Surface Reanalysis (v1.0)
2024-08-12 15:00:00+00:00,0.112,1.0,ECMWF ERA5-Land Hourly Surface Reanalysis (v1.0)
2024-08-12 16:00:00+00:00,0.152,1.0,ECMWF ERA5-Land Hourly Surface Reanalysis (v1.0)
2024-08-12 17:00:00+00:00,0.106,1.0,ECMWF ERA5-Land Hourly Surface Reanalysis (v1.0)
2024-08-12 18:00:00+00:00,0.054,1.0,ECMWF ERA5-Land Hourly Surface Reanalysis (v1.0)
2024-08-12 19:00:00+00:00,0.076,1.0,ECMWF ERA5-Land Hourly Surface Reanalysis (v1.0)
2024-08-12 20:00:00+00:00,0.029,1.0,ECMWF ERA5-Land Hourly Surface Reanalysis (v1.0)
2024-08-12 21:00:00+00:00,0.029,1.0,ECMWF ERA5-Land Hourly Surface Reanalysis (v1.0)
2024-08-12 22:00:00+00:00,0.032,1.0,ECMWF ERA5-Land Hourly Surface Reanalysis (v1.0)
2024-08-12 23:00:00+00:00,0.016,1.0,ECMWF ERA5-Land Hourly Surface Reanalysis (v1.0)
2024-08-13 00:00:00+00:00,0.005,1.0,ECMWF ERA5-Land Hourly Surface Reanalysis (v1.0)
2024-08-13 01:00:00+00:00,0.543,1.0,ECMWF ERA5-Land Hourly Surface Reanalysis (v1.0)
2024-08-13 02:00:00+00:00,0.338,1.0,ECMWF ERA5-Land Hourly Surface Reanalysis (v1.0)
2024-08-13 03:00:00+00:00,0.184,1.0,ECMWF ERA5-Land Hourly Surface Reanalysis (v1.0)
2024-08-13 04:00:00+00:00,0.276,1.0,ECMWF ERA5-Land Hourly Surface Reanalysis (v1.0)
2024-08-13 05:00:00+00:00,0.326,1.0,ECMWF ERA5-Land Hourly Surface Reanalysis (v1.0)
2024-08-13 06:00:00+00:00,0.557,1.0,ECMWF ERA5-Land Hourly Surface Reanalysis (v1.0)
2024-08-13 07:00:00+00:00,1.254,1.0,ECMWF ERA5-Land Hourly Surface Reanalysis (v1.0)
2024-08-13 08:00:00+00:00,1.45,1.0,ECMWF ERA5-Land Hourly Surface Reanalysis (v1.0)
2024-08-13 09:00:00+00:00,2.036,1.0,ECMWF ERA5-Land Hourly Surface Reanalysis (v1.0)
2024-08-13 10:00:00+00:00,0.972,1.0,ECMWF ERA5-Land Hourly Surface Reanalysis (v1.0)
2024-08-13 11:00:00+00:00,0.762,1.0,ECMWF ERA5-Land Hourly Surface Reanalysis (v1.0)
2024-08-13 12:00:00+00:00,0.713,1.0,ECMWF ERA5-Land Hourly Surface Reanalysis (v1.0)
2024-08-13 13:00:00+00:00,0.164,1.0,ECMWF ERA5-Land Hourly Surface Reanalysis (v1.0)
2024-08-13 14:00:00+00:00,0.184,1.0,ECMWF ERA5-Land Hourly Surface Reanalysis (v1.0)
2024-08-13 15:00:00+00:00,0.186,1.0,ECMWF ERA5-Land Hourly Surface Reanalysis (v1.0)
2024-08-13 16:00:00+00:00,0.202,1.0,ECMWF ERA5-Land Hourly Surface Reanalysis (v1.0)
2024-08-13 17:00:00+00:00,0.491,1.0,ECMWF ERA5-Land Hourly Surface Reanalysis (v1.0)
2024-08-13 18:00:00+00:00,0.361,1.0,ECMWF ERA5-Land Hourly Surface Reanalysis (v1.0)
2024-08-13 19:00:00+00:00,0.448,1.0,ECMWF ERA5-Land Hourly Surface Reanalysis (v1.0)
2024-08-13 20:00:00+00:00,0.701,1.0,ECMWF ERA5-Land Hourly Surface Reanalysis (v1.0)
2024-08-13 21:00:00+00:00,0.542,1.0,ECMWF ERA5-Land Hourly Surface Reanalysis (v1.0)
2024-08-13 22:00:00+00:00,0.453,1.0,ECMWF ERA5-Land Hourly Surface Reanalysis (v1.0)
2024-08-13 23:00:00+00:00,0.262,1.0,ECMWF ERA5-Land Hourly Surface Reanalysis (v1.0)
2024-08-14 00:00:00+00:00,0.162,1.0,ECMWF ERA5-Land Hourly Surface Reanalysis (v1.0)
2024-08-14 01:00:00+00:00,0.134,1.0,ECMWF ERA5-Land Hourly Surface Reanalysis (v1.0)
2024-08-14 02:00:00+00:00,0.04,1.0,ECMWF ERA5-Land Hourly Surface Reanalysis (v1.0)
2024-08-14 03:00:00+00:00,0.005,1.0,ECMWF ERA5-Land Hourly Surface Reanalysis (v1.0)
2024-08-14 04:00:00+00:00,0.023,1.0,ECMWF ERA5-Land Hourly Surface Reanalysis (v1.0)
2024-08-14 05:00:00+00:00,0.1,1.0,ECMWF ERA5-Land Hourly Surface Reanalysis (v1.0)
2024-08-14 06:00:00+00:00,0.264,1.0,ECMWF ERA5-Land Hourly Surface Reanalysis (v1.0)
2024-08-14 07:00:00+00:00,0.331,1.0,ECMWF ERA5-Land Hourly Surface Reanalysis (v1.0)
2024-08-14 08:00:00+00:00,0.335,1.0,ECMWF ERA5-Land Hourly Surface Reanalysis (v1.0)
2024-08-14 09:00:00+00:00,0.433,1.0,ECMWF ERA5-Land Hourly Surface Reanalysis (v1.0)
2024-08-14 10:00:00+00:00,1.299,1.0,ECMWF ERA5-Land Hourly Surface Reanalysis (v1.0)
2024-08-14 11:00:00+00:00,0.748,1.0,ECMWF ERA5-Land Hourly Surface Reanalysis (v1.0)
2024-08-14 12:00:00+00:00,0.204,1.0,ECMWF ERA5-Land Hourly Surface Reanalysis (v1.0)
2024-08-14 13:00:00+00:00,0.057,1.0,ECMWF ERA5-Land Hourly Surface Reanalysis (v1.0)
2024-08-14 14:00:00+00:00,0.004,1.0,ECMWF ERA5-Land Hourly Surface Reanalysis (v1.0)
2024-08-14 15:00:00+00:00,0.031,1.0,ECMWF ERA5-Land Hourly Surface Reanalysis (v1.0)
2024-08-14 16:00:00+00:00,0.255,1.0,ECMWF ERA5-Land Hourly Surface Reanalysis (v1.0)
2024-08-14 17:00:00+00:00,0.331,1.0,ECMWF ERA5-Land Hourly Surface Reanalysis (v1.0)
2024-08-14 18:00:00+00:00,0.164,1.0,ECMWF ERA5-Land Hourly Surface Reanalysis (v1.0)
2024-08-14 19:00:00+00:00,0.151,1.0,ECMWF ERA5-Land Hourly Surface Reanalysis (v1.0)
2024-08-14 20:00:00+00:00,0.337,1.0,ECMWF ERA5-Land Hourly Surface Reanalysis (v1.0)
2024-08-14 21:00:00+00:00,0.111,1.0,ECMWF ERA5-Land Hourly Surface Reanalysis (v1.0)
2024-08-14 22:00:00+00:00,0.009,1.0,ECMWF ERA5-Land Hourly Surface Reanalysis (v1.0)
2024-08-14 23:00:00+00:00,0.013,1.0,ECMWF ERA5-Land Hourly Surface Reanalysis (v1.0)
2024-08-15 00:00:00+00:00,0.053,1.0,ECMWF ERA5-Land Hourly Surface Reanalysis (v1.0)
2024-08-15 01:00:00+00:00,0.017,1.0,ECMWF ERA5-Land Hourly Surface Reanalysis (v1.0)
2024-08-15 02:00:00+00:00,0.173,1.0,ECMWF ERA5-Land Hourly Surface Reanalysis (v1.0)
2024-08-15 03:00:00+00:00,0.228,1.0,ECMWF ERA5-Land Hourly Surface Reanalysis (v1.0)
2024-08-15 04:00:00+00:00,0.099,1.0,ECMWF ERA5-Land Hourly Surface Reanalysis (v1.0)
2024-08-15 05:00:00+00:00,0.09,1.0,ECMWF ERA5-Land Hourly Surface Reanalysis (v1.0)
2024-08-15 06:00:00+00:00,0.135,1.0,ECMWF ERA5-Land Hourly Surface Reanalysis (v1.0)
2024-08-15 07:00:00+00:00,0.491,1.0,ECMWF ERA5-Land Hourly Surface Reanalysis (v1.0)
2024-08-15 08:00:00+00:00,0.848,1.0,ECMWF ERA5-Land Hourly Surface Reanalysis (v1.0)
2024-08-15 09:00:00+00:00,0.982,1.0,ECMWF ERA5-Land Hourly Surface Reanalysis (v1.0)
2024-08-15 10:00:00+00:00,0.197,1.0,ECMWF ERA5-Land Hourly Surface Reanalysis (v1.0)
2024-08-15 11:00:00+00:00,0.195,1.0,ECMWF ERA5-Land Hourly Surface Reanalysis (v1.0)
2024-08-15 12:00:00+00:00,0.216,1.0,ECMWF ERA5-Land Hourly Surface Reanalysis (v1.0)
2024-08-15 13:00:00+00:00,0.003,1.0,ECMWF ERA5-Land Hourly Surface Reanalysis (v1.0)
2024-08-15 14:00:00+00:00,0.004,1.0,ECMWF ERA5-Land Hourly Surface Reanalysis (v1.0)
2024-08-15 15:00:00+00:00,0.004,1.0,ECMWF ERA5-Land Hourly Surface Reanalysis (v1.0)
2024-08-15 16:00:00+00:00,0.1,1.0,ECMWF ERA5-Land Hourly Surface Reanalysis (v1.0)
2024-08-15 17:00:00+00:00,0.499,1.0,ECMWF ERA5-Land Hourly Surface Reanalysis (v1.0)
2024-08-15 18:00:00+00:00,0.673,1.0,ECMWF ERA5-Land Hourly Surface Reanalysis (v1.0)
2024-08-15 19:00:00+00:00,0.124,1.0,ECMWF ERA5-Land Hourly Surface Reanalysis (v1.0)
2024-08-15 20:00:00+00:00,0.023,1.0,ECMWF ERA5-Land Hourly Surface Reanalysis (v1.0)
2024-08-15 21:00:00+00:00,0.017,1.0,ECMWF ERA5-Land Hourly Surface Reanalysis (v1.0)
2024-08-15 22:00:00+00:00,0.118,1.0,ECMWF ERA5-Land Hourly Surface Reanalysis (v1.0)
2024-08-15 23:00:00+00:00,0.071,1.0,ECMWF ERA5-Land Hourly Surface Reanalysis (v1.0)
2024-08-16 00:00:00+00:00,0.004,1.0,ECMWF ERA5-Land Hourly Surface Reanalysis (v1.0)
2024-08-16 01:00:00+00:00,0.0,1.0,ECMWF ERA5-Land Hourly Surface Reanalysis (v1.0)
2024-08-16 02:00:00+00:00,0.001,1.0,ECMWF ERA5-Land Hourly Surface Reanalysis (v1.0)
2024-08-16 03:00:00+00:00,0.002,1.0,ECMWF ERA5-Land Hourly Surface Reanalysis (v1.0)
2024-08-16 04:00:00+00:00,0.029,1.0,ECMWF ERA5-Land Hourly Surface Reanalysis (v1.0)
2024-08-16 05:00:00+00:00,0.108,1.0,ECMWF ERA5-Land Hourly Surface Reanalysis (v1.0)
2024-08-16 06:00:00+00:00,0.209,1.0,ECMWF ERA5-Land Hourly Surface Reanalysis (v1.0)
2024-08-16 07:00:00+00:00,0.231,1.0,ECMWF ERA5-Land Hourly Surface Reanalysis (v1.0)
2024-08-16 08:00:00+00:00,0.44,1.0,ECMWF ERA5-Land Hourly Surface Reanalysis (v1.0)
2024-08-16 09:00:00+00:00,1.268,1.0,ECMWF ERA5-Land Hourly Surface Reanalysis (v1.0)
2024-08-16 10:00:00+00:00,1.166,1.0,ECMWF ERA5-Land Hourly Surface Reanalysis (v1.0)
2024-08-16 11:00:00+00:00,0.367,1.0,ECMWF ERA5-Land Hourly Surface Reanalysis (v1.0)
2024-08-16 12:00:00+00:00,0.146,1.0,ECMWF ERA5-Land Hourly Surface Reanalysis (v1.0)
2024-08-16 13:00:00+00:00,0.296,1.0,ECMWF ERA5-Land Hourly Surface Reanalysis (v1.0)
2024-08-16 14:00:00+00:00,0.253,1.0,ECMWF ERA5-Land Hourly Surface Reanalysis (v1.0)
2024-08-16 15:00:00+00:00,0.436,1.0,ECMWF ERA5-Land Hourly Surface Reanalysis (v1.0)
2024-08-16 16:00:00+00:00,0.284,1.0,ECMWF ERA5-Land Hourly Surface Reanalysis (v1.0)
2024-08-16 17:00:00+00:00,0.098,1.0,ECMWF ERA5-Land Hourly Surface Reanalysis (v1.0)
2024-08-16 18:00:00+00:00,0.014,1.0,ECMWF ERA5-Land Hourly Surface Reanalysis (v1.0)
2024-08-16 19:00:00+00:00,0.001,1.0,ECMWF ERA5-Land Hourly Surface Reanalysis (v1.0)
2024-08-16 20:00:00+00:00,0.005,1.0,ECMWF ERA5-Land Hourly Surface Reanalysis (v1.0)
2024-08-16 21:00:00+00:00,0.007,1.0,ECMWF ERA5-Land Hourly Surface Reanalysis (v1.0)
2024-08-16 22:00:00+00:00,0.002,1.0,ECMWF ERA5-Land Hourly Surface Reanalysis (v1.0)
2024-08-16 23:00:00+00:00,0.001,1.0,ECMWF ERA5-Land Hourly Surface Reanalysis (v1.0)
2024-08-17 00:00:00+00:00,0.0,1.0,ECMWF ERA5-Land Hourly Surface Reanalysis (v1.0)
2024-08-17 01:00:00+00:00,0.547,1.0,ECMWF ERA5-Land Hourly Surface Reanalysis (v1.0)
2024-08-17 02:00:00+00:00,0.924,1.0,ECMWF ERA5-Land Hourly Surface Reanalysis (v1.0)
2024-08-17 03:00:00+00:00,0.089,1.0,ECMWF ERA5-Land Hourly Surface Reanalysis (v1.0)
2024-08-17 04:00:00+00:00,0.092,1.0,ECMWF ERA5-Land Hourly Surface Reanalysis (v1.0)
2024-08-17 05:00:00+00:00,0.055,1.0,ECMWF ERA5-Land Hourly Surface Reanalysis (v1.0)
2024-08-17 06:00:00+00:00,0.078,1.0,ECMWF ERA5-Land Hourly Surface Reanalysis (v1.0)
2024-08-17 07:00:00+00:00,0.174,1.0,ECMWF ERA5-Land Hourly Surface Reanalysis (v1.0)
2024-08-17 08:00:00+00:00,0.356,1.0,ECMWF ERA5-Land Hourly Surface Reanalysis (v1.0)
2024-08-17 09:00:00+00:00,0.506,1.0,ECMWF ERA5-Land Hourly Surface Reanalysis (v1.0)
2024-08-17 10:00:00+00:00,0.751,1.0,ECMWF ERA5-Land Hourly Surface Reanalysis (v1.0)
2024-08-17 11:00:00+00:00,0.302,1.0,ECMWF ERA5-Land Hourly Surface Reanalysis (v1.0)
2024-08-17 12:00:00+00:00,0.035,1.0,ECMWF ERA5-Land Hourly Surface Reanalysis (v1.0)
2024-08-17 13:00:00+00:00,0.096,1.0,ECMWF ERA5-Land Hourly Surface Reanalysis (v1.0)
2024-08-17 14:00:00+00:00,0.074,1.0,ECMWF ERA5-Land Hourly Surface Reanalysis (v1.0)
2024-08-17 15:00:00+00:00,0.065,1.0,ECMWF ERA5-Land Hourly Surface Reanalysis (v1.0)
2024-08-17 16:00:00+00:00,0.093,1.0,ECMWF ERA5-Land Hourly Surface Reanalysis (v1.0)
2024-08-17 17:00:00+00:00,0.027,1.0,ECMWF ERA5-Land Hourly Surface Reanalysis (v1.0)
2024-08-17 18:00:00+00:00,0.014,1.0,ECMWF ERA5-Land Hourly Surface Reanalysis (v1.0)
2024-08-17 19:00:00+00:00,0.002,1.0,ECMWF ERA5-Land Hourly Surface Reanalysis (v1.0)
2024-08-17 20:00:00+00:00,0.0,1.0,ECMWF ERA5-Land Hourly Surface Reanalysis (v1.0)
2024-08-17 21:00:00+00:00,0.0,1.0,ECMWF ERA5-Land Hourly Surface Reanalysis (v1.0)
2024-08-17 22:00:00+00:00,0.0,1.0,ECMWF ERA5-Land Hourly Surface Reanalysis (v1.0)
2024-08-17 23:00:00+00:00,0.0,1.0,ECMWF ERA5-Land Hourly Surface Reanalysis (v1.0)
2024-08-18 00:00:00+00:00,0.0,1.0,ECMWF ERA5-Land Hourly Surface Reanalysis (v1.0)
2024-08-18 01:00:00+00:00,0.0,1.0,ECMWF ERA5-Land Hourly Surface Reanalysis (v1.0)
2024-08-18 02:00:00+00:00,0.0,1.0,ECMWF ERA5-Land Hourly Surface Reanalysis (v1.0)
2024-08-18 03:00:00+00:00,0.006,1.0,ECMWF ERA5-Land Hourly Surface Reanalysis (v1.0)
2024-08-18 04:00:00+00:00,0.026,1.0,ECMWF ERA5-Land Hourly Surface Reanalysis (v1.0)
2024-08-18 05:00:00+00:00,0.116,1.0,ECMWF ERA5-Land Hourly Surface Reanalysis (v1.0)
2024-08-18 06:00:00+00:00,0.363,1.0,ECMWF ERA5-Land Hourly Surface Reanalysis (v1.0)
2024-08-18 07:00:00+00:00,1.534,1.0,ECMWF ERA5-Land Hourly Surface Reanalysis (v1.0)
2024-08-18 08:00:00+00:00,2.158,1.0,ECMWF ERA5-Land Hourly Surface Reanalysis (v1.0)
2024-08-18 09:00:00+00:00,1.194,1.0,ECMWF ERA5-Land Hourly Surface Reanalysis (v1.0)
2024-08-18 10:00:00+00:00,0.929,1.0,ECMWF ERA5-Land Hourly Surface Reanalysis (v1.0)
2024-08-18 11:00:00+00:00,1.519,1.0,ECMWF ERA5-Land Hourly Surface Reanalysis (v1.0)
2024-08-18 12:00:00+00:00,0.887,1.0,ECMWF ERA5-Land Hourly Surface Reanalysis (v1.0)
2024-08-18 13:00:00+00:00,0.214,1.0,ECMWF ERA5-Land Hourly Surface Reanalysis (v1.0)
2024-08-18 14:00:00+00:00,0.023,1.0,ECMWF ERA5-Land Hourly Surface Reanalysis (v1.0)
2024-08-18 15:00:00+00:00,0.018,1.0,ECMWF ERA5-Land Hourly Surface Reanalysis (v1.0)
2024-08-18 16:00:00+00:00,0.066,1.0,ECMWF ERA5-Land Hourly Surface Reanalysis (v1.0)
2024-08-18 17:00:00+00:00,0.088,1.0,ECMWF ERA5-Land Hourly Surface Reanalysis (v1.0)
2024-08-18 18:00:00+00:00,0.104,1.0,ECMWF ERA5-Land Hourly Surface Reanalysis (v1.0)
2024-08-18 19:00:00+00:00,0.129,1.0,ECMWF ERA5-Land Hourly Surface Reanalysis (v1.0)
2024-08-18 20:00:00+00:00,0.195,1.0,ECMWF ERA5-Land Hourly Surface Reanalysis (v1.0)
2024-08-18 21:00:00+00:00,0.288,1.0,ECMWF ERA5-Land Hourly Surface Reanalysis (v1.0)
2024-08-18 22:00:00+00:00,0.414,1.0,ECMWF ERA5-Land Hourly Surface Reanalysis (v1.0)
2024-08-18 23:00:00+00:00,0.843,1.0,ECMWF ERA5-Land Hourly Surface Reanalysis (v1.0)
2024-08-19 00:00:00+00:00,2.114,1.0,ECMWF ERA5-Land Hourly Surface Reanalysis (v1.0)
2024-08-19 01:00:00+00:00,0.672,1.0,ECMWF ERA5-Land Hourly Surface Reanalysis (v1.0)
2024-08-19 02:00:00+00:00,0.62,1.0,ECMWF ERA5-Land Hourly Surface Reanalysis (v1.0)
2024-08-19 03:00:00+00:00,0.786,1.0,ECMWF ERA5-Land Hourly Surface Reanalysis (v1.0)
2024-08-19 04:00:00+00:00,0.511,1.0,ECMWF ERA5-Land Hourly Surface Reanalysis (v1.0)
2024-08-19 05:00:00+00:00,0.214,1.0,ECMWF ERA5-Land Hourly Surface Reanalysis (v1.0)
2024-08-19 06:00:00+00:00,0.187,1.0,ECMWF ERA5-Land Hourly Surface Reanalysis (v1.0)
2024-08-19 07:00:00+00:00,0.228,1.0,ECMWF ERA5-Land Hourly Surface Reanalysis (v1.0)
2024-08-19 08:00:00+00:00,0.305,1.0,ECMWF ERA5-Land Hourly Surface Reanalysis (v1.0)
2024-08-19 09:00:00+00:00,0.36,1.0,ECMWF ERA5-Land Hourly Surface Reanalysis (v1.0)
2024-08-19 10:00:00+00:00,0.396,1.0,ECMWF ERA5-Land Hourly Surface Reanalysis (v1.0)
2024-08-19 11:00:00+00:00,0.457,1.0,ECMWF ERA5-Land Hourly Surface Reanalysis (v1.0)
2024-08-19 12:00:00+00:00,0.118,1.0,ECMWF ERA5-Land Hourly Surface Reanalysis (v1.0)
2024-08-19 13:00:00+00:00,0.178,1.0,ECMWF ERA5-Land Hourly Surface Reanalysis (v1.0)
2024-08-19 14:00:00+00:00,0.12,1.0,ECMWF ERA5-Land Hourly Surface Reanalysis (v1.0)
2024-08-19 15:00:00+00:00,0.061,1.0,ECMWF ERA5-Land Hourly Surface Reanalysis (v1.0)
2024-08-19 16:00:00+00:00,0.031,1.0,ECMWF ERA5-Land Hourly Surface Reanalysis (v1.0)
2024-08-19 17:00:00+00:00,0.062,1.0,ECMWF ERA5-Land Hourly Surface Reanalysis (v1.0)
2024-08-19 18:00:00+00:00,0.188,1.0,ECMWF ERA5-Land Hourly Surface Reanalysis (v1.0)
2024-08-19 19:00:00+00:00,0.357,1.0,ECMWF ERA5-Land Hourly Surface Reanalysis (v1.0)
2024-08-19 20:00:00+00:00,0.455,1.0,ECMWF ERA5-Land Hourly Surface Reanalysis (v1.0)
2024-08-19 21:00:00+00:00,0.417,1.0,ECMWF ERA5-Land Hourly Surface Reanalysis (v1.0)
2024-08-19 22:00:00+00:00,0.651,1.0,ECMWF ERA5-Land Hourly Surface Reanalysis (v1.0)
2024-08-19 23:00:00+00:00,1.255,1.0,ECMWF ERA5-Land Hourly Surface Reanalysis (v1.0)
2024-08-20 00:00:00+00:00,1.659,1.0,ECMWF ERA5-Land Hourly Surface Reanalysis (v1.0)
2024-08-20 01:00:00+00:00,1.719,1.0,ECMWF ERA5-Land Hourly Surface Reanalysis (v1.0)
2024-08-20 02:00:00+00:00,2.085,1.0,ECMWF ERA5-Land Hourly Surface Reanalysis (v1.0)
2024-08-20 03:00:00+00:00,2.22,1.0,ECMWF ERA5-Land Hourly Surface Reanalysis (v1.0)
2024-08-20 04:00:00+00:00,1.67,1.0,ECMWF ERA5-Land Hourly Surface Reanalysis (v1.0)
2024-08-20 05:00:00+00:00,1.244,1.0,ECMWF ERA5-Land Hourly Surface Reanalysis (v1.0)
2024-08-20 06:00:00+00:00,0.828,1.0,ECMWF ERA5-Land Hourly Surface Reanalysis (v1.0)
2024-08-20 07:00:00+00:00,0.391,1.0,ECMWF ERA5-Land Hourly Surface Reanalysis (v1.0)
2024-08-20 08:00:00+00:00,0.699,1.0,ECMWF ERA5-Land Hourly Surface Reanalysis (v1.0)
2024-08-20 09:00:00+00:00,0.998,1.0,ECMWF ERA5-Land Hourly Surface Reanalysis (v1.0)
2024-08-20 10:00:00+00:00,0.53,1.0,ECMWF ERA5-Land Hourly Surface Reanalysis (v1.0)
2024-08-20 11:00:00+00:00,0.465,1.0,ECMWF ERA5-Land Hourly Surface Reanalysis (v1.0)
2024-08-20 12:00:00+00:00,0.413,1.0,ECMWF ERA5-Land Hourly Surface Reanalysis (v1.0)
2024-08-20 13:00:00+00:00,0.082,1.0,ECMWF ERA5-Land Hourly Surface Reanalysis (v1.0)
2024-08-20 14:00:00+00:00,0.073,1.0,ECMWF ERA5-Land Hourly Surface Reanalysis (v1.0)
2024-08-20 15:00:00+00:00,0.068,1.0,ECMWF ERA5-Land Hourly Surface Reanalysis (v1.0)
2024-08-20 16:00:00+00:00,0.067,1.0,ECMWF ERA5-Land Hourly Surface Reanalysis (v1.0)
2024-08-20 17:00:00+00:00,0.067,1.0,ECMWF ERA5-Land Hourly Surface Reanalysis (v1.0)
2024-08-20 18:00:00+00:00,0.089,1.0,ECMWF ERA5-Land Hourly Surface Reanalysis (v1.0)
2024-08-20 19:00:00+00:00,0.113,1.0,ECMWF ERA5-Land Hourly Surface Reanalysis (v1.0)
2024-08-20 20:00:00+00:00,0.121,1.0,ECMWF ERA5-Land Hourly Surface Reanalysis (v1.0)
2024-08-20 21:00:00+00:00,0.069,1.0,ECMWF ERA5-Land Hourly Surface Reanalysis (v1.0)
2024-08-20 22:00:00+00:00,0.026,1.0,ECMWF ERA5-Land Hourly Surface Reanalysis (v1.0)
2024-08-20 23:00:00+00:00,0.014,1.0,ECMWF ERA5-Land Hourly Surface Reanalysis (v1.0)
2024-08-21 00:00:00+00:00,0.003,1.0,ECMWF ERA5-Land Hourly Surface Reanalysis (v1.0)
2024-08-21 01:00:00+00:00,0.015,1.0,ECMWF ERA5-Land Hourly Surface Reanalysis (v1.0)
2024-08-21 02:00:00+00:00,0.003,1.0,ECMWF ERA5-Land Hourly Surface Reanalysis (v1.0)
2024-08-21 03:00:00+00:00,0.009,1.0,ECMWF ERA5-Land Hourly Surface Reanalysis (v1.0)
2024-08-21 04:00:00+00:00,0.028,1.0,ECMWF ERA5-Land Hourly Surface Reanalysis (v1.0)
2024-08-21 05:00:00+00:00,0.046,1.0,ECMWF ERA5-Land Hourly Surface Reanalysis (v1.0)
2024-08-21 06:00:00+00:00,0.115,1.0,ECMWF ERA5-Land Hourly Surface Reanalysis (v1.0)
2024-08-21 07:00:00+00:00,0.147,1.0,ECMWF ERA5-Land Hourly Surface Reanalysis (v1.0)
2024-08-21 08:00:00+00:00,0.208,1.0,ECMWF ERA5-Land Hourly Surface Reanalysis (v1.0)
2024-08-21 09:00:00+00:00,0.326,1.0,ECMWF ERA5-Land Hourly Surface Reanalysis (v1.0)
2024-08-21 10:00:00+00:00,0.319,1.0,ECMWF ERA5-Land Hourly Surface Reanalysis (v1.0)
2024-08-21 11:00:00+00:00,0.151,1.0,ECMWF ERA5-Land Hourly Surface Reanalysis (v1.0)
2024-08-21 12:00:00+00:00,0.088,1.0,ECMWF ERA5-Land Hourly Surface Reanalysis (v1.0)
2024-08-21 13:00:00+00:00,0.117,1.0,ECMWF ERA5-Land Hourly Surface Reanalysis (v1.0)
2024-08-21 14:00:00+00:00,0.108,1.0,ECMWF ERA5-Land Hourly Surface Reanalysis (v1.0)
2024-08-21 15:00:00+00:00,0.235,1.0,ECMWF ERA5-Land Hourly Surface Reanalysis (v1.0)
2024-08-21 16:00:00+00:00,0.346,1.0,ECMWF ERA5-Land Hourly Surface Reanalysis (v1.0)
2024-08-21 17:00:00+00:00,0.404,1.0,ECMWF ERA5-Land Hourly Surface Reanalysis (v1.0)
2024-08-21 18:00:00+00:00,0.657,1.0,ECMWF ERA5-Land Hourly Surface Reanalysis (v1.0)
2024-08-21 19:00:00+00:00,1.389,1.0,ECMWF ERA5-Land Hourly Surface Reanalysis (v1.0)
2024-08-21 20:00:00+00:00,1.171,1.0,ECMWF ERA5-Land Hourly Surface Reanalysis (v1.0)
2024-08-21 21:00:00+00:00,0.693,1.0,ECMWF ERA5-Land Hourly Surface Reanalysis (v1.0)
2024-08-21 22:00:00+00:00,0.505,1.0,ECMWF ERA5-Land Hourly Surface Reanalysis (v1.0)
2024-08-21 23:00:00+00:00,0.37,1.0,ECMWF ERA5-Land Hourly Surface Reanalysis (v1.0)
2024-08-22 00:00:00+00:00,0.106,1.0,ECMWF ERA5-Land Hourly Surface Reanalysis (v1.0)
2024-08-22 01:00:00+00:00,0.005,1.0,ECMWF ERA5-Land Hourly Surface Reanalysis (v1.0)
2024-08-22 02:00:00+00:00,0.009,1.0,ECMWF ERA5-Land Hourly Surface Reanalysis (v1.0)
2024-08-22 03:00:00+00:00,0.019,1.0,ECMWF ERA5-Land Hourly Surface Reanalysis (v1.0)
2024-08-22 04:00:00+00:00,0.043,1.0,ECMWF ERA5-Land Hourly Surface Reanalysis (v1.0)
2024-08-22 05:00:00+00:00,0.084,1.0,ECMWF ERA5-Land Hourly Surface Reanalysis (v1.0)
2024-08-22 06:00:00+00:00,0.143,1.0,ECMWF ERA5-Land Hourly Surface Reanalysis (v1.0)
2024-08-22 07:00:00+00:00,0.168,1.0,ECMWF ERA5-Land Hourly Surface Reanalysis (v1.0)
2024-08-22 08:00:00+00:00,0.215,1.0,ECMWF ERA5-Land Hourly Surface Reanalysis (v1.0)
2024-08-22 09:00:00+00:00,0.287,1.0,ECMWF ERA5-Land Hourly Surface Reanalysis (v1.0)
2024-08-22 10:00:00+00:00,0.237,1.0,ECMWF ERA5-Land Hourly Surface Reanalysis (v1.0)
2024-08-22 11:00:00+00:00,0.204,1.0,ECMWF ERA5-Land Hourly Surface Reanalysis (v1.0)
2024-08-22 12:00:00+00:00,0.082,1.0,ECMWF ERA5-Land Hourly Surface Reanalysis (v1.0)
2024-08-22 13:00:00+00:00,0.058,1.0,ECMWF ERA5-Land Hourly Surface Reanalysis (v1.0)
2024-08-22 14:00:00+00:00,0.118,1.0,ECMWF ERA5-Land Hourly Surface Reanalysis (v1.0)
2024-08-22 15:00:00+00:00,0.347,1.0,ECMWF ERA5-Land Hourly Surface Reanalysis (v1.0)
2024-08-22 16:00:00+00:00,0.486,1.0,ECMWF ERA5-Land Hourly Surface Reanalysis (v1.0)
2024-08-22 17:00:00+00:00,0.559,1.0,ECMWF ERA5-Land Hourly Surface Reanalysis (v1.0)
2024-08-22 18:00:00+00:00,0.655,1.0,ECMWF ERA5-Land Hourly Surface Reanalysis (v1.0)
2024-08-22 19:00:00+00:00,0.695,1.0,ECMWF ERA5-Land Hourly Surface Reanalysis (v1.0)
2024-08-22 20:00:00+00:00,0.573,1.0,ECMWF ERA5-Land Hourly Surface Reanalysis (v1.0)
2024-08-22 21:00:00+00:00,0.368,1.0,ECMWF ERA5-Land Hourly Surface Reanalysis (v1.0)
2024-08-22 22:00:00+00:00,0.274,1.0,ECMWF ERA5-Land Hourly Surface Reanalysis (v1.0)
2024-08-22 23:00:00+00:00,0.317,1.0,ECMWF ERA5-Land Hourly Surface Reanalysis (v1.0)
2024-08-23 00:00:00+00:00,0.241,1.0,ECMWF ERA5-Land Hourly Surface Reanalysis (v1.0)
2024-08-23 01:00:00+00:00,0.772,1.0,ECMWF ERA5-Land Hourly Surface Reanalysis (v1.0)
2024-08-23 02:00:00+00:00,0.456,1.0,ECMWF ERA5-Land Hourly Surface Reanalysis (v1.0)
2024-08-23 03:00:00+00:00,0.223,1.0,ECMWF ERA5-Land Hourly Surface Reanalysis (v1.0)
2024-08-23 04:00:00+00:00,0.116,1.0,ECMWF ERA5-Land Hourly Surface Reanalysis (v1.0)
2024-08-23 05:00:00+00:00,0.134,1.0,ECMWF ERA5-Land Hourly Surface Reanalysis (v1.0)
2024-08-23 06:00:00+00:00,0.187,1.0,ECMWF ERA5-Land Hourly Surface Reanalysis (v1.0)
2024-08-23 07:00:00+00:00,0.23,1.0,ECMWF ERA5-Land Hourly Surface Reanalysis (v1.0)
2024-08-23 08:00:00+00:00,0.228,1.0,ECMWF ERA5-Land Hourly Surface Reanalysis (v1.0)
2024-08-23 09:00:00+00:00,0.193,1.0,ECMWF ERA5-Land Hourly Surface Reanalysis (v1.0)
2024-08-23 10:00:00+00:00,0.125,1.0,ECMWF ERA5-Land Hourly Surface Reanalysis (v1.0)
2024-08-23 11:00:00+00:00,0.151,1.0,ECMWF ERA5-Land Hourly Surface Reanalysis (v1.0)
2024-08-23 12:00:00+00:00,0.136,1.0,ECMWF ERA5-Land Hourly Surface Reanalysis (v1.0)
2024-08-23 13:00:00+00:00,0.088,1.0,ECMWF ERA5-Land Hourly Surface Reanalysis (v1.0)
2024-08-23 14:00:00+00:00,0.141,1.0,ECMWF ERA5-Land Hourly Surface Reanalysis (v1.0)
2024-08-23 15:00:00+00:00,0.082,1.0,ECMWF ERA5-Land Hourly Surface Reanalysis (v1.0)
2024-08-23 16:00:00+00:00,0.078,1.0,ECMWF ERA5-Land Hourly Surface Reanalysis (v1.0)
2024-08-23 17:00:00+00:00,0.107,1.0,ECMWF ERA5-Land Hourly Surface Reanalysis (v1.0)
2024-08-23 18:00:00+00:00,0.248,1.0,ECMWF ERA5-Land Hourly Surface Reanalysis (v1.0)
2024-08-23 19:00:00+00:00,0.521,1.0,ECMWF ERA5-Land Hourly Surface Reanalysis (v1.0)
2024-08-23 20:00:00+00:00,0.635,1.0,ECMWF ERA5-Land Hourly Surface Reanalysis (v1.0)
2024-08-23 21:00:00+00:00,0.272,1.0,ECMWF ERA5-Land Hourly Surface Reanalysis (v1.0)
2024-08-23 22:00:00+00:00,0.109,1.0,ECMWF ERA5-Land Hourly Surface Reanalysis (v1.0)
2024-08-23 23:00:00+00:00,0.026,1.0,ECMWF ERA5-Land Hourly Surface Reanalysis (v1.0)
2024-08-24 00:00:00+00:00,0.001,1.0,ECMWF ERA5-Land Hourly Surface Reanalysis (v1.0)
2024-08-24 01:00:00+00:00,0.316,1.0,ECMWF ERA5-Land Hourly Surface Reanalysis (v1.0)
2024-08-24 02:00:00+00:00,0.172,1.0,ECMWF ERA5-Land Hourly Surface Reanalysis (v1.0)
2024-08-24 03:00:00+00:00,0.165,1.0,ECMWF ERA5-Land Hourly Surface Reanalysis (v1.0)
2024-08-24 04:00:00+00:00,0.203,1.0,ECMWF ERA5-Land Hourly Surface Reanalysis (v1.0)
2024-08-24 05:00:00+00:00,0.176,1.0,ECMWF ERA5-Land Hourly Surface Reanalysis (v1.0)
2024-08-24 06:00:00+00:00,0.452,1.0,ECMWF ERA5-Land Hourly Surface Reanalysis (v1.0)
2024-08-24 07:00:00+00:00,0.669,1.0,ECMWF ERA5-Land Hourly Surface Reanalysis (v1.0)
2024-08-24 08:00:00+00:00,0.339,1.0,ECMWF ERA5-Land Hourly Surface Reanalysis (v1.0)
2024-08-24 09:00:00+00:00,0.438,1.0,ECMWF ERA5-Land Hourly Surface Reanalysis (v1.0)
2024-08-24 10:00:00+00:00,0.349,1.0,ECMWF ERA5-Land Hourly Surface Reanalysis (v1.0)
2024-08-24 11:00:00+00:00,0.177,1.0,ECMWF ERA5-Land Hourly Surface Reanalysis (v1.0)
2024-08-24 12:00:00+00:00,0.058,1.0,ECMWF ERA5-Land Hourly Surface Reanalysis (v1.0)
2024-08-24 13:00:00+00:00,0.037,1.0,ECMWF ERA5-Land Hourly Surface Reanalysis (v1.0)
2024-08-24 14:00:00+00:00,0.039,1.0,ECMWF ERA5-Land Hourly Surface Reanalysis (v1.0)
2024-08-24 15:00:00+00:00,0.051,1.0,ECMWF ERA5-Land Hourly Surface Reanalysis (v1.0)
2024-08-24 16:00:00+00:00,0.045,1.0,ECMWF ERA5-Land Hourly Surface Reanalysis (v1.0)
2024-08-24 17:00:00+00:00,0.052,1.0,ECMWF ERA5-Land Hourly Surface Reanalysis (v1.0)
2024-08-24 18:00:00+00:00,0.111,1.0,ECMWF ERA5-Land Hourly Surface Reanalysis (v1.0)
2024-08-24 19:00:00+00:00,0.089,1.0,ECMWF ERA5-Land Hourly Surface Reanalysis (v1.0)
2024-08-24 20:00:00+00:00,0.314,1.0,ECMWF ERA5-Land Hourly Surface Reanalysis (v1.0)
2024-08-24 21:00:00+00:00,0.063,1.0,ECMWF ERA5-Land Hourly Surface Reanalysis (v1.0)
2024-08-24 22:00:00+00:00,0.806,1.0,ECMWF ERA5-Land Hourly Surface Reanalysis (v1.0)
2024-08-24 23:00:00+00:00,0.703,1.0,ECMWF ERA5-Land Hourly Surface Reanalysis (v1.0)
2024-08-25 00:00:00+00:00,0.59,1.0,ECMWF ERA5-Land Hourly Surface Reanalysis (v1.0)
2024-08-25 01:00:00+00:00,0.246,1.0,ECMWF ERA5-Land Hourly Surface Reanalysis (v1.0)
2024-08-25 02:00:00+00:00,0.037,1.0,ECMWF ERA5-Land Hourly Surface Reanalysis (v1.0)
2024-08-25 03:00:00+00:00,0.005,1.0,ECMWF ERA5-Land Hourly Surface Reanalysis (v1.0)
2024-08-25 04:00:00+00:00,0.016,1.0,ECMWF ERA5-Land Hourly Surface Reanalysis (v1.0)
2024-08-25 05:00:00+00:00,0.097,1.0,ECMWF ERA5-Land Hourly Surface Reanalysis (v1.0)
2024-08-25 06:00:00+00:00,0.19,1.0,ECMWF ERA5-Land Hourly Surface Reanalysis (v1.0)
2024-08-25 07:00:00+00:00,0.445,1.0,ECMWF ERA5-Land Hourly Surface Reanalysis (v1.0)
2024-08-25 08:00:00+00:00,0.7,1.0,ECMWF ERA5-Land Hourly Surface Reanalysis (v1.0)
2024-08-25 09:00:00+00:00,0.863,1.0,ECMWF ERA5-Land Hourly Surface Reanalysis (v1.0)
2024-08-25 10:00:00+00:00,0.564,1.0,ECMWF ERA5-Land Hourly Surface Reanalysis (v1.0)
2024-08-25 11:00:00+00:00,0.322,1.0,ECMWF ERA5-Land Hourly Surface Reanalysis (v1.0)
2024-08-25 12:00:00+00:00,0.116,1.0,ECMWF ERA5-Land Hourly Surface Reanalysis (v1.0)
2024-08-25 13:00:00+00:00,0.057,1.0,ECMWF ERA5-Land Hourly Surface Reanalysis (v1.0)
2024-08-25 14:00:00+00:00,0.011,1.0,ECMWF ERA5-Land Hourly Surface Reanalysis (v1.0)
2024-08-25 15:00:00+00:00,0.008,1.0,ECMWF ERA5-Land Hourly Surface Reanalysis (v1.0)
2024-08-25 16:00:00+00:00,0.018,1.0,ECMWF ERA5-Land Hourly Surface Reanalysis (v1.0)
2024-08-25 17:00:00+00:00,0.025,1.0,ECMWF ERA5-Land Hourly Surface Reanalysis (v1.0)
2024-08-25 18:00:00+00:00,0.028,1.0,ECMWF ERA5-Land Hourly Surface Reanalysis (v1.0)
2024-08-25 19:00:00+00:00,0.021,1.0,ECMWF ERA5-Land Hourly Surface Reanalysis (v1.0)
2024-08-25 20:00:00+00:00,0.015,1.0,ECMWF ERA5-Land Hourly Surface Reanalysis (v1.0)
2024-08-25 21:00:00+00:00,0.016,1.0,ECMWF ERA5-Land Hourly Surface Reanalysis (v1.0)
2024-08-25 22:00:00+00:00,0.007,1.0,ECMWF ERA5-Land Hourly Surface Reanalysis (v1.0)
2024-08-25 23:00:00+00:00,0.008,1.0,ECMWF ERA5-Land Hourly Surface Reanalysis (v1.0)
2024-08-26 00:00:00+00:00,0.013,1.0,ECMWF ERA5-Land Hourly Surface Reanalysis (v1.0)
2024-08-26 01:00:00+00:00,0.047,1.0,ECMWF ERA5-Land Hourly Surface Reanalysis (v1.0)
2024-08-26 02:00:00+00:00,0.032,1.0,ECMWF ERA5-Land Hourly Surface Reanalysis (v1.0)
2024-08-26 03:00:00+00:00,0.032,1.0,ECMWF ERA5-Land Hourly Surface Reanalysis (v1.0)
2024-08-26 04:00:00+00:00,0.048,1.0,ECMWF ERA5-Land Hourly Surface Reanalysis (v1.0)
2024-08-26 05:00:00+00:00,0.084,1.0,ECMWF ERA5-Land Hourly Surface Reanalysis (v1.0)
2024-08-26 06:00:00+00:00,0.156,1.0,ECMWF ERA5-Land Hourly Surface Reanalysis (v1.0)
2024-08-26 07:00:00+00:00,0.457,1.0,ECMWF ERA5-Land Hourly Surface Reanalysis (v1.0)
2024-08-26 08:00:00+00:00,1.188,1.0,ECMWF ERA5-Land Hourly Surface Reanalysis (v1.0)
2024-08-26 09:00:00+00:00,0.671,1.0,ECMWF ERA5-Land Hourly Surface Reanalysis (v1.0)
2024-08-26 10:00:00+00:00,0.198,1.0,ECMWF ERA5-Land Hourly Surface Reanalysis (v1.0)
2024-08-26 11:00:00+00:00,0.114,1.0,ECMWF ERA5-Land Hourly Surface Reanalysis (v1.0)
2024-08-26 12:00:00+00:00,0.16,1.0,ECMWF ERA5-Land Hourly Surface Reanalysis (v1.0)
2024-08-26 13:00:00+00:00,0.396,1.0,ECMWF ERA5-Land Hourly Surface Reanalysis (v1.0)
2024-08-26 14:00:00+00:00,0.221,1.0,ECMWF ERA5-Land Hourly Surface Reanalysis (v1.0)
2024-08-26 15:00:00+00:00,0.053,1.0,ECMWF ERA5-Land Hourly Surface Reanalysis (v1.0)
2024-08-26 16:00:00+00:00,0.047,1.0,ECMWF ERA5-Land Hourly Surface Reanalysis (v1.0)
2024-08-26 17:00:00+00:00,0.071,1.0,ECMWF ERA5-Land Hourly Surface Reanalysis (v1.0)
2024-08-26 18:00:00+00:00,0.097,1.0,ECMWF ERA5-Land Hourly Surface Reanalysis (v1.0)
2024-08-26 19:00:00+00:00,0.051,1.0,ECMWF ERA5-Land Hourly Surface Reanalysis (v1.0)
2024-08-26 20:00:00+00:00,0.006,1.0,ECMWF ERA5-Land Hourly Surface Reanalysis (v1.0)
2024-08-26 21:00:00+00:00,0.057,1.0,ECMWF ERA5-Land Hourly Surface Reanalysis (v1.0)
2024-08-26 22:00:00+00:00,0.122,1.0,ECMWF ERA5-Land Hourly Surface Reanalysis (v1.0)
2024-08-26 23:00:00+00:00,0.044,1.0,ECMWF ERA5-Land Hourly Surface Reanalysis (v1.0)
2024-08-27 00:00:00+00:00,0.005,1.0,ECMWF ERA5-Land Hourly Surface Reanalysis (v1.0)
2024-08-27 01:00:00+00:00,0.215,1.0,ECMWF ERA5-Land Hourly Surface Reanalysis (v1.0)
2024-08-27 02:00:00+00:00,0.078,1.0,ECMWF ERA5-Land Hourly Surface Reanalysis (v1.0)
2024-08-27 03:00:00+00:00,0.04,1.0,ECMWF ERA5-Land Hourly Surface Reanalysis (v1.0)
2024-08-27 04:00:00+00:00,0.102,1.0,ECMWF ERA5-Land Hourly Surface Reanalysis (v1.0)
2024-08-27 05:00:00+00:00,0.251,1.0,ECMWF ERA5-Land Hourly Surface Reanalysis (v1.0)
2024-08-27 06:00:00+00:00,0.238,1.0,ECMWF ERA5-Land Hourly Surface Reanalysis (v1.0)
2024-08-27 07:00:00+00:00,0.611,1.0,ECMWF ERA5-Land Hourly Surface Reanalysis (v1.0)
2024-08-27 08:00:00+00:00,0.699,1.0,ECMWF ERA5-Land Hourly Surface Reanalysis (v1.0)
2024-08-27 09:00:00+00:00,1.538,1.0,ECMWF ERA5-Land Hourly Surface Reanalysis (v1.0)
2024-08-27 10:00:00+00:00,0.499,1.0,ECMWF ERA5-Land Hourly Surface Reanalysis (v1.0)
2024-08-27 11:00:00+00:00,0.14,1.0,ECMWF ERA5-Land Hourly Surface Reanalysis (v1.0)
2024-08-27 12:00:00+00:00,0.195,1.0,ECMWF ERA5-Land Hourly Surface Reanalysis (v1.0)
2024-08-27 13:00:00+00:00,0.377,1.0,ECMWF ERA5-Land Hourly Surface Reanalysis (v1.0)
2024-08-27 14:00:00+00:00,0.127,1.0,ECMWF ERA5-Land Hourly Surface Reanalysis (v1.0)
2024-08-27 15:00:00+00:00,0.007,1.0,ECMWF ERA5-Land Hourly Surface Reanalysis (v1.0)
2024-08-27 16:00:00+00:00,0.023,1.0,ECMWF ERA5-Land Hourly Surface Reanalysis (v1.0)
2024-08-27 17:00:00+00:00,0.02,1.0,ECMWF ERA5-Land Hourly Surface Reanalysis (v1.0)
2024-08-27 18:00:00+00:00,0.262,1.0,ECMWF ERA5-Land Hourly Surface Reanalysis (v1.0)
2024-08-27 19:00:00+00:00,0.22,1.0,ECMWF ERA5-Land Hourly Surface Reanalysis (v1.0)
2024-08-27 20:00:00+00:00,0.655,1.0,ECMWF ERA5-Land Hourly Surface Reanalysis (v1.0)
2024-08-27 21:00:00+00:00,0.642,1.0,ECMWF ERA5-Land Hourly Surface Reanalysis (v1.0)
2024-08-27 22:00:00+00:00,0.112,1.0,ECMWF ERA5-Land Hourly Surface Reanalysis (v1.0)
2024-08-27 23:00:00+00:00,0.083,1.0,ECMWF ERA5-Land Hourly Surface Reanalysis (v1.0)
2024-08-28 00:00:00+00:00,0.034,1.0,ECMWF ERA5-Land Hourly Surface Reanalysis (v1.0)
2024-08-28 01:00:00+00:00,0.002,1.0,ECMWF ERA5-Land Hourly Surface Reanalysis (v1.0)
2024-08-28 02:00:00+00:00,0.0,1.0,ECMWF ERA5-Land Hourly Surface Reanalysis (v1.0)
2024-08-28 03:00:00+00:00,0.001,1.0,ECMWF ERA5-Land Hourly Surface Reanalysis (v1.0)
2024-08-28 04:00:00+00:00,0.013,1.0,ECMWF ERA5-Land Hourly Surface Reanalysis (v1.0)
2024-08-28 05:00:00+00:00,0.092,1.0,ECMWF ERA5-Land Hourly Surface Reanalysis (v1.0)
2024-08-28 06:00:00+00:00,0.121,1.0,ECMWF ERA5-Land Hourly Surface Reanalysis (v1.0)
2024-08-28 07:00:00+00:00,0.365,1.0,ECMWF ERA5-Land Hourly Surface Reanalysis (v1.0)
2024-08-28 08:00:00+00:00,0.383,1.0,ECMWF ERA5-Land Hourly Surface Reanalysis (v1.0)
2024-08-28 09:00:00+00:00,0.376,1.0,ECMWF ERA5-Land Hourly Surface Reanalysis (v1.0)
2024-08-28 10:00:00+00:00,0.487,1.0,ECMWF ERA5-Land Hourly Surface Reanalysis (v1.0)
2024-08-28 11:00:00+00:00,0.159,1.0,ECMWF ERA5-Land Hourly Surface Reanalysis (v1.0)
2024-08-28 12:00:00+00:00,0.09,1.0,ECMWF ERA5-Land Hourly Surface Reanalysis (v1.0)
2024-08-28 13:00:00+00:00,0.147,1.0,ECMWF ERA5-Land Hourly Surface Reanalysis (v1.0)
2024-08-28 14:00:00+00:00,0.103,1.0,ECMWF ERA5-Land Hourly Surface Reanalysis (v1.0)
2024-08-28 15:00:00+00:00,0.058,1.0,ECMWF ERA5-Land Hourly Surface Reanalysis (v1.0)
2024-08-28 16:00:00+00:00,0.02,1.0,ECMWF ERA5-Land Hourly Surface Reanalysis (v1.0)
2024-08-28 17:00:00+00:00,0.009,1.0,ECMWF ERA5-Land Hourly Surface Reanalysis (v1.0)
2024-08-28 18:00:00+00:00,0.024,1.0,ECMWF ERA5-Land Hourly Surface Reanalysis (v1.0)
2024-08-28 19:00:00+00:00,0.032,1.0,ECMWF ERA5-Land Hourly Surface Reanalysis (v1.0)
2024-08-28 20:00:00+00:00,0.003,1.0,ECMWF ERA5-Land Hourly Surface Reanalysis (v1.0)
2024-08-28 21:00:00+00:00,0.001,1.0,ECMWF ERA5-Land Hourly Surface Reanalysis (v1.0)
2024-08-28 22:00:00+00:00,0.004,1.0,ECMWF ERA5-Land Hourly Surface Reanalysis (v1.0)
2024-08-28 23:00:00+00:00,0.012,1.0,ECMWF ERA5-Land Hourly Surface Reanalysis (v1.0)
2024-08-29 00:00:00+00:00,0.008,1.0,ECMWF ERA5-Land Hourly Surface Reanalysis (v1.0)
2024-08-29 01:00:00+00:00,0.004,1.0,ECMWF ERA5-Land Hourly Surface Reanalysis (v1.0)
2024-08-29 02:00:00+00:00,0.006,1.0,ECMWF ERA5-Land Hourly Surface Reanalysis (v1.0)
2024-08-29 03:00:00+00:00,0.068,1.0,ECMWF ERA5-Land Hourly Surface Reanalysis (v1.0)
2024-08-29 04:00:00+00:00,0.135,1.0,ECMWF ERA5-Land Hourly Surface Reanalysis (v1.0)
2024-08-29 05:00:00+00:00,0.135,1.0,ECMWF ERA5-Land Hourly Surface Reanalysis (v1.0)
2024-08-29 06:00:00+00:00,0.432,1.0,ECMWF ERA5-Land Hourly Surface Reanalysis (v1.0)
2024-08-29 07:00:00+00:00,0.332,1.0,ECMWF ERA5-Land Hourly Surface Reanalysis (v1.0)
2024-08-29 08:00:00+00:00,0.324,1.0,ECMWF ERA5-Land Hourly Surface Reanalysis (v1.0)
2024-08-29 09:00:00+00:00,1.031,1.0,ECMWF ERA5-Land Hourly Surface Reanalysis (v1.0)
2024-08-29 10:00:00+00:00,0.926,1.0,ECMWF ERA5-Land Hourly Surface Reanalysis (v1.0)
2024-08-29 11:00:00+00:00,0.319,1.0,ECMWF ERA5-Land Hourly Surface Reanalysis (v1.0)
2024-08-29 12:00:00+00:00,0.081,1.0,ECMWF ERA5-Land Hourly Surface Reanalysis (v1.0)
2024-08-29 13:00:00+00:00,0.059,1.0,ECMWF ERA5-Land Hourly Surface Reanalysis (v1.0)
2024-08-29 14:00:00+00:00,0.033,1.0,ECMWF ERA5-Land Hourly Surface Reanalysis (v1.0)
2024-08-29 15:00:00+00:00,0.045,1.0,ECMWF ERA5-Land Hourly Surface Reanalysis (v1.0)
2024-08-29 16:00:00+00:00,0.088,1.0,ECMWF ERA5-Land Hourly Surface Reanalysis (v1.0)
2024-08-29 17:00:00+00:00,0.095,1.0,ECMWF ERA5-Land Hourly Surface Reanalysis (v1.0)
2024-08-29 18:00:00+00:00,0.073,1.0,ECMWF ERA5-Land Hourly Surface Reanalysis (v1.0)
2024-08-29 19:00:00+00:00,0.352,1.0,ECMWF ERA5-Land Hourly Surface Reanalysis (v1.0)
2024-08-29 20:00:00+00:00,0.487,1.0,ECMWF ERA5-Land Hourly Surface Reanalysis (v1.0)
2024-08-29 21:00:00+00:00,0.22,1.0,ECMWF ERA5-Land Hourly Surface Reanalysis (v1.0)
2024-08-29 22:00:00+00:00,0.065,1.0,ECMWF ERA5-Land Hourly Surface Reanalysis (v1.0)
2024-08-29 23:00:00+00:00,0.036,1.0,ECMWF ERA5-Land Hourly Surface Reanalysis (v1.0)
2024-08-30 00:00:00+00:00,0.002,1.0,ECMWF ERA5-Land Hourly Surface Reanalysis (v1.0)
2024-08-30 01:00:00+00:00,0.0,1.0,ECMWF ERA5-Land Hourly Surface Reanalysis (v1.0)
2024-08-30 02:00:00+00:00,0.0,1.0,ECMWF ERA5-Land Hourly Surface Reanalysis (v1.0)
2024-08-30 03:00:00+00:00,0.0,1.0,ECMWF ERA5-Land Hourly Surface Reanalysis (v1.0)
2024-08-30 04:00:00+00:00,0.002,1.0,ECMWF ERA5-Land Hourly Surface Reanalysis (v1.0)
2024-08-30 05:00:00+00:00,0.039,1.0,ECMWF ERA5-Land Hourly Surface Reanalysis (v1.0)
2024-08-30 06:00:00+00:00,0.158,1.0,ECMWF ERA5-Land Hourly Surface Reanalysis (v1.0)
2024-08-30 07:00:00+00:00,0.197,1.0,ECMWF ERA5-Land Hourly Surface Reanalysis (v1.0)
2024-08-30 08:00:00+00:00,0.785,1.0,ECMWF ERA5-Land Hourly Surface Reanalysis (v1.0)
2024-08-30 09:00:00+00:00,0.481,1.0,ECMWF ERA5-Land Hourly Surface Reanalysis (v1.0)
2024-08-30 10:00:00+00:00,0.549,1.0,ECMWF ERA5-Land Hourly Surface Reanalysis (v1.0)
2024-08-30 11:00:00+00:00,0.521,1.0,ECMWF ERA5-Land Hourly Surface Reanalysis (v1.0)
2024-08-30 12:00:00+00:00,0.057,1.0,ECMWF ERA5-Land Hourly Surface Reanalysis (v1.0)
2024-08-30 13:00:00+00:00,0.024,1.0,ECMWF ERA5-Land Hourly Surface Reanalysis (v1.0)
2024-08-30 14:00:00+00:00,0.007,1.0,ECMWF ERA5-Land Hourly Surface Reanalysis (v1.0)
2024-08-30 15:00:00+00:00,0.007,1.0,ECMWF ERA5-Land Hourly Surface Reanalysis (v1.0)
2024-08-30 16:00:00+00:00,0.007,1.0,ECMWF ERA5-Land Hourly Surface Reanalysis (v1.0)
2024-08-30 17:00:00+00:00,0.004,1.0,ECMWF ERA5-Land Hourly Surface Reanalysis (v1.0)
2024-08-30 18:00:00+00:00,0.004,1.0,ECMWF ERA5-Land Hourly Surface Reanalysis (v1.0)
2024-08-30 19:00:00+00:00,0.002,1.0,ECMWF ERA5-Land Hourly Surface Reanalysis (v1.0)
2024-08-30 20:00:00+00:00,0.001,1.0,ECMWF ERA5-Land Hourly Surface Reanalysis (v1.0)
2024-08-30 21:00:00+00:00,0.001,1.0,ECMWF ERA5-Land Hourly Surface Reanalysis (v1.0)
2024-08-30 22:00:00+00:00,0.0,1.0,ECMWF ERA5-Land Hourly Surface Reanalysis (v1.0)
2024-08-30 23:00:00+00:00,0.0,1.0,ECMWF ERA5-Land Hourly Surface Reanalysis (v1.0)
2024-08-31 00:00:00+00:00,0.0,1.0,ECMWF ERA5-Land Hourly Surface Reanalysis (v1.0)
2024-08-31 01:00:00+00:00,0.007,1.0,ECMWF ERA5-Land Hourly Surface Reanalysis (v1.0)
2024-08-31 02:00:00+00:00,0.0,1.0,ECMWF ERA5-Land Hourly Surface Reanalysis (v1.0)
2024-08-31 03:00:00+00:00,0.0,1.0,ECMWF ERA5-Land Hourly Surface Reanalysis (v1.0)
2024-08-31 04:00:00+00:00,0.007,1.0,ECMWF ERA5-Land Hourly Surface Reanalysis (v1.0)
2024-08-31 05:00:00+00:00,0.053,1.0,ECMWF ERA5-Land Hourly Surface Reanalysis (v1.0)
2024-08-31 06:00:00+00:00,0.125,1.0,ECMWF ERA5-Land Hourly Surface Reanalysis (v1.0)
2024-08-31 07:00:00+00:00,0.207,1.0,ECMWF ERA5-Land Hourly Surface Reanalysis (v1.0)
2024-08-31 08:00:00+00:00,0.183,1.0,ECMWF ERA5-Land Hourly Surface Reanalysis (v1.0)
2024-08-31 09:00:00+00:00,0.223,1.0,ECMWF ERA5-Land Hourly Surface Reanalysis (v1.0)
2024-08-31 10:00:00+00:00,0.205,1.0,ECMWF ERA5-Land Hourly Surface Reanalysis (v1.0)
2024-08-31 11:00:00+00:00,0.13,1.0,ECMWF ERA5-Land Hourly Surface Reanalysis (v1.0)
2024-08-31 12:00:00+00:00,0.036,1.0,ECMWF ERA5-Land Hourly Surface Reanalysis (v1.0)
2024-08-31 13:00:00+00:00,0.007,1.0,ECMWF ERA5-Land Hourly Surface Reanalysis (v1.0)
2024-08-31 14:00:00+00:00,0.052,1.0,ECMWF ERA5-Land Hourly Surface Reanalysis (v1.0)
2024-08-31 15:00:00+00:00,0.08,1.0,ECMWF ERA5-Land Hourly Surface Reanalysis (v1.0)
2024-08-31 16:00:00+00:00,0.012,1.0,ECMWF ERA5-Land Hourly Surface Reanalysis (v1.0)
2024-08-31 17:00:00+00:00,0.004,1.0,ECMWF ERA5-Land Hourly Surface Reanalysis (v1.0)
2024-08-31 18:00:00+00:00,0.0,1.0,ECMWF ERA5-Land Hourly Surface Reanalysis (v1.0)
2024-08-31 19:00:00+00:00,0.0,1.0,ECMWF ERA5-Land Hourly Surface Reanalysis (v1.0)
2024-08-31 20:00:00+00:00,0.001,1.0,ECMWF ERA5-Land Hourly Surface Reanalysis (v1.0)
2024-08-31 21:00:00+00:00,0.001,1.0,ECMWF ERA5-Land Hourly Surface Reanalysis (v1.0)
2024-08-31 22:00:00+00:00,0.001,1.0,ECMWF ERA5-Land Hourly Surface Reanalysis (v1.0)
2024-08-31 23:00:00+00:00,0.001,1.0,ECMWF ERA5-Land Hourly Surface Reanalysis (v1.0)
2024-09-01 00:00:00+00:00,0.015,1.0,ECMWF ERA5-Land Hourly Surface Reanalysis (v1.0)
2024-09-01 01:00:00+00:00,0.048,1.0,ECMWF ERA5-Land Hourly Surface Reanalysis (v1.0)
2024-09-01 02:00:00+00:00,0.027,1.0,ECMWF ERA5-Land Hourly Surface Reanalysis (v1.0)
2024-09-01 03:00:00+00:00,0.041,1.0,ECMWF ERA5-Land Hourly Surface Reanalysis (v1.0)
2024-09-01 04:00:00+00:00,0.027,1.0,ECMWF ERA5-Land Hourly Surface Reanalysis (v1.0)
2024-09-01 05:00:00+00:00,0.053,1.0,ECMWF ERA5-Land Hourly Surface Reanalysis (v1.0)
2024-09-01 06:00:00+00:00,0.11,1.0,ECMWF ERA5-Land Hourly Surface Reanalysis (v1.0)
2024-09-01 07:00:00+00:00,0.198,1.0,ECMWF ERA5-Land Hourly Surface Reanalysis (v1.0)
2024-09-01 08:00:00+00:00,0.381,1.0,ECMWF ERA5-Land Hourly Surface Reanalysis (v1.0)
2024-09-01 09:00:00+00:00,0.641,1.0,ECMWF ERA5-Land Hourly Surface Reanalysis (v1.0)
2024-09-01 10:00:00+00:00,0.819,1.0,ECMWF ERA5-Land Hourly Surface Reanalysis (v1.0)
2024-09-01 11:00:00+00:00,0.24,1.0,ECMWF ERA5-Land Hourly Surface Reanalysis (v1.0)
2024-09-01 12:00:00+00:00,0.69,1.0,ECMWF ERA5-Land Hourly Surface Reanalysis (v1.0)
2024-09-01 13:00:00+00:00,0.098,1.0,ECMWF ERA5-Land Hourly Surface Reanalysis (v1.0)
2024-09-01 14:00:00+00:00,0.012,1.0,ECMWF ERA5-Land Hourly Surface Reanalysis (v1.0)
2024-09-01 15:00:00+00:00,0.007,1.0,ECMWF ERA5-Land Hourly Surface Reanalysis (v1.0)
2024-09-01 16:00:00+00:00,0.006,1.0,ECMWF ERA5-Land Hourly Surface Reanalysis (v1.0)
2024-09-01 17:00:00+00:00,0.009,1.0,ECMWF ERA5-Land Hourly Surface Reanalysis (v1.0)
2024-09-01 18:00:00+00:00,0.055,1.0,ECMWF ERA5-Land Hourly Surface Reanalysis (v1.0)
2024-09-01 19:00:00+00:00,0.166,1.0,ECMWF ERA5-Land Hourly Surface Reanalysis (v1.0)
2024-09-01 20:00:00+00:00,0.399,1.0,ECMWF ERA5-Land Hourly Surface Reanalysis (v1.0)
2024-09-01 21:00:00+00:00,0.302,1.0,ECMWF ERA5-Land Hourly Surface Reanalysis (v1.0)
2024-09-01 22:00:00+00:00,0.24,1.0,ECMWF ERA5-Land Hourly Surface Reanalysis (v1.0)
2024-09-01 23:00:00+00:00,0.061,1.0,ECMWF ERA5-Land Hourly Surface Reanalysis (v1.0)
2024-09-02 00:00:00+00:00,0.113,1.0,ECMWF ERA5-Land Hourly Surface Reanalysis (v1.0)
2024-09-02 01:00:00+00:00,0.102,1.0,ECMWF ERA5-Land Hourly Surface Reanalysis (v1.0)
2024-09-02 02:00:00+00:00,0.243,1.0,ECMWF ERA5-Land Hourly Surface Reanalysis (v1.0)
2024-09-02 03:00:00+00:00,0.364,1.0,ECMWF ERA5-Land Hourly Surface Reanalysis (v1.0)
2024-09-02 04:00:00+00:00,0.388,1.0,ECMWF ERA5-Land Hourly Surface Reanalysis (v1.0)
2024-09-02 05:00:00+00:00,0.348,1.0,ECMWF ERA5-Land Hourly Surface Reanalysis (v1.0)
2024-09-02 06:00:00+00:00,0.632,1.0,ECMWF ERA5-Land Hourly Surface Reanalysis (v1.0)
2024-09-02 07:00:00+00:00,1.393,1.0,ECMWF ERA5-Land Hourly Surface Reanalysis (v1.0)
2024-09-02 08:00:00+00:00,1.284,1.0,ECMWF ERA5-Land Hourly Surface Reanalysis (v1.0)
2024-09-02 09:00:00+00:00,1.206,1.0,ECMWF ERA5-Land Hourly Surface Reanalysis (v1.0)
2024-09-02 10:00:00+00:00,1.182,1.0,ECMWF ERA5-Land Hourly Surface Reanalysis (v1.0)
2024-09-02 11:00:00+00:00,0.732,1.0,ECMWF ERA5-Land Hourly Surface Reanalysis (v1.0)
2024-09-02 12:00:00+00:00,0.491,1.0,ECMWF ERA5-Land Hourly Surface Reanalysis (v1.0)
2024-09-02 13:00:00+00:00,0.012,1.0,ECMWF ERA5-Land Hourly Surface Reanalysis (v1.0)
2024-09-02 14:00:00+00:00,0.015,1.0,ECMWF ERA5-Land Hourly Surface Reanalysis (v1.0)
2024-09-02 15:00:00+00:00,0.031,1.0,ECMWF ERA5-Land Hourly Surface Reanalysis (v1.0)
2024-09-02 16:00:00+00:00,0.115,1.0,ECMWF ERA5-Land Hourly Surface Reanalysis (v1.0)
2024-09-02 17:00:00+00:00,0.257,1.0,ECMWF ERA5-Land Hourly Surface Reanalysis (v1.0)
2024-09-02 18:00:00+00:00,0.468,1.0,ECMWF ERA5-Land Hourly Surface Reanalysis (v1.0)
2024-09-02 19:00:00+00:00,0.691,1.0,ECMWF ERA5-Land Hourly Surface Reanalysis (v1.0)
2024-09-02 20:00:00+00:00,1.316,1.0,ECMWF ERA5-Land Hourly Surface Reanalysis (v1.0)
2024-09-02 21:00:00+00:00,1.056,1.0,ECMWF ERA5-Land Hourly Surface Reanalysis (v1.0)
2024-09-02 22:00:00+00:00,0.958,1.0,ECMWF ERA5-Land Hourly Surface Reanalysis (v1.0)
2024-09-02 23:00:00+00:00,0.854,1.0,ECMWF ERA5-Land Hourly Surface Reanalysis (v1.0)
2024-09-03 00:00:00+00:00,0.454,1.0,ECMWF ERA5-Land Hourly Surface Reanalysis (v1.0)
2024-09-03 01:00:00+00:00,1.327,1.0,ECMWF ERA5-Land Hourly Surface Reanalysis (v1.0)
2024-09-03 02:00:00+00:00,0.741,1.0,ECMWF ERA5-Land Hourly Surface Reanalysis (v1.0)
2024-09-03 03:00:00+00:00,0.385,1.0,ECMWF ERA5-Land Hourly Surface Reanalysis (v1.0)
2024-09-03 04:00:00+00:00,0.22,1.0,ECMWF ERA5-Land Hourly Surface Reanalysis (v1.0)
2024-09-03 05:00:00+00:00,0.256,1.0,ECMWF ERA5-Land Hourly Surface Reanalysis (v1.0)
2024-09-03 06:00:00+00:00,0.217,1.0,ECMWF ERA5-Land Hourly Surface Reanalysis (v1.0)
2024-09-03 07:00:00+00:00,0.228,1.0,ECMWF ERA5-Land Hourly Surface Reanalysis (v1.0)
2024-09-03 08:00:00+00:00,0.795,1.0,ECMWF ERA5-Land Hourly Surface Reanalysis (v1.0)
2024-09-03 09:00:00+00:00,1.413,1.0,ECMWF ERA5-Land Hourly Surface Reanalysis (v1.0)
2024-09-03 10:00:00+00:00,0.577,1.0,ECMWF ERA5-Land Hourly Surface Reanalysis (v1.0)
2024-09-03 11:00:00+00:00,0.224,1.0,ECMWF ERA5-Land Hourly Surface Reanalysis (v1.0)
2024-09-03 12:00:00+00:00,0.056,1.0,ECMWF ERA5-Land Hourly Surface Reanalysis (v1.0)
2024-09-03 13:00:00+00:00,0.52,1.0,ECMWF ERA5-Land Hourly Surface Reanalysis (v1.0)
2024-09-03 14:00:00+00:00,0.82,1.0,ECMWF ERA5-Land Hourly Surface Reanalysis (v1.0)
2024-09-03 15:00:00+00:00,0.39,1.0,ECMWF ERA5-Land Hourly Surface Reanalysis (v1.0)
2024-09-03 16:00:00+00:00,0.217,1.0,ECMWF ERA5-Land Hourly Surface Reanalysis (v1.0)
2024-09-03 17:00:00+00:00,0.268,1.0,ECMWF ERA5-Land Hourly Surface Reanalysis (v1.0)
2024-09-03 18:00:00+00:00,0.246,1.0,ECMWF ERA5-Land Hourly Surface Reanalysis (v1.0)
2024-09-03 19:00:00+00:00,0.115,1.0,ECMWF ERA5-Land Hourly Surface Reanalysis (v1.0)
2024-09-03 20:00:00+00:00,0.038,1.0,ECMWF ERA5-Land Hourly Surface Reanalysis (v1.0)
2024-09-03 21:00:00+00:00,0.021,1.0,ECMWF ERA5-Land Hourly Surface Reanalysis (v1.0)
2024-09-03 22:00:00+00:00,0.032,1.0,ECMWF ERA5-Land Hourly Surface Reanalysis (v1.0)
2024-09-03 23:00:00+00:00,0.105,1.0,ECMWF ERA5-Land Hourly Surface Reanalysis (v1.0)
2024-09-04 00:00:00+00:00,0.204,1.0,ECMWF ERA5-Land Hourly Surface Reanalysis (v1.0)
2024-09-04 01:00:00+00:00,0.394,1.0,ECMWF ERA5-Land Hourly Surface Reanalysis (v1.0)
2024-09-04 02:00:00+00:00,0.188,1.0,ECMWF ERA5-Land Hourly Surface Reanalysis (v1.0)
2024-09-04 03:00:00+00:00,0.108,1.0,ECMWF ERA5-Land Hourly Surface Reanalysis (v1.0)
2024-09-04 04:00:00+00:00,0.199,1.0,ECMWF ERA5-Land Hourly Surface Reanalysis (v1.0)
2024-09-04 05:00:00+00:00,0.263,1.0,ECMWF ERA5-Land Hourly Surface Reanalysis (v1.0)
2024-09-04 06:00:00+00:00,0.95,1.0,ECMWF ERA5-Land Hourly Surface Reanalysis (v1.0)
2024-09-04 07:00:00+00:00,0.621,1.0,ECMWF ERA5-Land Hourly Surface Reanalysis (v1.0)
2024-09-04 08:00:00+00:00,0.711,1.0,ECMWF ERA5-Land Hourly Surface Reanalysis (v1.0)
2024-09-04 09:00:00+00:00,0.913,1.0,ECMWF ERA5-Land Hourly Surface Reanalysis (v1.0)
2024-09-04 10:00:00+00:00,0.291,1.0,ECMWF ERA5-Land Hourly Surface Reanalysis (v1.0)
2024-09-04 11:00:00+00:00,0.144,1.0,ECMWF ERA5-Land Hourly Surface Reanalysis (v1.0)
2024-09-04 12:00:00+00:00,0.021,1.0,ECMWF ERA5-Land Hourly Surface Reanalysis (v1.0)
2024-09-04 13:00:00+00:00,0.006,1.0,ECMWF ERA5-Land Hourly Surface Reanalysis (v1.0)
2024-09-04 14:00:00+00:00,0.002,1.0,ECMWF ERA5-Land Hourly Surface Reanalysis (v1.0)
2024-09-04 15:00:00+00:00,0.005,1.0,ECMWF ERA5-Land Hourly Surface Reanalysis (v1.0)
2024-09-04 16:00:00+00:00,0.008,1.0,ECMWF ERA5-Land Hourly Surface Reanalysis (v1.0)
2024-09-04 17:00:00+00:00,0.005,1.0,ECMWF ERA5-Land Hourly Surface Reanalysis (v1.0)
2024-09-04 18:00:00+00:00,0.002,1.0,ECMWF ERA5-Land Hourly Surface Reanalysis (v1.0)
2024-09-04 19:00:00+00:00,0.001,1.0,ECMWF ERA5-Land Hourly Surface Reanalysis (v1.0)
2024-09-04 20:00:00+00:00,0.01,1.0,ECMWF ERA5-Land Hourly Surface Reanalysis (v1.0)
2024-09-04 21:00:00+00:00,0.015,1.0,ECMWF ERA5-Land Hourly Surface Reanalysis (v1.0)
2024-09-04 22:00:00+00:00,0.008,1.0,ECMWF ERA5-Land Hourly Surface Reanalysis (v1.0)
2024-09-04 23:00:00+00:00,0.001,1.0,ECMWF ERA5-Land Hourly Surface Reanalysis (v1.0)
2024-09-05 00:00:00+00:00,0.0,1.0,ECMWF ERA5-Land Hourly Surface Reanalysis (v1.0)
2024-09-05 01:00:00+00:00,0.099,1.0,ECMWF ERA5-Land Hourly Surface Reanalysis (v1.0)
2024-09-05 02:00:00+00:00,0.211,1.0,ECMWF ERA5-Land Hourly Surface Reanalysis (v1.0)
2024-09-05 03:00:00+00:00,0.165,1.0,ECMWF ERA5-Land Hourly Surface Reanalysis (v1.0)
2024-09-05 04:00:00+00:00,0.114,1.0,ECMWF ERA5-Land Hourly Surface Reanalysis (v1.0)
2024-09-05 05:00:00+00:00,0.139,1.0,ECMWF ERA5-Land Hourly Surface Reanalysis (v1.0)
2024-09-05 06:00:00+00:00,0.335,1.0,ECMWF ERA5-Land Hourly Surface Reanalysis (v1.0)
2024-09-05 07:00:00+00:00,0.878,1.0,ECMWF ERA5-Land Hourly Surface Reanalysis (v1.0)
2024-09-05 08:00:00+00:00,1.192,1.0,ECMWF ERA5-Land Hourly Surface Reanalysis (v1.0)
2024-09-05 09:00:00+00:00,0.877,1.0,ECMWF ERA5-Land Hourly Surface Reanalysis (v1.0)
2024-09-05 10:00:00+00:00,0.454,1.0,ECMWF ERA5-Land Hourly Surface Reanalysis (v1.0)
2024-09-05 11:00:00+00:00,0.235,1.0,ECMWF ERA5-Land Hourly Surface Reanalysis (v1.0)
2024-09-05 12:00:00+00:00,0.091,1.0,ECMWF ERA5-Land Hourly Surface Reanalysis (v1.0)
2024-09-05 13:00:00+00:00,0.03,1.0,ECMWF ERA5-Land Hourly Surface Reanalysis (v1.0)
2024-09-05 14:00:00+00:00,0.015,1.0,ECMWF ERA5-Land Hourly Surface Reanalysis (v1.0)
2024-09-05 15:00:00+00:00,0.02,1.0,ECMWF ERA5-Land Hourly Surface Reanalysis (v1.0)
2024-09-05 16:00:00+00:00,0.065,1.0,ECMWF ERA5-Land Hourly Surface Reanalysis (v1.0)
2024-09-05 17:00:00+00:00,0.129,1.0,ECMWF ERA5-Land Hourly Surface Reanalysis (v1.0)
2024-09-05 18:00:00+00:00,0.128,1.0,ECMWF ERA5-Land Hourly Surface Reanalysis (v1.0)
2024-09-05 19:00:00+00:00,0.162,1.0,ECMWF ERA5-Land Hourly Surface Reanalysis (v1.0)
2024-09-05 20:00:00+00:00,0.105,1.0,ECMWF ERA5-Land Hourly Surface Reanalysis (v1.0)
2024-09-05 21:00:00+00:00,0.134,1.0,ECMWF ERA5-Land Hourly Surface Reanalysis (v1.0)
2024-09-05 22:00:00+00:00,0.031,1.0,ECMWF ERA5-Land Hourly Surface Reanalysis (v1.0)
2024-09-05 23:00:00+00:00,0.012,1.0,ECMWF ERA5-Land Hourly Surface Reanalysis (v1.0)
2024-09-06 00:00:00+00:00,0.01,1.0,ECMWF ERA5-Land Hourly Surface Reanalysis (v1.0)
2024-09-06 01:00:00+00:00,0.019,1.0,ECMWF ERA5-Land Hourly Surface Reanalysis (v1.0)
2024-09-06 02:00:00+00:00,0.019,1.0,ECMWF ERA5-Land Hourly Surface Reanalysis (v1.0)
2024-09-06 03:00:00+00:00,0.005,1.0,ECMWF ERA5-Land Hourly Surface Reanalysis (v1.0)
2024-09-06 04:00:00+00:00,0.069,1.0,ECMWF ERA5-Land Hourly Surface Reanalysis (v1.0)
2024-09-06 05:00:00+00:00,0.152,1.0,ECMWF ERA5-Land Hourly Surface Reanalysis (v1.0)
2024-09-06 06:00:00+00:00,0.315,1.0,ECMWF ERA5-Land Hourly Surface Reanalysis (v1.0)
2024-09-06 07:00:00+00:00,0.774,1.0,ECMWF ERA5-Land Hourly Surface Reanalysis (v1.0)
2024-09-06 08:00:00+00:00,1.571,1.0,ECMWF ERA5-Land Hourly Surface Reanalysis (v1.0)
2024-09-06 09:00:00+00:00,1.551,1.0,ECMWF ERA5-Land Hourly Surface Reanalysis (v1.0)
2024-09-06 10:00:00+00:00,0.742,1.0,ECMWF ERA5-Land Hourly Surface Reanalysis (v1.0)
2024-09-06 11:00:00+00:00,0.221,1.0,ECMWF ERA5-Land Hourly Surface Reanalysis (v1.0)
2024-09-06 12:00:00+00:00,0.435,1.0,ECMWF ERA5-Land Hourly Surface Reanalysis (v1.0)
2024-09-06 13:00:00+00:00,0.183,1.0,ECMWF ERA5-Land Hourly Surface Reanalysis (v1.0)
2024-09-06 14:00:00+00:00,0.189,1.0,ECMWF ERA5-Land Hourly Surface Reanalysis (v1.0)
2024-09-06 15:00:00+00:00,0.238,1.0,ECMWF ERA5-Land Hourly Surface Reanalysis (v1.0)
2024-09-06 16:00:00+00:00,0.064,1.0,ECMWF ERA5-Land Hourly Surface Reanalysis (v1.0)
2024-09-06 17:00:00+00:00,0.056,1.0,ECMWF ERA5-Land Hourly Surface Reanalysis (v1.0)
2024-09-06 18:00:00+00:00,0.06,1.0,ECMWF ERA5-Land Hourly Surface Reanalysis (v1.0)
2024-09-06 19:00:00+00:00,0.12,1.0,ECMWF ERA5-Land Hourly Surface Reanalysis (v1.0)
2024-09-06 20:00:00+00:00,0.364,1.0,ECMWF ERA5-Land Hourly Surface Reanalysis (v1.0)
2024-09-06 21:00:00+00:00,0.253,1.0,ECMWF ERA5-Land Hourly Surface Reanalysis (v1.0)
2024-09-06 22:00:00+00:00,0.066,1.0,ECMWF ERA5-Land Hourly Surface Reanalysis (v1.0)
2024-09-06 23:00:00+00:00,0.09,1.0,ECMWF ERA5-Land Hourly Surface Reanalysis (v1.0)
2024-09-07 00:00:00+00:00,0.042,1.0,ECMWF ERA5-Land Hourly Surface Reanalysis (v1.0)
2024-09-07 01:00:00+00:00,0.371,1.0,ECMWF ERA5-Land Hourly Surface Reanalysis (v1.0)
2024-09-07 02:00:00+00:00,0.502,1.0,ECMWF ERA5-Land Hourly Surface Reanalysis (v1.0)
2024-09-07 03:00:00+00:00,0.421,1.0,ECMWF ERA5-Land Hourly Surface Reanalysis (v1.0)
2024-09-07 04:00:00+00:00,0.418,1.0,ECMWF ERA5-Land Hourly Surface Reanalysis (v1.0)
2024-09-07 05:00:00+00:00,0.432,1.0,ECMWF ERA5-Land Hourly Surface Reanalysis (v1.0)
2024-09-07 06:00:00+00:00,0.741,1.0,ECMWF ERA5-Land Hourly Surface Reanalysis (v1.0)
2024-09-07 07:00:00+00:00,0.485,1.0,ECMWF ERA5-Land Hourly Surface Reanalysis (v1.0)
2024-09-07 08:00:00+00:00,0.793,1.0,ECMWF ERA5-Land Hourly Surface Reanalysis (v1.0)
2024-09-07 09:00:00+00:00,0.944,1.0,ECMWF ERA5-Land Hourly Surface Reanalysis (v1.0)
2024-09-07 10:00:00+00:00,0.655,1.0,ECMWF ERA5-Land Hourly Surface Reanalysis (v1.0)
2024-09-07 11:00:00+00:00,0.593,1.0,ECMWF ERA5-Land Hourly Surface Reanalysis (v1.0)
2024-09-07 12:00:00+00:00,0.152,1.0,ECMWF ERA5-Land Hourly Surface Reanalysis (v1.0)
2024-09-07 13:00:00+00:00,0.098,1.0,ECMWF ERA5-Land Hourly Surface Reanalysis (v1.0)
2024-09-07 14:00:00+00:00,0.034,1.0,ECMWF ERA5-Land Hourly Surface Reanalysis (v1.0)
2024-09-07 15:00:00+00:00,0.039,1.0,ECMWF ERA5-Land Hourly Surface Reanalysis (v1.0)
2024-09-07 16:00:00+00:00,0.107,1.0,ECMWF ERA5-Land Hourly Surface Reanalysis (v1.0)
2024-09-07 17:00:00+00:00,0.273,1.0,ECMWF ERA5-Land Hourly Surface Reanalysis (v1.0)
2024-09-07 18:00:00+00:00,0.599,1.0,ECMWF ERA5-Land Hourly Surface Reanalysis (v1.0)
2024-09-07 19:00:00+00:00,0.803,1.0,ECMWF ERA5-Land Hourly Surface Reanalysis (v1.0)
2024-09-07 20:00:00+00:00,0.662,1.0,ECMWF ERA5-Land Hourly Surface Reanalysis (v1.0)
2024-09-07 21:00:00+00:00,0.598,1.0,ECMWF ERA5-Land Hourly Surface Reanalysis (v1.0)
2024-09-07 22:00:00+00:00,0.403,1.0,ECMWF ERA5-Land Hourly Surface Reanalysis (v1.0)
2024-09-07 23:00:00+00:00,0.263,1.0,ECMWF ERA5-Land Hourly Surface Reanalysis (v1.0)
2024-09-08 00:00:00+00:00,0.152,1.0,ECMWF ERA5-Land Hourly Surface Reanalysis (v1.0)
2024-09-08 01:00:00+00:00,0.208,1.0,ECMWF ERA5-Land Hourly Surface Reanalysis (v1.0)
2024-09-08 02:00:00+00:00,0.15,1.0,ECMWF ERA5-Land Hourly Surface Reanalysis (v1.0)
2024-09-08 03:00:00+00:00,0.095,1.0,ECMWF ERA5-Land Hourly Surface Reanalysis (v1.0)
2024-09-08 04:00:00+00:00,0.092,1.0,ECMWF ERA5-Land Hourly Surface Reanalysis (v1.0)
2024-09-08 05:00:00+00:00,0.141,1.0,ECMWF ERA5-Land Hourly Surface Reanalysis (v1.0)
2024-09-08 06:00:00+00:00,0.289,1.0,ECMWF ERA5-Land Hourly Surface Reanalysis (v1.0)
2024-09-08 07:00:00+00:00,0.684,1.0,ECMWF ERA5-Land Hourly Surface Reanalysis (v1.0)
2024-09-08 08:00:00+00:00,0.621,1.0,ECMWF ERA5-Land Hourly Surface Reanalysis (v1.0)
2024-09-08 09:00:00+00:00,0.776,1.0,ECMWF ERA5-Land Hourly Surface Reanalysis (v1.0)
2024-09-08 10:00:00+00:00,0.458,1.0,ECMWF ERA5-Land Hourly Surface Reanalysis (v1.0)
2024-09-08 11:00:00+00:00,0.464,1.0,ECMWF ERA5-Land Hourly Surface Reanalysis (v1.0)
2024-09-08 12:00:00+00:00,0.068,1.0,ECMWF ERA5-Land Hourly Surface Reanalysis (v1.0)
2024-09-08 13:00:00+00:00,0.081,1.0,ECMWF ERA5-Land Hourly Surface Reanalysis (v1.0)
2024-09-08 14:00:00+00:00,0.037,1.0,ECMWF ERA5-Land Hourly Surface Reanalysis (v1.0)
2024-09-08 15:00:00+00:00,0.011,1.0,ECMWF ERA5-Land Hourly Surface Reanalysis (v1.0)
2024-09-08 16:00:00+00:00,0.0,1.0,ECMWF ERA5-Land Hourly Surface Reanalysis (v1.0)
2024-09-08 17:00:00+00:00,0.001,1.0,ECMWF ERA5-Land Hourly Surface Reanalysis (v1.0)
2024-09-08 18:00:00+00:00,0.001,1.0,ECMWF ERA5-Land Hourly Surface Reanalysis (v1.0)
2024-09-08 19:00:00+00:00,0.004,1.0,ECMWF ERA5-Land Hourly Surface Reanalysis (v1.0)
2024-09-08 20:00:00+00:00,0.028,1.0,ECMWF ERA5-Land Hourly Surface Reanalysis (v1.0)
2024-09-08 21:00:00+00:00,0.015,1.0,ECMWF ERA5-Land Hourly Surface Reanalysis (v1.0)
2024-09-08 22:00:00+00:00,0.024,1.0,ECMWF ERA5-Land Hourly Surface Reanalysis (v1.0)
2024-09-08 23:00:00+00:00,0.004,1.0,ECMWF ERA5-Land Hourly Surface Reanalysis (v1.0)
2024-09-09 00:00:00+00:00,0.0,1.0,ECMWF ERA5-Land Hourly Surface Reanalysis (v1.0)
2024-09-09 01:00:00+00:00,0.025,1.0,ECMWF ERA5-Land Hourly Surface Reanalysis (v1.0)
2024-09-09 02:00:00+00:00,0.083,1.0,ECMWF ERA5-Land Hourly Surface Reanalysis (v1.0)
2024-09-09 03:00:00+00:00,0.082,1.0,ECMWF ERA5-Land Hourly Surface Reanalysis (v1.0)
2024-09-09 04:00:00+00:00,0.068,1.0,ECMWF ERA5-Land Hourly Surface Reanalysis (v1.0)
2024-09-09 05:00:00+00:00,0.062,1.0,ECMWF ERA5-Land Hourly Surface Reanalysis (v1.0)
2024-09-09 06:00:00+00:00,0.13,1.0,ECMWF ERA5-Land Hourly Surface Reanalysis (v1.0)
2024-09-09 07:00:00+00:00,0.244,1.0,ECMWF ERA5-Land Hourly Surface Reanalysis (v1.0)
2024-09-09 08:00:00+00:00,0.335,1.0,ECMWF ERA5-Land Hourly Surface Reanalysis (v1.0)
2024-09-09 09:00:00+00:00,1.11,1.0,ECMWF ERA5-Land Hourly Surface Reanalysis (v1.0)
2024-09-09 10:00:00+00:00,0.369,1.0,ECMWF ERA5-Land Hourly Surface Reanalysis (v1.0)
2024-09-09 11:00:00+00:00,0.081,1.0,ECMWF ERA5-Land Hourly Surface Reanalysis (v1.0)
2024-09-09 12:00:00+00:00,0.039,1.0,ECMWF ERA5-Land Hourly Surface Reanalysis (v1.0)
2024-09-09 13:00:00+00:00,0.035,1.0,ECMWF ERA5-Land Hourly Surface Reanalysis (v1.0)
2024-09-09 14:00:00+00:00,0.065,1.0,ECMWF ERA5-Land Hourly Surface Reanalysis (v1.0)
2024-09-09 15:00:00+00:00,0.173,1.0,ECMWF ERA5-Land Hourly Surface Reanalysis (v1.0)
2024-09-09 16:00:00+00:00,0.098,1.0,ECMWF ERA5-Land Hourly Surface Reanalysis (v1.0)
2024-09-09 17:00:00+00:00,0.026,1.0,ECMWF ERA5-Land Hourly Surface Reanalysis (v1.0)
2024-09-09 18:00:00+00:00,0.024,1.0,ECMWF ERA5-Land Hourly Surface Reanalysis (v1.0)
2024-09-09 19:00:00+00:00,0.169,1.0,ECMWF ERA5-Land Hourly Surface Reanalysis (v1.0)
2024-09-09 20:00:00+00:00,0.178,1.0,ECMWF ERA5-Land Hourly Surface Reanalysis (v1.0)
2024-09-09 21:00:00+00:00,0.101,1.0,ECMWF ERA5-Land Hourly Surface Reanalysis (v1.0)
2024-09-09 22:00:00+00:00,0.004,1.0,ECMWF ERA5-Land Hourly Surface Reanalysis (v1.0)
2024-09-09 23:00:00+00:00,0.001,1.0,ECMWF ERA5-Land Hourly Surface Reanalysis (v1.0)
2024-09-10 00:00:00+00:00,0.016,1.0,ECMWF ERA5-Land Hourly Surface Reanalysis (v1.0)
2024-09-10 01:00:00+00:00,0.057,1.0,ECMWF ERA5-Land Hourly Surface Reanalysis (v1.0)
2024-09-10 02:00:00+00:00,0.156,1.0,ECMWF ERA5-Land Hourly Surface Reanalysis (v1.0)
2024-09-10 03:00:00+00:00,0.075,1.0,ECMWF ERA5-Land Hourly Surface Reanalysis (v1.0)
2024-09-10 04:00:00+00:00,0.152,1.0,ECMWF ERA5-Land Hourly Surface Reanalysis (v1.0)
2024-09-10 05:00:00+00:00,0.429,1.0,ECMWF ERA5-Land Hourly Surface Reanalysis (v1.0)
2024-09-10 06:00:00+00:00,0.552,1.0,ECMWF ERA5-Land Hourly Surface Reanalysis (v1.0)
2024-09-10 07:00:00+00:00,0.795,1.0,ECMWF ERA5-Land Hourly Surface Reanalysis (v1.0)
2024-09-10 08:00:00+00:00,0.85,1.0,ECMWF ERA5-Land Hourly Surface Reanalysis (v1.0)
2024-09-10 09:00:00+00:00,1.192,1.0,ECMWF ERA5-Land Hourly Surface Reanalysis (v1.0)
2024-09-10 10:00:00+00:00,0.26,1.0,ECMWF ERA5-Land Hourly Surface Reanalysis (v1.0)
2024-09-10 11:00:00+00:00,0.122,1.0,ECMWF ERA5-Land Hourly Surface Reanalysis (v1.0)
2024-09-10 12:00:00+00:00,0.047,1.0,ECMWF ERA5-Land Hourly Surface Reanalysis (v1.0)
2024-09-10 13:00:00+00:00,0.01,1.0,ECMWF ERA5-Land Hourly Surface Reanalysis (v1.0)
2024-09-10 14:00:00+00:00,0.015,1.0,ECMWF ERA5-Land Hourly Surface Reanalysis (v1.0)
2024-09-10 15:00:00+00:00,0.013,1.0,ECMWF ERA5-Land Hourly Surface Reanalysis (v1.0)
2024-09-10 16:00:00+00:00,0.014,1.0,ECMWF ERA5-Land Hourly Surface Reanalysis (v1.0)
2024-09-10 17:00:00+00:00,0.015,1.0,ECMWF ERA5-Land Hourly Surface Reanalysis (v1.0)
2024-09-10 18:00:00+00:00,0.019,1.0,ECMWF ERA5-Land Hourly Surface Reanalysis (v1.0)
2024-09-10 19:00:00+00:00,0.016,1.0,ECMWF ERA5-Land Hourly Surface Reanalysis (v1.0)
2024-09-10 20:00:00+00:00,0.027,1.0,ECMWF ERA5-Land Hourly Surface Reanalysis (v1.0)
2024-09-10 21:00:00+00:00,0.069,1.0,ECMWF ERA5-Land Hourly Surface Reanalysis (v1.0)
2024-09-10 22:00:00+00:00,0.154,1.0,ECMWF ERA5-Land Hourly Surface Reanalysis (v1.0)
2024-09-10 23:00:00+00:00,0.228,1.0,ECMWF ERA5-Land Hourly Surface Reanalysis (v1.0)
2024-09-11 00:00:00+00:00,0.209,1.0,ECMWF ERA5-Land Hourly Surface Reanalysis (v1.0)
2024-09-11 01:00:00+00:00,0.056,1.0,ECMWF ERA5-Land Hourly Surface Reanalysis (v1.0)
2024-09-11 02:00:00+00:00,0.185,1.0,ECMWF ERA5-Land Hourly Surface Reanalysis (v1.0)
2024-09-11 03:00:00+00:00,0.173,1.0,ECMWF ERA5-Land Hourly Surface Reanalysis (v1.0)
2024-09-11 04:00:00+00:00,0.102,1.0,ECMWF ERA5-Land Hourly Surface Reanalysis (v1.0)
2024-09-11 05:00:00+00:00,0.161,1.0,ECMWF ERA5-Land Hourly Surface Reanalysis (v1.0)
2024-09-11 06:00:00+00:00,0.245,1.0,ECMWF ERA5-Land Hourly Surface Reanalysis (v1.0)
2024-09-11 07:00:00+00:00,0.336,1.0,ECMWF ERA5-Land Hourly Surface Reanalysis (v1.0)
2024-09-11 08:00:00+00:00,0.482,1.0,ECMWF ERA5-Land Hourly Surface Reanalysis (v1.0)
2024-09-11 09:00:00+00:00,0.396,1.0,ECMWF ERA5-Land Hourly Surface Reanalysis (v1.0)
2024-09-11 10:00:00+00:00,0.242,1.0,ECMWF ERA5-Land Hourly Surface Reanalysis (v1.0)
2024-09-11 11:00:00+00:00,0.281,1.0,ECMWF ERA5-Land Hourly Surface Reanalysis (v1.0)
2024-09-11 12:00:00+00:00,0.372,1.0,ECMWF ERA5-Land Hourly Surface Reanalysis (v1.0)
2024-09-11 13:00:00+00:00,0.402,1.0,ECMWF ERA5-Land Hourly Surface Reanalysis (v1.0)
2024-09-11 14:00:00+00:00,0.248,1.0,ECMWF ERA5-Land Hourly Surface Reanalysis (v1.0)
2024-09-11 15:00:00+00:00,0.258,1.0,ECMWF ERA5-Land Hourly Surface Reanalysis (v1.0)
2024-09-11 16:00:00+00:00,0.385,1.0,ECMWF ERA5-Land Hourly Surface Reanalysis (v1.0)
2024-09-11 17:00:00+00:00,0.372,1.0,ECMWF ERA5-Land Hourly Surface Reanalysis (v1.0)
2024-09-11 18:00:00+00:00,0.417,1.0,ECMWF ERA5-Land Hourly Surface Reanalysis (v1.0)
2024-09-11 19:00:00+00:00,0.32,1.0,ECMWF ERA5-Land Hourly Surface Reanalysis (v1.0)
2024-09-11 20:00:00+00:00,0.276,1.0,ECMWF ERA5-Land Hourly Surface Reanalysis (v1.0)
2024-09-11 21:00:00+00:00,0.396,1.0,ECMWF ERA5-Land Hourly Surface Reanalysis (v1.0)
2024-09-11 22:00:00+00:00,0.756,1.0,ECMWF ERA5-Land Hourly Surface Reanalysis (v1.0)
2024-09-11 23:00:00+00:00,0.855,1.0,ECMWF ERA5-Land Hourly Surface Reanalysis (v1.0)
2024-09-12 00:00:00+00:00,1.239,1.0,ECMWF ERA5-Land Hourly Surface Reanalysis (v1.0)
2024-09-12 01:00:00+00:00,3.0,1.0,ECMWF ERA5-Land Hourly Surface Reanalysis (v1.0)
2024-09-12 02:00:00+00:00,3.174,1.0,ECMWF ERA5-Land Hourly Surface Reanalysis (v1.0)
2024-09-12 03:00:00+00:00,3.244,1.0,ECMWF ERA5-Land Hourly Surface Reanalysis (v1.0)
2024-09-12 04:00:00+00:00,2.984,1.0,ECMWF ERA5-Land Hourly Surface Reanalysis (v1.0)
2024-09-12 05:00:00+00:00,2.604,1.0,ECMWF ERA5-Land Hourly Surface Reanalysis (v1.0)
2024-09-12 06:00:00+00:00,2.733,1.0,ECMWF ERA5-Land Hourly Surface Reanalysis (v1.0)
2024-09-12 07:00:00+00:00,3.567,1.0,ECMWF ERA5-Land Hourly Surface Reanalysis (v1.0)
2024-09-12 08:00:00+00:00,3.622,1.0,ECMWF ERA5-Land Hourly Surface Reanalysis (v1.0)
2024-09-12 09:00:00+00:00,3.783,1.0,ECMWF ERA5-Land Hourly Surface Reanalysis (v1.0)
2024-09-12 10:00:00+00:00,3.874,1.0,ECMWF ERA5-Land Hourly Surface Reanalysis (v1.0)
2024-09-12 11:00:00+00:00,3.019,1.0,ECMWF ERA5-Land Hourly Surface Reanalysis (v1.0)
2024-09-12 12:00:00+00:00,2.409,1.0,ECMWF ERA5-Land Hourly Surface Reanalysis (v1.0)
2024-09-12 13:00:00+00:00,2.2,1.0,ECMWF ERA5-Land Hourly Surface Reanalysis (v1.0)
2024-09-12 14:00:00+00:00,1.337,1.0,ECMWF ERA5-Land Hourly Surface Reanalysis (v1.0)
2024-09-12 15:00:00+00:00,0.937,1.0,ECMWF ERA5-Land Hourly Surface Reanalysis (v1.0)
2024-09-12 16:00:00+00:00,0.953,1.0,ECMWF ERA5-Land Hourly Surface Reanalysis (v1.0)
2024-09-12 17:00:00+00:00,1.021,1.0,ECMWF ERA5-Land Hourly Surface Reanalysis (v1.0)
2024-09-12 18:00:00+00:00,0.849,1.0,ECMWF ERA5-Land Hourly Surface Reanalysis (v1.0)
2024-09-12 19:00:00+00:00,0.667,1.0,ECMWF ERA5-Land Hourly Surface Reanalysis (v1.0)
2024-09-12 20:00:00+00:00,0.571,1.0,ECMWF ERA5-Land Hourly Surface Reanalysis (v1.0)
2024-09-12 21:00:00+00:00,0.513,1.0,ECMWF ERA5-Land Hourly Surface Reanalysis (v1.0)
2024-09-12 22:00:00+00:00,0.322,1.0,ECMWF ERA5-Land Hourly Surface Reanalysis (v1.0)
2024-09-12 23:00:00+00:00,0.406,1.0,ECMWF ERA5-Land Hourly Surface Reanalysis (v1.0)
2024-09-13 00:00:00+00:00,0.899,1.0,ECMWF ERA5-Land Hourly Surface Reanalysis (v1.0)
2024-09-13 01:00:00+00:00,2.006,1.0,ECMWF ERA5-Land Hourly Surface Reanalysis (v1.0)
2024-09-13 02:00:00+00:00,1.842,1.0,ECMWF ERA5-Land Hourly Surface Reanalysis (v1.0)
2024-09-13 03:00:00+00:00,1.79,1.0,ECMWF ERA5-Land Hourly Surface Reanalysis (v1.0)
2024-09-13 04:00:00+00:00,1.708,1.0,ECMWF ERA5-Land Hourly Surface Reanalysis (v1.0)
2024-09-13 05:00:00+00:00,2.383,1.0,ECMWF ERA5-Land Hourly Surface Reanalysis (v1.0)
2024-09-13 06:00:00+00:00,2.929,1.0,ECMWF ERA5-Land Hourly Surface Reanalysis (v1.0)
2024-09-13 07:00:00+00:00,2.796,1.0,ECMWF ERA5-Land Hourly Surface Reanalysis (v1.0)
2024-09-13 08:00:00+00:00,2.957,1.0,ECMWF ERA5-Land Hourly Surface Reanalysis (v1.0)
2024-09-13 09:00:00+00:00,3.635,1.0,ECMWF ERA5-Land Hourly Surface Reanalysis (v1.0)
2024-09-13 10:00:00+00:00,3.34,1.0,ECMWF ERA5-Land Hourly Surface Reanalysis (v1.0)
2024-09-13 11:00:00+00:00,3.149,1.0,ECMWF ERA5-Land Hourly Surface Reanalysis (v1.0)
2024-09-13 12:00:00+00:00,2.592,1.0,ECMWF ERA5-Land Hourly Surface Reanalysis (v1.0)
2024-09-13 13:00:00+00:00,1.177,1.0,ECMWF ERA5-Land Hourly Surface Reanalysis (v1.0)
2024-09-13 14:00:00+00:00,0.925,1.0,ECMWF ERA5-Land Hourly Surface Reanalysis (v1.0)
2024-09-13 15:00:00+00:00,0.535,1.0,ECMWF ERA5-Land Hourly Surface Reanalysis (v1.0)
2024-09-13 16:00:00+00:00,0.29,1.0,ECMWF ERA5-Land Hourly Surface Reanalysis (v1.0)
2024-09-13 17:00:00+00:00,0.194,1.0,ECMWF ERA5-Land Hourly Surface Reanalysis (v1.0)
2024-09-13 18:00:00+00:00,0.135,1.0,ECMWF ERA5-Land Hourly Surface Reanalysis (v1.0)
2024-09-13 19:00:00+00:00,0.095,1.0,ECMWF ERA5-Land Hourly Surface Reanalysis (v1.0)
2024-09-13 20:00:00+00:00,0.076,1.0,ECMWF ERA5-Land Hourly Surface Reanalysis (v1.0)
2024-09-13 21:00:00+00:00,0.058,1.0,ECMWF ERA5-Land Hourly Surface Reanalysis (v1.0)
2024-09-13 22:00:00+00:00,0.048,1.0,ECMWF ERA5-Land Hourly Surface Reanalysis (v1.0)
2024-09-13 23:00:00+00:00,0.037,1.0,ECMWF ERA5-Land Hourly Surface Reanalysis (v1.0)
2024-09-14 00:00:00+00:00,0.024,1.0,ECMWF ERA5-Land Hourly Surface Reanalysis (v1.0)
2024-09-14 01:00:00+00:00,0.002,1.0,ECMWF ERA5-Land Hourly Surface Reanalysis (v1.0)
2024-09-14 02:00:00+00:00,0.005,1.0,ECMWF ERA5-Land Hourly Surface Reanalysis (v1.0)
2024-09-14 03:00:00+00:00,0.014,1.0,ECMWF ERA5-Land Hourly Surface Reanalysis (v1.0)
2024-09-14 04:00:00+00:00,0.028,1.0,ECMWF ERA5-Land Hourly Surface Reanalysis (v1.0)
2024-09-14 05:00:00+00:00,0.196,1.0,ECMWF ERA5-Land Hourly Surface Reanalysis (v1.0)
2024-09-14 06:00:00+00:00,0.408,1.0,ECMWF ERA5-Land Hourly Surface Reanalysis (v1.0)
2024-09-14 07:00:00+00:00,0.723,1.0,ECMWF ERA5-Land Hourly Surface Reanalysis (v1.0)
2024-09-14 08:00:00+00:00,0.58,1.0,ECMWF ERA5-Land Hourly Surface Reanalysis (v1.0)
2024-09-14 09:00:00+00:00,0.486,1.0,ECMWF ERA5-Land Hourly Surface Reanalysis (v1.0)
2024-09-14 10:00:00+00:00,0.414,1.0,ECMWF ERA5-Land Hourly Surface Reanalysis (v1.0)
2024-09-14 11:00:00+00:00,0.238,1.0,ECMWF ERA5-Land Hourly Surface Reanalysis (v1.0)
2024-09-14 12:00:00+00:00,0.121,1.0,ECMWF ERA5-Land Hourly Surface Reanalysis (v1.0)
2024-09-14 13:00:00+00:00,0.039,1.0,ECMWF ERA5-Land Hourly Surface Reanalysis (v1.0)
2024-09-14 14:00:00+00:00,0.037,1.0,ECMWF ERA5-Land Hourly Surface Reanalysis (v1.0)
2024-09-14 15:00:00+00:00,0.028,1.0,ECMWF ERA5-Land Hourly Surface Reanalysis (v1.0)
2024-09-14 16:00:00+00:00,0.033,1.0,ECMWF ERA5-Land Hourly Surface Reanalysis (v1.0)
2024-09-14 17:00:00+00:00,0.05,1.0,ECMWF ERA5-Land Hourly Surface Reanalysis (v1.0)
2024-09-14 18:00:00+00:00,0.042,1.0,ECMWF ERA5-Land Hourly Surface Reanalysis (v1.0)
2024-09-14 19:00:00+00:00,0.014,1.0,ECMWF ERA5-Land Hourly Surface Reanalysis (v1.0)
2024-09-14 20:00:00+00:00,0.036,1.0,ECMWF ERA5-Land Hourly Surface Reanalysis (v1.0)
2024-09-14 21:00:00+00:00,0.031,1.0,ECMWF ERA5-Land Hourly Surface Reanalysis (v1.0)
2024-09-14 22:00:00+00:00,0.019,1.0,ECMWF ERA5-Land Hourly Surface Reanalysis (v1.0)
2024-09-14 23:00:00+00:00,0.004,1.0,ECMWF ERA5-Land Hourly Surface Reanalysis (v1.0)
2024-09-15 00:00:00+00:00,0.001,1.0,ECMWF ERA5-Land Hourly Surface Reanalysis (v1.0)
2024-09-15 01:00:00+00:00,0.017,1.0,ECMWF ERA5-Land Hourly Surface Reanalysis (v1.0)
2024-09-15 02:00:00+00:00,0.016,1.0,ECMWF ERA5-Land Hourly Surface Reanalysis (v1.0)
2024-09-15 03:00:00+00:00,0.001,1.0,ECMWF ERA5-Land Hourly Surface Reanalysis (v1.0)
2024-09-15 04:00:00+00:00,0.002,1.0,ECMWF ERA5-Land Hourly Surface Reanalysis (v1.0)
2024-09-15 05:00:00+00:00,0.037,1.0,ECMWF ERA5-Land Hourly Surface Reanalysis (v1.0)
2024-09-15 06:00:00+00:00,0.125,1.0,ECMWF ERA5-Land Hourly Surface Reanalysis (v1.0)
2024-09-15 07:00:00+00:00,0.228,1.0,ECMWF ERA5-Land Hourly Surface Reanalysis (v1.0)
2024-09-15 08:00:00+00:00,0.632,1.0,ECMWF ERA5-Land Hourly Surface Reanalysis (v1.0)
2024-09-15 09:00:00+00:00,0.318,1.0,ECMWF ERA5-Land Hourly Surface Reanalysis (v1.0)
2024-09-15 10:00:00+00:00,0.202,1.0,ECMWF ERA5-Land Hourly Surface Reanalysis (v1.0)
2024-09-15 11:00:00+00:00,0.074,1.0,ECMWF ERA5-Land Hourly Surface Reanalysis (v1.0)
2024-09-15 12:00:00+00:00,0.031,1.0,ECMWF ERA5-Land Hourly Surface Reanalysis (v1.0)
2024-09-15 13:00:00+00:00,0.069,1.0,ECMWF ERA5-Land Hourly Surface Reanalysis (v1.0)
2024-09-15 14:00:00+00:00,0.018,1.0,ECMWF ERA5-Land Hourly Surface Reanalysis (v1.0)
2024-09-15 15:00:00+00:00,0.1,1.0,ECMWF ERA5-Land Hourly Surface Reanalysis (v1.0)
2024-09-15 16:00:00+00:00,0.039,1.0,ECMWF ERA5-Land Hourly Surface Reanalysis (v1.0)
2024-09-15 17:00:00+00:00,0.021,1.0,ECMWF ERA5-Land Hourly Surface Reanalysis (v1.0)
2024-09-15 18:00:00+00:00,0.005,1.0,ECMWF ERA5-Land Hourly Surface Reanalysis (v1.0)
2024-09-15 19:00:00+00:00,0.002,1.0,ECMWF ERA5-Land Hourly Surface Reanalysis (v1.0)
2024-09-15 20:00:00+00:00,0.001,1.0,ECMWF ERA5-Land Hourly Surface Reanalysis (v1.0)
2024-09-15 21:00:00+00:00,0.001,1.0,ECMWF ERA5-Land Hourly Surface Reanalysis (v1.0)
2024-09-15 22:00:00+00:00,0.0,1.0,ECMWF ERA5-Land Hourly Surface Reanalysis (v1.0)
2024-09-15 23:00:00+00:00,0.0,1.0,ECMWF ERA5-Land Hourly Surface Reanalysis (v1.0)
2024-09-16 00:00:00+00:00,0.0,1.0,ECMWF ERA5-Land Hourly Surface Reanalysis (v1.0)
2024-09-16 01:00:00+00:00,0.0,1.0,ECMWF ERA5-Land Hourly Surface Reanalysis (v1.0)
2024-09-16 02:00:00+00:00,0.0,1.0,ECMWF ERA5-Land Hourly Surface Reanalysis (v1.0)
2024-09-16 03:00:00+00:00,0.0,1.0,ECMWF ERA5-Land Hourly Surface Reanalysis (v1.0)
2024-09-16 04:00:00+00:00,0.0,1.0,ECMWF ERA5-Land Hourly Surface Reanalysis (v1.0)
2024-09-16 05:00:00+00:00,0.002,1.0,ECMWF ERA5-Land Hourly Surface Reanalysis (v1.0)
2024-09-16 06:00:00+00:00,0.01,1.0,ECMWF ERA5-Land Hourly Surface Reanalysis (v1.0)
2024-09-16 07:00:00+00:00,0.019,1.0,ECMWF ERA5-Land Hourly Surface Reanalysis (v1.0)
2024-09-16 08:00:00+00:00,0.021,1.0,ECMWF ERA5-Land Hourly Surface Reanalysis (v1.0)
2024-09-16 09:00:00+00:00,0.02,1.0,ECMWF ERA5-Land Hourly Surface Reanalysis (v1.0)
2024-09-16 10:00:00+00:00,0.031,1.0,ECMWF ERA5-Land Hourly Surface Reanalysis (v1.0)
2024-09-16 11:00:00+00:00,0.029,1.0,ECMWF ERA5-Land Hourly Surface Reanalysis (v1.0)
2024-09-16 12:00:00+00:00,0.01,1.0,ECMWF ERA5-Land Hourly Surface Reanalysis (v1.0)
2024-09-16 13:00:00+00:00,0.017,1.0,ECMWF ERA5-Land Hourly Surface Reanalysis (v1.0)
2024-09-16 14:00:00+00:00,0.01,1.0,ECMWF ERA5-Land Hourly Surface Reanalysis (v1.0)
2024-09-16 15:00:00+00:00,0.004,1.0,ECMWF ERA5-Land Hourly Surface Reanalysis (v1.0)
2024-09-16 16:00:00+00:00,0.0,1.0,ECMWF ERA5-Land Hourly Surface Reanalysis (v1.0)
2024-09-16 17:00:00+00:00,0.0,1.0,ECMWF ERA5-Land Hourly Surface Reanalysis (v1.0)
2024-09-16 18:00:00+00:00,0.0,1.0,ECMWF ERA5-Land Hourly Surface Reanalysis (v1.0)
2024-09-16 19:00:00+00:00,0.0,1.0,ECMWF ERA5-Land Hourly Surface Reanalysis (v1.0)
2024-09-16 20:00:00+00:00,0.0,1.0,ECMWF ERA5-Land Hourly Surface Reanalysis (v1.0)
2024-09-16 21:00:00+00:00,0.0,1.0,ECMWF ERA5-Land Hourly Surface Reanalysis (v1.0)
2024-09-16 22:00:00+00:00,0.0,1.0,ECMWF ERA5-Land Hourly Surface Reanalysis (v1.0)
2024-09-16 23:00:00+00:00,0.0,1.0,ECMWF ERA5-Land Hourly Surface Reanalysis (v1.0)
2024-09-17 00:00:00+00:00,0.0,1.0,ECMWF ERA5-Land Hourly Surface Reanalysis (v1.0)
2024-09-17 01:00:00+00:00,0.0,1.0,ECMWF ERA5-Land Hourly Surface Reanalysis (v1.0)
2024-09-17 02:00:00+00:00,0.0,1.0,ECMWF ERA5-Land Hourly Surface Reanalysis (v1.0)
2024-09-17 03:00:00+00:00,0.0,1.0,ECMWF ERA5-Land Hourly Surface Reanalysis (v1.0)
2024-09-17 04:00:00+00:00,0.0,1.0,ECMWF ERA5-Land Hourly Surface Reanalysis (v1.0)
2024-09-17 05:00:00+00:00,0.002,1.0,ECMWF ERA5-Land Hourly Surface Reanalysis (v1.0)
2024-09-17 06:00:00+00:00,0.017,1.0,ECMWF ERA5-Land Hourly Surface Reanalysis (v1.0)
2024-09-17 07:00:00+00:00,0.041,1.0,ECMWF ERA5-Land Hourly Surface Reanalysis (v1.0)
2024-09-17 08:00:00+00:00,0.147,1.0,ECMWF ERA5-Land Hourly Surface Reanalysis (v1.0)
2024-09-17 09:00:00+00:00,0.149,1.0,ECMWF ERA5-Land Hourly Surface Reanalysis (v1.0)
2024-09-17 10:00:00+00:00,0.072,1.0,ECMWF ERA5-Land Hourly Surface Reanalysis (v1.0)
2024-09-17 11:00:00+00:00,0.162,1.0,ECMWF ERA5-Land Hourly Surface Reanalysis (v1.0)
2024-09-17 12:00:00+00:00,0.141,1.0,ECMWF ERA5-Land Hourly Surface Reanalysis (v1.0)
2024-09-17 13:00:00+00:00,0.195,1.0,ECMWF ERA5-Land Hourly Surface Reanalysis (v1.0)
2024-09-17 14:00:00+00:00,0.549,1.0,ECMWF ERA5-Land Hourly Surface Reanalysis (v1.0)
2024-09-17 15:00:00+00:00,0.194,1.0,ECMWF ERA5-Land Hourly Surface Reanalysis (v1.0)
2024-09-17 16:00:00+00:00,0.108,1.0,ECMWF ERA5-Land Hourly Surface Reanalysis (v1.0)
2024-09-17 17:00:00+00:00,0.063,1.0,ECMWF ERA5-Land Hourly Surface Reanalysis (v1.0)
2024-09-17 18:00:00+00:00,0.06,1.0,ECMWF ERA5-Land Hourly Surface Reanalysis (v1.0)
2024-09-17 19:00:00+00:00,0.045,1.0,ECMWF ERA5-Land Hourly Surface Reanalysis (v1.0)
2024-09-17 20:00:00+00:00,0.14,1.0,ECMWF ERA5-Land Hourly Surface Reanalysis (v1.0)
2024-09-17 21:00:00+00:00,0.358,1.0,ECMWF ERA5-Land Hourly Surface Reanalysis (v1.0)
2024-09-17 22:00:00+00:00,0.469,1.0,ECMWF ERA5-Land Hourly Surface Reanalysis (v1.0)
2024-09-17 23:00:00+00:00,0.419,1.0,ECMWF ERA5-Land Hourly Surface Reanalysis (v1.0)
2024-09-18 00:00:00+00:00,0.536,1.0,ECMWF ERA5-Land Hourly Surface Reanalysis (v1.0)
2024-09-18 01:00:00+00:00,2.399,1.0,ECMWF ERA5-Land Hourly Surface Reanalysis (v1.0)
2024-09-18 02:00:00+00:00,2.431,1.0,ECMWF ERA5-Land Hourly Surface Reanalysis (v1.0)
2024-09-18 03:00:00+00:00,2.072,1.0,ECMWF ERA5-Land Hourly Surface Reanalysis (v1.0)
2024-09-18 04:00:00+00:00,1.801,1.0,ECMWF ERA5-Land Hourly Surface Reanalysis (v1.0)
2024-09-18 05:00:00+00:00,2.007,1.0,ECMWF ERA5-Land Hourly Surface Reanalysis (v1.0)
2024-09-18 06:00:00+00:00,1.878,1.0,ECMWF ERA5-Land Hourly Surface Reanalysis (v1.0)
2024-09-18 07:00:00+00:00,1.552,1.0,ECMWF ERA5-Land Hourly Surface Reanalysis (v1.0)
2024-09-18 08:00:00+00:00,1.629,1.0,ECMWF ERA5-Land Hourly Surface Reanalysis (v1.0)
2024-09-18 09:00:00+00:00,1.819,1.0,ECMWF ERA5-Land Hourly Surface Reanalysis (v1.0)
2024-09-18 10:00:00+00:00,2.035,1.0,ECMWF ERA5-Land Hourly Surface Reanalysis (v1.0)
2024-09-18 11:00:00+00:00,1.906,1.0,ECMWF ERA5-Land Hourly Surface Reanalysis (v1.0)
2024-09-18 12:00:00+00:00,1.437,1.0,ECMWF ERA5-Land Hourly Surface Reanalysis (v1.0)
2024-09-18 13:00:00+00:00,1.056,1.0,ECMWF ERA5-Land Hourly Surface Reanalysis (v1.0)
2024-09-18 14:00:00+00:00,0.612,1.0,ECMWF ERA5-Land Hourly Surface Reanalysis (v1.0)
2024-09-18 15:00:00+00:00,0.546,1.0,ECMWF ERA5-Land Hourly Surface Reanalysis (v1.0)
2024-09-18 16:00:00+00:00,0.378,1.0,ECMWF ERA5-Land Hourly Surface Reanalysis (v1.0)
2024-09-18 17:00:00+00:00,0.2,1.0,ECMWF ERA5-Land Hourly Surface Reanalysis (v1.0)
2024-09-18 18:00:00+00:00,0.079,1.0,ECMWF ERA5-Land Hourly Surface Reanalysis (v1.0)
2024-09-18 19:00:00+00:00,0.17,1.0,ECMWF ERA5-Land Hourly Surface Reanalysis (v1.0)
2024-09-18 20:00:00+00:00,0.473,1.0,ECMWF ERA5-Land Hourly Surface Reanalysis (v1.0)
2024-09-18 21:00:00+00:00,0.701,1.0,ECMWF ERA5-Land Hourly Surface Reanalysis (v1.0)
2024-09-18 22:00:00+00:00,0.749,1.0,ECMWF ERA5-Land Hourly Surface Reanalysis (v1.0)
2024-09-18 23:00:00+00:00,0.525,1.0,ECMWF ERA5-Land Hourly Surface Reanalysis (v1.0)
2024-09-19 00:00:00+00:00,0.364,1.0,ECMWF ERA5-Land Hourly Surface Reanalysis (v1.0)
2024-09-19 01:00:00+00:00,0.018,1.0,ECMWF ERA5-Land Hourly Surface Reanalysis (v1.0)
2024-09-19 02:00:00+00:00,0.0,1.0,ECMWF ERA5-Land Hourly Surface Reanalysis (v1.0)
2024-09-19 03:00:00+00:00,0.0,1.0,ECMWF ERA5-Land Hourly Surface Reanalysis (v1.0)
2024-09-19 04:00:00+00:00,0.0,1.0,ECMWF ERA5-Land Hourly Surface Reanalysis (v1.0)
2024-09-19 05:00:00+00:00,0.006,1.0,ECMWF ERA5-Land Hourly Surface Reanalysis (v1.0)
2024-09-19 06:00:00+00:00,0.023,1.0,ECMWF ERA5-Land Hourly Surface Reanalysis (v1.0)
2024-09-19 07:00:00+00:00,0.02,1.0,ECMWF ERA5-Land Hourly Surface Reanalysis (v1.0)
2024-09-19 08:00:00+00:00,0.033,1.0,ECMWF ERA5-Land Hourly Surface Reanalysis (v1.0)
2024-09-19 09:00:00+00:00,0.026,1.0,ECMWF ERA5-Land Hourly Surface Reanalysis (v1.0)
2024-09-19 10:00:00+00:00,0.029,1.0,ECMWF ERA5-Land Hourly Surface Reanalysis (v1.0)
2024-09-19 11:00:00+00:00,0.013,1.0,ECMWF ERA5-Land Hourly Surface Reanalysis (v1.0)
2024-09-19 12:00:00+00:00,0.002,1.0,ECMWF ERA5-Land Hourly Surface Reanalysis (v1.0)
2024-09-19 13:00:00+00:00,0.001,1.0,ECMWF ERA5-Land Hourly Surface Reanalysis (v1.0)
2024-09-19 14:00:00+00:00,0.0,1.0,ECMWF ERA5-Land Hourly Surface Reanalysis (v1.0)
2024-09-19 15:00:00+00:00,0.0,1.0,ECMWF ERA5-Land Hourly Surface Reanalysis (v1.0)
2024-09-19 16:00:00+00:00,0.0,1.0,ECMWF ERA5-Land Hourly Surface Reanalysis (v1.0)
2024-09-19 17:00:00+00:00,0.0,1.0,ECMWF ERA5-Land Hourly Surface Reanalysis (v1.0)
2024-09-19 18:00:00+00:00,0.0,1.0,ECMWF ERA5-Land Hourly Surface Reanalysis (v1.0)
2024-09-19 19:00:00+00:00,0.0,1.0,ECMWF ERA5-Land Hourly Surface Reanalysis (v1.0)
2024-09-19 20:00:00+00:00,0.0,1.0,ECMWF ERA5-Land Hourly Surface Reanalysis (v1.0)
2024-09-19 21:00:00+00:00,0.0,1.0,ECMWF ERA5-Land Hourly Surface Reanalysis (v1.0)
2024-09-19 22:00:00+00:00,0.0,1.0,ECMWF ERA5-Land Hourly Surface Reanalysis (v1.0)
2024-09-19 23:00:00+00:00,0.0,1.0,ECMWF ERA5-Land Hourly Surface Reanalysis (v1.0)
2024-09-20 00:00:00+00:00,0.0,1.0,ECMWF ERA5-Land Hourly Surface Reanalysis (v1.0)
2024-09-20 01:00:00+00:00,0.0,1.0,ECMWF ERA5-Land Hourly Surface Reanalysis (v1.0)
2024-09-20 02:00:00+00:00,0.0,1.0,ECMWF ERA5-Land Hourly Surface Reanalysis (v1.0)
2024-09-20 03:00:00+00:00,0.0,1.0,ECMWF ERA5-Land Hourly Surface Reanalysis (v1.0)
2024-09-20 04:00:00+00:00,0.0,1.0,ECMWF ERA5-Land Hourly Surface Reanalysis (v1.0)
2024-09-20 05:00:00+00:00,0.002,1.0,ECMWF ERA5-Land Hourly Surface Reanalysis (v1.0)
2024-09-20 06:00:00+00:00,0.009,1.0,ECMWF ERA5-Land Hourly Surface Reanalysis (v1.0)
2024-09-20 07:00:00+00:00,0.021,1.0,ECMWF ERA5-Land Hourly Surface Reanalysis (v1.0)
2024-09-20 08:00:00+00:00,0.033,1.0,ECMWF ERA5-Land Hourly Surface Reanalysis (v1.0)
2024-09-20 09:00:00+00:00,0.05,1.0,ECMWF ERA5-Land Hourly Surface Reanalysis (v1.0)
2024-09-20 10:00:00+00:00,0.046,1.0,ECMWF ERA5-Land Hourly Surface Reanalysis (v1.0)
2024-09-20 11:00:00+00:00,0.026,1.0,ECMWF ERA5-Land Hourly Surface Reanalysis (v1.0)
2024-09-20 12:00:00+00:00,0.007,1.0,ECMWF ERA5-Land Hourly Surface Reanalysis (v1.0)
2024-09-20 13:00:00+00:00,0.0,1.0,ECMWF ERA5-Land Hourly Surface Reanalysis (v1.0)
2024-09-20 14:00:00+00:00,0.001,1.0,ECMWF ERA5-Land Hourly Surface Reanalysis (v1.0)
2024-09-20 15:00:00+00:00,0.0,1.0,ECMWF ERA5-Land Hourly Surface Reanalysis (v1.0)
2024-09-20 16:00:00+00:00,0.0,1.0,ECMWF ERA5-Land Hourly Surface Reanalysis (v1.0)
2024-09-20 17:00:00+00:00,0.0,1.0,ECMWF ERA5-Land Hourly Surface Reanalysis (v1.0)
2024-09-20 18:00:00+00:00,0.002,1.0,ECMWF ERA5-Land Hourly Surface Reanalysis (v1.0)
2024-09-20 19:00:00+00:00,0.004,1.0,ECMWF ERA5-Land Hourly Surface Reanalysis (v1.0)
2024-09-20 20:00:00+00:00,0.024,1.0,ECMWF ERA5-Land Hourly Surface Reanalysis (v1.0)
2024-09-20 21:00:00+00:00,0.039,1.0,ECMWF ERA5-Land Hourly Surface Reanalysis (v1.0)
2024-09-20 22:00:00+00:00,0.015,1.0,ECMWF ERA5-Land Hourly Surface Reanalysis (v1.0)
2024-09-20 23:00:00+00:00,0.016,1.0,ECMWF ERA5-Land Hourly Surface Reanalysis (v1.0)
2024-09-21 00:00:00+00:00,0.023,1.0,ECMWF ERA5-Land Hourly Surface Reanalysis (v1.0)
2024-09-21 01:00:00+00:00,0.0,1.0,ECMWF ERA5-Land Hourly Surface Reanalysis (v1.0)
2024-09-21 02:00:00+00:00,0.003,1.0,ECMWF ERA5-Land Hourly Surface Reanalysis (v1.0)
2024-09-21 03:00:00+00:00,0.004,1.0,ECMWF ERA5-Land Hourly Surface Reanalysis (v1.0)
2024-09-21 04:00:00+00:00,0.02,1.0,ECMWF ERA5-Land Hourly Surface Reanalysis (v1.0)
2024-09-21 05:00:00+00:00,0.047,1.0,ECMWF ERA5-Land Hourly Surface Reanalysis (v1.0)
2024-09-21 06:00:00+00:00,0.077,1.0,ECMWF ERA5-Land Hourly Surface Reanalysis (v1.0)
2024-09-21 07:00:00+00:00,0.085,1.0,ECMWF ERA5-Land Hourly Surface Reanalysis (v1.0)
2024-09-21 08:00:00+00:00,0.078,1.0,ECMWF ERA5-Land Hourly Surface Reanalysis (v1.0)
2024-09-21 09:00:00+00:00,0.096,1.0,ECMWF ERA5-Land Hourly Surface Reanalysis (v1.0)
2024-09-21 10:00:00+00:00,0.125,1.0,ECMWF ERA5-Land Hourly Surface Reanalysis (v1.0)
2024-09-21 11:00:00+00:00,0.112,1.0,ECMWF ERA5-Land Hourly Surface Reanalysis (v1.0)
2024-09-21 12:00:00+00:00,0.064,1.0,ECMWF ERA5-Land Hourly Surface Reanalysis (v1.0)
2024-09-21 13:00:00+00:00,0.034,1.0,ECMWF ERA5-Land Hourly Surface Reanalysis (v1.0)
2024-09-21 14:00:00+00:00,0.013,1.0,ECMWF ERA5-Land Hourly Surface Reanalysis (v1.0)
2024-09-21 15:00:00+00:00,0.011,1.0,ECMWF ERA5-Land Hourly Surface Reanalysis (v1.0)
2024-09-21 16:00:00+00:00,0.026,1.0,ECMWF ERA5-Land Hourly Surface Reanalysis (v1.0)
2024-09-21 17:00:00+00:00,0.04,1.0,ECMWF ERA5-Land Hourly Surface Reanalysis (v1.0)
2024-09-21 18:00:00+00:00,0.068,1.0,ECMWF ERA5-Land Hourly Surface Reanalysis (v1.0)
2024-09-21 19:00:00+00:00,0.09,1.0,ECMWF ERA5-Land Hourly Surface Reanalysis (v1.0)
2024-09-21 20:00:00+00:00,0.087,1.0,ECMWF ERA5-Land Hourly Surface Reanalysis (v1.0)
2024-09-21 21:00:00+00:00,0.117,1.0,ECMWF ERA5-Land Hourly Surface Reanalysis (v1.0)
2024-09-21 22:00:00+00:00,0.123,1.0,ECMWF ERA5-Land Hourly Surface Reanalysis (v1.0)
2024-09-21 23:00:00+00:00,0.085,1.0,ECMWF ERA5-Land Hourly Surface Reanalysis (v1.0)
2024-09-22 00:00:00+00:00,0.079,1.0,ECMWF ERA5-Land Hourly Surface Reanalysis (v1.0)
2024-09-22 01:00:00+00:00,0.011,1.0,ECMWF ERA5-Land Hourly Surface Reanalysis (v1.0)
2024-09-22 02:00:00+00:00,0.005,1.0,ECMWF ERA5-Land Hourly Surface Reanalysis (v1.0)
2024-09-22 03:00:00+00:00,0.003,1.0,ECMWF ERA5-Land Hourly Surface Reanalysis (v1.0)
2024-09-22 04:00:00+00:00,0.009,1.0,ECMWF ERA5-Land Hourly Surface Reanalysis (v1.0)
2024-09-22 05:00:00+00:00,0.033,1.0,ECMWF ERA5-Land Hourly Surface Reanalysis (v1.0)
2024-09-22 06:00:00+00:00,0.083,1.0,ECMWF ERA5-Land Hourly Surface Reanalysis (v1.0)
2024-09-22 07:00:00+00:00,0.109,1.0,ECMWF ERA5-Land Hourly Surface Reanalysis (v1.0)
2024-09-22 08:00:00+00:00,0.076,1.0,ECMWF ERA5-Land Hourly Surface Reanalysis (v1.0)
2024-09-22 09:00:00+00:00,0.237,1.0,ECMWF ERA5-Land Hourly Surface Reanalysis (v1.0)
2024-09-22 10:00:00+00:00,0.136,1.0,ECMWF ERA5-Land Hourly Surface Reanalysis (v1.0)
2024-09-22 11:00:00+00:00,0.076,1.0,ECMWF ERA5-Land Hourly Surface Reanalysis (v1.0)
2024-09-22 12:00:00+00:00,0.017,1.0,ECMWF ERA5-Land Hourly Surface Reanalysis (v1.0)
2024-09-22 13:00:00+00:00,0.024,1.0,ECMWF ERA5-Land Hourly Surface Reanalysis (v1.0)
2024-09-22 14:00:00+00:00,0.0,1.0,ECMWF ERA5-Land Hourly Surface Reanalysis (v1.0)
2024-09-22 15:00:00+00:00,0.0,1.0,ECMWF ERA5-Land Hourly Surface Reanalysis (v1.0)
2024-09-22 16:00:00+00:00,0.0,1.0,ECMWF ERA5-Land Hourly Surface Reanalysis (v1.0)
2024-09-22 17:00:00+00:00,0.0,1.0,ECMWF ERA5-Land Hourly Surface Reanalysis (v1.0)
2024-09-22 18:00:00+00:00,0.0,1.0,ECMWF ERA5-Land Hourly Surface Reanalysis (v1.0)
2024-09-22 19:00:00+00:00,0.0,1.0,ECMWF ERA5-Land Hourly Surface Reanalysis (v1.0)
2024-09-22 20:00:00+00:00,0.0,1.0,ECMWF ERA5-Land Hourly Surface Reanalysis (v1.0)
2024-09-22 21:00:00+00:00,0.0,1.0,ECMWF ERA5-Land Hourly Surface Reanalysis (v1.0)
2024-09-22 22:00:00+00:00,0.0,1.0,ECMWF ERA5-Land Hourly Surface Reanalysis (v1.0)
2024-09-22 23:00:00+00:00,0.001,1.0,ECMWF ERA5-Land Hourly Surface Reanalysis (v1.0)
2024-09-23 00:00:00+00:00,0.0,1.0,ECMWF ERA5-Land Hourly Surface Reanalysis (v1.0)
2024-09-23 01:00:00+00:00,0.0,1.0,ECMWF ERA5-Land Hourly Surface Reanalysis (v1.0)
2024-09-23 02:00:00+00:00,0.0,1.0,ECMWF ERA5-Land Hourly Surface Reanalysis (v1.0)
2024-09-23 03:00:00+00:00,0.0,1.0,ECMWF ERA5-Land Hourly Surface Reanalysis (v1.0)
2024-09-23 04:00:00+00:00,0.001,1.0,ECMWF ERA5-Land Hourly Surface Reanalysis (v1.0)
2024-09-23 05:00:00+00:00,0.009,1.0,ECMWF ERA5-Land Hourly Surface Reanalysis (v1.0)
2024-09-23 06:00:00+00:00,0.032,1.0,ECMWF ERA5-Land Hourly Surface Reanalysis (v1.0)
2024-09-23 07:00:00+00:00,0.053,1.0,ECMWF ERA5-Land Hourly Surface Reanalysis (v1.0)
2024-09-23 08:00:00+00:00,0.162,1.0,ECMWF ERA5-Land Hourly Surface Reanalysis (v1.0)
2024-09-23 09:00:00+00:00,0.068,1.0,ECMWF ERA5-Land Hourly Surface Reanalysis (v1.0)
2024-09-23 10:00:00+00:00,0.076,1.0,ECMWF ERA5-Land Hourly Surface Reanalysis (v1.0)
2024-09-23 11:00:00+00:00,0.086,1.0,ECMWF ERA5-Land Hourly Surface Reanalysis (v1.0)
2024-09-23 12:00:00+00:00,0.007,1.0,ECMWF ERA5-Land Hourly Surface Reanalysis (v1.0)
2024-09-23 13:00:00+00:00,0.0,1.0,ECMWF ERA5-Land Hourly Surface Reanalysis (v1.0)
2024-09-23 14:00:00+00:00,0.0,1.0,ECMWF ERA5-Land Hourly Surface Reanalysis (v1.0)
2024-09-23 15:00:00+00:00,0.0,1.0,ECMWF ERA5-Land Hourly Surface Reanalysis (v1.0)
2024-09-23 16:00:00+00:00,0.0,1.0,ECMWF ERA5-Land Hourly Surface Reanalysis (v1.0)
2024-09-23 17:00:00+00:00,0.0,1.0,ECMWF ERA5-Land Hourly Surface Reanalysis (v1.0)
2024-09-23 18:00:00+00:00,0.0,1.0,ECMWF ERA5-Land Hourly Surface Reanalysis (v1.0)
2024-09-23 19:00:00+00:00,0.0,1.0,ECMWF ERA5-Land Hourly Surface Reanalysis (v1.0)
2024-09-23 20:00:00+00:00,0.005,1.0,ECMWF ERA5-Land Hourly Surface Reanalysis (v1.0)
2024-09-23 21:00:00+00:00,0.005,1.0,ECMWF ERA5-Land Hourly Surface Reanalysis (v1.0)
2024-09-23 22:00:00+00:00,0.004,1.0,ECMWF ERA5-Land Hourly Surface Reanalysis (v1.0)
2024-09-23 23:00:00+00:00,0.0,1.0,ECMWF ERA5-Land Hourly Surface Reanalysis (v1.0)
2024-09-24 00:00:00+00:00,0.0,1.0,ECMWF ERA5-Land Hourly Surface Reanalysis (v1.0)
2024-09-24 01:00:00+00:00,0.0,1.0,ECMWF ERA5-Land Hourly Surface Reanalysis (v1.0)
2024-09-24 02:00:00+00:00,0.0,1.0,ECMWF ERA5-Land Hourly Surface Reanalysis (v1.0)
2024-09-24 03:00:00+00:00,0.0,1.0,ECMWF ERA5-Land Hourly Surface Reanalysis (v1.0)
2024-09-24 04:00:00+00:00,0.0,1.0,ECMWF ERA5-Land Hourly Surface Reanalysis (v1.0)
2024-09-24 05:00:00+00:00,0.004,1.0,ECMWF ERA5-Land Hourly Surface Reanalysis (v1.0)
2024-09-24 06:00:00+00:00,0.029,1.0,ECMWF ERA5-Land Hourly Surface Reanalysis (v1.0)
2024-09-24 07:00:00+00:00,0.041,1.0,ECMWF ERA5-Land Hourly Surface Reanalysis (v1.0)
2024-09-24 08:00:00+00:00,0.092,1.0,ECMWF ERA5-Land Hourly Surface Reanalysis (v1.0)
2024-09-24 09:00:00+00:00,0.094,1.0,ECMWF ERA5-Land Hourly Surface Reanalysis (v1.0)
2024-09-24 10:00:00+00:00,0.082,1.0,ECMWF ERA5-Land Hourly Surface Reanalysis (v1.0)
2024-09-24 11:00:00+00:00,0.027,1.0,ECMWF ERA5-Land Hourly Surface Reanalysis (v1.0)
2024-09-24 12:00:00+00:00,0.007,1.0,ECMWF ERA5-Land Hourly Surface Reanalysis (v1.0)
2024-09-24 13:00:00+00:00,0.0,1.0,ECMWF ERA5-Land Hourly Surface Reanalysis (v1.0)
2024-09-24 14:00:00+00:00,0.001,1.0,ECMWF ERA5-Land Hourly Surface Reanalysis (v1.0)
2024-09-24 15:00:00+00:00,0.028,1.0,ECMWF ERA5-Land Hourly Surface Reanalysis (v1.0)
2024-09-24 16:00:00+00:00,0.055,1.0,ECMWF ERA5-Land Hourly Surface Reanalysis (v1.0)
2024-09-24 17:00:00+00:00,0.104,1.0,ECMWF ERA5-Land Hourly Surface Reanalysis (v1.0)
2024-09-24 18:00:00+00:00,0.048,1.0,ECMWF ERA5-Land Hourly Surface Reanalysis (v1.0)
2024-09-24 19:00:00+00:00,0.057,1.0,ECMWF ERA5-Land Hourly Surface Reanalysis (v1.0)
2024-09-24 20:00:00+00:00,0.009,1.0,ECMWF ERA5-Land Hourly Surface Reanalysis (v1.0)
2024-09-24 21:00:00+00:00,0.072,1.0,ECMWF ERA5-Land Hourly Surface Reanalysis (v1.0)
2024-09-24 22:00:00+00:00,0.028,1.0,ECMWF ERA5-Land Hourly Surface Reanalysis (v1.0)
2024-09-24 23:00:00+00:00,0.014,1.0,ECMWF ERA5-Land Hourly Surface Reanalysis (v1.0)
2024-09-25 00:00:00+00:00,0.004,1.0,ECMWF ERA5-Land Hourly Surface Reanalysis (v1.0)
2024-09-25 01:00:00+00:00,0.0,1.0,ECMWF ERA5-Land Hourly Surface Reanalysis (v1.0)
2024-09-25 02:00:00+00:00,0.0,1.0,ECMWF ERA5-Land Hourly Surface Reanalysis (v1.0)
2024-09-25 03:00:00+00:00,0.003,1.0,ECMWF ERA5-Land Hourly Surface Reanalysis (v1.0)
2024-09-25 04:00:00+00:00,0.027,1.0,ECMWF ERA5-Land Hourly Surface Reanalysis (v1.0)
2024-09-25 05:00:00+00:00,0.075,1.0,ECMWF ERA5-Land Hourly Surface Reanalysis (v1.0)
2024-09-25 06:00:00+00:00,0.136,1.0,ECMWF ERA5-Land Hourly Surface Reanalysis (v1.0)
2024-09-25 07:00:00+00:00,0.161,1.0,ECMWF ERA5-Land Hourly Surface Reanalysis (v1.0)
2024-09-25 08:00:00+00:00,0.188,1.0,ECMWF ERA5-Land Hourly Surface Reanalysis (v1.0)
2024-09-25 09:00:00+00:00,0.165,1.0,ECMWF ERA5-Land Hourly Surface Reanalysis (v1.0)
2024-09-25 10:00:00+00:00,0.137,1.0,ECMWF ERA5-Land Hourly Surface Reanalysis (v1.0)
2024-09-25 11:00:00+00:00,0.097,1.0,ECMWF ERA5-Land Hourly Surface Reanalysis (v1.0)
2024-09-25 12:00:00+00:00,0.04,1.0,ECMWF ERA5-Land Hourly Surface Reanalysis (v1.0)
2024-09-25 13:00:00+00:00,0.041,1.0,ECMWF ERA5-Land Hourly Surface Reanalysis (v1.0)
2024-09-25 14:00:00+00:00,0.118,1.0,ECMWF ERA5-Land Hourly Surface Reanalysis (v1.0)
2024-09-25 15:00:00+00:00,0.199,1.0,ECMWF ERA5-Land Hourly Surface Reanalysis (v1.0)
2024-09-25 16:00:00+00:00,0.27,1.0,ECMWF ERA5-Land Hourly Surface Reanalysis (v1.0)
2024-09-25 17:00:00+00:00,0.51,1.0,ECMWF ERA5-Land Hourly Surface Reanalysis (v1.0)
2024-09-25 18:00:00+00:00,0.945,1.0,ECMWF ERA5-Land Hourly Surface Reanalysis (v1.0)
2024-09-25 19:00:00+00:00,1.124,1.0,ECMWF ERA5-Land Hourly Surface Reanalysis (v1.0)
2024-09-25 20:00:00+00:00,2.173,1.0,ECMWF ERA5-Land Hourly Surface Reanalysis (v1.0)
2024-09-25 21:00:00+00:00,2.265,1.0,ECMWF ERA5-Land Hourly Surface Reanalysis (v1.0)
2024-09-25 22:00:00+00:00,2.231,1.0,ECMWF ERA5-Land Hourly Surface Reanalysis (v1.0)
2024-09-25 23:00:00+00:00,1.228,1.0,ECMWF ERA5-Land Hourly Surface Reanalysis (v1.0)
2024-09-26 00:00:00+00:00,0.741,1.0,ECMWF ERA5-Land Hourly Surface Reanalysis (v1.0)
2024-09-26 01:00:00+00:00,1.607,1.0,ECMWF ERA5-Land Hourly Surface Reanalysis (v1.0)
2024-09-26 02:00:00+00:00,1.86,1.0,ECMWF ERA5-Land Hourly Surface Reanalysis (v1.0)
2024-09-26 03:00:00+00:00,1.486,1.0,ECMWF ERA5-Land Hourly Surface Reanalysis (v1.0)
2024-09-26 04:00:00+00:00,1.347,1.0,ECMWF ERA5-Land Hourly Surface Reanalysis (v1.0)
2024-09-26 05:00:00+00:00,0.715,1.0,ECMWF ERA5-Land Hourly Surface Reanalysis (v1.0)
2024-09-26 06:00:00+00:00,0.225,1.0,ECMWF ERA5-Land Hourly Surface Reanalysis (v1.0)
2024-09-26 07:00:00+00:00,0.086,1.0,ECMWF ERA5-Land Hourly Surface Reanalysis (v1.0)
2024-09-26 08:00:00+00:00,0.045,1.0,ECMWF ERA5-Land Hourly Surface Reanalysis (v1.0)
2024-09-26 09:00:00+00:00,0.028,1.0,ECMWF ERA5-Land Hourly Surface Reanalysis (v1.0)
2024-09-26 10:00:00+00:00,0.036,1.0,ECMWF ERA5-Land Hourly Surface Reanalysis (v1.0)
2024-09-26 11:00:00+00:00,0.025,1.0,ECMWF ERA5-Land Hourly Surface Reanalysis (v1.0)
2024-09-26 12:00:00+00:00,0.012,1.0,ECMWF ERA5-Land Hourly Surface Reanalysis (v1.0)
2024-09-26 13:00:00+00:00,0.006,1.0,ECMWF ERA5-Land Hourly Surface Reanalysis (v1.0)
2024-09-26 14:00:00+00:00,0.004,1.0,ECMWF ERA5-Land Hourly Surface Reanalysis (v1.0)
2024-09-26 15:00:00+00:00,0.012,1.0,ECMWF ERA5-Land Hourly Surface Reanalysis (v1.0)
2024-09-26 16:00:00+00:00,0.01,1.0,ECMWF ERA5-Land Hourly Surface Reanalysis (v1.0)
2024-09-26 17:00:00+00:00,0.012,1.0,ECMWF ERA5-Land Hourly Surface Reanalysis (v1.0)
2024-09-26 18:00:00+00:00,0.032,1.0,ECMWF ERA5-Land Hourly Surface Reanalysis (v1.0)
2024-09-26 19:00:00+00:00,0.138,1.0,ECMWF ERA5-Land Hourly Surface Reanalysis (v1.0)
2024-09-26 20:00:00+00:00,0.08,1.0,ECMWF ERA5-Land Hourly Surface Reanalysis (v1.0)
2024-09-26 21:00:00+00:00,0.016,1.0,ECMWF ERA5-Land Hourly Surface Reanalysis (v1.0)
2024-09-26 22:00:00+00:00,0.0,1.0,ECMWF ERA5-Land Hourly Surface Reanalysis (v1.0)
2024-09-26 23:00:00+00:00,0.0,1.0,ECMWF ERA5-Land Hourly Surface Reanalysis (v1.0)
2024-09-27 00:00:00+00:00,0.0,1.0,ECMWF ERA5-Land Hourly Surface Reanalysis (v1.0)
2024-09-27 01:00:00+00:00,0.0,1.0,ECMWF ERA5-Land Hourly Surface Reanalysis (v1.0)
2024-09-27 02:00:00+00:00,0.0,1.0,ECMWF ERA5-Land Hourly Surface Reanalysis (v1.0)
2024-09-27 03:00:00+00:00,0.0,1.0,ECMWF ERA5-Land Hourly Surface Reanalysis (v1.0)
2024-09-27 04:00:00+00:00,0.002,1.0,ECMWF ERA5-Land Hourly Surface Reanalysis (v1.0)
2024-09-27 05:00:00+00:00,0.02,1.0,ECMWF ERA5-Land Hourly Surface Reanalysis (v1.0)
2024-09-27 06:00:00+00:00,0.047,1.0,ECMWF ERA5-Land Hourly Surface Reanalysis (v1.0)
2024-09-27 07:00:00+00:00,0.069,1.0,ECMWF ERA5-Land Hourly Surface Reanalysis (v1.0)
2024-09-27 08:00:00+00:00,0.142,1.0,ECMWF ERA5-Land Hourly Surface Reanalysis (v1.0)
2024-09-27 09:00:00+00:00,0.345,1.0,ECMWF ERA5-Land Hourly Surface Reanalysis (v1.0)
2024-09-27 10:00:00+00:00,0.504,1.0,ECMWF ERA5-Land Hourly Surface Reanalysis (v1.0)
2024-09-27 11:00:00+00:00,0.437,1.0,ECMWF ERA5-Land Hourly Surface Reanalysis (v1.0)
2024-09-27 12:00:00+00:00,0.207,1.0,ECMWF ERA5-Land Hourly Surface Reanalysis (v1.0)
2024-09-27 13:00:00+00:00,0.027,1.0,ECMWF ERA5-Land Hourly Surface Reanalysis (v1.0)
2024-09-27 14:00:00+00:00,0.007,1.0,ECMWF ERA5-Land Hourly Surface Reanalysis (v1.0)
2024-09-27 15:00:00+00:00,0.009,1.0,ECMWF ERA5-Land Hourly Surface Reanalysis (v1.0)
2024-09-27 16:00:00+00:00,0.035,1.0,ECMWF ERA5-Land Hourly Surface Reanalysis (v1.0)
2024-09-27 17:00:00+00:00,0.049,1.0,ECMWF ERA5-Land Hourly Surface Reanalysis (v1.0)
2024-09-27 18:00:00+00:00,0.006,1.0,ECMWF ERA5-Land Hourly Surface Reanalysis (v1.0)
2024-09-27 19:00:00+00:00,0.002,1.0,ECMWF ERA5-Land Hourly Surface Reanalysis (v1.0)
2024-09-27 20:00:00+00:00,0.0,1.0,ECMWF ERA5-Land Hourly Surface Reanalysis (v1.0)
2024-09-27 21:00:00+00:00,0.001,1.0,ECMWF ERA5-Land Hourly Surface Reanalysis (v1.0)
2024-09-27 22:00:00+00:00,0.0,1.0,ECMWF ERA5-Land Hourly Surface Reanalysis (v1.0)
2024-09-27 23:00:00+00:00,0.0,1.0,ECMWF ERA5-Land Hourly Surface Reanalysis (v1.0)
2024-09-28 00:00:00+00:00,0.0,1.0,ECMWF ERA5-Land Hourly Surface Reanalysis (v1.0)
2024-09-28 01:00:00+00:00,0.0,1.0,ECMWF ERA5-Land Hourly Surface Reanalysis (v1.0)
2024-09-28 02:00:00+00:00,0.0,1.0,ECMWF ERA5-Land Hourly Surface Reanalysis (v1.0)
2024-09-28 03:00:00+00:00,0.0,1.0,ECMWF ERA5-Land Hourly Surface Reanalysis (v1.0)
2024-09-28 04:00:00+00:00,0.0,1.0,ECMWF ERA5-Land Hourly Surface Reanalysis (v1.0)
2024-09-28 05:00:00+00:00,0.003,1.0,ECMWF ERA5-Land Hourly Surface Reanalysis (v1.0)
2024-09-28 06:00:00+00:00,0.047,1.0,ECMWF ERA5-Land Hourly Surface Reanalysis (v1.0)
2024-09-28 07:00:00+00:00,0.105,1.0,ECMWF ERA5-Land Hourly Surface Reanalysis (v1.0)
2024-09-28 08:00:00+00:00,0.109,1.0,ECMWF ERA5-Land Hourly Surface Reanalysis (v1.0)
2024-09-28 09:00:00+00:00,0.088,1.0,ECMWF ERA5-Land Hourly Surface Reanalysis (v1.0)
2024-09-28 10:00:00+00:00,0.071,1.0,ECMWF ERA5-Land Hourly Surface Reanalysis (v1.0)
2024-09-28 11:00:00+00:00,0.043,1.0,ECMWF ERA5-Land Hourly Surface Reanalysis (v1.0)
2024-09-28 12:00:00+00:00,0.029,1.0,ECMWF ERA5-Land Hourly Surface Reanalysis (v1.0)
2024-09-28 13:00:00+00:00,0.012,1.0,ECMWF ERA5-Land Hourly Surface Reanalysis (v1.0)
2024-09-28 14:00:00+00:00,0.02,1.0,ECMWF ERA5-Land Hourly Surface Reanalysis (v1.0)
2024-09-28 15:00:00+00:00,0.076,1.0,ECMWF ERA5-Land Hourly Surface Reanalysis (v1.0)
2024-09-28 16:00:00+00:00,0.127,1.0,ECMWF ERA5-Land Hourly Surface Reanalysis (v1.0)
2024-09-28 17:00:00+00:00,0.153,1.0,ECMWF ERA5-Land Hourly Surface Reanalysis (v1.0)
2024-09-28 18:00:00+00:00,0.132,1.0,ECMWF ERA5-Land Hourly Surface Reanalysis (v1.0)
2024-09-28 19:00:00+00:00,0.281,1.0,ECMWF ERA5-Land Hourly Surface Reanalysis (v1.0)
2024-09-28 20:00:00+00:00,0.312,1.0,ECMWF ERA5-Land Hourly Surface Reanalysis (v1.0)
2024-09-28 21:00:00+00:00,0.218,1.0,ECMWF ERA5-Land Hourly Surface Reanalysis (v1.0)
2024-09-28 22:00:00+00:00,0.071,1.0,ECMWF ERA5-Land Hourly Surface Reanalysis (v1.0)
2024-09-28 23:00:00+00:00,0.002,1.0,ECMWF ERA5-Land Hourly Surface Reanalysis (v1.0)
2024-09-29 00:00:00+00:00,0.0,1.0,ECMWF ERA5-Land Hourly Surface Reanalysis (v1.0)
2024-09-29 01:00:00+00:00,0.0,1.0,ECMWF ERA5-Land Hourly Surface Reanalysis (v1.0)
2024-09-29 02:00:00+00:00,0.0,1.0,ECMWF ERA5-Land Hourly Surface Reanalysis (v1.0)
2024-09-29 03:00:00+00:00,0.0,1.0,ECMWF ERA5-Land Hourly Surface Reanalysis (v1.0)
2024-09-29 04:00:00+00:00,0.0,1.0,ECMWF ERA5-Land Hourly Surface Reanalysis (v1.0)
2024-09-29 05:00:00+00:00,0.0,1.0,ECMWF ERA5-Land Hourly Surface Reanalysis (v1.0)
2024-09-29 06:00:00+00:00,0.007,1.0,ECMWF ERA5-Land Hourly Surface Reanalysis (v1.0)
2024-09-29 07:00:00+00:00,0.038,1.0,ECMWF ERA5-Land Hourly Surface Reanalysis (v1.0)
2024-09-29 08:00:00+00:00,0.051,1.0,ECMWF ERA5-Land Hourly Surface Reanalysis (v1.0)
2024-09-29 09:00:00+00:00,0.05,1.0,ECMWF ERA5-Land Hourly Surface Reanalysis (v1.0)
2024-09-29 10:00:00+00:00,0.034,1.0,ECMWF ERA5-Land Hourly Surface Reanalysis (v1.0)
2024-09-29 11:00:00+00:00,0.007,1.0,ECMWF ERA5-Land Hourly Surface Reanalysis (v1.0)
2024-09-29 12:00:00+00:00,0.001,1.0,ECMWF ERA5-Land Hourly Surface Reanalysis (v1.0)
2024-09-29 13:00:00+00:00,0.0,1.0,ECMWF ERA5-Land Hourly Surface Reanalysis (v1.0)
2024-09-29 14:00:00+00:00,0.0,1.0,ECMWF ERA5-Land Hourly Surface Reanalysis (v1.0)
2024-09-29 15:00:00+00:00,0.001,1.0,ECMWF ERA5-Land Hourly Surface Reanalysis (v1.0)
2024-09-29 16:00:00+00:00,0.004,1.0,ECMWF ERA5-Land Hourly Surface Reanalysis (v1.0)
2024-09-29 17:00:00+00:00,0.002,1.0,ECMWF ERA5-Land Hourly Surface Reanalysis (v1.0)
2024-09-29 18:00:00+00:00,0.0,1.0,ECMWF ERA5-Land Hourly Surface Reanalysis (v1.0)
2024-09-29 19:00:00+00:00,0.0,1.0,ECMWF ERA5-Land Hourly Surface Reanalysis (v1.0)
2024-09-29 20:00:00+00:00,0.0,1.0,ECMWF ERA5-Land Hourly Surface Reanalysis (v1.0)
2024-09-29 21:00:00+00:00,0.0,1.0,ECMWF ERA5-Land Hourly Surface Reanalysis (v1.0)
2024-09-29 22:00:00+00:00,0.0,1.0,ECMWF ERA5-Land Hourly Surface Reanalysis (v1.0)
2024-09-29 23:00:00+00:00,0.0,1.0,ECMWF ERA5-Land Hourly Surface Reanalysis (v1.0)
2024-09-30 00:00:00+00:00,0.0,1.0,ECMWF ERA5-Land Hourly Surface Reanalysis (v1.0)
2024-09-30 01:00:00+00:00,0.0,1.0,ECMWF ERA5-Land Hourly Surface Reanalysis (v1.0)
2024-09-30 02:00:00+00:00,0.0,1.0,ECMWF ERA5-Land Hourly Surface Reanalysis (v1.0)
2024-09-30 03:00:00+00:00,0.0,1.0,ECMWF ERA5-Land Hourly Surface Reanalysis (v1.0)
2024-09-30 04:00:00+00:00,0.0,1.0,ECMWF ERA5-Land Hourly Surface Reanalysis (v1.0)
2024-09-30 05:00:00+00:00,0.0,1.0,ECMWF ERA5-Land Hourly Surface Reanalysis (v1.0)
2024-09-30 06:00:00+00:00,0.002,1.0,ECMWF ERA5-Land Hourly Surface Reanalysis (v1.0)
2024-09-30 07:00:00+00:00,0.017,1.0,ECMWF ERA5-Land Hourly Surface Reanalysis (v1.0)
2024-09-30 08:00:00+00:00,0.037,1.0,ECMWF ERA5-Land Hourly Surface Reanalysis (v1.0)
2024-09-30 09:00:00+00:00,0.029,1.0,ECMWF ERA5-Land Hourly Surface Reanalysis (v1.0)
2024-09-30 10:00:00+00:00,0.027,1.0,ECMWF ERA5-Land Hourly Surface Reanalysis (v1.0)
2024-09-30 11:00:00+00:00,0.008,1.0,ECMWF ERA5-Land Hourly Surface Reanalysis (v1.0)
2024-09-30 12:00:00+00:00,0.004,1.0,ECMWF ERA5-Land Hourly Surface Reanalysis (v1.0)
2024-09-30 13:00:00+00:00,0.0,1.0,ECMWF ERA5-Land Hourly Surface Reanalysis (v1.0)
2024-09-30 14:00:00+00:00,0.0,1.0,ECMWF ERA5-Land Hourly Surface Reanalysis (v1.0)
2024-09-30 15:00:00+00:00,0.001,1.0,ECMWF ERA5-Land Hourly Surface Reanalysis (v1.0)
2024-09-30 16:00:00+00:00,0.0,1.0,ECMWF ERA5-Land Hourly Surface Reanalysis (v1.0)
2024-09-30 17:00:00+00:00,0.0,1.0,ECMWF ERA5-Land Hourly Surface Reanalysis (v1.0)
2024-09-30 18:00:00+00:00,0.0,1.0,ECMWF ERA5-Land Hourly Surface Reanalysis (v1.0)
2024-09-30 19:00:00+00:00,0.0,1.0,ECMWF ERA5-Land Hourly Surface Reanalysis (v1.0)
2024-09-30 20:00:00+00:00,0.001,1.0,ECMWF ERA5-Land Hourly Surface Reanalysis (v1.0)
2024-09-30 21:00:00+00:00,0.0,1.0,ECMWF ERA5-Land Hourly Surface Reanalysis (v1.0)
2024-09-30 22:00:00+00:00,0.0,1.0,ECMWF ERA5-Land Hourly Surface Reanalysis (v1.0)
2024-09-30 23:00:00+00:00,0.0,1.0,ECMWF ERA5-Land Hourly Surface Reanalysis (v1.0)
