hyriv_id,next_down,main_riv,length_km,discharge_m3s_mean,catchment_up_area_km2,river_order,source,geometry_type,provenance
40624842,40624841,41023100,1.31,0.184,7.5,7,HydroRIVERS v1.0 (HydroSHEDS),LineString,OBSERVED HYDROGRAPHIC NETWORK · WWF / HydroSHEDS
40624843,40625530,41023100,1.31,0.132,5.1,4,HydroRIVERS v1.0 (HydroSHEDS),LineString,OBSERVED HYDROGRAPHIC NETWORK · WWF / HydroSHEDS
40624850,40623992,41023100,3.52,0.264,19.6,4,HydroRIVERS v1.0 (HydroSHEDS),LineString,OBSERVED HYDROGRAPHIC NETWORK · WWF / HydroSHEDS
40624851,40624704,41023100,0.69,0.14,9.7,5,HydroRIVERS v1.0 (HydroSHEDS),LineString,OBSERVED HYDROGRAPHIC NETWORK · WWF / HydroSHEDS
40624852,40622420,41023100,8.83,0.469,33.6,3,HydroRIVERS v1.0 (HydroSHEDS),LineString,OBSERVED HYDROGRAPHIC NETWORK · WWF / HydroSHEDS
40624977,40625535,41023100,15.71,2.141,131.0,3,HydroRIVERS v1.0 (HydroSHEDS),LineString,OBSERVED HYDROGRAPHIC NETWORK · WWF / HydroSHEDS
40624978,40624270,41023100,2.61,12.449,608.0,3,HydroRIVERS v1.0 (HydroSHEDS),LineString,OBSERVED HYDROGRAPHIC NETWORK · WWF / HydroSHEDS
40624979,40625258,41023100,1.22,16.529,1898.7,3,HydroRIVERS v1.0 (HydroSHEDS),LineString,OBSERVED HYDROGRAPHIC NETWORK · WWF / HydroSHEDS
40625100,40625677,41023100,5.97,3.647,137.9,3,HydroRIVERS v1.0 (HydroSHEDS),LineString,OBSERVED HYDROGRAPHIC NETWORK · WWF / HydroSHEDS
40625101,40625677,41023100,10.09,0.741,30.9,4,HydroRIVERS v1.0 (HydroSHEDS),LineString,OBSERVED HYDROGRAPHIC NETWORK · WWF / HydroSHEDS
40625102,40626872,41023100,1.62,0.192,11.0,3,HydroRIVERS v1.0 (HydroSHEDS),LineString,OBSERVED HYDROGRAPHIC NETWORK · WWF / HydroSHEDS
40625103,40626872,41023100,1.59,0.195,11.7,4,HydroRIVERS v1.0 (HydroSHEDS),LineString,OBSERVED HYDROGRAPHIC NETWORK · WWF / HydroSHEDS
40625104,40624701,41023100,3.31,0.179,13.5,5,HydroRIVERS v1.0 (HydroSHEDS),LineString,OBSERVED HYDROGRAPHIC NETWORK · WWF / HydroSHEDS
40625105,40624702,41023100,1.68,0.383,29.3,4,HydroRIVERS v1.0 (HydroSHEDS),LineString,OBSERVED HYDROGRAPHIC NETWORK · WWF / HydroSHEDS
40625106,40624543,41023100,2.43,13.313,914.0,3,HydroRIVERS v1.0 (HydroSHEDS),LineString,OBSERVED HYDROGRAPHIC NETWORK · WWF / HydroSHEDS
40625254,40625534,41023100,3.6,0.363,23.2,4,HydroRIVERS v1.0 (HydroSHEDS),LineString,OBSERVED HYDROGRAPHIC NETWORK · WWF / HydroSHEDS
40625255,40625105,41023100,0.91,0.137,10.4,4,HydroRIVERS v1.0 (HydroSHEDS),LineString,OBSERVED HYDROGRAPHIC NETWORK · WWF / HydroSHEDS
40625256,40625684,41023100,10.02,0.66,45.5,4,HydroRIVERS v1.0 (HydroSHEDS),LineString,OBSERVED HYDROGRAPHIC NETWORK · WWF / HydroSHEDS
40625257,40625684,41023100,0.4,17.866,1976.8,3,HydroRIVERS v1.0 (HydroSHEDS),LineString,OBSERVED HYDROGRAPHIC NETWORK · WWF / HydroSHEDS
40625258,40625257,41023100,2.4,17.73,1968.9,3,HydroRIVERS v1.0 (HydroSHEDS),LineString,OBSERVED HYDROGRAPHIC NETWORK · WWF / HydroSHEDS
40625387,40625950,41023100,5.5,6.517,292.2,3,HydroRIVERS v1.0 (HydroSHEDS),LineString,OBSERVED HYDROGRAPHIC NETWORK · WWF / HydroSHEDS
40625388,40625950,41023100,5.58,1.031,54.7,4,HydroRIVERS v1.0 (HydroSHEDS),LineString,OBSERVED HYDROGRAPHIC NETWORK · WWF / HydroSHEDS
40625389,40625535,41023100,6.99,648.801,43787.2,2,HydroRIVERS v1.0 (HydroSHEDS),LineString,OBSERVED HYDROGRAPHIC NETWORK · WWF / HydroSHEDS
40625390,40625105,41023100,1.52,0.202,15.4,5,HydroRIVERS v1.0 (HydroSHEDS),LineString,OBSERVED HYDROGRAPHIC NETWORK · WWF / HydroSHEDS
40625391,40625106,41023100,1.07,13.089,897.9,3,HydroRIVERS v1.0 (HydroSHEDS),LineString,OBSERVED HYDROGRAPHIC NETWORK · WWF / HydroSHEDS
40625392,40625391,41023100,0.99,0.114,8.0,4,HydroRIVERS v1.0 (HydroSHEDS),LineString,OBSERVED HYDROGRAPHIC NETWORK · WWF / HydroSHEDS
40625393,40624704,41023100,3.74,0.239,16.3,4,HydroRIVERS v1.0 (HydroSHEDS),LineString,OBSERVED HYDROGRAPHIC NETWORK · WWF / HydroSHEDS
40625394,40625257,41023100,0.91,0.111,6.4,4,HydroRIVERS v1.0 (HydroSHEDS),LineString,OBSERVED HYDROGRAPHIC NETWORK · WWF / HydroSHEDS
40625529,40625675,41023100,4.08,0.381,14.8,4,HydroRIVERS v1.0 (HydroSHEDS),LineString,OBSERVED HYDROGRAPHIC NETWORK · WWF / HydroSHEDS
40625530,40625675,41023100,3.65,0.908,34.7,3,HydroRIVERS v1.0 (HydroSHEDS),LineString,OBSERVED HYDROGRAPHIC NETWORK · WWF / HydroSHEDS
40625531,40625813,41023100,0.91,0.136,5.5,4,HydroRIVERS v1.0 (HydroSHEDS),LineString,OBSERVED HYDROGRAPHIC NETWORK · WWF / HydroSHEDS
40625532,40625813,41023100,4.45,0.344,13.7,3,HydroRIVERS v1.0 (HydroSHEDS),LineString,OBSERVED HYDROGRAPHIC NETWORK · WWF / HydroSHEDS
40625533,40625534,41023100,4.57,0.34,21.6,3,HydroRIVERS v1.0 (HydroSHEDS),LineString,OBSERVED HYDROGRAPHIC NETWORK · WWF / HydroSHEDS
40625534,40626874,41023100,2.8,0.813,52.1,3,HydroRIVERS v1.0 (HydroSHEDS),LineString,OBSERVED HYDROGRAPHIC NETWORK · WWF / HydroSHEDS
40625535,40626874,41023100,3.47,650.774,43934.5,2,HydroRIVERS v1.0 (HydroSHEDS),LineString,OBSERVED HYDROGRAPHIC NETWORK · WWF / HydroSHEDS
40625536,40625389,41023100,2.98,648.72,43720.3,2,HydroRIVERS v1.0 (HydroSHEDS),LineString,OBSERVED HYDROGRAPHIC NETWORK · WWF / HydroSHEDS
40625537,40625679,41023100,2.61,639.361,42948.5,2,HydroRIVERS v1.0 (HydroSHEDS),LineString,OBSERVED HYDROGRAPHIC NETWORK · WWF / HydroSHEDS
40625538,40624268,41023100,4.75,0.7,51.6,3,HydroRIVERS v1.0 (HydroSHEDS),LineString,OBSERVED HYDROGRAPHIC NETWORK · WWF / HydroSHEDS
40625539,40625106,41023100,2.13,0.161,11.5,4,HydroRIVERS v1.0 (HydroSHEDS),LineString,OBSERVED HYDROGRAPHIC NETWORK · WWF / HydroSHEDS
40625540,40624135,41023100,8.64,0.405,27.4,4,HydroRIVERS v1.0 (HydroSHEDS),LineString,OBSERVED HYDROGRAPHIC NETWORK · WWF / HydroSHEDS
40625541,40624978,41023100,2.14,0.396,23.8,4,HydroRIVERS v1.0 (HydroSHEDS),LineString,OBSERVED HYDROGRAPHIC NETWORK · WWF / HydroSHEDS
40625675,40626390,41023100,0.46,1.335,51.4,3,HydroRIVERS v1.0 (HydroSHEDS),LineString,OBSERVED HYDROGRAPHIC NETWORK · WWF / HydroSHEDS
40625676,40626390,41023100,1.81,0.171,6.8,4,HydroRIVERS v1.0 (HydroSHEDS),LineString,OBSERVED HYDROGRAPHIC NETWORK · WWF / HydroSHEDS
40625677,40625814,41023100,2.39,4.481,172.8,3,HydroRIVERS v1.0 (HydroSHEDS),LineString,OBSERVED HYDROGRAPHIC NETWORK · WWF / HydroSHEDS
40625678,40626087,41023100,4.05,1.384,61.0,3,HydroRIVERS v1.0 (HydroSHEDS),LineString,OBSERVED HYDROGRAPHIC NETWORK · WWF / HydroSHEDS
40625679,40625536,41023100,3.98,648.669,43687.7,2,HydroRIVERS v1.0 (HydroSHEDS),LineString,OBSERVED HYDROGRAPHIC NETWORK · WWF / HydroSHEDS
40625680,40625538,41023100,1.2,0.196,14.3,4,HydroRIVERS v1.0 (HydroSHEDS),LineString,OBSERVED HYDROGRAPHIC NETWORK · WWF / HydroSHEDS
40625681,40625541,41023100,0.69,0.209,12.4,4,HydroRIVERS v1.0 (HydroSHEDS),LineString,OBSERVED HYDROGRAPHIC NETWORK · WWF / HydroSHEDS
40625682,40625541,41023100,1.31,0.143,8.6,5,HydroRIVERS v1.0 (HydroSHEDS),LineString,OBSERVED HYDROGRAPHIC NETWORK · WWF / HydroSHEDS
40625683,40624853,41023100,3.76,321.357,23128.1,2,HydroRIVERS v1.0 (HydroSHEDS),LineString,OBSERVED HYDROGRAPHIC NETWORK · WWF / HydroSHEDS
40625684,40625683,41023100,4.62,18.689,2032.2,3,HydroRIVERS v1.0 (HydroSHEDS),LineString,OBSERVED HYDROGRAPHIC NETWORK · WWF / HydroSHEDS
40625813,40625948,41023100,0.93,0.497,19.9,3,HydroRIVERS v1.0 (HydroSHEDS),LineString,OBSERVED HYDROGRAPHIC NETWORK · WWF / HydroSHEDS
40625814,40625948,41023100,2.22,682.341,46417.7,2,HydroRIVERS v1.0 (HydroSHEDS),LineString,OBSERVED HYDROGRAPHIC NETWORK · WWF / HydroSHEDS
40625815,40624701,41023100,4.59,0.322,24.3,4,HydroRIVERS v1.0 (HydroSHEDS),LineString,OBSERVED HYDROGRAPHIC NETWORK · WWF / HydroSHEDS
40625816,40625258,41023100,9.57,1.141,66.6,4,HydroRIVERS v1.0 (HydroSHEDS),LineString,OBSERVED HYDROGRAPHIC NETWORK · WWF / HydroSHEDS
40625817,40625816,41023100,3.1,0.236,13.3,4,HydroRIVERS v1.0 (HydroSHEDS),LineString,OBSERVED HYDROGRAPHIC NETWORK · WWF / HydroSHEDS
40625818,40625816,41023100,0.59,0.105,5.7,6,HydroRIVERS v1.0 (HydroSHEDS),LineString,OBSERVED HYDROGRAPHIC NETWORK · WWF / HydroSHEDS
40625947,40626728,41023100,15.72,1.76,67.2,3,HydroRIVERS v1.0 (HydroSHEDS),LineString,OBSERVED HYDROGRAPHIC NETWORK · WWF / HydroSHEDS
40625948,40626728,41023100,1.0,682.916,46448.4,2,HydroRIVERS v1.0 (HydroSHEDS),LineString,OBSERVED HYDROGRAPHIC NETWORK · WWF / HydroSHEDS
40625949,40626089,41023100,0.69,0.186,8.4,3,HydroRIVERS v1.0 (HydroSHEDS),LineString,OBSERVED HYDROGRAPHIC NETWORK · WWF / HydroSHEDS
40625950,40626870,41023100,1.85,7.65,352.1,3,HydroRIVERS v1.0 (HydroSHEDS),LineString,OBSERVED HYDROGRAPHIC NETWORK · WWF / HydroSHEDS
40625951,40625389,41023100,2.59,0.404,28.5,3,HydroRIVERS v1.0 (HydroSHEDS),LineString,OBSERVED HYDROGRAPHIC NETWORK · WWF / HydroSHEDS
40625952,40625679,41023100,2.87,9.573,720.7,3,HydroRIVERS v1.0 (HydroSHEDS),LineString,OBSERVED HYDROGRAPHIC NETWORK · WWF / HydroSHEDS
40625953,40625952,41023100,4.21,0.219,16.3,4,HydroRIVERS v1.0 (HydroSHEDS),LineString,OBSERVED HYDROGRAPHIC NETWORK · WWF / HydroSHEDS
40626084,40626391,41023100,0.59,0.252,10.1,5,HydroRIVERS v1.0 (HydroSHEDS),LineString,OBSERVED HYDROGRAPHIC NETWORK · WWF / HydroSHEDS
40626085,40626391,41023100,0.69,0.163,6.4,4,HydroRIVERS v1.0 (HydroSHEDS),LineString,OBSERVED HYDROGRAPHIC NETWORK · WWF / HydroSHEDS
40626086,40625814,41023100,2.62,678.097,46240.1,2,HydroRIVERS v1.0 (HydroSHEDS),LineString,OBSERVED HYDROGRAPHIC NETWORK · WWF / HydroSHEDS
40626087,40626086,41023100,2.62,677.927,46213.4,2,HydroRIVERS v1.0 (HydroSHEDS),LineString,OBSERVED HYDROGRAPHIC NETWORK · WWF / HydroSHEDS
40626088,40626087,41023100,3.01,676.711,46140.8,2,HydroRIVERS v1.0 (HydroSHEDS),LineString,OBSERVED HYDROGRAPHIC NETWORK · WWF / HydroSHEDS
40626089,40626088,41023100,1.4,675.124,46040.9,2,HydroRIVERS v1.0 (HydroSHEDS),LineString,OBSERVED HYDROGRAPHIC NETWORK · WWF / HydroSHEDS
40626090,40626089,41023100,5.35,675.145,46030.1,2,HydroRIVERS v1.0 (HydroSHEDS),LineString,OBSERVED HYDROGRAPHIC NETWORK · WWF / HydroSHEDS
40626091,40626090,41023100,1.84,0.292,13.9,3,HydroRIVERS v1.0 (HydroSHEDS),LineString,OBSERVED HYDROGRAPHIC NETWORK · WWF / HydroSHEDS
40626092,40626870,41023100,3.5,0.292,15.7,4,HydroRIVERS v1.0 (HydroSHEDS),LineString,OBSERVED HYDROGRAPHIC NETWORK · WWF / HydroSHEDS
40626093,40625952,41023100,0.61,9.277,698.4,3,HydroRIVERS v1.0 (HydroSHEDS),LineString,OBSERVED HYDROGRAPHIC NETWORK · WWF / HydroSHEDS
40626094,40626095,41023100,1.38,0.131,9.1,4,HydroRIVERS v1.0 (HydroSHEDS),LineString,OBSERVED HYDROGRAPHIC NETWORK · WWF / HydroSHEDS
40626095,40625391,41023100,2.46,12.871,882.4,3,HydroRIVERS v1.0 (HydroSHEDS),LineString,OBSERVED HYDROGRAPHIC NETWORK · WWF / HydroSHEDS
40626096,40625683,41023100,1.53,302.396,21078.0,2,HydroRIVERS v1.0 (HydroSHEDS),LineString,OBSERVED HYDROGRAPHIC NETWORK · WWF / HydroSHEDS
40626221,40626222,41023100,2.17,0.222,13.9,4,HydroRIVERS v1.0 (HydroSHEDS),LineString,OBSERVED HYDROGRAPHIC NETWORK · WWF / HydroSHEDS
40626222,40624978,41023100,5.29,11.97,578.7,3,HydroRIVERS v1.0 (HydroSHEDS),LineString,OBSERVED HYDROGRAPHIC NETWORK · WWF / HydroSHEDS
40626389,40627146,41023100,1.99,0.356,14.4,4,HydroRIVERS v1.0 (HydroSHEDS),LineString,OBSERVED HYDROGRAPHIC NETWORK · WWF / HydroSHEDS
40626390,40627146,41023100,2.9,1.758,68.4,3,HydroRIVERS v1.0 (HydroSHEDS),LineString,OBSERVED HYDROGRAPHIC NETWORK · WWF / HydroSHEDS
40626391,40626868,41023100,1.22,0.438,17.4,4,HydroRIVERS v1.0 (HydroSHEDS),LineString,OBSERVED HYDROGRAPHIC NETWORK · WWF / HydroSHEDS
40626392,40626868,41023100,6.16,0.429,16.6,3,HydroRIVERS v1.0 (HydroSHEDS),LineString,OBSERVED HYDROGRAPHIC NETWORK · WWF / HydroSHEDS
40626393,40626564,41023100,0.59,0.109,4.4,5,HydroRIVERS v1.0 (HydroSHEDS),LineString,OBSERVED HYDROGRAPHIC NETWORK · WWF / HydroSHEDS
40626394,40626564,41023100,1.52,0.111,4.4,4,HydroRIVERS v1.0 (HydroSHEDS),LineString,OBSERVED HYDROGRAPHIC NETWORK · WWF / HydroSHEDS
40626395,40625948,41023100,2.3,0.192,8.2,4,HydroRIVERS v1.0 (HydroSHEDS),LineString,OBSERVED HYDROGRAPHIC NETWORK · WWF / HydroSHEDS
40626396,40624849,41023100,7.06,0.493,37.5,4,HydroRIVERS v1.0 (HydroSHEDS),LineString,OBSERVED HYDROGRAPHIC NETWORK · WWF / HydroSHEDS
40626397,40625538,41023100,4.45,0.277,20.1,3,HydroRIVERS v1.0 (HydroSHEDS),LineString,OBSERVED HYDROGRAPHIC NETWORK · WWF / HydroSHEDS
40626398,40626573,41023100,1.52,0.13,8.8,5,HydroRIVERS v1.0 (HydroSHEDS),LineString,OBSERVED HYDROGRAPHIC NETWORK · WWF / HydroSHEDS
40626399,40627728,41023100,6.17,3.54,244.2,4,HydroRIVERS v1.0 (HydroSHEDS),LineString,OBSERVED HYDROGRAPHIC NETWORK · WWF / HydroSHEDS
40626400,40627728,41023100,7.93,4.376,309.2,3,HydroRIVERS v1.0 (HydroSHEDS),LineString,OBSERVED HYDROGRAPHIC NETWORK · WWF / HydroSHEDS
40626564,40626566,41023100,1.0,0.269,10.8,4,HydroRIVERS v1.0 (HydroSHEDS),LineString,OBSERVED HYDROGRAPHIC NETWORK · WWF / HydroSHEDS
40626565,40626566,41023100,9.86,2.708,101.8,3,HydroRIVERS v1.0 (HydroSHEDS),LineString,OBSERVED HYDROGRAPHIC NETWORK · WWF / HydroSHEDS
40626566,40627005,41023100,0.4,3.03,114.8,3,HydroRIVERS v1.0 (HydroSHEDS),LineString,OBSERVED HYDROGRAPHIC NETWORK · WWF / HydroSHEDS
40626567,40627005,41023100,1.84,0.173,6.9,4,HydroRIVERS v1.0 (HydroSHEDS),LineString,OBSERVED HYDROGRAPHIC NETWORK · WWF / HydroSHEDS
40626568,40626090,41023100,1.83,675.469,45992.0,2,HydroRIVERS v1.0 (HydroSHEDS),LineString,OBSERVED HYDROGRAPHIC NETWORK · WWF / HydroSHEDS
40626569,40626093,41023100,1.83,8.712,657.8,3,HydroRIVERS v1.0 (HydroSHEDS),LineString,OBSERVED HYDROGRAPHIC NETWORK · WWF / HydroSHEDS
40626570,40627447,41023100,1.3,0.214,16.1,4,HydroRIVERS v1.0 (HydroSHEDS),LineString,OBSERVED HYDROGRAPHIC NETWORK · WWF / HydroSHEDS
40626571,40627447,41023100,0.91,0.118,8.8,5,HydroRIVERS v1.0 (HydroSHEDS),LineString,OBSERVED HYDROGRAPHIC NETWORK · WWF / HydroSHEDS
40626572,40626095,41023100,1.53,12.68,869.0,3,HydroRIVERS v1.0 (HydroSHEDS),LineString,OBSERVED HYDROGRAPHIC NETWORK · WWF / HydroSHEDS
40626573,40626572,41023100,3.83,0.631,41.5,4,HydroRIVERS v1.0 (HydroSHEDS),LineString,OBSERVED HYDROGRAPHIC NETWORK · WWF / HydroSHEDS
40626574,40626096,41023100,4.03,0.264,15.2,3,HydroRIVERS v1.0 (HydroSHEDS),LineString,OBSERVED HYDROGRAPHIC NETWORK · WWF / HydroSHEDS
40626575,40626096,41023100,1.68,302.077,21059.2,2,HydroRIVERS v1.0 (HydroSHEDS),LineString,OBSERVED HYDROGRAPHIC NETWORK · WWF / HydroSHEDS
40626576,40628972,41023100,2.98,0.223,12.1,3,HydroRIVERS v1.0 (HydroSHEDS),LineString,OBSERVED HYDROGRAPHIC NETWORK · WWF / HydroSHEDS
40626577,40628972,41023100,1.3,0.135,7.1,4,HydroRIVERS v1.0 (HydroSHEDS),LineString,OBSERVED HYDROGRAPHIC NETWORK · WWF / HydroSHEDS
40626728,40627006,41023100,3.04,684.526,46527.9,2,HydroRIVERS v1.0 (HydroSHEDS),LineString,OBSERVED HYDROGRAPHIC NETWORK · WWF / HydroSHEDS
40626729,40626569,41023100,0.61,8.286,626.9,3,HydroRIVERS v1.0 (HydroSHEDS),LineString,OBSERVED HYDROGRAPHIC NETWORK · WWF / HydroSHEDS
40626730,40626729,41023100,1.6,0.266,19.8,4,HydroRIVERS v1.0 (HydroSHEDS),LineString,OBSERVED HYDROGRAPHIC NETWORK · WWF / HydroSHEDS
40626731,40624848,41023100,8.18,0.556,42.1,4,HydroRIVERS v1.0 (HydroSHEDS),LineString,OBSERVED HYDROGRAPHIC NETWORK · WWF / HydroSHEDS
40626732,40626575,41023100,0.61,301.893,21048.4,2,HydroRIVERS v1.0 (HydroSHEDS),LineString,OBSERVED HYDROGRAPHIC NETWORK · WWF / HydroSHEDS
40626868,40628287,41023100,2.47,1.113,44.1,3,HydroRIVERS v1.0 (HydroSHEDS),LineString,OBSERVED HYDROGRAPHIC NETWORK · WWF / HydroSHEDS
40626869,40628287,41023100,4.55,0.616,24.3,4,HydroRIVERS v1.0 (HydroSHEDS),LineString,OBSERVED HYDROGRAPHIC NETWORK · WWF / HydroSHEDS
40626870,40627009,41023100,3.65,8.07,374.6,3,HydroRIVERS v1.0 (HydroSHEDS),LineString,OBSERVED HYDROGRAPHIC NETWORK · WWF / HydroSHEDS
40626871,40627722,41023100,1.81,0.161,9.1,4,HydroRIVERS v1.0 (HydroSHEDS),LineString,OBSERVED HYDROGRAPHIC NETWORK · WWF / HydroSHEDS
40626872,40627722,41023100,6.14,0.965,56.7,3,HydroRIVERS v1.0 (HydroSHEDS),LineString,OBSERVED HYDROGRAPHIC NETWORK · WWF / HydroSHEDS
40626873,40627443,41023100,1.99,0.119,7.7,3,HydroRIVERS v1.0 (HydroSHEDS),LineString,OBSERVED HYDROGRAPHIC NETWORK · WWF / HydroSHEDS
40626874,40627443,41023100,4.75,651.353,44006.0,2,HydroRIVERS v1.0 (HydroSHEDS),LineString,OBSERVED HYDROGRAPHIC NETWORK · WWF / HydroSHEDS
40626875,40626572,41023100,1.07,11.999,824.0,3,HydroRIVERS v1.0 (HydroSHEDS),LineString,OBSERVED HYDROGRAPHIC NETWORK · WWF / HydroSHEDS
40627005,40627302,41023100,1.68,3.259,124.1,3,HydroRIVERS v1.0 (HydroSHEDS),LineString,OBSERVED HYDROGRAPHIC NETWORK · WWF / HydroSHEDS
40627006,40627302,41023100,3.59,684.372,46551.1,2,HydroRIVERS v1.0 (HydroSHEDS),LineString,OBSERVED HYDROGRAPHIC NETWORK · WWF / HydroSHEDS
40627007,40626088,41023100,3.22,1.965,93.5,3,HydroRIVERS v1.0 (HydroSHEDS),LineString,OBSERVED HYDROGRAPHIC NETWORK · WWF / HydroSHEDS
40627008,40626568,41023100,1.83,675.209,45967.7,2,HydroRIVERS v1.0 (HydroSHEDS),LineString,OBSERVED HYDROGRAPHIC NETWORK · WWF / HydroSHEDS
40627009,40627008,41023100,1.4,674.247,45908.9,2,HydroRIVERS v1.0 (HydroSHEDS),LineString,OBSERVED HYDROGRAPHIC NETWORK · WWF / HydroSHEDS
40627010,40626575,41023100,1.99,0.147,8.2,3,HydroRIVERS v1.0 (HydroSHEDS),LineString,OBSERVED HYDROGRAPHIC NETWORK · WWF / HydroSHEDS
40627146,40627583,41023100,2.46,2.266,89.2,3,HydroRIVERS v1.0 (HydroSHEDS),LineString,OBSERVED HYDROGRAPHIC NETWORK · WWF / HydroSHEDS
40627301,40627583,41023100,5.53,0.601,24.9,4,HydroRIVERS v1.0 (HydroSHEDS),LineString,OBSERVED HYDROGRAPHIC NETWORK · WWF / HydroSHEDS
40627302,40627720,41023100,1.07,687.485,46676.5,2,HydroRIVERS v1.0 (HydroSHEDS),LineString,OBSERVED HYDROGRAPHIC NETWORK · WWF / HydroSHEDS
40627303,40626086,41023100,4.3,0.445,19.8,3,HydroRIVERS v1.0 (HydroSHEDS),LineString,OBSERVED HYDROGRAPHIC NETWORK · WWF / HydroSHEDS
40627304,40627007,41023100,1.61,1.126,54.6,3,HydroRIVERS v1.0 (HydroSHEDS),LineString,OBSERVED HYDROGRAPHIC NETWORK · WWF / HydroSHEDS
40627305,40627446,41023100,1.38,0.164,12.3,5,HydroRIVERS v1.0 (HydroSHEDS),LineString,OBSERVED HYDROGRAPHIC NETWORK · WWF / HydroSHEDS
40627306,40626875,41023100,2.22,10.225,716.8,3,HydroRIVERS v1.0 (HydroSHEDS),LineString,OBSERVED HYDROGRAPHIC NETWORK · WWF / HydroSHEDS
40627307,40626875,41023100,2.62,1.746,105.4,4,HydroRIVERS v1.0 (HydroSHEDS),LineString,OBSERVED HYDROGRAPHIC NETWORK · WWF / HydroSHEDS
40627308,40626573,41023100,6.18,0.386,24.9,4,HydroRIVERS v1.0 (HydroSHEDS),LineString,OBSERVED HYDROGRAPHIC NETWORK · WWF / HydroSHEDS
40627309,40628289,41023100,2.39,0.171,10.8,4,HydroRIVERS v1.0 (HydroSHEDS),LineString,OBSERVED HYDROGRAPHIC NETWORK · WWF / HydroSHEDS
40627310,40628289,41023100,1.62,0.218,13.9,6,HydroRIVERS v1.0 (HydroSHEDS),LineString,OBSERVED HYDROGRAPHIC NETWORK · WWF / HydroSHEDS
40627311,40626732,41023100,3.62,301.675,21036.3,2,HydroRIVERS v1.0 (HydroSHEDS),LineString,OBSERVED HYDROGRAPHIC NETWORK · WWF / HydroSHEDS
40627441,40627006,41023100,2.91,0.229,9.9,3,HydroRIVERS v1.0 (HydroSHEDS),LineString,OBSERVED HYDROGRAPHIC NETWORK · WWF / HydroSHEDS
40627442,40626568,41023100,4.06,0.371,18.3,3,HydroRIVERS v1.0 (HydroSHEDS),LineString,OBSERVED HYDROGRAPHIC NETWORK · WWF / HydroSHEDS
40627443,40627586,41023100,2.0,651.33,44019.7,2,HydroRIVERS v1.0 (HydroSHEDS),LineString,OBSERVED HYDROGRAPHIC NETWORK · WWF / HydroSHEDS
40627444,40627586,41023100,0.79,0.842,58.2,3,HydroRIVERS v1.0 (HydroSHEDS),LineString,OBSERVED HYDROGRAPHIC NETWORK · WWF / HydroSHEDS
40627445,40627444,41023100,3.21,0.193,13.4,4,HydroRIVERS v1.0 (HydroSHEDS),LineString,OBSERVED HYDROGRAPHIC NETWORK · WWF / HydroSHEDS
40627446,40628007,41023100,2.98,1.352,99.6,3,HydroRIVERS v1.0 (HydroSHEDS),LineString,OBSERVED HYDROGRAPHIC NETWORK · WWF / HydroSHEDS
40627447,40628007,41023100,2.92,0.397,29.6,4,HydroRIVERS v1.0 (HydroSHEDS),LineString,OBSERVED HYDROGRAPHIC NETWORK · WWF / HydroSHEDS
40627448,40627449,41023100,3.18,0.2,12.1,4,HydroRIVERS v1.0 (HydroSHEDS),LineString,OBSERVED HYDROGRAPHIC NETWORK · WWF / HydroSHEDS
40627449,40626222,41023100,4.68,11.479,547.6,3,HydroRIVERS v1.0 (HydroSHEDS),LineString,OBSERVED HYDROGRAPHIC NETWORK · WWF / HydroSHEDS
40627450,40626732,41023100,4.13,0.217,11.9,3,HydroRIVERS v1.0 (HydroSHEDS),LineString,OBSERVED HYDROGRAPHIC NETWORK · WWF / HydroSHEDS
40627582,40628428,41023100,5.1,0.542,23.1,4,HydroRIVERS v1.0 (HydroSHEDS),LineString,OBSERVED HYDROGRAPHIC NETWORK · WWF / HydroSHEDS
40627583,40628428,41023100,1.83,2.935,117.0,3,HydroRIVERS v1.0 (HydroSHEDS),LineString,OBSERVED HYDROGRAPHIC NETWORK · WWF / HydroSHEDS
40627584,40627009,41023100,3.83,666.316,45532.1,2,HydroRIVERS v1.0 (HydroSHEDS),LineString,OBSERVED HYDROGRAPHIC NETWORK · WWF / HydroSHEDS
40627585,40627723,41023100,0.91,0.11,7.1,3,HydroRIVERS v1.0 (HydroSHEDS),LineString,OBSERVED HYDROGRAPHIC NETWORK · WWF / HydroSHEDS
40627586,40627723,41023100,0.61,652.117,44078.1,2,HydroRIVERS v1.0 (HydroSHEDS),LineString,OBSERVED HYDROGRAPHIC NETWORK · WWF / HydroSHEDS
40627587,40625536,41023100,7.01,0.287,20.5,3,HydroRIVERS v1.0 (HydroSHEDS),LineString,OBSERVED HYDROGRAPHIC NETWORK · WWF / HydroSHEDS
40627588,40626729,41023100,3.65,8.015,606.7,3,HydroRIVERS v1.0 (HydroSHEDS),LineString,OBSERVED HYDROGRAPHIC NETWORK · WWF / HydroSHEDS
40627589,40627590,41023100,3.0,0.213,15.9,4,HydroRIVERS v1.0 (HydroSHEDS),LineString,OBSERVED HYDROGRAPHIC NETWORK · WWF / HydroSHEDS
40627590,40627446,41023100,3.98,0.784,57.8,3,HydroRIVERS v1.0 (HydroSHEDS),LineString,OBSERVED HYDROGRAPHIC NETWORK · WWF / HydroSHEDS
40627591,40627592,41023100,0.99,0.137,7.3,4,HydroRIVERS v1.0 (HydroSHEDS),LineString,OBSERVED HYDROGRAPHIC NETWORK · WWF / HydroSHEDS
40627592,40627311,41023100,1.07,3.969,197.9,3,HydroRIVERS v1.0 (HydroSHEDS),LineString,OBSERVED HYDROGRAPHIC NETWORK · WWF / HydroSHEDS
40627720,40628153,41023100,2.22,687.59,46696.1,2,HydroRIVERS v1.0 (HydroSHEDS),LineString,OBSERVED HYDROGRAPHIC NETWORK · WWF / HydroSHEDS
40627721,40627584,41023100,3.77,665.479,45464.5,2,HydroRIVERS v1.0 (HydroSHEDS),LineString,OBSERVED HYDROGRAPHIC NETWORK · WWF / HydroSHEDS
40627722,40627851,41023100,3.07,1.304,76.3,3,HydroRIVERS v1.0 (HydroSHEDS),LineString,OBSERVED HYDROGRAPHIC NETWORK · WWF / HydroSHEDS
40627723,40628431,41023100,1.0,652.16,44088.5,2,HydroRIVERS v1.0 (HydroSHEDS),LineString,OBSERVED HYDROGRAPHIC NETWORK · WWF / HydroSHEDS
40627724,40627590,41023100,0.61,0.44,32.2,3,HydroRIVERS v1.0 (HydroSHEDS),LineString,OBSERVED HYDROGRAPHIC NETWORK · WWF / HydroSHEDS
40627725,40627306,41023100,3.41,9.912,696.6,3,HydroRIVERS v1.0 (HydroSHEDS),LineString,OBSERVED HYDROGRAPHIC NETWORK · WWF / HydroSHEDS
40627726,40628157,41023100,5.45,0.408,21.8,4,HydroRIVERS v1.0 (HydroSHEDS),LineString,OBSERVED HYDROGRAPHIC NETWORK · WWF / HydroSHEDS
40627727,40628157,41023100,8.88,0.58,30.9,3,HydroRIVERS v1.0 (HydroSHEDS),LineString,OBSERVED HYDROGRAPHIC NETWORK · WWF / HydroSHEDS
40627728,40628976,41023100,5.04,8.067,569.2,3,HydroRIVERS v1.0 (HydroSHEDS),LineString,OBSERVED HYDROGRAPHIC NETWORK · WWF / HydroSHEDS
40627729,40628976,41023100,1.38,0.158,7.7,4,HydroRIVERS v1.0 (HydroSHEDS),LineString,OBSERVED HYDROGRAPHIC NETWORK · WWF / HydroSHEDS
40627848,40628833,41023100,1.2,0.13,5.5,4,HydroRIVERS v1.0 (HydroSHEDS),LineString,OBSERVED HYDROGRAPHIC NETWORK · WWF / HydroSHEDS
40627849,40628833,41023100,2.23,0.297,12.3,3,HydroRIVERS v1.0 (HydroSHEDS),LineString,OBSERVED HYDROGRAPHIC NETWORK · WWF / HydroSHEDS
40627850,40627720,41023100,3.38,0.328,14.1,3,HydroRIVERS v1.0 (HydroSHEDS),LineString,OBSERVED HYDROGRAPHIC NETWORK · WWF / HydroSHEDS
40627851,40627721,41023100,4.77,664.86,45399.5,2,HydroRIVERS v1.0 (HydroSHEDS),LineString,OBSERVED HYDROGRAPHIC NETWORK · WWF / HydroSHEDS
40627852,40628009,41023100,7.01,0.405,28.2,4,HydroRIVERS v1.0 (HydroSHEDS),LineString,OBSERVED HYDROGRAPHIC NETWORK · WWF / HydroSHEDS
40627853,40628009,41023100,1.62,0.16,11.2,5,HydroRIVERS v1.0 (HydroSHEDS),LineString,OBSERVED HYDROGRAPHIC NETWORK · WWF / HydroSHEDS
40627854,40628289,41023100,2.59,0.178,10.8,5,HydroRIVERS v1.0 (HydroSHEDS),LineString,OBSERVED HYDROGRAPHIC NETWORK · WWF / HydroSHEDS
40628002,40627851,41023100,3.19,663.79,45298.9,2,HydroRIVERS v1.0 (HydroSHEDS),LineString,OBSERVED HYDROGRAPHIC NETWORK · WWF / HydroSHEDS
40628003,40628002,41023100,1.52,0.231,14.3,3,HydroRIVERS v1.0 (HydroSHEDS),LineString,OBSERVED HYDROGRAPHIC NETWORK · WWF / HydroSHEDS
40628004,40627588,41023100,2.08,7.209,548.2,3,HydroRIVERS v1.0 (HydroSHEDS),LineString,OBSERVED HYDROGRAPHIC NETWORK · WWF / HydroSHEDS
40628005,40628004,41023100,3.81,0.177,13.2,4,HydroRIVERS v1.0 (HydroSHEDS),LineString,OBSERVED HYDROGRAPHIC NETWORK · WWF / HydroSHEDS
40628006,40627724,41023100,2.21,0.164,12.1,4,HydroRIVERS v1.0 (HydroSHEDS),LineString,OBSERVED HYDROGRAPHIC NETWORK · WWF / HydroSHEDS
40628007,40629533,41023100,2.44,1.849,136.5,3,HydroRIVERS v1.0 (HydroSHEDS),LineString,OBSERVED HYDROGRAPHIC NETWORK · WWF / HydroSHEDS
40628008,40629533,41023100,1.3,0.207,14.8,4,HydroRIVERS v1.0 (HydroSHEDS),LineString,OBSERVED HYDROGRAPHIC NETWORK · WWF / HydroSHEDS
40628009,40628010,41023100,0.46,0.66,45.9,4,HydroRIVERS v1.0 (HydroSHEDS),LineString,OBSERVED HYDROGRAPHIC NETWORK · WWF / HydroSHEDS
40628010,40627725,41023100,2.4,9.591,675.6,3,HydroRIVERS v1.0 (HydroSHEDS),LineString,OBSERVED HYDROGRAPHIC NETWORK · WWF / HydroSHEDS
40628011,40627307,41023100,3.04,1.295,77.1,4,HydroRIVERS v1.0 (HydroSHEDS),LineString,OBSERVED HYDROGRAPHIC NETWORK · WWF / HydroSHEDS
40628012,40627311,41023100,4.23,297.409,20821.0,2,HydroRIVERS v1.0 (HydroSHEDS),LineString,OBSERVED HYDROGRAPHIC NETWORK · WWF / HydroSHEDS
40628013,40628012,41023100,0.4,0.463,24.9,3,HydroRIVERS v1.0 (HydroSHEDS),LineString,OBSERVED HYDROGRAPHIC NETWORK · WWF / HydroSHEDS
40628014,40628013,41023100,4.59,0.343,18.7,3,HydroRIVERS v1.0 (HydroSHEDS),LineString,OBSERVED HYDROGRAPHIC NETWORK · WWF / HydroSHEDS
40628015,40628013,41023100,0.99,0.113,5.9,4,HydroRIVERS v1.0 (HydroSHEDS),LineString,OBSERVED HYDROGRAPHIC NETWORK · WWF / HydroSHEDS
40628153,40628288,41023100,3.8,689.606,46817.5,2,HydroRIVERS v1.0 (HydroSHEDS),LineString,OBSERVED HYDROGRAPHIC NETWORK · WWF / HydroSHEDS
40628154,40627725,41023100,2.13,0.159,10.3,4,HydroRIVERS v1.0 (HydroSHEDS),LineString,OBSERVED HYDROGRAPHIC NETWORK · WWF / HydroSHEDS
40628155,40628012,41023100,0.61,298.213,20785.1,2,HydroRIVERS v1.0 (HydroSHEDS),LineString,OBSERVED HYDROGRAPHIC NETWORK · WWF / HydroSHEDS
40628156,40628695,41023100,2.31,0.153,7.7,4,HydroRIVERS v1.0 (HydroSHEDS),LineString,OBSERVED HYDROGRAPHIC NETWORK · WWF / HydroSHEDS
40628157,40628695,41023100,1.53,1.034,55.2,3,HydroRIVERS v1.0 (HydroSHEDS),LineString,OBSERVED HYDROGRAPHIC NETWORK · WWF / HydroSHEDS
40628287,40628689,41023100,5.21,2.149,86.0,3,HydroRIVERS v1.0 (HydroSHEDS),LineString,OBSERVED HYDROGRAPHIC NETWORK · WWF / HydroSHEDS
40628288,40628689,41023100,1.79,689.574,46831.4,2,HydroRIVERS v1.0 (HydroSHEDS),LineString,OBSERVED HYDROGRAPHIC NETWORK · WWF / HydroSHEDS
40628289,40628290,41023100,5.98,0.76,47.0,4,HydroRIVERS v1.0 (HydroSHEDS),LineString,OBSERVED HYDROGRAPHIC NETWORK · WWF / HydroSHEDS
40628290,40627449,41023100,5.23,10.903,513.4,3,HydroRIVERS v1.0 (HydroSHEDS),LineString,OBSERVED HYDROGRAPHIC NETWORK · WWF / HydroSHEDS
40628291,40628442,41023100,3.85,0.257,13.4,3,HydroRIVERS v1.0 (HydroSHEDS),LineString,OBSERVED HYDROGRAPHIC NETWORK · WWF / HydroSHEDS
40628292,40628442,41023100,1.77,0.166,8.4,4,HydroRIVERS v1.0 (HydroSHEDS),LineString,OBSERVED HYDROGRAPHIC NETWORK · WWF / HydroSHEDS
40628428,40628590,41023100,3.07,3.694,149.6,3,HydroRIVERS v1.0 (HydroSHEDS),LineString,OBSERVED HYDROGRAPHIC NETWORK · WWF / HydroSHEDS
40628429,40628590,41023100,1.99,0.156,6.8,4,HydroRIVERS v1.0 (HydroSHEDS),LineString,OBSERVED HYDROGRAPHIC NETWORK · WWF / HydroSHEDS
40628430,40628002,41023100,1.83,663.769,45272.2,2,HydroRIVERS v1.0 (HydroSHEDS),LineString,OBSERVED HYDROGRAPHIC NETWORK · WWF / HydroSHEDS
40628431,40628430,41023100,9.37,648.436,44160.5,2,HydroRIVERS v1.0 (HydroSHEDS),LineString,OBSERVED HYDROGRAPHIC NETWORK · WWF / HydroSHEDS
40628432,40628431,41023100,3.6,0.39,26.2,3,HydroRIVERS v1.0 (HydroSHEDS),LineString,OBSERVED HYDROGRAPHIC NETWORK · WWF / HydroSHEDS
40628433,40628004,41023100,1.83,6.807,518.0,3,HydroRIVERS v1.0 (HydroSHEDS),LineString,OBSERVED HYDROGRAPHIC NETWORK · WWF / HydroSHEDS
40628434,40628433,41023100,3.74,0.146,10.8,4,HydroRIVERS v1.0 (HydroSHEDS),LineString,OBSERVED HYDROGRAPHIC NETWORK · WWF / HydroSHEDS
40628435,40629109,41023100,1.16,0.18,13.4,5,HydroRIVERS v1.0 (HydroSHEDS),LineString,OBSERVED HYDROGRAPHIC NETWORK · WWF / HydroSHEDS
40628436,40629109,41023100,1.58,0.768,57.8,4,HydroRIVERS v1.0 (HydroSHEDS),LineString,OBSERVED HYDROGRAPHIC NETWORK · WWF / HydroSHEDS
40628437,40628436,41023100,1.16,0.127,9.5,5,HydroRIVERS v1.0 (HydroSHEDS),LineString,OBSERVED HYDROGRAPHIC NETWORK · WWF / HydroSHEDS
40628438,40627306,41023100,4.45,0.237,15.0,4,HydroRIVERS v1.0 (HydroSHEDS),LineString,OBSERVED HYDROGRAPHIC NETWORK · WWF / HydroSHEDS
40628439,40628155,41023100,3.19,290.193,20430.2,2,HydroRIVERS v1.0 (HydroSHEDS),LineString,OBSERVED HYDROGRAPHIC NETWORK · WWF / HydroSHEDS
40628440,40628439,41023100,2.37,292.735,20415.4,2,HydroRIVERS v1.0 (HydroSHEDS),LineString,OBSERVED HYDROGRAPHIC NETWORK · WWF / HydroSHEDS
40628441,40628440,41023100,1.58,284.457,20092.5,2,HydroRIVERS v1.0 (HydroSHEDS),LineString,OBSERVED HYDROGRAPHIC NETWORK · WWF / HydroSHEDS
40628442,40628441,41023100,0.46,0.425,22.0,3,HydroRIVERS v1.0 (HydroSHEDS),LineString,OBSERVED HYDROGRAPHIC NETWORK · WWF / HydroSHEDS
40628589,40629975,41023100,5.5,0.456,20.3,4,HydroRIVERS v1.0 (HydroSHEDS),LineString,OBSERVED HYDROGRAPHIC NETWORK · WWF / HydroSHEDS
40628590,40629975,41023100,0.46,3.863,156.9,3,HydroRIVERS v1.0 (HydroSHEDS),LineString,OBSERVED HYDROGRAPHIC NETWORK · WWF / HydroSHEDS
40628591,40627721,41023100,3.22,0.808,45.8,3,HydroRIVERS v1.0 (HydroSHEDS),LineString,OBSERVED HYDROGRAPHIC NETWORK · WWF / HydroSHEDS
40628592,40627444,41023100,7.0,0.635,43.9,3,HydroRIVERS v1.0 (HydroSHEDS),LineString,OBSERVED HYDROGRAPHIC NETWORK · WWF / HydroSHEDS
40628593,40628436,41023100,7.59,0.603,45.2,4,HydroRIVERS v1.0 (HydroSHEDS),LineString,OBSERVED HYDROGRAPHIC NETWORK · WWF / HydroSHEDS
40628594,40628011,41023100,5.99,0.87,51.6,4,HydroRIVERS v1.0 (HydroSHEDS),LineString,OBSERVED HYDROGRAPHIC NETWORK · WWF / HydroSHEDS
40628595,40628594,41023100,1.7,0.136,8.2,5,HydroRIVERS v1.0 (HydroSHEDS),LineString,OBSERVED HYDROGRAPHIC NETWORK · WWF / HydroSHEDS
40628689,40628834,41023100,2.47,691.913,46924.7,2,HydroRIVERS v1.0 (HydroSHEDS),LineString,OBSERVED HYDROGRAPHIC NETWORK · WWF / HydroSHEDS
40628690,40628288,41023100,2.23,0.249,10.8,3,HydroRIVERS v1.0 (HydroSHEDS),LineString,OBSERVED HYDROGRAPHIC NETWORK · WWF / HydroSHEDS
40628691,40627446,41023100,5.3,0.347,25.1,4,HydroRIVERS v1.0 (HydroSHEDS),LineString,OBSERVED HYDROGRAPHIC NETWORK · WWF / HydroSHEDS
40628692,40628155,41023100,2.29,8.722,353.4,3,HydroRIVERS v1.0 (HydroSHEDS),LineString,OBSERVED HYDROGRAPHIC NETWORK · WWF / HydroSHEDS
40628693,40628439,41023100,1.38,0.186,8.8,3,HydroRIVERS v1.0 (HydroSHEDS),LineString,OBSERVED HYDROGRAPHIC NETWORK · WWF / HydroSHEDS
40628694,40628441,41023100,4.38,283.895,20064.2,2,HydroRIVERS v1.0 (HydroSHEDS),LineString,OBSERVED HYDROGRAPHIC NETWORK · WWF / HydroSHEDS
40628695,40628694,41023100,3.48,1.287,67.9,3,HydroRIVERS v1.0 (HydroSHEDS),LineString,OBSERVED HYDROGRAPHIC NETWORK · WWF / HydroSHEDS
40628696,40629115,41023100,0.61,6.822,382.2,3,HydroRIVERS v1.0 (HydroSHEDS),LineString,OBSERVED HYDROGRAPHIC NETWORK · WWF / HydroSHEDS
40628833,40629102,41023100,4.91,0.783,32.9,3,HydroRIVERS v1.0 (HydroSHEDS),LineString,OBSERVED HYDROGRAPHIC NETWORK · WWF / HydroSHEDS
40628834,40629102,41023100,0.61,692.099,46931.7,2,HydroRIVERS v1.0 (HydroSHEDS),LineString,OBSERVED HYDROGRAPHIC NETWORK · WWF / HydroSHEDS
40628835,40628153,41023100,4.14,2.355,105.8,3,HydroRIVERS v1.0 (HydroSHEDS),LineString,OBSERVED HYDROGRAPHIC NETWORK · WWF / HydroSHEDS
40628836,40628591,41023100,1.52,0.139,7.7,4,HydroRIVERS v1.0 (HydroSHEDS),LineString,OBSERVED HYDROGRAPHIC NETWORK · WWF / HydroSHEDS
40628837,40626093,41023100,11.24,0.551,39.5,4,HydroRIVERS v1.0 (HydroSHEDS),LineString,OBSERVED HYDROGRAPHIC NETWORK · WWF / HydroSHEDS
40628838,40627307,41023100,5.76,0.344,21.2,5,HydroRIVERS v1.0 (HydroSHEDS),LineString,OBSERVED HYDROGRAPHIC NETWORK · WWF / HydroSHEDS
40628839,40628840,41023100,2.58,1.516,79.1,3,HydroRIVERS v1.0 (HydroSHEDS),LineString,OBSERVED HYDROGRAPHIC NETWORK · WWF / HydroSHEDS
40628840,40628841,41023100,3.23,2.159,111.3,3,HydroRIVERS v1.0 (HydroSHEDS),LineString,OBSERVED HYDROGRAPHIC NETWORK · WWF / HydroSHEDS
40628841,40627592,41023100,5.29,3.822,190.1,3,HydroRIVERS v1.0 (HydroSHEDS),LineString,OBSERVED HYDROGRAPHIC NETWORK · WWF / HydroSHEDS
40628842,40628694,41023100,0.69,0.122,5.5,4,HydroRIVERS v1.0 (HydroSHEDS),LineString,OBSERVED HYDROGRAPHIC NETWORK · WWF / HydroSHEDS
40628843,40628974,41023100,4.81,274.841,19676.2,2,HydroRIVERS v1.0 (HydroSHEDS),LineString,OBSERVED HYDROGRAPHIC NETWORK · WWF / HydroSHEDS
40628962,40628834,41023100,1.77,0.138,6.0,3,HydroRIVERS v1.0 (HydroSHEDS),LineString,OBSERVED HYDROGRAPHIC NETWORK · WWF / HydroSHEDS
40628963,40628430,41023100,1.85,15.797,1106.6,3,HydroRIVERS v1.0 (HydroSHEDS),LineString,OBSERVED HYDROGRAPHIC NETWORK · WWF / HydroSHEDS
40628964,40628433,41023100,2.14,6.596,501.3,3,HydroRIVERS v1.0 (HydroSHEDS),LineString,OBSERVED HYDROGRAPHIC NETWORK · WWF / HydroSHEDS
40628965,40627724,41023100,4.69,0.271,19.8,3,HydroRIVERS v1.0 (HydroSHEDS),LineString,OBSERVED HYDROGRAPHIC NETWORK · WWF / HydroSHEDS
40628966,40629110,41023100,1.99,0.148,10.2,4,HydroRIVERS v1.0 (HydroSHEDS),LineString,OBSERVED HYDROGRAPHIC NETWORK · WWF / HydroSHEDS
40628967,40628010,41023100,4.51,8.847,623.8,3,HydroRIVERS v1.0 (HydroSHEDS),LineString,OBSERVED HYDROGRAPHIC NETWORK · WWF / HydroSHEDS
40628968,40628290,41023100,2.75,9.785,445.9,3,HydroRIVERS v1.0 (HydroSHEDS),LineString,OBSERVED HYDROGRAPHIC NETWORK · WWF / HydroSHEDS
40628969,40628440,41023100,1.85,8.165,317.4,3,HydroRIVERS v1.0 (HydroSHEDS),LineString,OBSERVED HYDROGRAPHIC NETWORK · WWF / HydroSHEDS
40628970,40628694,41023100,4.77,282.191,19976.7,2,HydroRIVERS v1.0 (HydroSHEDS),LineString,OBSERVED HYDROGRAPHIC NETWORK · WWF / HydroSHEDS
40628971,40628970,41023100,1.19,276.883,19770.0,2,HydroRIVERS v1.0 (HydroSHEDS),LineString,OBSERVED HYDROGRAPHIC NETWORK · WWF / HydroSHEDS
40628972,40628971,41023100,9.29,0.929,47.4,3,HydroRIVERS v1.0 (HydroSHEDS),LineString,OBSERVED HYDROGRAPHIC NETWORK · WWF / HydroSHEDS
40628973,40628971,41023100,0.4,275.925,19721.3,2,HydroRIVERS v1.0 (HydroSHEDS),LineString,OBSERVED HYDROGRAPHIC NETWORK · WWF / HydroSHEDS
40628974,40628973,41023100,1.0,275.43,19700.4,2,HydroRIVERS v1.0 (HydroSHEDS),LineString,OBSERVED HYDROGRAPHIC NETWORK · WWF / HydroSHEDS
40628975,40628843,41023100,1.4,272.262,19572.0,2,HydroRIVERS v1.0 (HydroSHEDS),LineString,OBSERVED HYDROGRAPHIC NETWORK · WWF / HydroSHEDS
40628976,40628975,41023100,4.75,8.377,588.4,3,HydroRIVERS v1.0 (HydroSHEDS),LineString,OBSERVED HYDROGRAPHIC NETWORK · WWF / HydroSHEDS
40628977,40629115,41023100,1.16,0.188,8.1,4,HydroRIVERS v1.0 (HydroSHEDS),LineString,OBSERVED HYDROGRAPHIC NETWORK · WWF / HydroSHEDS
40628978,40629115,41023100,3.59,256.273,18567.0,2,HydroRIVERS v1.0 (HydroSHEDS),LineString,OBSERVED HYDROGRAPHIC NETWORK · WWF / HydroSHEDS
40629102,40629700,41023100,1.07,692.975,46966.2,2,HydroRIVERS v1.0 (HydroSHEDS),LineString,OBSERVED HYDROGRAPHIC NETWORK · WWF / HydroSHEDS
40629103,40629700,41023100,0.59,0.112,4.9,3,HydroRIVERS v1.0 (HydroSHEDS),LineString,OBSERVED HYDROGRAPHIC NETWORK · WWF / HydroSHEDS
40629104,40628835,41023100,1.38,0.183,8.1,4,HydroRIVERS v1.0 (HydroSHEDS),LineString,OBSERVED HYDROGRAPHIC NETWORK · WWF / HydroSHEDS
40629105,40628835,41023100,1.22,1.859,84.2,3,HydroRIVERS v1.0 (HydroSHEDS),LineString,OBSERVED HYDROGRAPHIC NETWORK · WWF / HydroSHEDS
40629106,40629531,41023100,0.69,0.128,5.7,4,HydroRIVERS v1.0 (HydroSHEDS),LineString,OBSERVED HYDROGRAPHIC NETWORK · WWF / HydroSHEDS
40629107,40629531,41023100,1.31,0.145,6.6,5,HydroRIVERS v1.0 (HydroSHEDS),LineString,OBSERVED HYDROGRAPHIC NETWORK · WWF / HydroSHEDS
40629108,40629703,41023100,0.69,0.121,9.0,5,HydroRIVERS v1.0 (HydroSHEDS),LineString,OBSERVED HYDROGRAPHIC NETWORK · WWF / HydroSHEDS
40629109,40629703,41023100,3.04,1.082,81.8,4,HydroRIVERS v1.0 (HydroSHEDS),LineString,OBSERVED HYDROGRAPHIC NETWORK · WWF / HydroSHEDS
40629110,40629111,41023100,1.4,7.06,502.9,3,HydroRIVERS v1.0 (HydroSHEDS),LineString,OBSERVED HYDROGRAPHIC NETWORK · WWF / HydroSHEDS
40629111,40628967,41023100,1.4,8.044,566.7,3,HydroRIVERS v1.0 (HydroSHEDS),LineString,OBSERVED HYDROGRAPHIC NETWORK · WWF / HydroSHEDS
40629112,40628970,41023100,0.46,5.013,193.0,3,HydroRIVERS v1.0 (HydroSHEDS),LineString,OBSERVED HYDROGRAPHIC NETWORK · WWF / HydroSHEDS
40629113,40628973,41023100,0.46,0.487,20.5,3,HydroRIVERS v1.0 (HydroSHEDS),LineString,OBSERVED HYDROGRAPHIC NETWORK · WWF / HydroSHEDS
40629114,40628975,41023100,1.4,263.796,18979.8,2,HydroRIVERS v1.0 (HydroSHEDS),LineString,OBSERVED HYDROGRAPHIC NETWORK · WWF / HydroSHEDS
40629115,40629114,41023100,4.2,263.604,18971.5,2,HydroRIVERS v1.0 (HydroSHEDS),LineString,OBSERVED HYDROGRAPHIC NETWORK · WWF / HydroSHEDS
40629261,40627007,41023100,8.08,0.663,30.9,4,HydroRIVERS v1.0 (HydroSHEDS),LineString,OBSERVED HYDROGRAPHIC NETWORK · WWF / HydroSHEDS
40629262,40628963,41023100,2.21,0.24,14.5,4,HydroRIVERS v1.0 (HydroSHEDS),LineString,OBSERVED HYDROGRAPHIC NETWORK · WWF / HydroSHEDS
40629263,40626569,41023100,10.34,0.334,24.0,4,HydroRIVERS v1.0 (HydroSHEDS),LineString,OBSERVED HYDROGRAPHIC NETWORK · WWF / HydroSHEDS
40629264,40628968,41023100,2.21,0.368,19.8,4,HydroRIVERS v1.0 (HydroSHEDS),LineString,OBSERVED HYDROGRAPHIC NETWORK · WWF / HydroSHEDS
40629265,40628839,41023100,10.76,0.719,38.6,3,HydroRIVERS v1.0 (HydroSHEDS),LineString,OBSERVED HYDROGRAPHIC NETWORK · WWF / HydroSHEDS
40629266,40629112,41023100,3.21,0.286,12.6,4,HydroRIVERS v1.0 (HydroSHEDS),LineString,OBSERVED HYDROGRAPHIC NETWORK · WWF / HydroSHEDS
40629267,40629114,41023100,0.69,0.134,5.7,3,HydroRIVERS v1.0 (HydroSHEDS),LineString,OBSERVED HYDROGRAPHIC NETWORK · WWF / HydroSHEDS
40629394,40628963,41023100,1.54,15.536,1088.5,3,HydroRIVERS v1.0 (HydroSHEDS),LineString,OBSERVED HYDROGRAPHIC NETWORK · WWF / HydroSHEDS
40629395,40628964,41023100,2.92,0.186,13.5,4,HydroRIVERS v1.0 (HydroSHEDS),LineString,OBSERVED HYDROGRAPHIC NETWORK · WWF / HydroSHEDS
40629396,40628964,41023100,1.83,6.382,482.3,3,HydroRIVERS v1.0 (HydroSHEDS),LineString,OBSERVED HYDROGRAPHIC NETWORK · WWF / HydroSHEDS
40629397,40628594,41023100,3.3,0.339,19.4,4,HydroRIVERS v1.0 (HydroSHEDS),LineString,OBSERVED HYDROGRAPHIC NETWORK · WWF / HydroSHEDS
40629398,40629399,41023100,2.71,0.347,19.6,4,HydroRIVERS v1.0 (HydroSHEDS),LineString,OBSERVED HYDROGRAPHIC NETWORK · WWF / HydroSHEDS
40629399,40628968,41023100,2.22,9.197,413.5,3,HydroRIVERS v1.0 (HydroSHEDS),LineString,OBSERVED HYDROGRAPHIC NETWORK · WWF / HydroSHEDS
40629529,40629105,41023100,1.84,0.176,7.9,4,HydroRIVERS v1.0 (HydroSHEDS),LineString,OBSERVED HYDROGRAPHIC NETWORK · WWF / HydroSHEDS
40629530,40629105,41023100,3.01,1.62,73.6,3,HydroRIVERS v1.0 (HydroSHEDS),LineString,OBSERVED HYDROGRAPHIC NETWORK · WWF / HydroSHEDS
40629531,40629701,41023100,1.54,0.382,17.2,4,HydroRIVERS v1.0 (HydroSHEDS),LineString,OBSERVED HYDROGRAPHIC NETWORK · WWF / HydroSHEDS
40629532,40627304,41023100,8.37,0.34,16.3,4,HydroRIVERS v1.0 (HydroSHEDS),LineString,OBSERVED HYDROGRAPHIC NETWORK · WWF / HydroSHEDS
40629533,40629979,41023100,5.68,2.393,177.3,3,HydroRIVERS v1.0 (HydroSHEDS),LineString,OBSERVED HYDROGRAPHIC NETWORK · WWF / HydroSHEDS
40629534,40628692,41023100,3.45,0.208,9.7,4,HydroRIVERS v1.0 (HydroSHEDS),LineString,OBSERVED HYDROGRAPHIC NETWORK · WWF / HydroSHEDS
40629699,40630138,41023100,2.13,0.21,9.2,3,HydroRIVERS v1.0 (HydroSHEDS),LineString,OBSERVED HYDROGRAPHIC NETWORK · WWF / HydroSHEDS
40629700,40630138,41023100,3.48,693.616,46986.2,2,HydroRIVERS v1.0 (HydroSHEDS),LineString,OBSERVED HYDROGRAPHIC NETWORK · WWF / HydroSHEDS
40629701,40629530,41023100,4.38,1.218,55.5,3,HydroRIVERS v1.0 (HydroSHEDS),LineString,OBSERVED HYDROGRAPHIC NETWORK · WWF / HydroSHEDS
40629702,40629396,41023100,1.61,5.608,423.7,3,HydroRIVERS v1.0 (HydroSHEDS),LineString,OBSERVED HYDROGRAPHIC NETWORK · WWF / HydroSHEDS
40629703,40629702,41023100,4.02,1.412,107.4,4,HydroRIVERS v1.0 (HydroSHEDS),LineString,OBSERVED HYDROGRAPHIC NETWORK · WWF / HydroSHEDS
40629704,40628011,41023100,6.67,0.348,20.5,5,HydroRIVERS v1.0 (HydroSHEDS),LineString,OBSERVED HYDROGRAPHIC NETWORK · WWF / HydroSHEDS
40629705,40629113,41023100,2.74,0.156,6.6,4,HydroRIVERS v1.0 (HydroSHEDS),LineString,OBSERVED HYDROGRAPHIC NETWORK · WWF / HydroSHEDS
40629846,40629974,41023100,3.82,0.256,12.1,4,HydroRIVERS v1.0 (HydroSHEDS),LineString,OBSERVED HYDROGRAPHIC NETWORK · WWF / HydroSHEDS
40629847,40629974,41023100,1.91,0.147,6.8,5,HydroRIVERS v1.0 (HydroSHEDS),LineString,OBSERVED HYDROGRAPHIC NETWORK · WWF / HydroSHEDS
40629848,40629394,41023100,2.22,0.695,41.9,4,HydroRIVERS v1.0 (HydroSHEDS),LineString,OBSERVED HYDROGRAPHIC NETWORK · WWF / HydroSHEDS
40629849,40629979,41023100,1.67,0.137,9.5,4,HydroRIVERS v1.0 (HydroSHEDS),LineString,OBSERVED HYDROGRAPHIC NETWORK · WWF / HydroSHEDS
40629850,40629110,41023100,4.44,6.903,489.6,3,HydroRIVERS v1.0 (HydroSHEDS),LineString,OBSERVED HYDROGRAPHIC NETWORK · WWF / HydroSHEDS
40629851,40628843,41023100,4.22,2.274,90.3,3,HydroRIVERS v1.0 (HydroSHEDS),LineString,OBSERVED HYDROGRAPHIC NETWORK · WWF / HydroSHEDS
40629974,40630554,41023100,1.4,0.439,20.5,4,HydroRIVERS v1.0 (HydroSHEDS),LineString,OBSERVED HYDROGRAPHIC NETWORK · WWF / HydroSHEDS
40629975,40630554,41023100,5.07,4.799,198.8,3,HydroRIVERS v1.0 (HydroSHEDS),LineString,OBSERVED HYDROGRAPHIC NETWORK · WWF / HydroSHEDS
40629976,40629530,41023100,1.77,0.221,10.1,4,HydroRIVERS v1.0 (HydroSHEDS),LineString,OBSERVED HYDROGRAPHIC NETWORK · WWF / HydroSHEDS
40629977,40629701,41023100,4.4,0.341,15.9,3,HydroRIVERS v1.0 (HydroSHEDS),LineString,OBSERVED HYDROGRAPHIC NETWORK · WWF / HydroSHEDS
40629978,40627304,41023100,11.06,0.755,36.8,3,HydroRIVERS v1.0 (HydroSHEDS),LineString,OBSERVED HYDROGRAPHIC NETWORK · WWF / HydroSHEDS
40629979,40629850,41023100,4.41,2.681,199.8,3,HydroRIVERS v1.0 (HydroSHEDS),LineString,OBSERVED HYDROGRAPHIC NETWORK · WWF / HydroSHEDS
40629980,40628967,41023100,9.92,0.533,33.1,4,HydroRIVERS v1.0 (HydroSHEDS),LineString,OBSERVED HYDROGRAPHIC NETWORK · WWF / HydroSHEDS
40629981,40629982,41023100,1.78,0.206,9.7,4,HydroRIVERS v1.0 (HydroSHEDS),LineString,OBSERVED HYDROGRAPHIC NETWORK · WWF / HydroSHEDS
40629982,40628692,41023100,4.61,8.406,337.5,3,HydroRIVERS v1.0 (HydroSHEDS),LineString,OBSERVED HYDROGRAPHIC NETWORK · WWF / HydroSHEDS
40629983,40628969,41023100,4.08,0.987,41.9,4,HydroRIVERS v1.0 (HydroSHEDS),LineString,OBSERVED HYDROGRAPHIC NETWORK · WWF / HydroSHEDS
40630137,40631842,41023100,5.21,0.454,20.1,3,HydroRIVERS v1.0 (HydroSHEDS),LineString,OBSERVED HYDROGRAPHIC NETWORK · WWF / HydroSHEDS
40630138,40631842,41023100,3.41,694.262,47006.3,2,HydroRIVERS v1.0 (HydroSHEDS),LineString,OBSERVED HYDROGRAPHIC NETWORK · WWF / HydroSHEDS
40630139,40627588,41023100,10.86,0.636,45.6,4,HydroRIVERS v1.0 (HydroSHEDS),LineString,OBSERVED HYDROGRAPHIC NETWORK · WWF / HydroSHEDS
40630140,40629982,41023100,0.61,7.874,312.0,3,HydroRIVERS v1.0 (HydroSHEDS),LineString,OBSERVED HYDROGRAPHIC NETWORK · WWF / HydroSHEDS
40630283,40629848,41023100,4.0,0.25,14.8,5,HydroRIVERS v1.0 (HydroSHEDS),LineString,OBSERVED HYDROGRAPHIC NETWORK · WWF / HydroSHEDS
40630284,40629394,41023100,3.9,14.834,1044.3,3,HydroRIVERS v1.0 (HydroSHEDS),LineString,OBSERVED HYDROGRAPHIC NETWORK · WWF / HydroSHEDS
40630285,40629111,41023100,4.14,0.975,60.3,4,HydroRIVERS v1.0 (HydroSHEDS),LineString,OBSERVED HYDROGRAPHIC NETWORK · WWF / HydroSHEDS
40630286,40630140,41023100,1.31,0.13,5.9,4,HydroRIVERS v1.0 (HydroSHEDS),LineString,OBSERVED HYDROGRAPHIC NETWORK · WWF / HydroSHEDS
40630287,40629983,41023100,1.07,0.124,5.3,5,HydroRIVERS v1.0 (HydroSHEDS),LineString,OBSERVED HYDROGRAPHIC NETWORK · WWF / HydroSHEDS
40630288,40629113,41023100,4.74,0.314,13.2,3,HydroRIVERS v1.0 (HydroSHEDS),LineString,OBSERVED HYDROGRAPHIC NETWORK · WWF / HydroSHEDS
40630289,40629851,41023100,2.22,1.933,76.0,3,HydroRIVERS v1.0 (HydroSHEDS),LineString,OBSERVED HYDROGRAPHIC NETWORK · WWF / HydroSHEDS
40630418,40629702,41023100,3.0,4.192,313.8,3,HydroRIVERS v1.0 (HydroSHEDS),LineString,OBSERVED HYDROGRAPHIC NETWORK · WWF / HydroSHEDS
40630419,40630787,41023100,2.37,0.96,70.0,3,HydroRIVERS v1.0 (HydroSHEDS),LineString,OBSERVED HYDROGRAPHIC NETWORK · WWF / HydroSHEDS
40630420,40630419,41023100,2.99,0.302,22.2,4,HydroRIVERS v1.0 (HydroSHEDS),LineString,OBSERVED HYDROGRAPHIC NETWORK · WWF / HydroSHEDS
40630421,40630285,41023100,0.91,0.122,7.7,5,HydroRIVERS v1.0 (HydroSHEDS),LineString,OBSERVED HYDROGRAPHIC NETWORK · WWF / HydroSHEDS
40630422,40629399,41023100,3.68,8.784,390.2,3,HydroRIVERS v1.0 (HydroSHEDS),LineString,OBSERVED HYDROGRAPHIC NETWORK · WWF / HydroSHEDS
40630423,40630422,41023100,0.4,0.462,23.4,4,HydroRIVERS v1.0 (HydroSHEDS),LineString,OBSERVED HYDROGRAPHIC NETWORK · WWF / HydroSHEDS
40630424,40630423,41023100,2.57,0.179,9.2,4,HydroRIVERS v1.0 (HydroSHEDS),LineString,OBSERVED HYDROGRAPHIC NETWORK · WWF / HydroSHEDS
40630425,40628840,41023100,6.06,0.485,24.0,4,HydroRIVERS v1.0 (HydroSHEDS),LineString,OBSERVED HYDROGRAPHIC NETWORK · WWF / HydroSHEDS
40630426,40628841,41023100,5.83,1.326,61.6,4,HydroRIVERS v1.0 (HydroSHEDS),LineString,OBSERVED HYDROGRAPHIC NETWORK · WWF / HydroSHEDS
40630427,40629851,41023100,2.38,0.197,8.1,4,HydroRIVERS v1.0 (HydroSHEDS),LineString,OBSERVED HYDROGRAPHIC NETWORK · WWF / HydroSHEDS
40630553,40631841,41023100,4.9,0.346,16.8,4,HydroRIVERS v1.0 (HydroSHEDS),LineString,OBSERVED HYDROGRAPHIC NETWORK · WWF / HydroSHEDS
40630554,40631841,41023100,1.85,5.352,224.6,3,HydroRIVERS v1.0 (HydroSHEDS),LineString,OBSERVED HYDROGRAPHIC NETWORK · WWF / HydroSHEDS
40630555,40628591,41023100,7.59,0.529,30.2,3,HydroRIVERS v1.0 (HydroSHEDS),LineString,OBSERVED HYDROGRAPHIC NETWORK · WWF / HydroSHEDS
40630556,40630426,41023100,0.61,0.799,37.0,4,HydroRIVERS v1.0 (HydroSHEDS),LineString,OBSERVED HYDROGRAPHIC NETWORK · WWF / HydroSHEDS
40630557,40630289,41023100,2.4,0.552,22.3,5,HydroRIVERS v1.0 (HydroSHEDS),LineString,OBSERVED HYDROGRAPHIC NETWORK · WWF / HydroSHEDS
40630661,40630419,41023100,1.61,0.566,40.5,3,HydroRIVERS v1.0 (HydroSHEDS),LineString,OBSERVED HYDROGRAPHIC NETWORK · WWF / HydroSHEDS
40630662,40630661,41023100,2.57,0.316,22.5,4,HydroRIVERS v1.0 (HydroSHEDS),LineString,OBSERVED HYDROGRAPHIC NETWORK · WWF / HydroSHEDS
40630663,40629850,41023100,3.22,4.044,271.2,4,HydroRIVERS v1.0 (HydroSHEDS),LineString,OBSERVED HYDROGRAPHIC NETWORK · WWF / HydroSHEDS
40630664,40628839,41023100,9.0,0.702,35.5,4,HydroRIVERS v1.0 (HydroSHEDS),LineString,OBSERVED HYDROGRAPHIC NETWORK · WWF / HydroSHEDS
40630665,40629112,41023100,5.53,4.718,180.0,3,HydroRIVERS v1.0 (HydroSHEDS),LineString,OBSERVED HYDROGRAPHIC NETWORK · WWF / HydroSHEDS
40630666,40630557,41023100,0.69,0.115,4.6,6,HydroRIVERS v1.0 (HydroSHEDS),LineString,OBSERVED HYDROGRAPHIC NETWORK · WWF / HydroSHEDS
40630667,40630557,41023100,2.1,0.34,13.7,5,HydroRIVERS v1.0 (HydroSHEDS),LineString,OBSERVED HYDROGRAPHIC NETWORK · WWF / HydroSHEDS
40630784,40627008,41023100,14.12,1.038,53.5,3,HydroRIVERS v1.0 (HydroSHEDS),LineString,OBSERVED HYDROGRAPHIC NETWORK · WWF / HydroSHEDS
40630785,40630418,41023100,1.68,3.728,277.2,3,HydroRIVERS v1.0 (HydroSHEDS),LineString,OBSERVED HYDROGRAPHIC NETWORK · WWF / HydroSHEDS
40630786,40630785,41023100,2.77,2.992,223.0,3,HydroRIVERS v1.0 (HydroSHEDS),LineString,OBSERVED HYDROGRAPHIC NETWORK · WWF / HydroSHEDS
40630787,40630786,41023100,8.15,1.718,128.2,3,HydroRIVERS v1.0 (HydroSHEDS),LineString,OBSERVED HYDROGRAPHIC NETWORK · WWF / HydroSHEDS
40630788,40630789,41023100,5.36,0.461,24.7,4,HydroRIVERS v1.0 (HydroSHEDS),LineString,OBSERVED HYDROGRAPHIC NETWORK · WWF / HydroSHEDS
40630789,40630422,41023100,2.22,8.167,358.3,3,HydroRIVERS v1.0 (HydroSHEDS),LineString,OBSERVED HYDROGRAPHIC NETWORK · WWF / HydroSHEDS
40630941,40630284,41023100,6.6,14.372,1011.5,3,HydroRIVERS v1.0 (HydroSHEDS),LineString,OBSERVED HYDROGRAPHIC NETWORK · WWF / HydroSHEDS
40630942,40630941,41023100,0.4,13.038,918.3,3,HydroRIVERS v1.0 (HydroSHEDS),LineString,OBSERVED HYDROGRAPHIC NETWORK · WWF / HydroSHEDS
40630943,40630942,41023100,1.16,0.134,9.0,4,HydroRIVERS v1.0 (HydroSHEDS),LineString,OBSERVED HYDROGRAPHIC NETWORK · WWF / HydroSHEDS
40631057,40627584,41023100,12.83,1.033,55.8,3,HydroRIVERS v1.0 (HydroSHEDS),LineString,OBSERVED HYDROGRAPHIC NETWORK · WWF / HydroSHEDS
40631058,40630942,41023100,1.0,12.857,905.6,3,HydroRIVERS v1.0 (HydroSHEDS),LineString,OBSERVED HYDROGRAPHIC NETWORK · WWF / HydroSHEDS
40631059,40630423,41023100,3.2,0.276,13.9,5,HydroRIVERS v1.0 (HydroSHEDS),LineString,OBSERVED HYDROGRAPHIC NETWORK · WWF / HydroSHEDS
40631060,40629983,41023100,4.43,0.642,26.6,4,HydroRIVERS v1.0 (HydroSHEDS),LineString,OBSERVED HYDROGRAPHIC NETWORK · WWF / HydroSHEDS
40631061,40630665,41023100,1.54,3.954,148.1,3,HydroRIVERS v1.0 (HydroSHEDS),LineString,OBSERVED HYDROGRAPHIC NETWORK · WWF / HydroSHEDS
40631173,40629848,41023100,6.06,0.384,23.3,4,HydroRIVERS v1.0 (HydroSHEDS),LineString,OBSERVED HYDROGRAPHIC NETWORK · WWF / HydroSHEDS
40631174,40630284,41023100,4.67,0.335,20.9,4,HydroRIVERS v1.0 (HydroSHEDS),LineString,OBSERVED HYDROGRAPHIC NETWORK · WWF / HydroSHEDS
40631175,40631058,41023100,1.0,12.193,860.9,3,HydroRIVERS v1.0 (HydroSHEDS),LineString,OBSERVED HYDROGRAPHIC NETWORK · WWF / HydroSHEDS
40631176,40631175,41023100,0.79,11.956,844.2,3,HydroRIVERS v1.0 (HydroSHEDS),LineString,OBSERVED HYDROGRAPHIC NETWORK · WWF / HydroSHEDS
40631177,40631176,41023100,0.59,0.111,7.5,4,HydroRIVERS v1.0 (HydroSHEDS),LineString,OBSERVED HYDROGRAPHIC NETWORK · WWF / HydroSHEDS
40631178,40628969,41023100,8.29,7.136,273.4,3,HydroRIVERS v1.0 (HydroSHEDS),LineString,OBSERVED HYDROGRAPHIC NETWORK · WWF / HydroSHEDS
40631179,40630665,41023100,4.32,0.393,16.3,4,HydroRIVERS v1.0 (HydroSHEDS),LineString,OBSERVED HYDROGRAPHIC NETWORK · WWF / HydroSHEDS
40631300,40631178,41023100,0.46,6.206,232.8,3,HydroRIVERS v1.0 (HydroSHEDS),LineString,OBSERVED HYDROGRAPHIC NETWORK · WWF / HydroSHEDS
40631301,40630665,41023100,2.84,0.145,5.9,5,HydroRIVERS v1.0 (HydroSHEDS),LineString,OBSERVED HYDROGRAPHIC NETWORK · WWF / HydroSHEDS
40631420,40630556,41023100,4.02,0.298,13.6,5,HydroRIVERS v1.0 (HydroSHEDS),LineString,OBSERVED HYDROGRAPHIC NETWORK · WWF / HydroSHEDS
40631421,40631178,41023100,3.1,0.268,11.2,4,HydroRIVERS v1.0 (HydroSHEDS),LineString,OBSERVED HYDROGRAPHIC NETWORK · WWF / HydroSHEDS
40631422,40631061,41023100,1.39,3.559,132.7,3,HydroRIVERS v1.0 (HydroSHEDS),LineString,OBSERVED HYDROGRAPHIC NETWORK · WWF / HydroSHEDS
40631423,40630289,41023100,4.98,0.54,21.1,4,HydroRIVERS v1.0 (HydroSHEDS),LineString,OBSERVED HYDROGRAPHIC NETWORK · WWF / HydroSHEDS
40631560,40631176,41023100,3.01,11.837,835.2,3,HydroRIVERS v1.0 (HydroSHEDS),LineString,OBSERVED HYDROGRAPHIC NETWORK · WWF / HydroSHEDS
40631561,40631560,41023100,6.64,0.509,35.2,4,HydroRIVERS v1.0 (HydroSHEDS),LineString,OBSERVED HYDROGRAPHIC NETWORK · WWF / HydroSHEDS
40631562,40629396,41023100,10.4,0.724,52.4,4,HydroRIVERS v1.0 (HydroSHEDS),LineString,OBSERVED HYDROGRAPHIC NETWORK · WWF / HydroSHEDS
40631563,40630785,41023100,3.22,0.708,50.8,4,HydroRIVERS v1.0 (HydroSHEDS),LineString,OBSERVED HYDROGRAPHIC NETWORK · WWF / HydroSHEDS
40631564,40630786,41023100,7.07,1.209,87.4,4,HydroRIVERS v1.0 (HydroSHEDS),LineString,OBSERVED HYDROGRAPHIC NETWORK · WWF / HydroSHEDS
40631565,40630661,41023100,3.98,0.225,15.9,3,HydroRIVERS v1.0 (HydroSHEDS),LineString,OBSERVED HYDROGRAPHIC NETWORK · WWF / HydroSHEDS
40631566,40631567,41023100,1.79,1.401,96.4,4,HydroRIVERS v1.0 (HydroSHEDS),LineString,OBSERVED HYDROGRAPHIC NETWORK · WWF / HydroSHEDS
40631567,40630663,41023100,6.09,2.468,169.0,4,HydroRIVERS v1.0 (HydroSHEDS),LineString,OBSERVED HYDROGRAPHIC NETWORK · WWF / HydroSHEDS
40631568,40630140,41023100,5.68,7.735,305.8,3,HydroRIVERS v1.0 (HydroSHEDS),LineString,OBSERVED HYDROGRAPHIC NETWORK · WWF / HydroSHEDS
40631569,40631568,41023100,0.59,0.127,5.5,4,HydroRIVERS v1.0 (HydroSHEDS),LineString,OBSERVED HYDROGRAPHIC NETWORK · WWF / HydroSHEDS
40631570,40631060,41023100,2.08,0.132,5.3,5,HydroRIVERS v1.0 (HydroSHEDS),LineString,OBSERVED HYDROGRAPHIC NETWORK · WWF / HydroSHEDS
40631571,40628974,41023100,11.13,0.544,22.2,3,HydroRIVERS v1.0 (HydroSHEDS),LineString,OBSERVED HYDROGRAPHIC NETWORK · WWF / HydroSHEDS
40631690,40631969,41023100,1.62,0.2,9.2,4,HydroRIVERS v1.0 (HydroSHEDS),LineString,OBSERVED HYDROGRAPHIC NETWORK · WWF / HydroSHEDS
40631691,40632124,41023100,4.52,0.489,22.2,4,HydroRIVERS v1.0 (HydroSHEDS),LineString,OBSERVED HYDROGRAPHIC NETWORK · WWF / HydroSHEDS
40631692,40631845,41023100,1.91,0.245,11.5,4,HydroRIVERS v1.0 (HydroSHEDS),LineString,OBSERVED HYDROGRAPHIC NETWORK · WWF / HydroSHEDS
40631693,40631847,41023100,3.06,0.319,15.4,4,HydroRIVERS v1.0 (HydroSHEDS),LineString,OBSERVED HYDROGRAPHIC NETWORK · WWF / HydroSHEDS
40631694,40631563,41023100,1.31,0.131,9.3,5,HydroRIVERS v1.0 (HydroSHEDS),LineString,OBSERVED HYDROGRAPHIC NETWORK · WWF / HydroSHEDS
40631695,40630787,41023100,6.21,0.267,19.1,4,HydroRIVERS v1.0 (HydroSHEDS),LineString,OBSERVED HYDROGRAPHIC NETWORK · WWF / HydroSHEDS
40631696,40630789,41023100,3.54,7.554,325.7,3,HydroRIVERS v1.0 (HydroSHEDS),LineString,OBSERVED HYDROGRAPHIC NETWORK · WWF / HydroSHEDS
40631697,40630556,41023100,7.51,0.485,22.7,4,HydroRIVERS v1.0 (HydroSHEDS),LineString,OBSERVED HYDROGRAPHIC NETWORK · WWF / HydroSHEDS
40631698,40630426,41023100,5.3,0.306,13.7,5,HydroRIVERS v1.0 (HydroSHEDS),LineString,OBSERVED HYDROGRAPHIC NETWORK · WWF / HydroSHEDS
40631841,40632122,41023100,5.36,6.161,263.7,3,HydroRIVERS v1.0 (HydroSHEDS),LineString,OBSERVED HYDROGRAPHIC NETWORK · WWF / HydroSHEDS
40631842,40631967,41023100,6.46,695.596,47050.8,2,HydroRIVERS v1.0 (HydroSHEDS),LineString,OBSERVED HYDROGRAPHIC NETWORK · WWF / HydroSHEDS
40631843,40632124,41023100,2.19,3.395,163.3,3,HydroRIVERS v1.0 (HydroSHEDS),LineString,OBSERVED HYDROGRAPHIC NETWORK · WWF / HydroSHEDS
40631844,40631843,41023100,2.45,0.208,9.5,5,HydroRIVERS v1.0 (HydroSHEDS),LineString,OBSERVED HYDROGRAPHIC NETWORK · WWF / HydroSHEDS
40631845,40631843,41023100,7.79,2.278,109.9,3,HydroRIVERS v1.0 (HydroSHEDS),LineString,OBSERVED HYDROGRAPHIC NETWORK · WWF / HydroSHEDS
40631846,40631845,41023100,1.8,1.412,69.3,3,HydroRIVERS v1.0 (HydroSHEDS),LineString,OBSERVED HYDROGRAPHIC NETWORK · WWF / HydroSHEDS
40631847,40631846,41023100,2.59,1.202,59.2,3,HydroRIVERS v1.0 (HydroSHEDS),LineString,OBSERVED HYDROGRAPHIC NETWORK · WWF / HydroSHEDS
40631848,40631560,41023100,3.2,11.163,786.2,3,HydroRIVERS v1.0 (HydroSHEDS),LineString,OBSERVED HYDROGRAPHIC NETWORK · WWF / HydroSHEDS
40631849,40631848,41023100,5.36,0.331,22.9,4,HydroRIVERS v1.0 (HydroSHEDS),LineString,OBSERVED HYDROGRAPHIC NETWORK · WWF / HydroSHEDS
40631850,40630663,41023100,5.0,1.473,92.7,5,HydroRIVERS v1.0 (HydroSHEDS),LineString,OBSERVED HYDROGRAPHIC NETWORK · WWF / HydroSHEDS
40631851,40632133,41067217,5.3,0.512,28.9,4,HydroRIVERS v1.0 (HydroSHEDS),LineString,OBSERVED HYDROGRAPHIC NETWORK · WWF / HydroSHEDS
40631852,40632133,41067217,0.59,0.15,8.1,5,HydroRIVERS v1.0 (HydroSHEDS),LineString,OBSERVED HYDROGRAPHIC NETWORK · WWF / HydroSHEDS
40631853,40631972,41023100,3.82,0.354,16.9,4,HydroRIVERS v1.0 (HydroSHEDS),LineString,OBSERVED HYDROGRAPHIC NETWORK · WWF / HydroSHEDS
40631967,40632122,41023100,6.0,701.955,47336.5,2,HydroRIVERS v1.0 (HydroSHEDS),LineString,OBSERVED HYDROGRAPHIC NETWORK · WWF / HydroSHEDS
40631968,40631967,41023100,5.39,5.562,264.4,3,HydroRIVERS v1.0 (HydroSHEDS),LineString,OBSERVED HYDROGRAPHIC NETWORK · WWF / HydroSHEDS
40631969,40631968,41023100,2.01,4.839,230.3,3,HydroRIVERS v1.0 (HydroSHEDS),LineString,OBSERVED HYDROGRAPHIC NETWORK · WWF / HydroSHEDS
40631970,40630418,41023100,7.43,0.412,29.7,4,HydroRIVERS v1.0 (HydroSHEDS),LineString,OBSERVED HYDROGRAPHIC NETWORK · WWF / HydroSHEDS
40631971,40632660,41023100,1.77,0.189,9.3,5,HydroRIVERS v1.0 (HydroSHEDS),LineString,OBSERVED HYDROGRAPHIC NETWORK · WWF / HydroSHEDS
40631972,40632660,41023100,0.61,0.503,23.8,4,HydroRIVERS v1.0 (HydroSHEDS),LineString,OBSERVED HYDROGRAPHIC NETWORK · WWF / HydroSHEDS
40631973,40631972,41023100,0.91,0.141,6.6,5,HydroRIVERS v1.0 (HydroSHEDS),LineString,OBSERVED HYDROGRAPHIC NETWORK · WWF / HydroSHEDS
40632122,40632258,41023100,3.2,708.454,47607.3,2,HydroRIVERS v1.0 (HydroSHEDS),LineString,OBSERVED HYDROGRAPHIC NETWORK · WWF / HydroSHEDS
40632123,40631969,41023100,3.41,4.545,216.8,3,HydroRIVERS v1.0 (HydroSHEDS),LineString,OBSERVED HYDROGRAPHIC NETWORK · WWF / HydroSHEDS
40632124,40632123,41023100,1.83,3.947,188.4,3,HydroRIVERS v1.0 (HydroSHEDS),LineString,OBSERVED HYDROGRAPHIC NETWORK · WWF / HydroSHEDS
40632125,40631846,41023100,1.16,0.148,7.1,4,HydroRIVERS v1.0 (HydroSHEDS),LineString,OBSERVED HYDROGRAPHIC NETWORK · WWF / HydroSHEDS
40632126,40631847,41023100,3.81,0.705,35.2,3,HydroRIVERS v1.0 (HydroSHEDS),LineString,OBSERVED HYDROGRAPHIC NETWORK · WWF / HydroSHEDS
40632127,40632126,41023100,1.99,0.174,8.6,4,HydroRIVERS v1.0 (HydroSHEDS),LineString,OBSERVED HYDROGRAPHIC NETWORK · WWF / HydroSHEDS
40632128,40632126,41023100,2.78,0.338,17.0,3,HydroRIVERS v1.0 (HydroSHEDS),LineString,OBSERVED HYDROGRAPHIC NETWORK · WWF / HydroSHEDS
40632129,40631175,41023100,3.77,0.229,15.2,4,HydroRIVERS v1.0 (HydroSHEDS),LineString,OBSERVED HYDROGRAPHIC NETWORK · WWF / HydroSHEDS
40632130,40631566,41023100,9.69,0.568,39.8,5,HydroRIVERS v1.0 (HydroSHEDS),LineString,OBSERVED HYDROGRAPHIC NETWORK · WWF / HydroSHEDS
40632131,40631850,41023100,4.69,0.367,22.5,6,HydroRIVERS v1.0 (HydroSHEDS),LineString,OBSERVED HYDROGRAPHIC NETWORK · WWF / HydroSHEDS
40632132,40633088,41067217,2.38,0.193,10.8,5,HydroRIVERS v1.0 (HydroSHEDS),LineString,OBSERVED HYDROGRAPHIC NETWORK · WWF / HydroSHEDS
40632133,40633088,41067217,1.07,0.675,37.7,4,HydroRIVERS v1.0 (HydroSHEDS),LineString,OBSERVED HYDROGRAPHIC NETWORK · WWF / HydroSHEDS
40632134,40631060,41023100,4.74,0.2,8.1,4,HydroRIVERS v1.0 (HydroSHEDS),LineString,OBSERVED HYDROGRAPHIC NETWORK · WWF / HydroSHEDS
40632135,40631422,41023100,2.46,1.958,71.9,4,HydroRIVERS v1.0 (HydroSHEDS),LineString,OBSERVED HYDROGRAPHIC NETWORK · WWF / HydroSHEDS
40632257,40633231,41023100,3.78,0.357,18.1,3,HydroRIVERS v1.0 (HydroSHEDS),LineString,OBSERVED HYDROGRAPHIC NETWORK · WWF / HydroSHEDS
40632258,40633231,41023100,0.61,711.282,47749.1,2,HydroRIVERS v1.0 (HydroSHEDS),LineString,OBSERVED HYDROGRAPHIC NETWORK · WWF / HydroSHEDS
40632259,40631968,41023100,1.38,0.248,11.9,4,HydroRIVERS v1.0 (HydroSHEDS),LineString,OBSERVED HYDROGRAPHIC NETWORK · WWF / HydroSHEDS
40632260,40631696,41023100,3.82,0.361,18.1,4,HydroRIVERS v1.0 (HydroSHEDS),LineString,OBSERVED HYDROGRAPHIC NETWORK · WWF / HydroSHEDS
40632387,40631567,41023100,2.93,0.802,51.9,5,HydroRIVERS v1.0 (HydroSHEDS),LineString,OBSERVED HYDROGRAPHIC NETWORK · WWF / HydroSHEDS
40632388,40631568,41023100,3.22,7.271,285.1,3,HydroRIVERS v1.0 (HydroSHEDS),LineString,OBSERVED HYDROGRAPHIC NETWORK · WWF / HydroSHEDS
40632389,40631422,41023100,4.12,1.551,58.9,3,HydroRIVERS v1.0 (HydroSHEDS),LineString,OBSERVED HYDROGRAPHIC NETWORK · WWF / HydroSHEDS
40632390,40631061,41023100,6.21,0.332,12.8,4,HydroRIVERS v1.0 (HydroSHEDS),LineString,OBSERVED HYDROGRAPHIC NETWORK · WWF / HydroSHEDS
40632526,40632135,41023100,2.38,0.154,5.9,5,HydroRIVERS v1.0 (HydroSHEDS),LineString,OBSERVED HYDROGRAPHIC NETWORK · WWF / HydroSHEDS
40632654,40631843,41023100,3.61,0.803,38.9,4,HydroRIVERS v1.0 (HydroSHEDS),LineString,OBSERVED HYDROGRAPHIC NETWORK · WWF / HydroSHEDS
40632655,40631848,41023100,3.9,10.728,753.0,3,HydroRIVERS v1.0 (HydroSHEDS),LineString,OBSERVED HYDROGRAPHIC NETWORK · WWF / HydroSHEDS
40632656,40632655,41023100,0.79,9.541,670.9,3,HydroRIVERS v1.0 (HydroSHEDS),LineString,OBSERVED HYDROGRAPHIC NETWORK · WWF / HydroSHEDS
40632657,40632656,41023100,2.59,0.167,11.5,4,HydroRIVERS v1.0 (HydroSHEDS),LineString,OBSERVED HYDROGRAPHIC NETWORK · WWF / HydroSHEDS
40632658,40630285,41023100,10.92,0.698,41.8,4,HydroRIVERS v1.0 (HydroSHEDS),LineString,OBSERVED HYDROGRAPHIC NETWORK · WWF / HydroSHEDS
40632659,40631696,41023100,4.51,6.98,296.6,3,HydroRIVERS v1.0 (HydroSHEDS),LineString,OBSERVED HYDROGRAPHIC NETWORK · WWF / HydroSHEDS
40632660,40632659,41023100,4.63,0.942,45.1,4,HydroRIVERS v1.0 (HydroSHEDS),LineString,OBSERVED HYDROGRAPHIC NETWORK · WWF / HydroSHEDS
40632661,40632388,41023100,2.6,0.178,7.7,4,HydroRIVERS v1.0 (HydroSHEDS),LineString,OBSERVED HYDROGRAPHIC NETWORK · WWF / HydroSHEDS
40632795,40632123,41023100,3.24,0.393,18.9,4,HydroRIVERS v1.0 (HydroSHEDS),LineString,OBSERVED HYDROGRAPHIC NETWORK · WWF / HydroSHEDS
40632796,40630941,41023100,8.88,0.923,58.8,4,HydroRIVERS v1.0 (HydroSHEDS),LineString,OBSERVED HYDROGRAPHIC NETWORK · WWF / HydroSHEDS
40632797,40631564,41023100,5.82,0.418,29.3,5,HydroRIVERS v1.0 (HydroSHEDS),LineString,OBSERVED HYDROGRAPHIC NETWORK · WWF / HydroSHEDS
40632798,40632387,41023100,1.91,0.203,12.8,6,HydroRIVERS v1.0 (HydroSHEDS),LineString,OBSERVED HYDROGRAPHIC NETWORK · WWF / HydroSHEDS
40632799,40631850,41023100,3.39,0.799,49.1,5,HydroRIVERS v1.0 (HydroSHEDS),LineString,OBSERVED HYDROGRAPHIC NETWORK · WWF / HydroSHEDS
40632800,40634211,41067217,2.08,0.219,11.5,6,HydroRIVERS v1.0 (HydroSHEDS),LineString,OBSERVED HYDROGRAPHIC NETWORK · WWF / HydroSHEDS
40632801,40634211,41067217,2.21,0.26,13.4,7,HydroRIVERS v1.0 (HydroSHEDS),LineString,OBSERVED HYDROGRAPHIC NETWORK · WWF / HydroSHEDS
40632938,40634490,41067217,3.01,0.233,13.6,4,HydroRIVERS v1.0 (HydroSHEDS),LineString,OBSERVED HYDROGRAPHIC NETWORK · WWF / HydroSHEDS
40632939,40634490,41067217,3.79,0.412,24.7,3,HydroRIVERS v1.0 (HydroSHEDS),LineString,OBSERVED HYDROGRAPHIC NETWORK · WWF / HydroSHEDS
40632940,40632656,41023100,1.61,9.35,656.9,3,HydroRIVERS v1.0 (HydroSHEDS),LineString,OBSERVED HYDROGRAPHIC NETWORK · WWF / HydroSHEDS
40632941,40632940,41023100,3.64,0.267,18.5,4,HydroRIVERS v1.0 (HydroSHEDS),LineString,OBSERVED HYDROGRAPHIC NETWORK · WWF / HydroSHEDS
40632942,40631563,41023100,5.45,0.442,31.3,4,HydroRIVERS v1.0 (HydroSHEDS),LineString,OBSERVED HYDROGRAPHIC NETWORK · WWF / HydroSHEDS
40632943,40632799,41023100,1.31,0.169,10.4,6,HydroRIVERS v1.0 (HydroSHEDS),LineString,OBSERVED HYDROGRAPHIC NETWORK · WWF / HydroSHEDS
40632944,40632659,41023100,1.16,0.172,8.1,5,HydroRIVERS v1.0 (HydroSHEDS),LineString,OBSERVED HYDROGRAPHIC NETWORK · WWF / HydroSHEDS
40632945,40632135,41023100,2.93,1.749,63.8,4,HydroRIVERS v1.0 (HydroSHEDS),LineString,OBSERVED HYDROGRAPHIC NETWORK · WWF / HydroSHEDS
40633084,40632258,41023100,7.43,2.778,140.6,3,HydroRIVERS v1.0 (HydroSHEDS),LineString,OBSERVED HYDROGRAPHIC NETWORK · WWF / HydroSHEDS
40633085,40632654,41023100,1.91,0.139,6.8,5,HydroRIVERS v1.0 (HydroSHEDS),LineString,OBSERVED HYDROGRAPHIC NETWORK · WWF / HydroSHEDS
40633086,40632796,41023100,3.5,0.279,17.4,4,HydroRIVERS v1.0 (HydroSHEDS),LineString,OBSERVED HYDROGRAPHIC NETWORK · WWF / HydroSHEDS
40633087,40633506,41067217,7.57,0.669,37.7,5,HydroRIVERS v1.0 (HydroSHEDS),LineString,OBSERVED HYDROGRAPHIC NETWORK · WWF / HydroSHEDS
40633088,40633506,41067217,3.68,1.044,57.9,4,HydroRIVERS v1.0 (HydroSHEDS),LineString,OBSERVED HYDROGRAPHIC NETWORK · WWF / HydroSHEDS
40633089,40632388,41023100,2.46,6.86,267.3,3,HydroRIVERS v1.0 (HydroSHEDS),LineString,OBSERVED HYDROGRAPHIC NETWORK · WWF / HydroSHEDS
40633090,40631300,41023100,6.32,5.098,187.7,3,HydroRIVERS v1.0 (HydroSHEDS),LineString,OBSERVED HYDROGRAPHIC NETWORK · WWF / HydroSHEDS
40633091,40630289,41023100,11.13,0.766,29.5,3,HydroRIVERS v1.0 (HydroSHEDS),LineString,OBSERVED HYDROGRAPHIC NETWORK · WWF / HydroSHEDS
40633231,40633370,41023100,3.83,712.133,47782.8,2,HydroRIVERS v1.0 (HydroSHEDS),LineString,OBSERVED HYDROGRAPHIC NETWORK · WWF / HydroSHEDS
40633232,40632654,41023100,4.72,0.478,23.3,4,HydroRIVERS v1.0 (HydroSHEDS),LineString,OBSERVED HYDROGRAPHIC NETWORK · WWF / HydroSHEDS
40633233,40632796,41023100,1.77,0.214,13.6,5,HydroRIVERS v1.0 (HydroSHEDS),LineString,OBSERVED HYDROGRAPHIC NETWORK · WWF / HydroSHEDS
40633370,40633230,41023100,3.81,713.983,47880.2,2,HydroRIVERS v1.0 (HydroSHEDS),LineString,OBSERVED HYDROGRAPHIC NETWORK · WWF / HydroSHEDS
40633371,40632940,41023100,4.2,9.052,635.1,3,HydroRIVERS v1.0 (HydroSHEDS),LineString,OBSERVED HYDROGRAPHIC NETWORK · WWF / HydroSHEDS
40633372,40633371,41023100,0.69,0.119,8.2,5,HydroRIVERS v1.0 (HydroSHEDS),LineString,OBSERVED HYDROGRAPHIC NETWORK · WWF / HydroSHEDS
40633373,40633371,41023100,2.77,8.326,582.9,3,HydroRIVERS v1.0 (HydroSHEDS),LineString,OBSERVED HYDROGRAPHIC NETWORK · WWF / HydroSHEDS
40633505,40633927,41067217,5.12,0.327,17.6,5,HydroRIVERS v1.0 (HydroSHEDS),LineString,OBSERVED HYDROGRAPHIC NETWORK · WWF / HydroSHEDS
40633506,40633927,41067217,1.54,1.762,98.2,4,HydroRIVERS v1.0 (HydroSHEDS),LineString,OBSERVED HYDROGRAPHIC NETWORK · WWF / HydroSHEDS
40633507,40633089,41023100,1.99,0.204,8.3,4,HydroRIVERS v1.0 (HydroSHEDS),LineString,OBSERVED HYDROGRAPHIC NETWORK · WWF / HydroSHEDS
40633508,40633509,41023100,5.4,0.346,12.8,4,HydroRIVERS v1.0 (HydroSHEDS),LineString,OBSERVED HYDROGRAPHIC NETWORK · WWF / HydroSHEDS
40633509,40633374,41023100,2.19,28.494,918.6,3,HydroRIVERS v1.0 (HydroSHEDS),LineString,OBSERVED HYDROGRAPHIC NETWORK · WWF / HydroSHEDS
40633641,40633923,41067217,0.91,0.137,6.8,7,HydroRIVERS v1.0 (HydroSHEDS),LineString,OBSERVED HYDROGRAPHIC NETWORK · WWF / HydroSHEDS
40633642,40633923,41067217,1.16,0.129,6.4,6,HydroRIVERS v1.0 (HydroSHEDS),LineString,OBSERVED HYDROGRAPHIC NETWORK · WWF / HydroSHEDS
40633643,40634043,41067217,1.3,0.136,7.0,5,HydroRIVERS v1.0 (HydroSHEDS),LineString,OBSERVED HYDROGRAPHIC NETWORK · WWF / HydroSHEDS
40633644,40634043,41067217,6.54,0.548,28.6,4,HydroRIVERS v1.0 (HydroSHEDS),LineString,OBSERVED HYDROGRAPHIC NETWORK · WWF / HydroSHEDS
40633645,40632655,41023100,4.12,0.974,64.7,4,HydroRIVERS v1.0 (HydroSHEDS),LineString,OBSERVED HYDROGRAPHIC NETWORK · WWF / HydroSHEDS
40633646,40631564,41023100,8.82,0.39,27.7,4,HydroRIVERS v1.0 (HydroSHEDS),LineString,OBSERVED HYDROGRAPHIC NETWORK · WWF / HydroSHEDS
40633647,40632389,41023100,7.62,0.549,21.3,4,HydroRIVERS v1.0 (HydroSHEDS),LineString,OBSERVED HYDROGRAPHIC NETWORK · WWF / HydroSHEDS
40633648,40632945,41023100,2.46,1.255,45.5,4,HydroRIVERS v1.0 (HydroSHEDS),LineString,OBSERVED HYDROGRAPHIC NETWORK · WWF / HydroSHEDS
40633766,40631058,41023100,11.57,0.642,42.2,4,HydroRIVERS v1.0 (HydroSHEDS),LineString,OBSERVED HYDROGRAPHIC NETWORK · WWF / HydroSHEDS
40633767,40631566,41023100,10.21,0.75,50.4,4,HydroRIVERS v1.0 (HydroSHEDS),LineString,OBSERVED HYDROGRAPHIC NETWORK · WWF / HydroSHEDS
40633768,40634939,41067217,1.52,0.163,9.5,6,HydroRIVERS v1.0 (HydroSHEDS),LineString,OBSERVED HYDROGRAPHIC NETWORK · WWF / HydroSHEDS
40633769,40634214,41023100,3.06,0.306,13.7,4,HydroRIVERS v1.0 (HydroSHEDS),LineString,OBSERVED HYDROGRAPHIC NETWORK · WWF / HydroSHEDS
40633770,40634214,41023100,1.39,0.144,6.2,5,HydroRIVERS v1.0 (HydroSHEDS),LineString,OBSERVED HYDROGRAPHIC NETWORK · WWF / HydroSHEDS
40633771,40633772,41023100,10.28,1.011,44.0,4,HydroRIVERS v1.0 (HydroSHEDS),LineString,OBSERVED HYDROGRAPHIC NETWORK · WWF / HydroSHEDS
40633772,40633089,41023100,2.75,6.504,252.7,3,HydroRIVERS v1.0 (HydroSHEDS),LineString,OBSERVED HYDROGRAPHIC NETWORK · WWF / HydroSHEDS
40633773,40633090,41023100,2.46,3.878,141.1,3,HydroRIVERS v1.0 (HydroSHEDS),LineString,OBSERVED HYDROGRAPHIC NETWORK · WWF / HydroSHEDS
40633921,40633084,41023100,10.81,1.13,55.7,3,HydroRIVERS v1.0 (HydroSHEDS),LineString,OBSERVED HYDROGRAPHIC NETWORK · WWF / HydroSHEDS
40633922,40633921,41023100,1.2,0.168,8.3,4,HydroRIVERS v1.0 (HydroSHEDS),LineString,OBSERVED HYDROGRAPHIC NETWORK · WWF / HydroSHEDS
40633923,40634042,41067217,1.22,0.295,14.7,6,HydroRIVERS v1.0 (HydroSHEDS),LineString,OBSERVED HYDROGRAPHIC NETWORK · WWF / HydroSHEDS
40633924,40634042,41067217,1.77,0.178,9.0,5,HydroRIVERS v1.0 (HydroSHEDS),LineString,OBSERVED HYDROGRAPHIC NETWORK · WWF / HydroSHEDS
40633925,40633373,41023100,4.81,7.616,532.8,3,HydroRIVERS v1.0 (HydroSHEDS),LineString,OBSERVED HYDROGRAPHIC NETWORK · WWF / HydroSHEDS
40633926,40634491,41067217,1.78,0.122,6.4,5,HydroRIVERS v1.0 (HydroSHEDS),LineString,OBSERVED HYDROGRAPHIC NETWORK · WWF / HydroSHEDS
40633927,40634491,41067217,1.39,2.17,120.0,4,HydroRIVERS v1.0 (HydroSHEDS),LineString,OBSERVED HYDROGRAPHIC NETWORK · WWF / HydroSHEDS
40633928,40632945,41023100,4.67,0.246,9.0,5,HydroRIVERS v1.0 (HydroSHEDS),LineString,OBSERVED HYDROGRAPHIC NETWORK · WWF / HydroSHEDS
40634042,40634367,41067217,0.61,0.487,24.4,5,HydroRIVERS v1.0 (HydroSHEDS),LineString,OBSERVED HYDROGRAPHIC NETWORK · WWF / HydroSHEDS
40634043,40634367,41067217,3.81,0.916,47.5,4,HydroRIVERS v1.0 (HydroSHEDS),LineString,OBSERVED HYDROGRAPHIC NETWORK · WWF / HydroSHEDS
40634044,40634939,41067217,1.92,0.176,9.9,5,HydroRIVERS v1.0 (HydroSHEDS),LineString,OBSERVED HYDROGRAPHIC NETWORK · WWF / HydroSHEDS
40634045,40632659,41023100,5.9,5.506,225.9,3,HydroRIVERS v1.0 (HydroSHEDS),LineString,OBSERVED HYDROGRAPHIC NETWORK · WWF / HydroSHEDS
40634046,40633773,41023100,1.52,0.143,5.5,4,HydroRIVERS v1.0 (HydroSHEDS),LineString,OBSERVED HYDROGRAPHIC NETWORK · WWF / HydroSHEDS
40634205,40633370,41023100,3.68,1.432,79.6,3,HydroRIVERS v1.0 (HydroSHEDS),LineString,OBSERVED HYDROGRAPHIC NETWORK · WWF / HydroSHEDS
40634206,40634489,41067217,7.96,0.478,25.7,5,HydroRIVERS v1.0 (HydroSHEDS),LineString,OBSERVED HYDROGRAPHIC NETWORK · WWF / HydroSHEDS
40634207,40634489,41067217,10.51,0.767,42.9,4,HydroRIVERS v1.0 (HydroSHEDS),LineString,OBSERVED HYDROGRAPHIC NETWORK · WWF / HydroSHEDS
40634208,40633925,41023100,1.22,5.919,414.8,3,HydroRIVERS v1.0 (HydroSHEDS),LineString,OBSERVED HYDROGRAPHIC NETWORK · WWF / HydroSHEDS
40634209,40634208,41023100,4.0,0.209,14.5,4,HydroRIVERS v1.0 (HydroSHEDS),LineString,OBSERVED HYDROGRAPHIC NETWORK · WWF / HydroSHEDS
40634210,40632387,41023100,6.98,0.48,30.8,5,HydroRIVERS v1.0 (HydroSHEDS),LineString,OBSERVED HYDROGRAPHIC NETWORK · WWF / HydroSHEDS
40634211,40634760,41067217,5.07,0.739,37.9,6,HydroRIVERS v1.0 (HydroSHEDS),LineString,OBSERVED HYDROGRAPHIC NETWORK · WWF / HydroSHEDS
40634212,40634760,41067217,8.42,0.652,31.2,7,HydroRIVERS v1.0 (HydroSHEDS),LineString,OBSERVED HYDROGRAPHIC NETWORK · WWF / HydroSHEDS
40634213,40634045,41023100,0.61,4.719,190.3,3,HydroRIVERS v1.0 (HydroSHEDS),LineString,OBSERVED HYDROGRAPHIC NETWORK · WWF / HydroSHEDS
40634214,40634213,41023100,3.41,0.668,29.5,4,HydroRIVERS v1.0 (HydroSHEDS),LineString,OBSERVED HYDROGRAPHIC NETWORK · WWF / HydroSHEDS
40634215,40633648,41023100,2.99,0.261,9.4,5,HydroRIVERS v1.0 (HydroSHEDS),LineString,OBSERVED HYDROGRAPHIC NETWORK · WWF / HydroSHEDS
40634362,40634205,41023100,0.61,1.058,58.9,3,HydroRIVERS v1.0 (HydroSHEDS),LineString,OBSERVED HYDROGRAPHIC NETWORK · WWF / HydroSHEDS
40634363,40634362,41023100,2.31,0.275,14.7,4,HydroRIVERS v1.0 (HydroSHEDS),LineString,OBSERVED HYDROGRAPHIC NETWORK · WWF / HydroSHEDS
40634364,40633084,41023100,4.61,1.278,66.4,4,HydroRIVERS v1.0 (HydroSHEDS),LineString,OBSERVED HYDROGRAPHIC NETWORK · WWF / HydroSHEDS
40634365,40633921,41023100,2.67,0.229,11.4,3,HydroRIVERS v1.0 (HydroSHEDS),LineString,OBSERVED HYDROGRAPHIC NETWORK · WWF / HydroSHEDS
40634366,40635097,41067217,2.31,0.179,9.0,5,HydroRIVERS v1.0 (HydroSHEDS),LineString,OBSERVED HYDROGRAPHIC NETWORK · WWF / HydroSHEDS
40634367,40635097,41067217,1.07,1.425,73.0,4,HydroRIVERS v1.0 (HydroSHEDS),LineString,OBSERVED HYDROGRAPHIC NETWORK · WWF / HydroSHEDS
40634368,40633645,41023100,2.84,0.246,16.3,5,HydroRIVERS v1.0 (HydroSHEDS),LineString,OBSERVED HYDROGRAPHIC NETWORK · WWF / HydroSHEDS
40634369,40632799,41023100,6.13,0.481,29.0,5,HydroRIVERS v1.0 (HydroSHEDS),LineString,OBSERVED HYDROGRAPHIC NETWORK · WWF / HydroSHEDS
40634370,40631300,41023100,12.89,1.087,44.2,4,HydroRIVERS v1.0 (HydroSHEDS),LineString,OBSERVED HYDROGRAPHIC NETWORK · WWF / HydroSHEDS
40634371,40633648,41023100,3.94,0.808,29.2,4,HydroRIVERS v1.0 (HydroSHEDS),LineString,OBSERVED HYDROGRAPHIC NETWORK · WWF / HydroSHEDS
40634488,40634364,41023100,2.89,0.217,11.0,5,HydroRIVERS v1.0 (HydroSHEDS),LineString,OBSERVED HYDROGRAPHIC NETWORK · WWF / HydroSHEDS
40634489,40634938,41067217,1.07,1.26,69.5,4,HydroRIVERS v1.0 (HydroSHEDS),LineString,OBSERVED HYDROGRAPHIC NETWORK · WWF / HydroSHEDS
40634490,40634938,41067217,11.45,1.458,85.6,3,HydroRIVERS v1.0 (HydroSHEDS),LineString,OBSERVED HYDROGRAPHIC NETWORK · WWF / HydroSHEDS
40634491,40634940,41067217,2.0,2.435,133.8,4,HydroRIVERS v1.0 (HydroSHEDS),LineString,OBSERVED HYDROGRAPHIC NETWORK · WWF / HydroSHEDS
40634492,40634371,41023100,1.2,0.14,5.1,6,HydroRIVERS v1.0 (HydroSHEDS),LineString,OBSERVED HYDROGRAPHIC NETWORK · WWF / HydroSHEDS
40634617,40634364,41023100,0.93,0.655,34.5,4,HydroRIVERS v1.0 (HydroSHEDS),LineString,OBSERVED HYDROGRAPHIC NETWORK · WWF / HydroSHEDS
40634618,40635997,41023100,2.69,0.342,23.1,5,HydroRIVERS v1.0 (HydroSHEDS),LineString,OBSERVED HYDROGRAPHIC NETWORK · WWF / HydroSHEDS
40634619,40633772,41023100,2.93,5.336,202.3,3,HydroRIVERS v1.0 (HydroSHEDS),LineString,OBSERVED HYDROGRAPHIC NETWORK · WWF / HydroSHEDS
40634757,40634205,41023100,2.92,0.223,12.7,4,HydroRIVERS v1.0 (HydroSHEDS),LineString,OBSERVED HYDROGRAPHIC NETWORK · WWF / HydroSHEDS
40634758,40633645,41023100,5.06,0.499,32.8,4,HydroRIVERS v1.0 (HydroSHEDS),LineString,OBSERVED HYDROGRAPHIC NETWORK · WWF / HydroSHEDS
40634759,40634940,41067217,2.6,0.221,11.2,5,HydroRIVERS v1.0 (HydroSHEDS),LineString,OBSERVED HYDROGRAPHIC NETWORK · WWF / HydroSHEDS
40634760,40635847,41067217,2.0,1.505,74.6,6,HydroRIVERS v1.0 (HydroSHEDS),LineString,OBSERVED HYDROGRAPHIC NETWORK · WWF / HydroSHEDS
40634761,40634045,41023100,4.04,0.37,16.5,4,HydroRIVERS v1.0 (HydroSHEDS),LineString,OBSERVED HYDROGRAPHIC NETWORK · WWF / HydroSHEDS
40634762,40634619,41023100,9.71,0.727,30.1,4,HydroRIVERS v1.0 (HydroSHEDS),LineString,OBSERVED HYDROGRAPHIC NETWORK · WWF / HydroSHEDS
40634763,40634619,41023100,0.46,4.441,165.4,3,HydroRIVERS v1.0 (HydroSHEDS),LineString,OBSERVED HYDROGRAPHIC NETWORK · WWF / HydroSHEDS
40634764,40633773,41023100,3.83,3.627,131.4,3,HydroRIVERS v1.0 (HydroSHEDS),LineString,OBSERVED HYDROGRAPHIC NETWORK · WWF / HydroSHEDS
40634765,40634371,41023100,1.99,0.119,4.2,4,HydroRIVERS v1.0 (HydroSHEDS),LineString,OBSERVED HYDROGRAPHIC NETWORK · WWF / HydroSHEDS
40634936,40634617,41023100,1.07,0.357,19.1,5,HydroRIVERS v1.0 (HydroSHEDS),LineString,OBSERVED HYDROGRAPHIC NETWORK · WWF / HydroSHEDS
40634937,40635392,41067217,1.6,0.242,13.0,4,HydroRIVERS v1.0 (HydroSHEDS),LineString,OBSERVED HYDROGRAPHIC NETWORK · WWF / HydroSHEDS
40634938,40635392,41067217,1.68,2.767,158.0,3,HydroRIVERS v1.0 (HydroSHEDS),LineString,OBSERVED HYDROGRAPHIC NETWORK · WWF / HydroSHEDS
40634939,40635101,41067217,4.54,0.586,33.9,5,HydroRIVERS v1.0 (HydroSHEDS),LineString,OBSERVED HYDROGRAPHIC NETWORK · WWF / HydroSHEDS
40634940,40635104,41067217,2.22,2.737,149.0,4,HydroRIVERS v1.0 (HydroSHEDS),LineString,OBSERVED HYDROGRAPHIC NETWORK · WWF / HydroSHEDS
40634941,40635104,41067217,4.23,0.294,14.9,5,HydroRIVERS v1.0 (HydroSHEDS),LineString,OBSERVED HYDROGRAPHIC NETWORK · WWF / HydroSHEDS
40634942,40634371,41023100,2.08,0.243,8.6,5,HydroRIVERS v1.0 (HydroSHEDS),LineString,OBSERVED HYDROGRAPHIC NETWORK · WWF / HydroSHEDS
40634943,40634944,41023100,4.0,0.329,11.6,4,HydroRIVERS v1.0 (HydroSHEDS),LineString,OBSERVED HYDROGRAPHIC NETWORK · WWF / HydroSHEDS
40635095,40635533,41067217,3.5,0.299,14.9,5,HydroRIVERS v1.0 (HydroSHEDS),LineString,OBSERVED HYDROGRAPHIC NETWORK · WWF / HydroSHEDS
40635096,40635533,41067217,3.38,0.317,15.8,4,HydroRIVERS v1.0 (HydroSHEDS),LineString,OBSERVED HYDROGRAPHIC NETWORK · WWF / HydroSHEDS
40635097,40635683,41067217,2.32,1.747,89.3,4,HydroRIVERS v1.0 (HydroSHEDS),LineString,OBSERVED HYDROGRAPHIC NETWORK · WWF / HydroSHEDS
40635098,40635683,41067217,2.57,0.256,13.4,5,HydroRIVERS v1.0 (HydroSHEDS),LineString,OBSERVED HYDROGRAPHIC NETWORK · WWF / HydroSHEDS
40635099,40635395,41067217,6.38,0.478,30.8,4,HydroRIVERS v1.0 (HydroSHEDS),LineString,OBSERVED HYDROGRAPHIC NETWORK · WWF / HydroSHEDS
40635100,40633371,41023100,6.88,0.312,20.9,4,HydroRIVERS v1.0 (HydroSHEDS),LineString,OBSERVED HYDROGRAPHIC NETWORK · WWF / HydroSHEDS
40635101,40635536,41067217,0.46,0.965,55.7,5,HydroRIVERS v1.0 (HydroSHEDS),LineString,OBSERVED HYDROGRAPHIC NETWORK · WWF / HydroSHEDS
40635102,40635536,41067217,3.53,0.248,13.4,6,HydroRIVERS v1.0 (HydroSHEDS),LineString,OBSERVED HYDROGRAPHIC NETWORK · WWF / HydroSHEDS
40635103,40635846,41067217,0.99,0.138,6.8,5,HydroRIVERS v1.0 (HydroSHEDS),LineString,OBSERVED HYDROGRAPHIC NETWORK · WWF / HydroSHEDS
40635104,40635846,41067217,0.61,3.035,164.0,4,HydroRIVERS v1.0 (HydroSHEDS),LineString,OBSERVED HYDROGRAPHIC NETWORK · WWF / HydroSHEDS
40635105,40634763,41023100,2.49,0.273,10.6,4,HydroRIVERS v1.0 (HydroSHEDS),LineString,OBSERVED HYDROGRAPHIC NETWORK · WWF / HydroSHEDS
40635106,40632389,41023100,12.91,0.845,31.4,3,HydroRIVERS v1.0 (HydroSHEDS),LineString,OBSERVED HYDROGRAPHIC NETWORK · WWF / HydroSHEDS
40635240,40634936,41023100,1.38,0.138,7.3,6,HydroRIVERS v1.0 (HydroSHEDS),LineString,OBSERVED HYDROGRAPHIC NETWORK · WWF / HydroSHEDS
40635241,40634617,41023100,3.71,0.269,13.9,4,HydroRIVERS v1.0 (HydroSHEDS),LineString,OBSERVED HYDROGRAPHIC NETWORK · WWF / HydroSHEDS
40635242,40634208,41023100,6.45,5.666,395.8,3,HydroRIVERS v1.0 (HydroSHEDS),LineString,OBSERVED HYDROGRAPHIC NETWORK · WWF / HydroSHEDS
40635243,40635997,41023100,6.2,0.568,36.5,4,HydroRIVERS v1.0 (HydroSHEDS),LineString,OBSERVED HYDROGRAPHIC NETWORK · WWF / HydroSHEDS
40635244,40634213,41023100,3.68,4.047,160.6,3,HydroRIVERS v1.0 (HydroSHEDS),LineString,OBSERVED HYDROGRAPHIC NETWORK · WWF / HydroSHEDS
40635245,40634764,41023100,1.83,1.708,62.9,4,HydroRIVERS v1.0 (HydroSHEDS),LineString,OBSERVED HYDROGRAPHIC NETWORK · WWF / HydroSHEDS
40635391,40634936,41023100,1.99,0.191,10.3,5,HydroRIVERS v1.0 (HydroSHEDS),LineString,OBSERVED HYDROGRAPHIC NETWORK · WWF / HydroSHEDS
40635392,40635993,41067217,1.54,3.062,174.1,3,HydroRIVERS v1.0 (HydroSHEDS),LineString,OBSERVED HYDROGRAPHIC NETWORK · WWF / HydroSHEDS
40635393,40635993,41067217,1.78,0.179,10.1,4,HydroRIVERS v1.0 (HydroSHEDS),LineString,OBSERVED HYDROGRAPHIC NETWORK · WWF / HydroSHEDS
40635394,40635534,41067217,1.62,0.132,8.3,4,HydroRIVERS v1.0 (HydroSHEDS),LineString,OBSERVED HYDROGRAPHIC NETWORK · WWF / HydroSHEDS
40635395,40635534,41067217,1.22,1.117,71.9,3,HydroRIVERS v1.0 (HydroSHEDS),LineString,OBSERVED HYDROGRAPHIC NETWORK · WWF / HydroSHEDS
40635396,40635242,41023100,5.76,5.057,345.7,3,HydroRIVERS v1.0 (HydroSHEDS),LineString,OBSERVED HYDROGRAPHIC NETWORK · WWF / HydroSHEDS
40635397,40635396,41023100,3.17,4.265,284.6,3,HydroRIVERS v1.0 (HydroSHEDS),LineString,OBSERVED HYDROGRAPHIC NETWORK · WWF / HydroSHEDS
40635398,40635397,41023100,0.69,0.105,7.2,4,HydroRIVERS v1.0 (HydroSHEDS),LineString,OBSERVED HYDROGRAPHIC NETWORK · WWF / HydroSHEDS
40635399,40635397,41023100,0.4,4.035,265.1,3,HydroRIVERS v1.0 (HydroSHEDS),LineString,OBSERVED HYDROGRAPHIC NETWORK · WWF / HydroSHEDS
40635400,40635399,41023100,4.35,0.277,18.9,4,HydroRIVERS v1.0 (HydroSHEDS),LineString,OBSERVED HYDROGRAPHIC NETWORK · WWF / HydroSHEDS
40635401,40635101,41067217,4.9,0.364,20.9,6,HydroRIVERS v1.0 (HydroSHEDS),LineString,OBSERVED HYDROGRAPHIC NETWORK · WWF / HydroSHEDS
40635402,40635847,41067217,10.58,1.057,47.9,5,HydroRIVERS v1.0 (HydroSHEDS),LineString,OBSERVED HYDROGRAPHIC NETWORK · WWF / HydroSHEDS
40635403,40635404,41023100,1.39,0.145,6.2,5,HydroRIVERS v1.0 (HydroSHEDS),LineString,OBSERVED HYDROGRAPHIC NETWORK · WWF / HydroSHEDS
40635404,40635244,41023100,1.0,0.868,36.1,4,HydroRIVERS v1.0 (HydroSHEDS),LineString,OBSERVED HYDROGRAPHIC NETWORK · WWF / HydroSHEDS
40635532,40634362,41023100,4.0,0.78,44.0,3,HydroRIVERS v1.0 (HydroSHEDS),LineString,OBSERVED HYDROGRAPHIC NETWORK · WWF / HydroSHEDS
40635533,40636144,41067217,1.54,0.714,35.6,4,HydroRIVERS v1.0 (HydroSHEDS),LineString,OBSERVED HYDROGRAPHIC NETWORK · WWF / HydroSHEDS
40635534,40635995,41067217,0.61,1.261,80.9,3,HydroRIVERS v1.0 (HydroSHEDS),LineString,OBSERVED HYDROGRAPHIC NETWORK · WWF / HydroSHEDS
40635535,40635395,41067217,7.96,0.614,39.4,3,HydroRIVERS v1.0 (HydroSHEDS),LineString,OBSERVED HYDROGRAPHIC NETWORK · WWF / HydroSHEDS
40635536,40636853,41067217,1.68,1.238,70.8,5,HydroRIVERS v1.0 (HydroSHEDS),LineString,OBSERVED HYDROGRAPHIC NETWORK · WWF / HydroSHEDS
40635681,40636144,41067217,1.31,0.123,6.2,5,HydroRIVERS v1.0 (HydroSHEDS),LineString,OBSERVED HYDROGRAPHIC NETWORK · WWF / HydroSHEDS
40635682,40637267,41067217,0.59,0.108,5.5,5,HydroRIVERS v1.0 (HydroSHEDS),LineString,OBSERVED HYDROGRAPHIC NETWORK · WWF / HydroSHEDS
40635683,40637267,41067217,2.15,2.082,106.7,4,HydroRIVERS v1.0 (HydroSHEDS),LineString,OBSERVED HYDROGRAPHIC NETWORK · WWF / HydroSHEDS
40635684,40633373,41023100,10.26,0.577,38.5,4,HydroRIVERS v1.0 (HydroSHEDS),LineString,OBSERVED HYDROGRAPHIC NETWORK · WWF / HydroSHEDS
40635685,40636853,41067217,2.19,0.636,34.9,6,HydroRIVERS v1.0 (HydroSHEDS),LineString,OBSERVED HYDROGRAPHIC NETWORK · WWF / HydroSHEDS
40635686,40635244,41023100,2.08,2.942,114.2,3,HydroRIVERS v1.0 (HydroSHEDS),LineString,OBSERVED HYDROGRAPHIC NETWORK · WWF / HydroSHEDS
40635687,40635686,41023100,6.7,0.669,27.7,4,HydroRIVERS v1.0 (HydroSHEDS),LineString,OBSERVED HYDROGRAPHIC NETWORK · WWF / HydroSHEDS
40635688,40635245,41023100,1.84,0.156,5.7,5,HydroRIVERS v1.0 (HydroSHEDS),LineString,OBSERVED HYDROGRAPHIC NETWORK · WWF / HydroSHEDS
40635689,40634764,41023100,3.36,1.756,62.2,3,HydroRIVERS v1.0 (HydroSHEDS),LineString,OBSERVED HYDROGRAPHIC NETWORK · WWF / HydroSHEDS
40635843,40635532,41023100,1.07,0.372,20.9,4,HydroRIVERS v1.0 (HydroSHEDS),LineString,OBSERVED HYDROGRAPHIC NETWORK · WWF / HydroSHEDS
40635844,40637266,41067217,1.16,0.225,11.4,4,HydroRIVERS v1.0 (HydroSHEDS),LineString,OBSERVED HYDROGRAPHIC NETWORK · WWF / HydroSHEDS
40635845,40637266,41067217,1.2,0.127,6.4,5,HydroRIVERS v1.0 (HydroSHEDS),LineString,OBSERVED HYDROGRAPHIC NETWORK · WWF / HydroSHEDS
40635846,40636558,41067217,2.46,3.279,176.0,4,HydroRIVERS v1.0 (HydroSHEDS),LineString,OBSERVED HYDROGRAPHIC NETWORK · WWF / HydroSHEDS
40635847,40636558,41067217,4.12,2.743,131.1,5,HydroRIVERS v1.0 (HydroSHEDS),LineString,OBSERVED HYDROGRAPHIC NETWORK · WWF / HydroSHEDS
40635991,40635843,41023100,0.69,0.147,8.4,5,HydroRIVERS v1.0 (HydroSHEDS),LineString,OBSERVED HYDROGRAPHIC NETWORK · WWF / HydroSHEDS
40635992,40635843,41023100,1.2,0.202,11.2,4,HydroRIVERS v1.0 (HydroSHEDS),LineString,OBSERVED HYDROGRAPHIC NETWORK · WWF / HydroSHEDS
40635993,40636553,41067217,2.15,3.339,189.7,3,HydroRIVERS v1.0 (HydroSHEDS),LineString,OBSERVED HYDROGRAPHIC NETWORK · WWF / HydroSHEDS
40635994,40636148,41067217,0.91,0.123,7.5,4,HydroRIVERS v1.0 (HydroSHEDS),LineString,OBSERVED HYDROGRAPHIC NETWORK · WWF / HydroSHEDS
40635995,40636148,41067217,5.0,1.817,116.1,3,HydroRIVERS v1.0 (HydroSHEDS),LineString,OBSERVED HYDROGRAPHIC NETWORK · WWF / HydroSHEDS
40635996,40635399,41023100,2.83,3.746,245.0,3,HydroRIVERS v1.0 (HydroSHEDS),LineString,OBSERVED HYDROGRAPHIC NETWORK · WWF / HydroSHEDS
40635997,40635996,41023100,7.86,1.337,89.5,4,HydroRIVERS v1.0 (HydroSHEDS),LineString,OBSERVED HYDROGRAPHIC NETWORK · WWF / HydroSHEDS
40635998,40635685,41067217,1.16,0.125,6.6,7,HydroRIVERS v1.0 (HydroSHEDS),LineString,OBSERVED HYDROGRAPHIC NETWORK · WWF / HydroSHEDS
40636143,40635532,41023100,2.74,0.18,10.5,3,HydroRIVERS v1.0 (HydroSHEDS),LineString,OBSERVED HYDROGRAPHIC NETWORK · WWF / HydroSHEDS
40636144,40637989,41067217,2.15,0.903,45.1,4,HydroRIVERS v1.0 (HydroSHEDS),LineString,OBSERVED HYDROGRAPHIC NETWORK · WWF / HydroSHEDS
40636145,40637989,41067217,3.24,0.214,10.8,5,HydroRIVERS v1.0 (HydroSHEDS),LineString,OBSERVED HYDROGRAPHIC NETWORK · WWF / HydroSHEDS
40636146,40636553,41067217,2.39,0.252,14.3,4,HydroRIVERS v1.0 (HydroSHEDS),LineString,OBSERVED HYDROGRAPHIC NETWORK · WWF / HydroSHEDS
40636147,40636290,41067217,1.77,0.195,11.7,4,HydroRIVERS v1.0 (HydroSHEDS),LineString,OBSERVED HYDROGRAPHIC NETWORK · WWF / HydroSHEDS
40636148,40636290,41067217,1.4,1.979,126.2,3,HydroRIVERS v1.0 (HydroSHEDS),LineString,OBSERVED HYDROGRAPHIC NETWORK · WWF / HydroSHEDS
40636149,40635996,41023100,0.46,2.319,147.4,3,HydroRIVERS v1.0 (HydroSHEDS),LineString,OBSERVED HYDROGRAPHIC NETWORK · WWF / HydroSHEDS
40636150,40635245,41023100,3.66,1.469,54.1,4,HydroRIVERS v1.0 (HydroSHEDS),LineString,OBSERVED HYDROGRAPHIC NETWORK · WWF / HydroSHEDS
40636151,40633509,41023100,13.84,27.932,897.9,3,HydroRIVERS v1.0 (HydroSHEDS),LineString,OBSERVED HYDROGRAPHIC NETWORK · WWF / HydroSHEDS
40636290,40637126,41067217,0.61,2.188,138.9,3,HydroRIVERS v1.0 (HydroSHEDS),LineString,OBSERVED HYDROGRAPHIC NETWORK · WWF / HydroSHEDS
40636291,40636558,41067217,8.36,0.684,30.6,6,HydroRIVERS v1.0 (HydroSHEDS),LineString,OBSERVED HYDROGRAPHIC NETWORK · WWF / HydroSHEDS
40636292,40635404,41023100,3.22,0.701,29.0,4,HydroRIVERS v1.0 (HydroSHEDS),LineString,OBSERVED HYDROGRAPHIC NETWORK · WWF / HydroSHEDS
40636293,40633090,41023100,13.48,0.75,27.3,4,HydroRIVERS v1.0 (HydroSHEDS),LineString,OBSERVED HYDROGRAPHIC NETWORK · WWF / HydroSHEDS
40636416,40636417,41067217,1.84,0.181,11.0,6,HydroRIVERS v1.0 (HydroSHEDS),LineString,OBSERVED HYDROGRAPHIC NETWORK · WWF / HydroSHEDS
40636417,40636851,41067217,1.58,0.598,36.0,5,HydroRIVERS v1.0 (HydroSHEDS),LineString,OBSERVED HYDROGRAPHIC NETWORK · WWF / HydroSHEDS
40636418,40636851,41067217,2.08,0.191,11.4,6,HydroRIVERS v1.0 (HydroSHEDS),LineString,OBSERVED HYDROGRAPHIC NETWORK · WWF / HydroSHEDS
40636419,40636420,41023100,1.92,0.2,7.9,4,HydroRIVERS v1.0 (HydroSHEDS),LineString,OBSERVED HYDROGRAPHIC NETWORK · WWF / HydroSHEDS
40636420,40636421,41023100,1.19,0.446,17.4,4,HydroRIVERS v1.0 (HydroSHEDS),LineString,OBSERVED HYDROGRAPHIC NETWORK · WWF / HydroSHEDS
40636421,40634763,41023100,5.39,4.159,154.4,3,HydroRIVERS v1.0 (HydroSHEDS),LineString,OBSERVED HYDROGRAPHIC NETWORK · WWF / HydroSHEDS
40636553,40636686,41067217,2.69,3.735,212.1,3,HydroRIVERS v1.0 (HydroSHEDS),LineString,OBSERVED HYDROGRAPHIC NETWORK · WWF / HydroSHEDS
40636554,40637125,41067217,2.0,0.211,12.3,5,HydroRIVERS v1.0 (HydroSHEDS),LineString,OBSERVED HYDROGRAPHIC NETWORK · WWF / HydroSHEDS
40636555,40637125,41067217,13.19,0.873,52.3,4,HydroRIVERS v1.0 (HydroSHEDS),LineString,OBSERVED HYDROGRAPHIC NETWORK · WWF / HydroSHEDS
40636556,40635995,41067217,4.42,0.225,14.1,4,HydroRIVERS v1.0 (HydroSHEDS),LineString,OBSERVED HYDROGRAPHIC NETWORK · WWF / HydroSHEDS
40636557,40636417,41067217,1.31,0.347,20.7,5,HydroRIVERS v1.0 (HydroSHEDS),LineString,OBSERVED HYDROGRAPHIC NETWORK · WWF / HydroSHEDS
40636558,40636855,41067217,2.61,6.823,343.2,4,HydroRIVERS v1.0 (HydroSHEDS),LineString,OBSERVED HYDROGRAPHIC NETWORK · WWF / HydroSHEDS
40636559,40636292,41023100,3.5,0.335,13.9,4,HydroRIVERS v1.0 (HydroSHEDS),LineString,OBSERVED HYDROGRAPHIC NETWORK · WWF / HydroSHEDS
40636560,40636420,41023100,1.6,0.204,7.9,5,HydroRIVERS v1.0 (HydroSHEDS),LineString,OBSERVED HYDROGRAPHIC NETWORK · WWF / HydroSHEDS
40636561,40636151,41023100,4.06,24.822,791.7,3,HydroRIVERS v1.0 (HydroSHEDS),LineString,OBSERVED HYDROGRAPHIC NETWORK · WWF / HydroSHEDS
40636562,40636563,41023100,1.31,0.125,4.2,6,HydroRIVERS v1.0 (HydroSHEDS),LineString,OBSERVED HYDROGRAPHIC NETWORK · WWF / HydroSHEDS
40636685,40636973,41067217,2.69,0.394,21.1,4,HydroRIVERS v1.0 (HydroSHEDS),LineString,OBSERVED HYDROGRAPHIC NETWORK · WWF / HydroSHEDS
40636686,40636973,41067217,2.99,4.115,233.0,3,HydroRIVERS v1.0 (HydroSHEDS),LineString,OBSERVED HYDROGRAPHIC NETWORK · WWF / HydroSHEDS
40636687,40636686,41067217,0.91,0.165,9.2,4,HydroRIVERS v1.0 (HydroSHEDS),LineString,OBSERVED HYDROGRAPHIC NETWORK · WWF / HydroSHEDS
40636688,40635242,41023100,4.87,0.321,21.3,4,HydroRIVERS v1.0 (HydroSHEDS),LineString,OBSERVED HYDROGRAPHIC NETWORK · WWF / HydroSHEDS
40636689,40636292,41023100,1.77,0.192,7.7,5,HydroRIVERS v1.0 (HydroSHEDS),LineString,OBSERVED HYDROGRAPHIC NETWORK · WWF / HydroSHEDS
40636690,40636563,41023100,0.91,0.131,4.4,7,HydroRIVERS v1.0 (HydroSHEDS),LineString,OBSERVED HYDROGRAPHIC NETWORK · WWF / HydroSHEDS
40636846,40637126,41067217,6.7,0.456,28.1,4,HydroRIVERS v1.0 (HydroSHEDS),LineString,OBSERVED HYDROGRAPHIC NETWORK · WWF / HydroSHEDS
40636847,40635396,41023100,5.16,0.29,19.1,4,HydroRIVERS v1.0 (HydroSHEDS),LineString,OBSERVED HYDROGRAPHIC NETWORK · WWF / HydroSHEDS
40636848,40636149,41023100,2.75,2.004,126.7,3,HydroRIVERS v1.0 (HydroSHEDS),LineString,OBSERVED HYDROGRAPHIC NETWORK · WWF / HydroSHEDS
40636849,40636848,41023100,2.77,0.524,33.4,4,HydroRIVERS v1.0 (HydroSHEDS),LineString,OBSERVED HYDROGRAPHIC NETWORK · WWF / HydroSHEDS
40636850,40636849,41023100,3.61,0.289,18.4,4,HydroRIVERS v1.0 (HydroSHEDS),LineString,OBSERVED HYDROGRAPHIC NETWORK · WWF / HydroSHEDS
40636851,40637993,41067217,2.23,0.867,52.1,5,HydroRIVERS v1.0 (HydroSHEDS),LineString,OBSERVED HYDROGRAPHIC NETWORK · WWF / HydroSHEDS
40636852,40635685,41067217,6.0,0.442,24.2,6,HydroRIVERS v1.0 (HydroSHEDS),LineString,OBSERVED HYDROGRAPHIC NETWORK · WWF / HydroSHEDS
40636853,40638418,41067217,6.13,2.412,134.3,5,HydroRIVERS v1.0 (HydroSHEDS),LineString,OBSERVED HYDROGRAPHIC NETWORK · WWF / HydroSHEDS
40636854,40638131,41067217,3.17,0.328,15.8,5,HydroRIVERS v1.0 (HydroSHEDS),LineString,OBSERVED HYDROGRAPHIC NETWORK · WWF / HydroSHEDS
40636855,40638131,41067217,1.22,7.274,363.4,4,HydroRIVERS v1.0 (HydroSHEDS),LineString,OBSERVED HYDROGRAPHIC NETWORK · WWF / HydroSHEDS
40636856,40636855,41067217,6.23,0.415,18.5,5,HydroRIVERS v1.0 (HydroSHEDS),LineString,OBSERVED HYDROGRAPHIC NETWORK · WWF / HydroSHEDS
40636857,40636561,41023100,2.01,16.53,531.6,3,HydroRIVERS v1.0 (HydroSHEDS),LineString,OBSERVED HYDROGRAPHIC NETWORK · WWF / HydroSHEDS
40636973,40637269,41067217,3.2,4.75,267.0,3,HydroRIVERS v1.0 (HydroSHEDS),LineString,OBSERVED HYDROGRAPHIC NETWORK · WWF / HydroSHEDS
40636974,40637271,41067217,1.3,0.186,12.1,4,HydroRIVERS v1.0 (HydroSHEDS),LineString,OBSERVED HYDROGRAPHIC NETWORK · WWF / HydroSHEDS
40636975,40637271,41067217,2.58,0.289,18.7,3,HydroRIVERS v1.0 (HydroSHEDS),LineString,OBSERVED HYDROGRAPHIC NETWORK · WWF / HydroSHEDS
40636976,40636149,41023100,4.75,0.299,19.5,4,HydroRIVERS v1.0 (HydroSHEDS),LineString,OBSERVED HYDROGRAPHIC NETWORK · WWF / HydroSHEDS
40636977,40636150,41023100,5.72,0.555,20.6,4,HydroRIVERS v1.0 (HydroSHEDS),LineString,OBSERVED HYDROGRAPHIC NETWORK · WWF / HydroSHEDS
40637123,40637855,41067217,4.23,0.463,23.5,5,HydroRIVERS v1.0 (HydroSHEDS),LineString,OBSERVED HYDROGRAPHIC NETWORK · WWF / HydroSHEDS
40637124,40637855,41067217,1.2,0.15,7.7,6,HydroRIVERS v1.0 (HydroSHEDS),LineString,OBSERVED HYDROGRAPHIC NETWORK · WWF / HydroSHEDS
40637125,40637270,41067217,2.29,1.15,68.6,4,HydroRIVERS v1.0 (HydroSHEDS),LineString,OBSERVED HYDROGRAPHIC NETWORK · WWF / HydroSHEDS
40637126,40637270,41067217,4.3,2.834,179.1,3,HydroRIVERS v1.0 (HydroSHEDS),LineString,OBSERVED HYDROGRAPHIC NETWORK · WWF / HydroSHEDS
40637127,40635686,41023100,5.22,2.199,83.4,3,HydroRIVERS v1.0 (HydroSHEDS),LineString,OBSERVED HYDROGRAPHIC NETWORK · WWF / HydroSHEDS
40637265,40637854,41067217,4.72,0.485,25.7,5,HydroRIVERS v1.0 (HydroSHEDS),LineString,OBSERVED HYDROGRAPHIC NETWORK · WWF / HydroSHEDS
40637266,40637854,41067217,4.93,0.756,38.7,4,HydroRIVERS v1.0 (HydroSHEDS),LineString,OBSERVED HYDROGRAPHIC NETWORK · WWF / HydroSHEDS
40637267,40637570,41067217,5.24,2.652,136.2,4,HydroRIVERS v1.0 (HydroSHEDS),LineString,OBSERVED HYDROGRAPHIC NETWORK · WWF / HydroSHEDS
40637268,40637570,41067217,1.58,5.864,327.0,3,HydroRIVERS v1.0 (HydroSHEDS),LineString,OBSERVED HYDROGRAPHIC NETWORK · WWF / HydroSHEDS
40637269,40637268,41067217,3.2,5.636,314.9,3,HydroRIVERS v1.0 (HydroSHEDS),LineString,OBSERVED HYDROGRAPHIC NETWORK · WWF / HydroSHEDS
40637270,40638545,41067217,0.46,3.995,248.4,3,HydroRIVERS v1.0 (HydroSHEDS),LineString,OBSERVED HYDROGRAPHIC NETWORK · WWF / HydroSHEDS
40637271,40639265,41067217,6.79,0.899,58.4,3,HydroRIVERS v1.0 (HydroSHEDS),LineString,OBSERVED HYDROGRAPHIC NETWORK · WWF / HydroSHEDS
40637272,40637993,41067217,2.31,0.155,8.8,6,HydroRIVERS v1.0 (HydroSHEDS),LineString,OBSERVED HYDROGRAPHIC NETWORK · WWF / HydroSHEDS
40637273,40637127,41023100,1.01,0.496,19.3,4,HydroRIVERS v1.0 (HydroSHEDS),LineString,OBSERVED HYDROGRAPHIC NETWORK · WWF / HydroSHEDS
40637274,40637273,41023100,2.53,0.228,9.0,5,HydroRIVERS v1.0 (HydroSHEDS),LineString,OBSERVED HYDROGRAPHIC NETWORK · WWF / HydroSHEDS
40637435,40636848,41023100,2.15,1.363,84.6,3,HydroRIVERS v1.0 (HydroSHEDS),LineString,OBSERVED HYDROGRAPHIC NETWORK · WWF / HydroSHEDS
40637436,40636849,41023100,2.6,0.169,10.5,5,HydroRIVERS v1.0 (HydroSHEDS),LineString,OBSERVED HYDROGRAPHIC NETWORK · WWF / HydroSHEDS
40637570,40637990,41067217,2.01,8.576,466.4,3,HydroRIVERS v1.0 (HydroSHEDS),LineString,OBSERVED HYDROGRAPHIC NETWORK · WWF / HydroSHEDS
40637571,40637268,41067217,1.38,0.151,8.1,4,HydroRIVERS v1.0 (HydroSHEDS),LineString,OBSERVED HYDROGRAPHIC NETWORK · WWF / HydroSHEDS
40637572,40638545,41067217,2.21,0.233,14.0,4,HydroRIVERS v1.0 (HydroSHEDS),LineString,OBSERVED HYDROGRAPHIC NETWORK · WWF / HydroSHEDS
40637573,40636421,41023100,4.29,3.201,117.0,3,HydroRIVERS v1.0 (HydroSHEDS),LineString,OBSERVED HYDROGRAPHIC NETWORK · WWF / HydroSHEDS
40637574,40636150,41023100,5.6,0.426,15.4,5,HydroRIVERS v1.0 (HydroSHEDS),LineString,OBSERVED HYDROGRAPHIC NETWORK · WWF / HydroSHEDS
40637739,40637992,41067217,0.59,0.126,7.2,6,HydroRIVERS v1.0 (HydroSHEDS),LineString,OBSERVED HYDROGRAPHIC NETWORK · WWF / HydroSHEDS
40637740,40637992,41067217,0.91,0.118,6.8,5,HydroRIVERS v1.0 (HydroSHEDS),LineString,OBSERVED HYDROGRAPHIC NETWORK · WWF / HydroSHEDS
40637741,40639265,41067217,4.4,0.302,19.1,4,HydroRIVERS v1.0 (HydroSHEDS),LineString,OBSERVED HYDROGRAPHIC NETWORK · WWF / HydroSHEDS
40637854,40638414,41067217,2.69,1.396,72.5,4,HydroRIVERS v1.0 (HydroSHEDS),LineString,OBSERVED HYDROGRAPHIC NETWORK · WWF / HydroSHEDS
40637855,40638414,41067217,3.69,0.74,37.8,5,HydroRIVERS v1.0 (HydroSHEDS),LineString,OBSERVED HYDROGRAPHIC NETWORK · WWF / HydroSHEDS
40637856,40637435,41023100,2.38,0.22,13.8,4,HydroRIVERS v1.0 (HydroSHEDS),LineString,OBSERVED HYDROGRAPHIC NETWORK · WWF / HydroSHEDS
40637857,40636857,41023100,5.96,15.985,513.2,3,HydroRIVERS v1.0 (HydroSHEDS),LineString,OBSERVED HYDROGRAPHIC NETWORK · WWF / HydroSHEDS
40637858,40637859,41023100,1.39,0.127,4.2,5,HydroRIVERS v1.0 (HydroSHEDS),LineString,OBSERVED HYDROGRAPHIC NETWORK · WWF / HydroSHEDS
40637859,40636561,41023100,4.46,7.916,247.0,4,HydroRIVERS v1.0 (HydroSHEDS),LineString,OBSERVED HYDROGRAPHIC NETWORK · WWF / HydroSHEDS
40637860,40637862,41023100,5.52,0.76,25.1,5,HydroRIVERS v1.0 (HydroSHEDS),LineString,OBSERVED HYDROGRAPHIC NETWORK · WWF / HydroSHEDS
40637861,40637862,41023100,1.99,0.121,4.0,6,HydroRIVERS v1.0 (HydroSHEDS),LineString,OBSERVED HYDROGRAPHIC NETWORK · WWF / HydroSHEDS
40637862,40637575,41023100,2.01,1.099,36.3,5,HydroRIVERS v1.0 (HydroSHEDS),LineString,OBSERVED HYDROGRAPHIC NETWORK · WWF / HydroSHEDS
40637987,40638539,41067217,3.3,0.384,21.1,4,HydroRIVERS v1.0 (HydroSHEDS),LineString,OBSERVED HYDROGRAPHIC NETWORK · WWF / HydroSHEDS
40637988,40638542,41067217,3.2,11.522,618.0,3,HydroRIVERS v1.0 (HydroSHEDS),LineString,OBSERVED HYDROGRAPHIC NETWORK · WWF / HydroSHEDS
40637989,40637988,41067217,6.61,1.705,86.2,4,HydroRIVERS v1.0 (HydroSHEDS),LineString,OBSERVED HYDROGRAPHIC NETWORK · WWF / HydroSHEDS
40637990,40637988,41067217,3.81,9.572,519.1,3,HydroRIVERS v1.0 (HydroSHEDS),LineString,OBSERVED HYDROGRAPHIC NETWORK · WWF / HydroSHEDS
40637991,40637990,41067217,1.54,0.79,42.1,4,HydroRIVERS v1.0 (HydroSHEDS),LineString,OBSERVED HYDROGRAPHIC NETWORK · WWF / HydroSHEDS
40637992,40638544,41067217,1.07,0.273,15.6,5,HydroRIVERS v1.0 (HydroSHEDS),LineString,OBSERVED HYDROGRAPHIC NETWORK · WWF / HydroSHEDS
40637993,40638813,41067217,4.79,1.314,78.0,5,HydroRIVERS v1.0 (HydroSHEDS),LineString,OBSERVED HYDROGRAPHIC NETWORK · WWF / HydroSHEDS
40637994,40638418,41067217,5.83,0.558,28.1,6,HydroRIVERS v1.0 (HydroSHEDS),LineString,OBSERVED HYDROGRAPHIC NETWORK · WWF / HydroSHEDS
40637995,40638419,41067217,0.91,0.134,5.7,9,HydroRIVERS v1.0 (HydroSHEDS),LineString,OBSERVED HYDROGRAPHIC NETWORK · WWF / HydroSHEDS
40637996,40638419,41067217,0.69,0.121,5.1,8,HydroRIVERS v1.0 (HydroSHEDS),LineString,OBSERVED HYDROGRAPHIC NETWORK · WWF / HydroSHEDS
40637997,40637573,41023100,3.89,0.328,11.9,4,HydroRIVERS v1.0 (HydroSHEDS),LineString,OBSERVED HYDROGRAPHIC NETWORK · WWF / HydroSHEDS
40637998,40635689,41023100,9.28,0.52,18.2,4,HydroRIVERS v1.0 (HydroSHEDS),LineString,OBSERVED HYDROGRAPHIC NETWORK · WWF / HydroSHEDS
40638126,40638537,41067217,1.2,0.21,12.7,4,HydroRIVERS v1.0 (HydroSHEDS),LineString,OBSERVED HYDROGRAPHIC NETWORK · WWF / HydroSHEDS
40638127,40638537,41067217,3.39,0.309,17.8,3,HydroRIVERS v1.0 (HydroSHEDS),LineString,OBSERVED HYDROGRAPHIC NETWORK · WWF / HydroSHEDS
40638128,40637991,41067217,0.91,0.118,6.2,5,HydroRIVERS v1.0 (HydroSHEDS),LineString,OBSERVED HYDROGRAPHIC NETWORK · WWF / HydroSHEDS
40638129,40637269,41067217,4.29,0.702,38.2,4,HydroRIVERS v1.0 (HydroSHEDS),LineString,OBSERVED HYDROGRAPHIC NETWORK · WWF / HydroSHEDS
40638130,40638544,41067217,1.71,0.179,10.1,4,HydroRIVERS v1.0 (HydroSHEDS),LineString,OBSERVED HYDROGRAPHIC NETWORK · WWF / HydroSHEDS
40638131,40638678,41067217,4.75,7.979,396.2,4,HydroRIVERS v1.0 (HydroSHEDS),LineString,OBSERVED HYDROGRAPHIC NETWORK · WWF / HydroSHEDS
40638132,40638421,41067217,3.3,0.301,12.5,7,HydroRIVERS v1.0 (HydroSHEDS),LineString,OBSERVED HYDROGRAPHIC NETWORK · WWF / HydroSHEDS
40638133,40638281,41067217,0.69,0.159,6.4,7,HydroRIVERS v1.0 (HydroSHEDS),LineString,OBSERVED HYDROGRAPHIC NETWORK · WWF / HydroSHEDS
40638134,40638281,41067217,0.59,0.121,4.8,8,HydroRIVERS v1.0 (HydroSHEDS),LineString,OBSERVED HYDROGRAPHIC NETWORK · WWF / HydroSHEDS
40638135,40637273,41023100,3.16,0.254,9.7,4,HydroRIVERS v1.0 (HydroSHEDS),LineString,OBSERVED HYDROGRAPHIC NETWORK · WWF / HydroSHEDS
40638136,40638137,41023100,4.72,0.458,17.4,4,HydroRIVERS v1.0 (HydroSHEDS),LineString,OBSERVED HYDROGRAPHIC NETWORK · WWF / HydroSHEDS
40638137,40638138,41023100,0.79,1.039,38.7,4,HydroRIVERS v1.0 (HydroSHEDS),LineString,OBSERVED HYDROGRAPHIC NETWORK · WWF / HydroSHEDS
40638138,40637573,41023100,2.29,2.457,89.4,3,HydroRIVERS v1.0 (HydroSHEDS),LineString,OBSERVED HYDROGRAPHIC NETWORK · WWF / HydroSHEDS
40638139,40635689,41023100,13.11,1.027,36.3,3,HydroRIVERS v1.0 (HydroSHEDS),LineString,OBSERVED HYDROGRAPHIC NETWORK · WWF / HydroSHEDS
40638140,40636857,41023100,4.62,0.411,13.8,4,HydroRIVERS v1.0 (HydroSHEDS),LineString,OBSERVED HYDROGRAPHIC NETWORK · WWF / HydroSHEDS
40638276,40638539,41067217,2.21,0.17,9.5,5,HydroRIVERS v1.0 (HydroSHEDS),LineString,OBSERVED HYDROGRAPHIC NETWORK · WWF / HydroSHEDS
40638277,40638129,41067217,1.2,0.221,12.1,5,HydroRIVERS v1.0 (HydroSHEDS),LineString,OBSERVED HYDROGRAPHIC NETWORK · WWF / HydroSHEDS
40638278,40633925,41023100,19.96,1.269,84.1,4,HydroRIVERS v1.0 (HydroSHEDS),LineString,OBSERVED HYDROGRAPHIC NETWORK · WWF / HydroSHEDS
40638279,40638678,41067217,3.4,0.254,11.0,5,HydroRIVERS v1.0 (HydroSHEDS),LineString,OBSERVED HYDROGRAPHIC NETWORK · WWF / HydroSHEDS
40638280,40638421,41067217,1.4,1.266,49.0,6,HydroRIVERS v1.0 (HydroSHEDS),LineString,OBSERVED HYDROGRAPHIC NETWORK · WWF / HydroSHEDS
40638281,40638280,41067217,1.01,0.303,12.1,7,HydroRIVERS v1.0 (HydroSHEDS),LineString,OBSERVED HYDROGRAPHIC NETWORK · WWF / HydroSHEDS
40638414,40638541,41067217,4.27,2.428,125.5,4,HydroRIVERS v1.0 (HydroSHEDS),LineString,OBSERVED HYDROGRAPHIC NETWORK · WWF / HydroSHEDS
40638415,40638546,41023100,1.91,0.162,9.7,4,HydroRIVERS v1.0 (HydroSHEDS),LineString,OBSERVED HYDROGRAPHIC NETWORK · WWF / HydroSHEDS
40638416,40638546,41023100,2.32,0.292,17.3,3,HydroRIVERS v1.0 (HydroSHEDS),LineString,OBSERVED HYDROGRAPHIC NETWORK · WWF / HydroSHEDS
40638417,40638813,41067217,5.99,0.443,24.8,6,HydroRIVERS v1.0 (HydroSHEDS),LineString,OBSERVED HYDROGRAPHIC NETWORK · WWF / HydroSHEDS
40638418,40638959,41067217,6.52,3.555,190.1,5,HydroRIVERS v1.0 (HydroSHEDS),LineString,OBSERVED HYDROGRAPHIC NETWORK · WWF / HydroSHEDS
40638419,40638961,41067217,1.68,0.348,14.7,8,HydroRIVERS v1.0 (HydroSHEDS),LineString,OBSERVED HYDROGRAPHIC NETWORK · WWF / HydroSHEDS
40638420,40638961,41067217,2.45,0.229,9.5,7,HydroRIVERS v1.0 (HydroSHEDS),LineString,OBSERVED HYDROGRAPHIC NETWORK · WWF / HydroSHEDS
40638421,40638961,41067217,3.99,1.837,72.3,6,HydroRIVERS v1.0 (HydroSHEDS),LineString,OBSERVED HYDROGRAPHIC NETWORK · WWF / HydroSHEDS
40638537,40639800,41067217,1.54,0.56,32.9,3,HydroRIVERS v1.0 (HydroSHEDS),LineString,OBSERVED HYDROGRAPHIC NETWORK · WWF / HydroSHEDS
40638538,40639800,41067217,0.99,0.148,8.6,4,HydroRIVERS v1.0 (HydroSHEDS),LineString,OBSERVED HYDROGRAPHIC NETWORK · WWF / HydroSHEDS
40638539,40638676,41067217,3.08,0.72,39.8,4,HydroRIVERS v1.0 (HydroSHEDS),LineString,OBSERVED HYDROGRAPHIC NETWORK · WWF / HydroSHEDS
40638540,40638676,41067217,1.16,0.133,7.2,5,HydroRIVERS v1.0 (HydroSHEDS),LineString,OBSERVED HYDROGRAPHIC NETWORK · WWF / HydroSHEDS
40638541,40639104,41067217,0.61,14.899,792.9,3,HydroRIVERS v1.0 (HydroSHEDS),LineString,OBSERVED HYDROGRAPHIC NETWORK · WWF / HydroSHEDS
40638542,40638541,41067217,5.82,12.44,665.7,3,HydroRIVERS v1.0 (HydroSHEDS),LineString,OBSERVED HYDROGRAPHIC NETWORK · WWF / HydroSHEDS
40638543,40638129,41067217,1.62,0.22,11.9,4,HydroRIVERS v1.0 (HydroSHEDS),LineString,OBSERVED HYDROGRAPHIC NETWORK · WWF / HydroSHEDS
40638544,40638958,41067217,3.08,0.546,31.2,4,HydroRIVERS v1.0 (HydroSHEDS),LineString,OBSERVED HYDROGRAPHIC NETWORK · WWF / HydroSHEDS
40638545,40638958,41067217,5.59,4.617,286.6,3,HydroRIVERS v1.0 (HydroSHEDS),LineString,OBSERVED HYDROGRAPHIC NETWORK · WWF / HydroSHEDS
40638546,40637435,41023100,10.64,1.05,64.4,3,HydroRIVERS v1.0 (HydroSHEDS),LineString,OBSERVED HYDROGRAPHIC NETWORK · WWF / HydroSHEDS
40638547,40634944,41023100,24.49,1.627,54.5,3,HydroRIVERS v1.0 (HydroSHEDS),LineString,OBSERVED HYDROGRAPHIC NETWORK · WWF / HydroSHEDS
40638676,40639528,41067217,0.61,0.856,47.2,4,HydroRIVERS v1.0 (HydroSHEDS),LineString,OBSERVED HYDROGRAPHIC NETWORK · WWF / HydroSHEDS
40638677,40638959,41067217,6.76,0.326,15.6,6,HydroRIVERS v1.0 (HydroSHEDS),LineString,OBSERVED HYDROGRAPHIC NETWORK · WWF / HydroSHEDS
40638678,40638814,41067217,2.15,8.352,412.6,4,HydroRIVERS v1.0 (HydroSHEDS),LineString,OBSERVED HYDROGRAPHIC NETWORK · WWF / HydroSHEDS
40638679,40638280,41067217,1.68,0.875,33.4,6,HydroRIVERS v1.0 (HydroSHEDS),LineString,OBSERVED HYDROGRAPHIC NETWORK · WWF / HydroSHEDS
40638680,40638679,41067217,2.0,0.165,6.4,7,HydroRIVERS v1.0 (HydroSHEDS),LineString,OBSERVED HYDROGRAPHIC NETWORK · WWF / HydroSHEDS
40638681,40637857,41023100,6.34,0.612,20.9,4,HydroRIVERS v1.0 (HydroSHEDS),LineString,OBSERVED HYDROGRAPHIC NETWORK · WWF / HydroSHEDS
40638813,40640370,41067217,3.22,1.902,111.4,5,HydroRIVERS v1.0 (HydroSHEDS),LineString,OBSERVED HYDROGRAPHIC NETWORK · WWF / HydroSHEDS
40638814,40640236,41067217,0.61,8.581,422.3,4,HydroRIVERS v1.0 (HydroSHEDS),LineString,OBSERVED HYDROGRAPHIC NETWORK · WWF / HydroSHEDS
40638815,40638814,41067217,4.33,0.22,9.4,5,HydroRIVERS v1.0 (HydroSHEDS),LineString,OBSERVED HYDROGRAPHIC NETWORK · WWF / HydroSHEDS
40638816,40638138,41023100,2.61,1.227,43.5,3,HydroRIVERS v1.0 (HydroSHEDS),LineString,OBSERVED HYDROGRAPHIC NETWORK · WWF / HydroSHEDS
40638957,40639104,41067217,2.63,0.143,7.5,4,HydroRIVERS v1.0 (HydroSHEDS),LineString,OBSERVED HYDROGRAPHIC NETWORK · WWF / HydroSHEDS
40638958,40639958,41067217,1.39,5.206,320.7,3,HydroRIVERS v1.0 (HydroSHEDS),LineString,OBSERVED HYDROGRAPHIC NETWORK · WWF / HydroSHEDS
40638959,40640235,41067217,2.0,4.052,213.6,5,HydroRIVERS v1.0 (HydroSHEDS),LineString,OBSERVED HYDROGRAPHIC NETWORK · WWF / HydroSHEDS
40638960,40639531,41067217,2.53,0.221,9.2,7,HydroRIVERS v1.0 (HydroSHEDS),LineString,OBSERVED HYDROGRAPHIC NETWORK · WWF / HydroSHEDS
40638961,40639531,41067217,2.15,2.5,100.1,6,HydroRIVERS v1.0 (HydroSHEDS),LineString,OBSERVED HYDROGRAPHIC NETWORK · WWF / HydroSHEDS
40639103,40639801,41067217,0.92,0.142,7.5,4,HydroRIVERS v1.0 (HydroSHEDS),LineString,OBSERVED HYDROGRAPHIC NETWORK · WWF / HydroSHEDS
40639104,40639801,41067217,2.83,15.154,806.1,3,HydroRIVERS v1.0 (HydroSHEDS),LineString,OBSERVED HYDROGRAPHIC NETWORK · WWF / HydroSHEDS
40639105,40637991,41067217,6.62,0.629,33.6,4,HydroRIVERS v1.0 (HydroSHEDS),LineString,OBSERVED HYDROGRAPHIC NETWORK · WWF / HydroSHEDS
40639106,40640236,41067217,3.4,0.235,9.9,5,HydroRIVERS v1.0 (HydroSHEDS),LineString,OBSERVED HYDROGRAPHIC NETWORK · WWF / HydroSHEDS
40639107,40637575,41023100,6.53,0.48,15.6,6,HydroRIVERS v1.0 (HydroSHEDS),LineString,OBSERVED HYDROGRAPHIC NETWORK · WWF / HydroSHEDS
40639262,40639528,41067217,3.43,0.282,15.8,5,HydroRIVERS v1.0 (HydroSHEDS),LineString,OBSERVED HYDROGRAPHIC NETWORK · WWF / HydroSHEDS
40639263,40639958,41067217,6.81,0.683,38.6,4,HydroRIVERS v1.0 (HydroSHEDS),LineString,OBSERVED HYDROGRAPHIC NETWORK · WWF / HydroSHEDS
40639264,40640511,41067217,1.67,0.229,14.0,4,HydroRIVERS v1.0 (HydroSHEDS),LineString,OBSERVED HYDROGRAPHIC NETWORK · WWF / HydroSHEDS
40639265,40640511,41067217,9.18,1.943,124.4,3,HydroRIVERS v1.0 (HydroSHEDS),LineString,OBSERVED HYDROGRAPHIC NETWORK · WWF / HydroSHEDS
40639266,40638137,41023100,4.6,0.526,19.3,5,HydroRIVERS v1.0 (HydroSHEDS),LineString,OBSERVED HYDROGRAPHIC NETWORK · WWF / HydroSHEDS
40639267,40638816,41023100,3.22,0.419,14.9,4,HydroRIVERS v1.0 (HydroSHEDS),LineString,OBSERVED HYDROGRAPHIC NETWORK · WWF / HydroSHEDS
40639268,40637857,41023100,4.78,14.87,475.0,3,HydroRIVERS v1.0 (HydroSHEDS),LineString,OBSERVED HYDROGRAPHIC NETWORK · WWF / HydroSHEDS
40639269,40636151,41023100,12.3,1.341,43.7,4,HydroRIVERS v1.0 (HydroSHEDS),LineString,OBSERVED HYDROGRAPHIC NETWORK · WWF / HydroSHEDS
40639390,40638542,41067217,6.5,0.461,24.2,4,HydroRIVERS v1.0 (HydroSHEDS),LineString,OBSERVED HYDROGRAPHIC NETWORK · WWF / HydroSHEDS
40639391,40639529,41067217,4.13,0.385,23.3,4,HydroRIVERS v1.0 (HydroSHEDS),LineString,OBSERVED HYDROGRAPHIC NETWORK · WWF / HydroSHEDS
40639392,40640370,41067217,7.9,0.606,32.7,6,HydroRIVERS v1.0 (HydroSHEDS),LineString,OBSERVED HYDROGRAPHIC NETWORK · WWF / HydroSHEDS
40639393,40640235,41067217,3.22,0.326,15.1,6,HydroRIVERS v1.0 (HydroSHEDS),LineString,OBSERVED HYDROGRAPHIC NETWORK · WWF / HydroSHEDS
40639394,40637859,41023100,5.39,7.549,234.8,4,HydroRIVERS v1.0 (HydroSHEDS),LineString,OBSERVED HYDROGRAPHIC NETWORK · WWF / HydroSHEDS
40639395,40639269,41023100,5.3,0.492,15.8,4,HydroRIVERS v1.0 (HydroSHEDS),LineString,OBSERVED HYDROGRAPHIC NETWORK · WWF / HydroSHEDS
40639528,40639957,41067217,6.04,1.591,87.4,4,HydroRIVERS v1.0 (HydroSHEDS),LineString,OBSERVED HYDROGRAPHIC NETWORK · WWF / HydroSHEDS
40639529,40639959,41067217,3.81,0.816,49.0,4,HydroRIVERS v1.0 (HydroSHEDS),LineString,OBSERVED HYDROGRAPHIC NETWORK · WWF / HydroSHEDS
40639530,40639529,41067217,1.71,0.157,9.4,5,HydroRIVERS v1.0 (HydroSHEDS),LineString,OBSERVED HYDROGRAPHIC NETWORK · WWF / HydroSHEDS
40639531,40639802,41067217,2.0,2.902,116.6,6,HydroRIVERS v1.0 (HydroSHEDS),LineString,OBSERVED HYDROGRAPHIC NETWORK · WWF / HydroSHEDS
40639532,40639268,41023100,1.22,5.792,192.4,3,HydroRIVERS v1.0 (HydroSHEDS),LineString,OBSERVED HYDROGRAPHIC NETWORK · WWF / HydroSHEDS
40639653,40639802,41067217,2.39,0.254,10.3,7,HydroRIVERS v1.0 (HydroSHEDS),LineString,OBSERVED HYDROGRAPHIC NETWORK · WWF / HydroSHEDS
40639654,40639269,41023100,1.99,0.201,6.4,5,HydroRIVERS v1.0 (HydroSHEDS),LineString,OBSERVED HYDROGRAPHIC NETWORK · WWF / HydroSHEDS
40639799,40640510,41067217,2.53,0.188,11.8,4,HydroRIVERS v1.0 (HydroSHEDS),LineString,OBSERVED HYDROGRAPHIC NETWORK · WWF / HydroSHEDS
40639800,40640510,41067217,4.76,1.049,62.1,3,HydroRIVERS v1.0 (HydroSHEDS),LineString,OBSERVED HYDROGRAPHIC NETWORK · WWF / HydroSHEDS
40639801,40640231,41067217,2.46,15.441,821.2,3,HydroRIVERS v1.0 (HydroSHEDS),LineString,OBSERVED HYDROGRAPHIC NETWORK · WWF / HydroSHEDS
40639802,40640237,41067217,1.07,3.175,127.6,6,HydroRIVERS v1.0 (HydroSHEDS),LineString,OBSERVED HYDROGRAPHIC NETWORK · WWF / HydroSHEDS
40639803,40640237,41067217,2.82,0.22,8.6,7,HydroRIVERS v1.0 (HydroSHEDS),LineString,OBSERVED HYDROGRAPHIC NETWORK · WWF / HydroSHEDS
40639804,40638679,41067217,5.29,0.602,22.8,6,HydroRIVERS v1.0 (HydroSHEDS),LineString,OBSERVED HYDROGRAPHIC NETWORK · WWF / HydroSHEDS
40639805,40639806,41023100,1.92,0.193,6.8,4,HydroRIVERS v1.0 (HydroSHEDS),LineString,OBSERVED HYDROGRAPHIC NETWORK · WWF / HydroSHEDS
40639806,40639807,41023100,0.4,3.181,105.5,3,HydroRIVERS v1.0 (HydroSHEDS),LineString,OBSERVED HYDROGRAPHIC NETWORK · WWF / HydroSHEDS
40639807,40639532,41023100,9.94,4.43,147.8,3,HydroRIVERS v1.0 (HydroSHEDS),LineString,OBSERVED HYDROGRAPHIC NETWORK · WWF / HydroSHEDS
40639957,40640231,41067217,4.85,2.247,123.0,4,HydroRIVERS v1.0 (HydroSHEDS),LineString,OBSERVED HYDROGRAPHIC NETWORK · WWF / HydroSHEDS
40639958,40640780,41067217,4.77,6.071,371.6,3,HydroRIVERS v1.0 (HydroSHEDS),LineString,OBSERVED HYDROGRAPHIC NETWORK · WWF / HydroSHEDS
40639959,40640780,41067217,2.62,1.096,65.6,4,HydroRIVERS v1.0 (HydroSHEDS),LineString,OBSERVED HYDROGRAPHIC NETWORK · WWF / HydroSHEDS
40639960,40639959,41067217,2.13,0.179,10.5,5,HydroRIVERS v1.0 (HydroSHEDS),LineString,OBSERVED HYDROGRAPHIC NETWORK · WWF / HydroSHEDS
40639961,40639268,41023100,2.46,8.607,266.9,4,HydroRIVERS v1.0 (HydroSHEDS),LineString,OBSERVED HYDROGRAPHIC NETWORK · WWF / HydroSHEDS
40639962,40639394,41023100,3.54,0.455,14.7,5,HydroRIVERS v1.0 (HydroSHEDS),LineString,OBSERVED HYDROGRAPHIC NETWORK · WWF / HydroSHEDS
40639963,40639394,41023100,2.0,6.573,203.0,4,HydroRIVERS v1.0 (HydroSHEDS),LineString,OBSERVED HYDROGRAPHIC NETWORK · WWF / HydroSHEDS
40640090,40639957,41067217,4.62,0.423,23.1,5,HydroRIVERS v1.0 (HydroSHEDS),LineString,OBSERVED HYDROGRAPHIC NETWORK · WWF / HydroSHEDS
40640091,40640233,41067217,7.52,0.454,28.6,3,HydroRIVERS v1.0 (HydroSHEDS),LineString,OBSERVED HYDROGRAPHIC NETWORK · WWF / HydroSHEDS
40640092,40640233,41067217,6.6,0.542,33.6,4,HydroRIVERS v1.0 (HydroSHEDS),LineString,OBSERVED HYDROGRAPHIC NETWORK · WWF / HydroSHEDS
40640093,40639807,41023100,1.52,0.142,4.8,4,HydroRIVERS v1.0 (HydroSHEDS),LineString,OBSERVED HYDROGRAPHIC NETWORK · WWF / HydroSHEDS
40640094,40639964,41023100,3.98,0.392,12.5,4,HydroRIVERS v1.0 (HydroSHEDS),LineString,OBSERVED HYDROGRAPHIC NETWORK · WWF / HydroSHEDS
40640231,40640777,41067217,2.08,17.808,950.4,3,HydroRIVERS v1.0 (HydroSHEDS),LineString,OBSERVED HYDROGRAPHIC NETWORK · WWF / HydroSHEDS
40640232,40640777,41067217,1.31,0.122,6.4,4,HydroRIVERS v1.0 (HydroSHEDS),LineString,OBSERVED HYDROGRAPHIC NETWORK · WWF / HydroSHEDS
40640233,40640366,41067217,0.46,0.998,62.4,3,HydroRIVERS v1.0 (HydroSHEDS),LineString,OBSERVED HYDROGRAPHIC NETWORK · WWF / HydroSHEDS
40640234,40640368,41067217,3.38,0.304,18.4,6,HydroRIVERS v1.0 (HydroSHEDS),LineString,OBSERVED HYDROGRAPHIC NETWORK · WWF / HydroSHEDS
40640235,40640926,41067217,5.59,4.842,249.2,5,HydroRIVERS v1.0 (HydroSHEDS),LineString,OBSERVED HYDROGRAPHIC NETWORK · WWF / HydroSHEDS
40640236,40640926,41067217,5.22,9.269,451.7,4,HydroRIVERS v1.0 (HydroSHEDS),LineString,OBSERVED HYDROGRAPHIC NETWORK · WWF / HydroSHEDS
40640237,40641544,41067217,1.68,3.478,139.5,6,HydroRIVERS v1.0 (HydroSHEDS),LineString,OBSERVED HYDROGRAPHIC NETWORK · WWF / HydroSHEDS
40640365,40640923,41067217,2.31,0.14,8.6,3,HydroRIVERS v1.0 (HydroSHEDS),LineString,OBSERVED HYDROGRAPHIC NETWORK · WWF / HydroSHEDS
40640366,40640923,41067217,1.4,2.93,182.4,2,HydroRIVERS v1.0 (HydroSHEDS),LineString,OBSERVED HYDROGRAPHIC NETWORK · WWF / HydroSHEDS
40640367,40640368,41067217,8.92,0.902,55.5,5,HydroRIVERS v1.0 (HydroSHEDS),LineString,OBSERVED HYDROGRAPHIC NETWORK · WWF / HydroSHEDS
40640368,40640924,41067217,1.4,1.276,78.2,5,HydroRIVERS v1.0 (HydroSHEDS),LineString,OBSERVED HYDROGRAPHIC NETWORK · WWF / HydroSHEDS
40640369,40640924,41067217,4.69,0.283,16.7,6,HydroRIVERS v1.0 (HydroSHEDS),LineString,OBSERVED HYDROGRAPHIC NETWORK · WWF / HydroSHEDS
40640370,40640783,41067217,6.52,3.014,172.4,5,HydroRIVERS v1.0 (HydroSHEDS),LineString,OBSERVED HYDROGRAPHIC NETWORK · WWF / HydroSHEDS
40640371,40640783,41067217,2.21,0.23,11.0,6,HydroRIVERS v1.0 (HydroSHEDS),LineString,OBSERVED HYDROGRAPHIC NETWORK · WWF / HydroSHEDS
40640372,40641544,41067217,3.81,0.875,33.1,7,HydroRIVERS v1.0 (HydroSHEDS),LineString,OBSERVED HYDROGRAPHIC NETWORK · WWF / HydroSHEDS
40640373,40640372,41067217,4.01,0.428,16.2,7,HydroRIVERS v1.0 (HydroSHEDS),LineString,OBSERVED HYDROGRAPHIC NETWORK · WWF / HydroSHEDS
40640374,40637127,41023100,14.6,1.335,49.2,3,HydroRIVERS v1.0 (HydroSHEDS),LineString,OBSERVED HYDROGRAPHIC NETWORK · WWF / HydroSHEDS
40640375,40639963,41023100,1.68,6.077,187.2,4,HydroRIVERS v1.0 (HydroSHEDS),LineString,OBSERVED HYDROGRAPHIC NETWORK · WWF / HydroSHEDS
40640509,40641236,41067217,0.69,0.115,7.3,4,HydroRIVERS v1.0 (HydroSHEDS),LineString,OBSERVED HYDROGRAPHIC NETWORK · WWF / HydroSHEDS
40640510,40641236,41067217,2.76,1.368,81.9,3,HydroRIVERS v1.0 (HydroSHEDS),LineString,OBSERVED HYDROGRAPHIC NETWORK · WWF / HydroSHEDS
40640511,40641811,41067217,5.95,2.543,161.7,3,HydroRIVERS v1.0 (HydroSHEDS),LineString,OBSERVED HYDROGRAPHIC NETWORK · WWF / HydroSHEDS
40640512,40641811,41067217,20.39,1.638,102.8,4,HydroRIVERS v1.0 (HydroSHEDS),LineString,OBSERVED HYDROGRAPHIC NETWORK · WWF / HydroSHEDS
40640513,40639961,41023100,3.79,0.331,10.7,5,HydroRIVERS v1.0 (HydroSHEDS),LineString,OBSERVED HYDROGRAPHIC NETWORK · WWF / HydroSHEDS
40640647,40640781,41067217,12.58,0.898,56.9,2,HydroRIVERS v1.0 (HydroSHEDS),LineString,OBSERVED HYDROGRAPHIC NETWORK · WWF / HydroSHEDS
40640648,40640372,41067217,2.06,0.217,8.1,8,HydroRIVERS v1.0 (HydroSHEDS),LineString,OBSERVED HYDROGRAPHIC NETWORK · WWF / HydroSHEDS
40640649,40638816,41023100,6.84,0.663,23.3,3,HydroRIVERS v1.0 (HydroSHEDS),LineString,OBSERVED HYDROGRAPHIC NETWORK · WWF / HydroSHEDS
40640650,40639961,41023100,2.61,8.114,250.9,4,HydroRIVERS v1.0 (HydroSHEDS),LineString,OBSERVED HYDROGRAPHIC NETWORK · WWF / HydroSHEDS
40640651,40640375,41023100,3.6,0.676,21.3,5,HydroRIVERS v1.0 (HydroSHEDS),LineString,OBSERVED HYDROGRAPHIC NETWORK · WWF / HydroSHEDS
40640652,40640651,41023100,2.0,0.21,6.6,6,HydroRIVERS v1.0 (HydroSHEDS),LineString,OBSERVED HYDROGRAPHIC NETWORK · WWF / HydroSHEDS
40640777,40640922,41067217,2.15,17.991,960.0,3,HydroRIVERS v1.0 (HydroSHEDS),LineString,OBSERVED HYDROGRAPHIC NETWORK · WWF / HydroSHEDS
40640778,40640922,41067217,3.11,0.323,17.1,4,HydroRIVERS v1.0 (HydroSHEDS),LineString,OBSERVED HYDROGRAPHIC NETWORK · WWF / HydroSHEDS
40640779,40642126,41067217,6.07,0.602,33.8,4,HydroRIVERS v1.0 (HydroSHEDS),LineString,OBSERVED HYDROGRAPHIC NETWORK · WWF / HydroSHEDS
40640780,40642126,41067217,3.51,7.49,457.2,3,HydroRIVERS v1.0 (HydroSHEDS),LineString,OBSERVED HYDROGRAPHIC NETWORK · WWF / HydroSHEDS
40640781,40640366,41067217,8.21,1.879,116.5,2,HydroRIVERS v1.0 (HydroSHEDS),LineString,OBSERVED HYDROGRAPHIC NETWORK · WWF / HydroSHEDS
40640782,40641542,41067217,9.62,0.768,39.5,6,HydroRIVERS v1.0 (HydroSHEDS),LineString,OBSERVED HYDROGRAPHIC NETWORK · WWF / HydroSHEDS
40640783,40641542,41067217,1.54,3.286,186.2,5,HydroRIVERS v1.0 (HydroSHEDS),LineString,OBSERVED HYDROGRAPHIC NETWORK · WWF / HydroSHEDS
40640784,40640785,41023100,6.71,0.534,17.6,4,HydroRIVERS v1.0 (HydroSHEDS),LineString,OBSERVED HYDROGRAPHIC NETWORK · WWF / HydroSHEDS
40640785,40639532,41023100,4.76,1.301,42.6,4,HydroRIVERS v1.0 (HydroSHEDS),LineString,OBSERVED HYDROGRAPHIC NETWORK · WWF / HydroSHEDS
40640786,40639963,41023100,3.45,0.359,11.4,5,HydroRIVERS v1.0 (HydroSHEDS),LineString,OBSERVED HYDROGRAPHIC NETWORK · WWF / HydroSHEDS
40640922,40641535,41067217,0.46,18.319,977.3,3,HydroRIVERS v1.0 (HydroSHEDS),LineString,OBSERVED HYDROGRAPHIC NETWORK · WWF / HydroSHEDS
40640923,40641241,41067217,3.63,3.25,202.6,2,HydroRIVERS v1.0 (HydroSHEDS),LineString,OBSERVED HYDROGRAPHIC NETWORK · WWF / HydroSHEDS
40640924,40641813,41067217,2.69,1.703,104.0,5,HydroRIVERS v1.0 (HydroSHEDS),LineString,OBSERVED HYDROGRAPHIC NETWORK · WWF / HydroSHEDS
40640925,40641813,41067217,3.14,0.263,15.1,6,HydroRIVERS v1.0 (HydroSHEDS),LineString,OBSERVED HYDROGRAPHIC NETWORK · WWF / HydroSHEDS
40640926,40641243,41067217,2.76,14.26,707.2,4,HydroRIVERS v1.0 (HydroSHEDS),LineString,OBSERVED HYDROGRAPHIC NETWORK · WWF / HydroSHEDS
40640927,40641243,41067217,0.79,17.028,616.8,5,HydroRIVERS v1.0 (HydroSHEDS),LineString,OBSERVED HYDROGRAPHIC NETWORK · WWF / HydroSHEDS
40641083,40641382,41067217,3.22,0.212,12.1,5,HydroRIVERS v1.0 (HydroSHEDS),LineString,OBSERVED HYDROGRAPHIC NETWORK · WWF / HydroSHEDS
40641084,40640927,41067217,2.59,16.84,609.3,5,HydroRIVERS v1.0 (HydroSHEDS),LineString,OBSERVED HYDROGRAPHIC NETWORK · WWF / HydroSHEDS
40641085,40641084,41067217,2.45,0.238,9.7,6,HydroRIVERS v1.0 (HydroSHEDS),LineString,OBSERVED HYDROGRAPHIC NETWORK · WWF / HydroSHEDS
40641086,40640375,41023100,2.46,5.338,163.8,4,HydroRIVERS v1.0 (HydroSHEDS),LineString,OBSERVED HYDROGRAPHIC NETWORK · WWF / HydroSHEDS
40641236,40641532,41067217,2.46,1.558,94.0,3,HydroRIVERS v1.0 (HydroSHEDS),LineString,OBSERVED HYDROGRAPHIC NETWORK · WWF / HydroSHEDS
40641237,40641532,41067217,1.98,2.187,129.0,4,HydroRIVERS v1.0 (HydroSHEDS),LineString,OBSERVED HYDROGRAPHIC NETWORK · WWF / HydroSHEDS
40641238,40641237,41067217,2.38,1.67,97.2,4,HydroRIVERS v1.0 (HydroSHEDS),LineString,OBSERVED HYDROGRAPHIC NETWORK · WWF / HydroSHEDS
40641239,40641238,41067217,6.89,0.563,32.9,5,HydroRIVERS v1.0 (HydroSHEDS),LineString,OBSERVED HYDROGRAPHIC NETWORK · WWF / HydroSHEDS
40641240,40641539,41067217,0.92,0.14,8.5,4,HydroRIVERS v1.0 (HydroSHEDS),LineString,OBSERVED HYDROGRAPHIC NETWORK · WWF / HydroSHEDS
40641241,40641539,41067217,3.6,6.448,387.7,2,HydroRIVERS v1.0 (HydroSHEDS),LineString,OBSERVED HYDROGRAPHIC NETWORK · WWF / HydroSHEDS
40641242,40640781,41067217,4.76,0.449,26.6,3,HydroRIVERS v1.0 (HydroSHEDS),LineString,OBSERVED HYDROGRAPHIC NETWORK · WWF / HydroSHEDS
40641243,40641386,41067217,3.2,31.511,1333.4,4,HydroRIVERS v1.0 (HydroSHEDS),LineString,OBSERVED HYDROGRAPHIC NETWORK · WWF / HydroSHEDS
40641244,40640651,41023100,2.6,0.217,6.8,5,HydroRIVERS v1.0 (HydroSHEDS),LineString,OBSERVED HYDROGRAPHIC NETWORK · WWF / HydroSHEDS
40641381,40641238,41067217,1.4,0.965,55.7,4,HydroRIVERS v1.0 (HydroSHEDS),LineString,OBSERVED HYDROGRAPHIC NETWORK · WWF / HydroSHEDS
40641382,40641381,41067217,2.01,0.445,25.5,5,HydroRIVERS v1.0 (HydroSHEDS),LineString,OBSERVED HYDROGRAPHIC NETWORK · WWF / HydroSHEDS
40641383,40641382,41067217,3.0,0.196,11.2,6,HydroRIVERS v1.0 (HydroSHEDS),LineString,OBSERVED HYDROGRAPHIC NETWORK · WWF / HydroSHEDS
40641384,40642127,41067217,7.45,0.728,40.8,5,HydroRIVERS v1.0 (HydroSHEDS),LineString,OBSERVED HYDROGRAPHIC NETWORK · WWF / HydroSHEDS
40641385,40642127,41067217,0.59,0.115,6.1,6,HydroRIVERS v1.0 (HydroSHEDS),LineString,OBSERVED HYDROGRAPHIC NETWORK · WWF / HydroSHEDS
40641386,40641977,41067217,3.78,33.937,1429.0,4,HydroRIVERS v1.0 (HydroSHEDS),LineString,OBSERVED HYDROGRAPHIC NETWORK · WWF / HydroSHEDS
40641387,40640927,41067217,1.62,0.161,6.4,6,HydroRIVERS v1.0 (HydroSHEDS),LineString,OBSERVED HYDROGRAPHIC NETWORK · WWF / HydroSHEDS
40641388,40641084,41067217,2.41,16.43,592.6,5,HydroRIVERS v1.0 (HydroSHEDS),LineString,OBSERVED HYDROGRAPHIC NETWORK · WWF / HydroSHEDS
40641533,40641534,41067217,1.39,0.33,18.4,4,HydroRIVERS v1.0 (HydroSHEDS),LineString,OBSERVED HYDROGRAPHIC NETWORK · WWF / HydroSHEDS
40641534,40641535,41067217,10.29,1.128,61.6,4,HydroRIVERS v1.0 (HydroSHEDS),LineString,OBSERVED HYDROGRAPHIC NETWORK · WWF / HydroSHEDS
40641535,40641809,41067217,2.29,19.529,1043.0,3,HydroRIVERS v1.0 (HydroSHEDS),LineString,OBSERVED HYDROGRAPHIC NETWORK · WWF / HydroSHEDS
40641536,40642124,41067217,1.99,0.161,8.6,5,HydroRIVERS v1.0 (HydroSHEDS),LineString,OBSERVED HYDROGRAPHIC NETWORK · WWF / HydroSHEDS
40641537,40642124,41067217,6.56,0.609,33.1,4,HydroRIVERS v1.0 (HydroSHEDS),LineString,OBSERVED HYDROGRAPHIC NETWORK · WWF / HydroSHEDS
40641538,40641668,41067217,1.16,0.156,9.4,3,HydroRIVERS v1.0 (HydroSHEDS),LineString,OBSERVED HYDROGRAPHIC NETWORK · WWF / HydroSHEDS
40641539,40641668,41067217,4.0,6.959,420.1,2,HydroRIVERS v1.0 (HydroSHEDS),LineString,OBSERVED HYDROGRAPHIC NETWORK · WWF / HydroSHEDS
40641540,40641812,41067217,1.31,0.199,11.6,6,HydroRIVERS v1.0 (HydroSHEDS),LineString,OBSERVED HYDROGRAPHIC NETWORK · WWF / HydroSHEDS
40641541,40641812,41067217,3.48,0.308,18.6,5,HydroRIVERS v1.0 (HydroSHEDS),LineString,OBSERVED HYDROGRAPHIC NETWORK · WWF / HydroSHEDS
40641542,40641976,41067217,2.46,4.246,236.3,5,HydroRIVERS v1.0 (HydroSHEDS),LineString,OBSERVED HYDROGRAPHIC NETWORK · WWF / HydroSHEDS
40641543,40641388,41067217,2.59,15.971,574.6,5,HydroRIVERS v1.0 (HydroSHEDS),LineString,OBSERVED HYDROGRAPHIC NETWORK · WWF / HydroSHEDS
40641544,40641543,41067217,5.99,4.832,191.2,6,HydroRIVERS v1.0 (HydroSHEDS),LineString,OBSERVED HYDROGRAPHIC NETWORK · WWF / HydroSHEDS
40641545,40641086,41023100,2.82,0.293,9.2,5,HydroRIVERS v1.0 (HydroSHEDS),LineString,OBSERVED HYDROGRAPHIC NETWORK · WWF / HydroSHEDS
40641546,40641086,41023100,1.54,4.829,147.9,4,HydroRIVERS v1.0 (HydroSHEDS),LineString,OBSERVED HYDROGRAPHIC NETWORK · WWF / HydroSHEDS
40641667,40641534,41067217,0.69,0.11,6.1,5,HydroRIVERS v1.0 (HydroSHEDS),LineString,OBSERVED HYDROGRAPHIC NETWORK · WWF / HydroSHEDS
40641668,40642452,41067217,0.61,7.115,429.6,2,HydroRIVERS v1.0 (HydroSHEDS),LineString,OBSERVED HYDROGRAPHIC NETWORK · WWF / HydroSHEDS
40641669,40641241,41067217,3.45,2.984,170.6,3,HydroRIVERS v1.0 (HydroSHEDS),LineString,OBSERVED HYDROGRAPHIC NETWORK · WWF / HydroSHEDS
40641670,40641543,41067217,0.61,10.857,372.4,5,HydroRIVERS v1.0 (HydroSHEDS),LineString,OBSERVED HYDROGRAPHIC NETWORK · WWF / HydroSHEDS
40641671,40639806,41023100,7.88,2.967,98.0,3,HydroRIVERS v1.0 (HydroSHEDS),LineString,OBSERVED HYDROGRAPHIC NETWORK · WWF / HydroSHEDS
40641672,40640785,41023100,6.49,0.548,17.8,5,HydroRIVERS v1.0 (HydroSHEDS),LineString,OBSERVED HYDROGRAPHIC NETWORK · WWF / HydroSHEDS
40641809,40642122,41067217,1.62,20.417,1090.8,3,HydroRIVERS v1.0 (HydroSHEDS),LineString,OBSERVED HYDROGRAPHIC NETWORK · WWF / HydroSHEDS
40641810,40642290,41067217,3.38,0.323,18.9,4,HydroRIVERS v1.0 (HydroSHEDS),LineString,OBSERVED HYDROGRAPHIC NETWORK · WWF / HydroSHEDS
40641811,40642290,41067217,7.87,4.752,300.4,3,HydroRIVERS v1.0 (HydroSHEDS),LineString,OBSERVED HYDROGRAPHIC NETWORK · WWF / HydroSHEDS
40641812,40642292,41067217,2.41,0.62,36.9,5,HydroRIVERS v1.0 (HydroSHEDS),LineString,OBSERVED HYDROGRAPHIC NETWORK · WWF / HydroSHEDS
40641813,40642453,41067217,3.22,2.166,131.3,5,HydroRIVERS v1.0 (HydroSHEDS),LineString,OBSERVED HYDROGRAPHIC NETWORK · WWF / HydroSHEDS
40641814,40642453,41067217,1.52,0.166,9.2,6,HydroRIVERS v1.0 (HydroSHEDS),LineString,OBSERVED HYDROGRAPHIC NETWORK · WWF / HydroSHEDS
40641815,40641976,41067217,4.12,0.349,16.7,6,HydroRIVERS v1.0 (HydroSHEDS),LineString,OBSERVED HYDROGRAPHIC NETWORK · WWF / HydroSHEDS
40641816,40641980,41067217,3.6,8.529,287.8,5,HydroRIVERS v1.0 (HydroSHEDS),LineString,OBSERVED HYDROGRAPHIC NETWORK · WWF / HydroSHEDS
40641817,40641546,41023100,1.67,0.23,7.2,5,HydroRIVERS v1.0 (HydroSHEDS),LineString,OBSERVED HYDROGRAPHIC NETWORK · WWF / HydroSHEDS
40641818,40641819,41023100,4.82,0.472,14.9,5,HydroRIVERS v1.0 (HydroSHEDS),LineString,OBSERVED HYDROGRAPHIC NETWORK · WWF / HydroSHEDS
40641974,40641237,41067217,2.32,0.379,23.2,5,HydroRIVERS v1.0 (HydroSHEDS),LineString,OBSERVED HYDROGRAPHIC NETWORK · WWF / HydroSHEDS
40641975,40641974,41067217,0.59,0.113,6.8,6,HydroRIVERS v1.0 (HydroSHEDS),LineString,OBSERVED HYDROGRAPHIC NETWORK · WWF / HydroSHEDS
40641976,40643346,41067217,1.54,4.659,257.1,5,HydroRIVERS v1.0 (HydroSHEDS),LineString,OBSERVED HYDROGRAPHIC NETWORK · WWF / HydroSHEDS
40641977,40643346,41067217,4.82,34.41,1469.4,4,HydroRIVERS v1.0 (HydroSHEDS),LineString,OBSERVED HYDROGRAPHIC NETWORK · WWF / HydroSHEDS
40641978,40641388,41067217,2.45,0.233,9.0,6,HydroRIVERS v1.0 (HydroSHEDS),LineString,OBSERVED HYDROGRAPHIC NETWORK · WWF / HydroSHEDS
40641979,40641670,41067217,3.63,9.5,323.1,5,HydroRIVERS v1.0 (HydroSHEDS),LineString,OBSERVED HYDROGRAPHIC NETWORK · WWF / HydroSHEDS
40641980,40641979,41067217,1.4,8.827,298.6,5,HydroRIVERS v1.0 (HydroSHEDS),LineString,OBSERVED HYDROGRAPHIC NETWORK · WWF / HydroSHEDS
40641981,40642131,41067217,3.81,0.428,15.4,7,HydroRIVERS v1.0 (HydroSHEDS),LineString,OBSERVED HYDROGRAPHIC NETWORK · WWF / HydroSHEDS
40641982,40642131,41067217,2.38,2.966,100.7,6,HydroRIVERS v1.0 (HydroSHEDS),LineString,OBSERVED HYDROGRAPHIC NETWORK · WWF / HydroSHEDS
40641983,40641982,41067217,2.38,0.27,9.6,7,HydroRIVERS v1.0 (HydroSHEDS),LineString,OBSERVED HYDROGRAPHIC NETWORK · WWF / HydroSHEDS
40641984,40641671,41023100,0.93,1.264,40.8,3,HydroRIVERS v1.0 (HydroSHEDS),LineString,OBSERVED HYDROGRAPHIC NETWORK · WWF / HydroSHEDS
40641985,40641986,41023100,2.32,0.365,11.4,5,HydroRIVERS v1.0 (HydroSHEDS),LineString,OBSERVED HYDROGRAPHIC NETWORK · WWF / HydroSHEDS
40642121,40641381,41067217,5.23,0.426,24.6,4,HydroRIVERS v1.0 (HydroSHEDS),LineString,OBSERVED HYDROGRAPHIC NETWORK · WWF / HydroSHEDS
40642122,40642445,41067217,1.62,20.996,1121.6,3,HydroRIVERS v1.0 (HydroSHEDS),LineString,OBSERVED HYDROGRAPHIC NETWORK · WWF / HydroSHEDS
40642123,40642889,41067217,5.89,0.529,28.1,5,HydroRIVERS v1.0 (HydroSHEDS),LineString,OBSERVED HYDROGRAPHIC NETWORK · WWF / HydroSHEDS
40642124,40642889,41067217,3.09,0.973,52.6,4,HydroRIVERS v1.0 (HydroSHEDS),LineString,OBSERVED HYDROGRAPHIC NETWORK · WWF / HydroSHEDS
40642125,40643186,41067217,1.78,0.228,12.7,4,HydroRIVERS v1.0 (HydroSHEDS),LineString,OBSERVED HYDROGRAPHIC NETWORK · WWF / HydroSHEDS
40642126,40643186,41067217,4.61,8.358,508.4,3,HydroRIVERS v1.0 (HydroSHEDS),LineString,OBSERVED HYDROGRAPHIC NETWORK · WWF / HydroSHEDS
40642127,40644166,41067217,2.9,0.976,54.2,5,HydroRIVERS v1.0 (HydroSHEDS),LineString,OBSERVED HYDROGRAPHIC NETWORK · WWF / HydroSHEDS
40642128,40644166,41067217,4.99,0.444,22.8,6,HydroRIVERS v1.0 (HydroSHEDS),LineString,OBSERVED HYDROGRAPHIC NETWORK · WWF / HydroSHEDS
40642129,40641816,41067217,3.2,8.008,268.9,5,HydroRIVERS v1.0 (HydroSHEDS),LineString,OBSERVED HYDROGRAPHIC NETWORK · WWF / HydroSHEDS
40642130,40642129,41067217,1.59,3.77,129.2,6,HydroRIVERS v1.0 (HydroSHEDS),LineString,OBSERVED HYDROGRAPHIC NETWORK · WWF / HydroSHEDS
40642131,40642130,41067217,1.01,3.456,118.4,6,HydroRIVERS v1.0 (HydroSHEDS),LineString,OBSERVED HYDROGRAPHIC NETWORK · WWF / HydroSHEDS
40642132,40641982,41067217,0.61,2.47,83.3,6,HydroRIVERS v1.0 (HydroSHEDS),LineString,OBSERVED HYDROGRAPHIC NETWORK · WWF / HydroSHEDS
40642133,40642132,41067217,4.79,1.462,49.6,6,HydroRIVERS v1.0 (HydroSHEDS),LineString,OBSERVED HYDROGRAPHIC NETWORK · WWF / HydroSHEDS
40642134,40642133,41067217,4.91,0.646,21.9,6,HydroRIVERS v1.0 (HydroSHEDS),LineString,OBSERVED HYDROGRAPHIC NETWORK · WWF / HydroSHEDS
40642135,40640650,41023100,5.07,6.285,192.6,4,HydroRIVERS v1.0 (HydroSHEDS),LineString,OBSERVED HYDROGRAPHIC NETWORK · WWF / HydroSHEDS
40642136,40641546,41023100,2.84,4.535,138.7,4,HydroRIVERS v1.0 (HydroSHEDS),LineString,OBSERVED HYDROGRAPHIC NETWORK · WWF / HydroSHEDS
40642289,40641974,41067217,1.38,0.203,12.5,5,HydroRIVERS v1.0 (HydroSHEDS),LineString,OBSERVED HYDROGRAPHIC NETWORK · WWF / HydroSHEDS
40642290,40642451,41067217,1.54,5.121,322.5,3,HydroRIVERS v1.0 (HydroSHEDS),LineString,OBSERVED HYDROGRAPHIC NETWORK · WWF / HydroSHEDS
40642291,40641669,41067217,3.63,2.502,142.3,3,HydroRIVERS v1.0 (HydroSHEDS),LineString,OBSERVED HYDROGRAPHIC NETWORK · WWF / HydroSHEDS
40642292,40643345,41067217,5.4,1.528,89.9,5,HydroRIVERS v1.0 (HydroSHEDS),LineString,OBSERVED HYDROGRAPHIC NETWORK · WWF / HydroSHEDS
40642293,40641671,41023100,5.13,0.6,19.7,4,HydroRIVERS v1.0 (HydroSHEDS),LineString,OBSERVED HYDROGRAPHIC NETWORK · WWF / HydroSHEDS
40642294,40642136,41023100,0.61,1.494,46.0,5,HydroRIVERS v1.0 (HydroSHEDS),LineString,OBSERVED HYDROGRAPHIC NETWORK · WWF / HydroSHEDS
40642295,40642294,41023100,1.92,0.213,6.6,6,HydroRIVERS v1.0 (HydroSHEDS),LineString,OBSERVED HYDROGRAPHIC NETWORK · WWF / HydroSHEDS
40642445,40642748,41067217,1.62,21.234,1134.1,3,HydroRIVERS v1.0 (HydroSHEDS),LineString,OBSERVED HYDROGRAPHIC NETWORK · WWF / HydroSHEDS
40642446,40642748,41067217,6.43,0.591,31.2,4,HydroRIVERS v1.0 (HydroSHEDS),LineString,OBSERVED HYDROGRAPHIC NETWORK · WWF / HydroSHEDS
40642447,40642601,41067217,1.6,0.201,10.8,4,HydroRIVERS v1.0 (HydroSHEDS),LineString,OBSERVED HYDROGRAPHIC NETWORK · WWF / HydroSHEDS
40642448,40642601,41067217,1.52,0.236,12.9,3,HydroRIVERS v1.0 (HydroSHEDS),LineString,OBSERVED HYDROGRAPHIC NETWORK · WWF / HydroSHEDS
40642449,40643187,41067217,0.69,0.106,6.1,3,HydroRIVERS v1.0 (HydroSHEDS),LineString,OBSERVED HYDROGRAPHIC NETWORK · WWF / HydroSHEDS
40642450,40643187,41067217,3.17,15.485,952.5,2,HydroRIVERS v1.0 (HydroSHEDS),LineString,OBSERVED HYDROGRAPHIC NETWORK · WWF / HydroSHEDS
40642451,40642450,41067217,2.59,15.055,924.2,2,HydroRIVERS v1.0 (HydroSHEDS),LineString,OBSERVED HYDROGRAPHIC NETWORK · WWF / HydroSHEDS
40642452,40642751,41067217,5.43,7.948,480.6,2,HydroRIVERS v1.0 (HydroSHEDS),LineString,OBSERVED HYDROGRAPHIC NETWORK · WWF / HydroSHEDS
40642453,40644039,41067217,2.15,2.498,150.5,5,HydroRIVERS v1.0 (HydroSHEDS),LineString,OBSERVED HYDROGRAPHIC NETWORK · WWF / HydroSHEDS
40642454,40644039,41067217,1.06,0.123,6.6,6,HydroRIVERS v1.0 (HydroSHEDS),LineString,OBSERVED HYDROGRAPHIC NETWORK · WWF / HydroSHEDS
40642455,40641980,41067217,2.45,0.164,5.9,6,HydroRIVERS v1.0 (HydroSHEDS),LineString,OBSERVED HYDROGRAPHIC NETWORK · WWF / HydroSHEDS
40642601,40643342,41067217,0.61,0.444,24.1,3,HydroRIVERS v1.0 (HydroSHEDS),LineString,OBSERVED HYDROGRAPHIC NETWORK · WWF / HydroSHEDS
40642602,40643342,41067217,1.92,0.197,10.8,4,HydroRIVERS v1.0 (HydroSHEDS),LineString,OBSERVED HYDROGRAPHIC NETWORK · WWF / HydroSHEDS
40642603,40642291,41067217,1.22,2.08,117.5,3,HydroRIVERS v1.0 (HydroSHEDS),LineString,OBSERVED HYDROGRAPHIC NETWORK · WWF / HydroSHEDS
40642604,40642603,41067217,0.92,0.124,7.2,5,HydroRIVERS v1.0 (HydroSHEDS),LineString,OBSERVED HYDROGRAPHIC NETWORK · WWF / HydroSHEDS
40642605,40641386,41067217,5.05,1.995,76.9,5,HydroRIVERS v1.0 (HydroSHEDS),LineString,OBSERVED HYDROGRAPHIC NETWORK · WWF / HydroSHEDS
40642606,40642607,41023100,0.99,0.176,5.5,5,HydroRIVERS v1.0 (HydroSHEDS),LineString,OBSERVED HYDROGRAPHIC NETWORK · WWF / HydroSHEDS
40642607,40642135,41023100,1.39,5.348,163.0,4,HydroRIVERS v1.0 (HydroSHEDS),LineString,OBSERVED HYDROGRAPHIC NETWORK · WWF / HydroSHEDS
40642608,40642135,41023100,4.51,0.418,13.1,5,HydroRIVERS v1.0 (HydroSHEDS),LineString,OBSERVED HYDROGRAPHIC NETWORK · WWF / HydroSHEDS
40642609,40642136,41023100,1.39,2.693,81.9,4,HydroRIVERS v1.0 (HydroSHEDS),LineString,OBSERVED HYDROGRAPHIC NETWORK · WWF / HydroSHEDS
40642748,40643596,41067217,1.62,21.925,1170.4,3,HydroRIVERS v1.0 (HydroSHEDS),LineString,OBSERVED HYDROGRAPHIC NETWORK · WWF / HydroSHEDS
40642749,40643596,41067217,1.31,0.202,10.7,4,HydroRIVERS v1.0 (HydroSHEDS),LineString,OBSERVED HYDROGRAPHIC NETWORK · WWF / HydroSHEDS
40642750,40642451,41067217,2.23,9.855,594.2,2,HydroRIVERS v1.0 (HydroSHEDS),LineString,OBSERVED HYDROGRAPHIC NETWORK · WWF / HydroSHEDS
40642751,40642890,41067217,4.0,9.073,546.8,2,HydroRIVERS v1.0 (HydroSHEDS),LineString,OBSERVED HYDROGRAPHIC NETWORK · WWF / HydroSHEDS
40642752,40642603,41067217,0.69,0.122,6.8,4,HydroRIVERS v1.0 (HydroSHEDS),LineString,OBSERVED HYDROGRAPHIC NETWORK · WWF / HydroSHEDS
40642753,40643345,41067217,1.99,0.173,9.6,6,HydroRIVERS v1.0 (HydroSHEDS),LineString,OBSERVED HYDROGRAPHIC NETWORK · WWF / HydroSHEDS
40642754,40641816,41067217,3.23,0.171,6.1,6,HydroRIVERS v1.0 (HydroSHEDS),LineString,OBSERVED HYDROGRAPHIC NETWORK · WWF / HydroSHEDS
40642755,40642133,41067217,2.08,0.391,13.1,7,HydroRIVERS v1.0 (HydroSHEDS),LineString,OBSERVED HYDROGRAPHIC NETWORK · WWF / HydroSHEDS
40642756,40642294,41023100,2.48,1.275,39.2,5,HydroRIVERS v1.0 (HydroSHEDS),LineString,OBSERVED HYDROGRAPHIC NETWORK · WWF / HydroSHEDS
40642757,40642756,41023100,2.78,0.59,18.2,6,HydroRIVERS v1.0 (HydroSHEDS),LineString,OBSERVED HYDROGRAPHIC NETWORK · WWF / HydroSHEDS
40642758,40642757,41023100,0.99,0.155,4.8,7,HydroRIVERS v1.0 (HydroSHEDS),LineString,OBSERVED HYDROGRAPHIC NETWORK · WWF / HydroSHEDS
40642888,40642445,41067217,2.84,0.191,10.1,4,HydroRIVERS v1.0 (HydroSHEDS),LineString,OBSERVED HYDROGRAPHIC NETWORK · WWF / HydroSHEDS
40642889,40643340,41067217,2.61,1.637,87.8,4,HydroRIVERS v1.0 (HydroSHEDS),LineString,OBSERVED HYDROGRAPHIC NETWORK · WWF / HydroSHEDS
40642890,40642750,41067217,3.2,9.471,571.4,2,HydroRIVERS v1.0 (HydroSHEDS),LineString,OBSERVED HYDROGRAPHIC NETWORK · WWF / HydroSHEDS
40642891,40641669,41067217,4.38,0.271,15.4,4,HydroRIVERS v1.0 (HydroSHEDS),LineString,OBSERVED HYDROGRAPHIC NETWORK · WWF / HydroSHEDS
40642892,40642291,41067217,2.38,0.169,9.6,4,HydroRIVERS v1.0 (HydroSHEDS),LineString,OBSERVED HYDROGRAPHIC NETWORK · WWF / HydroSHEDS
40642893,40642603,41067217,2.01,1.798,101.3,3,HydroRIVERS v1.0 (HydroSHEDS),LineString,OBSERVED HYDROGRAPHIC NETWORK · WWF / HydroSHEDS
40642894,40642292,41067217,3.99,0.389,21.9,6,HydroRIVERS v1.0 (HydroSHEDS),LineString,OBSERVED HYDROGRAPHIC NETWORK · WWF / HydroSHEDS
40642895,40640650,41023100,9.06,1.693,53.9,5,HydroRIVERS v1.0 (HydroSHEDS),LineString,OBSERVED HYDROGRAPHIC NETWORK · WWF / HydroSHEDS
40642896,40642757,41023100,0.92,0.126,3.9,6,HydroRIVERS v1.0 (HydroSHEDS),LineString,OBSERVED HYDROGRAPHIC NETWORK · WWF / HydroSHEDS
40643038,40641809,41067217,10.33,0.783,42.3,4,HydroRIVERS v1.0 (HydroSHEDS),LineString,OBSERVED HYDROGRAPHIC NETWORK · WWF / HydroSHEDS
40643039,40642450,41067217,2.08,0.24,13.4,3,HydroRIVERS v1.0 (HydroSHEDS),LineString,OBSERVED HYDROGRAPHIC NETWORK · WWF / HydroSHEDS
40643040,40642893,41067217,0.69,0.123,6.8,4,HydroRIVERS v1.0 (HydroSHEDS),LineString,OBSERVED HYDROGRAPHIC NETWORK · WWF / HydroSHEDS
40643041,40642893,41067217,1.4,1.593,89.6,3,HydroRIVERS v1.0 (HydroSHEDS),LineString,OBSERVED HYDROGRAPHIC NETWORK · WWF / HydroSHEDS
40643042,40643041,41067217,1.98,1.386,78.0,3,HydroRIVERS v1.0 (HydroSHEDS),LineString,OBSERVED HYDROGRAPHIC NETWORK · WWF / HydroSHEDS
40643043,40641977,41067217,5.47,0.516,21.5,5,HydroRIVERS v1.0 (HydroSHEDS),LineString,OBSERVED HYDROGRAPHIC NETWORK · WWF / HydroSHEDS
40643044,40642129,41067217,2.78,3.897,127.3,5,HydroRIVERS v1.0 (HydroSHEDS),LineString,OBSERVED HYDROGRAPHIC NETWORK · WWF / HydroSHEDS
40643185,40643340,41067217,4.12,0.349,18.6,5,HydroRIVERS v1.0 (HydroSHEDS),LineString,OBSERVED HYDROGRAPHIC NETWORK · WWF / HydroSHEDS
40643186,40643599,41067217,4.12,8.713,530.1,3,HydroRIVERS v1.0 (HydroSHEDS),LineString,OBSERVED HYDROGRAPHIC NETWORK · WWF / HydroSHEDS
40643187,40643599,41067217,3.84,15.753,971.3,2,HydroRIVERS v1.0 (HydroSHEDS),LineString,OBSERVED HYDROGRAPHIC NETWORK · WWF / HydroSHEDS
40643188,40642130,41067217,3.99,0.21,7.2,7,HydroRIVERS v1.0 (HydroSHEDS),LineString,OBSERVED HYDROGRAPHIC NETWORK · WWF / HydroSHEDS
40643189,40642895,41023100,4.16,0.687,21.9,5,HydroRIVERS v1.0 (HydroSHEDS),LineString,OBSERVED HYDROGRAPHIC NETWORK · WWF / HydroSHEDS
40643190,40642607,41023100,2.0,5.072,154.4,4,HydroRIVERS v1.0 (HydroSHEDS),LineString,OBSERVED HYDROGRAPHIC NETWORK · WWF / HydroSHEDS
40643340,40643597,41067217,1.68,2.035,109.0,4,HydroRIVERS v1.0 (HydroSHEDS),LineString,OBSERVED HYDROGRAPHIC NETWORK · WWF / HydroSHEDS
40643341,40644874,41067217,0.59,0.116,6.3,4,HydroRIVERS v1.0 (HydroSHEDS),LineString,OBSERVED HYDROGRAPHIC NETWORK · WWF / HydroSHEDS
40643342,40644874,41067217,2.86,0.798,43.4,3,HydroRIVERS v1.0 (HydroSHEDS),LineString,OBSERVED HYDROGRAPHIC NETWORK · WWF / HydroSHEDS
40643343,40642452,41067217,7.51,0.464,26.5,3,HydroRIVERS v1.0 (HydroSHEDS),LineString,OBSERVED HYDROGRAPHIC NETWORK · WWF / HydroSHEDS
40643344,40643041,41067217,1.16,0.163,9.0,4,HydroRIVERS v1.0 (HydroSHEDS),LineString,OBSERVED HYDROGRAPHIC NETWORK · WWF / HydroSHEDS
40643345,40644297,41067217,4.37,2.083,121.9,5,HydroRIVERS v1.0 (HydroSHEDS),LineString,OBSERVED HYDROGRAPHIC NETWORK · WWF / HydroSHEDS
40643346,40643904,41067217,5.2,38.996,1750.0,4,HydroRIVERS v1.0 (HydroSHEDS),LineString,OBSERVED HYDROGRAPHIC NETWORK · WWF / HydroSHEDS
40643347,40643190,41023100,0.92,0.112,3.5,5,HydroRIVERS v1.0 (HydroSHEDS),LineString,OBSERVED HYDROGRAPHIC NETWORK · WWF / HydroSHEDS
40643348,40641986,41023100,5.61,0.504,15.6,4,HydroRIVERS v1.0 (HydroSHEDS),LineString,OBSERVED HYDROGRAPHIC NETWORK · WWF / HydroSHEDS
40643460,40642122,41067217,6.43,0.462,24.6,4,HydroRIVERS v1.0 (HydroSHEDS),LineString,OBSERVED HYDROGRAPHIC NETWORK · WWF / HydroSHEDS
40643461,40642750,41067217,2.55,0.287,16.0,3,HydroRIVERS v1.0 (HydroSHEDS),LineString,OBSERVED HYDROGRAPHIC NETWORK · WWF / HydroSHEDS
40643462,40642751,41067217,3.54,0.884,49.7,3,HydroRIVERS v1.0 (HydroSHEDS),LineString,OBSERVED HYDROGRAPHIC NETWORK · WWF / HydroSHEDS
40643463,40644297,41067217,1.21,0.151,8.1,6,HydroRIVERS v1.0 (HydroSHEDS),LineString,OBSERVED HYDROGRAPHIC NETWORK · WWF / HydroSHEDS
40643464,40642605,41067217,2.93,1.194,44.7,5,HydroRIVERS v1.0 (HydroSHEDS),LineString,OBSERVED HYDROGRAPHIC NETWORK · WWF / HydroSHEDS
40643465,40641979,41067217,5.3,0.502,18.0,6,HydroRIVERS v1.0 (HydroSHEDS),LineString,OBSERVED HYDROGRAPHIC NETWORK · WWF / HydroSHEDS
40643466,40642132,41067217,4.76,1.002,33.5,7,HydroRIVERS v1.0 (HydroSHEDS),LineString,OBSERVED HYDROGRAPHIC NETWORK · WWF / HydroSHEDS
40643467,40641984,41023100,5.75,0.328,10.7,4,HydroRIVERS v1.0 (HydroSHEDS),LineString,OBSERVED HYDROGRAPHIC NETWORK · WWF / HydroSHEDS
40643468,40642895,41023100,2.6,0.264,8.3,6,HydroRIVERS v1.0 (HydroSHEDS),LineString,OBSERVED HYDROGRAPHIC NETWORK · WWF / HydroSHEDS
40643469,40643470,41023100,0.59,0.12,3.7,5,HydroRIVERS v1.0 (HydroSHEDS),LineString,OBSERVED HYDROGRAPHIC NETWORK · WWF / HydroSHEDS
40643470,40642609,41023100,2.93,1.987,60.2,4,HydroRIVERS v1.0 (HydroSHEDS),LineString,OBSERVED HYDROGRAPHIC NETWORK · WWF / HydroSHEDS
40643596,40644161,41067217,3.22,22.357,1193.1,3,HydroRIVERS v1.0 (HydroSHEDS),LineString,OBSERVED HYDROGRAPHIC NETWORK · WWF / HydroSHEDS
40643597,40644161,41067217,5.59,2.715,144.8,4,HydroRIVERS v1.0 (HydroSHEDS),LineString,OBSERVED HYDROGRAPHIC NETWORK · WWF / HydroSHEDS
40643598,40643597,41067217,1.92,0.202,10.7,5,HydroRIVERS v1.0 (HydroSHEDS),LineString,OBSERVED HYDROGRAPHIC NETWORK · WWF / HydroSHEDS
40643599,40643739,41067217,3.27,24.567,1512.6,2,HydroRIVERS v1.0 (HydroSHEDS),LineString,OBSERVED HYDROGRAPHIC NETWORK · WWF / HydroSHEDS
40643600,40642890,41067217,3.31,0.266,14.9,3,HydroRIVERS v1.0 (HydroSHEDS),LineString,OBSERVED HYDROGRAPHIC NETWORK · WWF / HydroSHEDS
40643601,40643904,41067217,2.21,0.258,11.0,5,HydroRIVERS v1.0 (HydroSHEDS),LineString,OBSERVED HYDROGRAPHIC NETWORK · WWF / HydroSHEDS
40643602,40642605,41067217,3.77,0.369,14.5,6,HydroRIVERS v1.0 (HydroSHEDS),LineString,OBSERVED HYDROGRAPHIC NETWORK · WWF / HydroSHEDS
40643603,40643464,41067217,2.0,0.141,5.3,6,HydroRIVERS v1.0 (HydroSHEDS),LineString,OBSERVED HYDROGRAPHIC NETWORK · WWF / HydroSHEDS
40643604,40641670,41067217,6.76,1.352,49.1,6,HydroRIVERS v1.0 (HydroSHEDS),LineString,OBSERVED HYDROGRAPHIC NETWORK · WWF / HydroSHEDS
40643605,40641984,41023100,8.52,0.881,28.3,3,HydroRIVERS v1.0 (HydroSHEDS),LineString,OBSERVED HYDROGRAPHIC NETWORK · WWF / HydroSHEDS
40643606,40643190,41023100,1.39,4.701,142.8,4,HydroRIVERS v1.0 (HydroSHEDS),LineString,OBSERVED HYDROGRAPHIC NETWORK · WWF / HydroSHEDS
40643739,40644036,41067217,0.61,24.859,1529.5,2,HydroRIVERS v1.0 (HydroSHEDS),LineString,OBSERVED HYDROGRAPHIC NETWORK · WWF / HydroSHEDS
40643740,40643462,41067217,1.16,0.156,8.6,4,HydroRIVERS v1.0 (HydroSHEDS),LineString,OBSERVED HYDROGRAPHIC NETWORK · WWF / HydroSHEDS
40643741,40644041,41067217,3.22,0.341,16.7,5,HydroRIVERS v1.0 (HydroSHEDS),LineString,OBSERVED HYDROGRAPHIC NETWORK · WWF / HydroSHEDS
40643742,40643044,41067217,2.46,3.304,106.7,5,HydroRIVERS v1.0 (HydroSHEDS),LineString,OBSERVED HYDROGRAPHIC NETWORK · WWF / HydroSHEDS
40643743,40643466,41067217,1.52,0.348,11.4,7,HydroRIVERS v1.0 (HydroSHEDS),LineString,OBSERVED HYDROGRAPHIC NETWORK · WWF / HydroSHEDS
40643744,40643606,41023100,0.46,1.862,56.3,5,HydroRIVERS v1.0 (HydroSHEDS),LineString,OBSERVED HYDROGRAPHIC NETWORK · WWF / HydroSHEDS
40643745,40643744,41023100,1.39,0.186,5.7,6,HydroRIVERS v1.0 (HydroSHEDS),LineString,OBSERVED HYDROGRAPHIC NETWORK · WWF / HydroSHEDS
40643746,40642609,41023100,6.41,0.646,19.9,5,HydroRIVERS v1.0 (HydroSHEDS),LineString,OBSERVED HYDROGRAPHIC NETWORK · WWF / HydroSHEDS
40643747,40643470,41023100,1.07,1.675,50.6,4,HydroRIVERS v1.0 (HydroSHEDS),LineString,OBSERVED HYDROGRAPHIC NETWORK · WWF / HydroSHEDS
40643901,40644418,41067217,0.69,0.149,8.8,4,HydroRIVERS v1.0 (HydroSHEDS),LineString,OBSERVED HYDROGRAPHIC NETWORK · WWF / HydroSHEDS
40643902,40644418,41067217,5.27,0.416,23.7,3,HydroRIVERS v1.0 (HydroSHEDS),LineString,OBSERVED HYDROGRAPHIC NETWORK · WWF / HydroSHEDS
40643903,40644300,41067217,3.52,0.308,14.5,5,HydroRIVERS v1.0 (HydroSHEDS),LineString,OBSERVED HYDROGRAPHIC NETWORK · WWF / HydroSHEDS
40643904,40644300,41067217,4.03,38.964,1772.5,4,HydroRIVERS v1.0 (HydroSHEDS),LineString,OBSERVED HYDROGRAPHIC NETWORK · WWF / HydroSHEDS
40643905,40643044,41067217,4.76,0.383,13.2,6,HydroRIVERS v1.0 (HydroSHEDS),LineString,OBSERVED HYDROGRAPHIC NETWORK · WWF / HydroSHEDS
40643906,40643466,41067217,1.99,0.188,6.3,8,HydroRIVERS v1.0 (HydroSHEDS),LineString,OBSERVED HYDROGRAPHIC NETWORK · WWF / HydroSHEDS
40643907,40642756,41023100,5.29,0.579,17.7,5,HydroRIVERS v1.0 (HydroSHEDS),LineString,OBSERVED HYDROGRAPHIC NETWORK · WWF / HydroSHEDS
40644035,40644739,41067217,2.89,0.259,14.2,3,HydroRIVERS v1.0 (HydroSHEDS),LineString,OBSERVED HYDROGRAPHIC NETWORK · WWF / HydroSHEDS
40644036,40644739,41067217,1.62,25.398,1561.4,2,HydroRIVERS v1.0 (HydroSHEDS),LineString,OBSERVED HYDROGRAPHIC NETWORK · WWF / HydroSHEDS
40644037,40643739,41067217,5.6,0.29,16.0,3,HydroRIVERS v1.0 (HydroSHEDS),LineString,OBSERVED HYDROGRAPHIC NETWORK · WWF / HydroSHEDS
40644038,40643042,41067217,8.16,0.908,51.1,3,HydroRIVERS v1.0 (HydroSHEDS),LineString,OBSERVED HYDROGRAPHIC NETWORK · WWF / HydroSHEDS
40644039,40644298,41067217,5.54,2.858,172.3,5,HydroRIVERS v1.0 (HydroSHEDS),LineString,OBSERVED HYDROGRAPHIC NETWORK · WWF / HydroSHEDS
40644040,40644167,41067217,0.79,66.293,2791.0,4,HydroRIVERS v1.0 (HydroSHEDS),LineString,OBSERVED HYDROGRAPHIC NETWORK · WWF / HydroSHEDS
40644041,40644040,41067217,3.6,66.144,2772.8,4,HydroRIVERS v1.0 (HydroSHEDS),LineString,OBSERVED HYDROGRAPHIC NETWORK · WWF / HydroSHEDS
40644042,40644041,41067217,2.81,66.386,2739.0,4,HydroRIVERS v1.0 (HydroSHEDS),LineString,OBSERVED HYDROGRAPHIC NETWORK · WWF / HydroSHEDS
40644161,40644419,41067217,1.85,25.134,1341.0,3,HydroRIVERS v1.0 (HydroSHEDS),LineString,OBSERVED HYDROGRAPHIC NETWORK · WWF / HydroSHEDS
40644162,40643462,41067217,7.36,0.612,34.2,3,HydroRIVERS v1.0 (HydroSHEDS),LineString,OBSERVED HYDROGRAPHIC NETWORK · WWF / HydroSHEDS
40644163,40643042,41067217,4.23,0.348,19.1,4,HydroRIVERS v1.0 (HydroSHEDS),LineString,OBSERVED HYDROGRAPHIC NETWORK · WWF / HydroSHEDS
40644164,40644298,41067217,1.4,67.709,2928.7,4,HydroRIVERS v1.0 (HydroSHEDS),LineString,OBSERVED HYDROGRAPHIC NETWORK · WWF / HydroSHEDS
40644165,40644164,41067217,0.4,67.797,2915.1,4,HydroRIVERS v1.0 (HydroSHEDS),LineString,OBSERVED HYDROGRAPHIC NETWORK · WWF / HydroSHEDS
40644166,40644165,41067217,8.25,1.753,96.1,5,HydroRIVERS v1.0 (HydroSHEDS),LineString,OBSERVED HYDROGRAPHIC NETWORK · WWF / HydroSHEDS
40644167,40644165,41067217,3.02,66.132,2817.3,4,HydroRIVERS v1.0 (HydroSHEDS),LineString,OBSERVED HYDROGRAPHIC NETWORK · WWF / HydroSHEDS
40644168,40643604,41067217,3.54,0.282,9.9,7,HydroRIVERS v1.0 (HydroSHEDS),LineString,OBSERVED HYDROGRAPHIC NETWORK · WWF / HydroSHEDS
40644295,40643036,41067217,14.12,1.089,69.7,4,HydroRIVERS v1.0 (HydroSHEDS),LineString,OBSERVED HYDROGRAPHIC NETWORK · WWF / HydroSHEDS
40644296,40644419,41067217,4.01,0.292,15.5,4,HydroRIVERS v1.0 (HydroSHEDS),LineString,OBSERVED HYDROGRAPHIC NETWORK · WWF / HydroSHEDS
40644297,40645483,41067217,4.92,2.559,149.1,5,HydroRIVERS v1.0 (HydroSHEDS),LineString,OBSERVED HYDROGRAPHIC NETWORK · WWF / HydroSHEDS
40644298,40645483,41067217,2.81,69.993,3110.6,4,HydroRIVERS v1.0 (HydroSHEDS),LineString,OBSERVED HYDROGRAPHIC NETWORK · WWF / HydroSHEDS
40644299,40644042,41067217,1.62,66.281,2702.3,4,HydroRIVERS v1.0 (HydroSHEDS),LineString,OBSERVED HYDROGRAPHIC NETWORK · WWF / HydroSHEDS
40644300,40644299,41067217,4.21,39.069,1806.5,4,HydroRIVERS v1.0 (HydroSHEDS),LineString,OBSERVED HYDROGRAPHIC NETWORK · WWF / HydroSHEDS
40644301,40643742,41067217,2.0,2.488,79.1,5,HydroRIVERS v1.0 (HydroSHEDS),LineString,OBSERVED HYDROGRAPHIC NETWORK · WWF / HydroSHEDS
40644417,40645188,41067217,0.6,0.133,7.9,4,HydroRIVERS v1.0 (HydroSHEDS),LineString,OBSERVED HYDROGRAPHIC NETWORK · WWF / HydroSHEDS
40644418,40645188,41067217,2.15,0.682,39.4,3,HydroRIVERS v1.0 (HydroSHEDS),LineString,OBSERVED HYDROGRAPHIC NETWORK · WWF / HydroSHEDS
40644419,40645349,41067217,1.07,25.462,1358.3,3,HydroRIVERS v1.0 (HydroSHEDS),LineString,OBSERVED HYDROGRAPHIC NETWORK · WWF / HydroSHEDS
40644420,40645349,41067217,0.99,0.133,7.0,4,HydroRIVERS v1.0 (HydroSHEDS),LineString,OBSERVED HYDROGRAPHIC NETWORK · WWF / HydroSHEDS
40644421,40643604,41067217,3.31,0.394,14.0,6,HydroRIVERS v1.0 (HydroSHEDS),LineString,OBSERVED HYDROGRAPHIC NETWORK · WWF / HydroSHEDS
40644422,40644301,41067217,3.22,0.28,9.2,6,HydroRIVERS v1.0 (HydroSHEDS),LineString,OBSERVED HYDROGRAPHIC NETWORK · WWF / HydroSHEDS
40644423,40643606,41023100,3.51,2.684,81.7,4,HydroRIVERS v1.0 (HydroSHEDS),LineString,OBSERVED HYDROGRAPHIC NETWORK · WWF / HydroSHEDS
40644577,40643744,41023100,3.22,1.67,50.4,5,HydroRIVERS v1.0 (HydroSHEDS),LineString,OBSERVED HYDROGRAPHIC NETWORK · WWF / HydroSHEDS
40644578,40644579,41023100,0.99,0.182,5.5,5,HydroRIVERS v1.0 (HydroSHEDS),LineString,OBSERVED HYDROGRAPHIC NETWORK · WWF / HydroSHEDS
40644579,40643747,41023100,3.22,0.927,28.0,4,HydroRIVERS v1.0 (HydroSHEDS),LineString,OBSERVED HYDROGRAPHIC NETWORK · WWF / HydroSHEDS
40644739,40644875,41067217,2.9,25.68,1580.9,2,HydroRIVERS v1.0 (HydroSHEDS),LineString,OBSERVED HYDROGRAPHIC NETWORK · WWF / HydroSHEDS
40644874,40645628,41067217,6.67,1.225,66.7,3,HydroRIVERS v1.0 (HydroSHEDS),LineString,OBSERVED HYDROGRAPHIC NETWORK · WWF / HydroSHEDS
40644875,40645628,41067217,0.61,27.03,1653.5,2,HydroRIVERS v1.0 (HydroSHEDS),LineString,OBSERVED HYDROGRAPHIC NETWORK · WWF / HydroSHEDS
40644876,40644036,41067217,7.17,0.46,25.0,3,HydroRIVERS v1.0 (HydroSHEDS),LineString,OBSERVED HYDROGRAPHIC NETWORK · WWF / HydroSHEDS
40644877,40644164,41067217,2.69,0.237,11.6,5,HydroRIVERS v1.0 (HydroSHEDS),LineString,OBSERVED HYDROGRAPHIC NETWORK · WWF / HydroSHEDS
40644878,40643464,41067217,6.36,0.784,28.9,5,HydroRIVERS v1.0 (HydroSHEDS),LineString,OBSERVED HYDROGRAPHIC NETWORK · WWF / HydroSHEDS
40644879,40643742,41067217,7.32,0.66,22.3,6,HydroRIVERS v1.0 (HydroSHEDS),LineString,OBSERVED HYDROGRAPHIC NETWORK · WWF / HydroSHEDS
40644880,40644301,41067217,2.15,2.109,66.6,5,HydroRIVERS v1.0 (HydroSHEDS),LineString,OBSERVED HYDROGRAPHIC NETWORK · WWF / HydroSHEDS
40644881,40644577,41023100,2.14,0.206,6.3,6,HydroRIVERS v1.0 (HydroSHEDS),LineString,OBSERVED HYDROGRAPHIC NETWORK · WWF / HydroSHEDS
40645045,40644880,41067217,0.61,1.551,48.4,5,HydroRIVERS v1.0 (HydroSHEDS),LineString,OBSERVED HYDROGRAPHIC NETWORK · WWF / HydroSHEDS
40645046,40644423,41023100,7.46,0.972,30.0,5,HydroRIVERS v1.0 (HydroSHEDS),LineString,OBSERVED HYDROGRAPHIC NETWORK · WWF / HydroSHEDS
40645047,40646053,41023100,1.99,0.229,7.0,4,HydroRIVERS v1.0 (HydroSHEDS),LineString,OBSERVED HYDROGRAPHIC NETWORK · WWF / HydroSHEDS
40645187,40645347,41067217,1.79,0.248,14.7,4,HydroRIVERS v1.0 (HydroSHEDS),LineString,OBSERVED HYDROGRAPHIC NETWORK · WWF / HydroSHEDS
40645188,40645347,41067217,2.46,0.891,51.7,3,HydroRIVERS v1.0 (HydroSHEDS),LineString,OBSERVED HYDROGRAPHIC NETWORK · WWF / HydroSHEDS
40645189,40645481,41067217,0.6,0.13,7.2,6,HydroRIVERS v1.0 (HydroSHEDS),LineString,OBSERVED HYDROGRAPHIC NETWORK · WWF / HydroSHEDS
40645190,40645481,41067217,3.06,0.317,17.3,5,HydroRIVERS v1.0 (HydroSHEDS),LineString,OBSERVED HYDROGRAPHIC NETWORK · WWF / HydroSHEDS
40645191,40645490,41067217,0.92,0.159,5.0,6,HydroRIVERS v1.0 (HydroSHEDS),LineString,OBSERVED HYDROGRAPHIC NETWORK · WWF / HydroSHEDS
40645192,40644577,41023100,2.29,1.133,34.0,5,HydroRIVERS v1.0 (HydroSHEDS),LineString,OBSERVED HYDROGRAPHIC NETWORK · WWF / HydroSHEDS
40645193,40645192,41023100,2.18,0.226,6.8,6,HydroRIVERS v1.0 (HydroSHEDS),LineString,OBSERVED HYDROGRAPHIC NETWORK · WWF / HydroSHEDS
40645194,40643747,41023100,5.75,0.694,21.0,5,HydroRIVERS v1.0 (HydroSHEDS),LineString,OBSERVED HYDROGRAPHIC NETWORK · WWF / HydroSHEDS
40645195,40646053,41023100,3.51,0.529,16.0,3,HydroRIVERS v1.0 (HydroSHEDS),LineString,OBSERVED HYDROGRAPHIC NETWORK · WWF / HydroSHEDS
40645347,40646192,41067217,0.61,1.141,66.6,3,HydroRIVERS v1.0 (HydroSHEDS),LineString,OBSERVED HYDROGRAPHIC NETWORK · WWF / HydroSHEDS
40645348,40646192,41067217,1.38,0.122,7.0,4,HydroRIVERS v1.0 (HydroSHEDS),LineString,OBSERVED HYDROGRAPHIC NETWORK · WWF / HydroSHEDS
40645349,40645777,41067217,3.37,25.793,1375.4,3,HydroRIVERS v1.0 (HydroSHEDS),LineString,OBSERVED HYDROGRAPHIC NETWORK · WWF / HydroSHEDS
40645350,40645777,41067217,3.59,0.287,15.1,4,HydroRIVERS v1.0 (HydroSHEDS),LineString,OBSERVED HYDROGRAPHIC NETWORK · WWF / HydroSHEDS
40645351,40644040,41067217,5.31,0.361,17.1,5,HydroRIVERS v1.0 (HydroSHEDS),LineString,OBSERVED HYDROGRAPHIC NETWORK · WWF / HydroSHEDS
40645352,40644299,41067217,4.52,27.491,892.9,5,HydroRIVERS v1.0 (HydroSHEDS),LineString,OBSERVED HYDROGRAPHIC NETWORK · WWF / HydroSHEDS
40645353,40645632,41067217,1.62,0.34,13.4,7,HydroRIVERS v1.0 (HydroSHEDS),LineString,OBSERVED HYDROGRAPHIC NETWORK · WWF / HydroSHEDS
40645354,40645192,41023100,0.46,0.731,21.9,5,HydroRIVERS v1.0 (HydroSHEDS),LineString,OBSERVED HYDROGRAPHIC NETWORK · WWF / HydroSHEDS
40645355,40644579,41023100,3.06,0.514,15.5,4,HydroRIVERS v1.0 (HydroSHEDS),LineString,OBSERVED HYDROGRAPHIC NETWORK · WWF / HydroSHEDS
40645481,40646622,41067217,0.93,0.467,25.6,5,HydroRIVERS v1.0 (HydroSHEDS),LineString,OBSERVED HYDROGRAPHIC NETWORK · WWF / HydroSHEDS
40645482,40646622,41067217,0.6,0.139,7.5,6,HydroRIVERS v1.0 (HydroSHEDS),LineString,OBSERVED HYDROGRAPHIC NETWORK · WWF / HydroSHEDS
40645483,40646490,41067217,4.29,71.853,3277.7,4,HydroRIVERS v1.0 (HydroSHEDS),LineString,OBSERVED HYDROGRAPHIC NETWORK · WWF / HydroSHEDS
40645484,40645352,41067217,2.99,26.731,844.7,5,HydroRIVERS v1.0 (HydroSHEDS),LineString,OBSERVED HYDROGRAPHIC NETWORK · WWF / HydroSHEDS
40645485,40645484,41067217,0.4,25.005,765.9,5,HydroRIVERS v1.0 (HydroSHEDS),LineString,OBSERVED HYDROGRAPHIC NETWORK · WWF / HydroSHEDS
40645486,40645485,41067217,1.16,0.111,4.8,6,HydroRIVERS v1.0 (HydroSHEDS),LineString,OBSERVED HYDROGRAPHIC NETWORK · WWF / HydroSHEDS
40645487,40645632,41067217,3.19,0.387,14.5,6,HydroRIVERS v1.0 (HydroSHEDS),LineString,OBSERVED HYDROGRAPHIC NETWORK · WWF / HydroSHEDS
40645488,40644880,41067217,4.23,0.378,12.3,6,HydroRIVERS v1.0 (HydroSHEDS),LineString,OBSERVED HYDROGRAPHIC NETWORK · WWF / HydroSHEDS
40645489,40646196,41067217,1.77,0.324,10.1,6,HydroRIVERS v1.0 (HydroSHEDS),LineString,OBSERVED HYDROGRAPHIC NETWORK · WWF / HydroSHEDS
40645490,40646196,41067217,1.62,0.495,15.3,5,HydroRIVERS v1.0 (HydroSHEDS),LineString,OBSERVED HYDROGRAPHIC NETWORK · WWF / HydroSHEDS
40645491,40645490,41067217,1.82,0.193,5.9,5,HydroRIVERS v1.0 (HydroSHEDS),LineString,OBSERVED HYDROGRAPHIC NETWORK · WWF / HydroSHEDS
40645492,40645493,41023100,1.39,0.182,5.5,5,HydroRIVERS v1.0 (HydroSHEDS),LineString,OBSERVED HYDROGRAPHIC NETWORK · WWF / HydroSHEDS
40645493,40644423,41023100,3.68,1.485,44.7,4,HydroRIVERS v1.0 (HydroSHEDS),LineString,OBSERVED HYDROGRAPHIC NETWORK · WWF / HydroSHEDS
40645494,40645354,41023100,1.31,0.14,4.2,6,HydroRIVERS v1.0 (HydroSHEDS),LineString,OBSERVED HYDROGRAPHIC NETWORK · WWF / HydroSHEDS
40645627,40645925,41067217,7.33,0.417,22.3,3,HydroRIVERS v1.0 (HydroSHEDS),LineString,OBSERVED HYDROGRAPHIC NETWORK · WWF / HydroSHEDS
40645628,40645925,41067217,2.9,28.328,1727.5,2,HydroRIVERS v1.0 (HydroSHEDS),LineString,OBSERVED HYDROGRAPHIC NETWORK · WWF / HydroSHEDS
40645629,40646489,41067217,8.81,0.623,33.5,5,HydroRIVERS v1.0 (HydroSHEDS),LineString,OBSERVED HYDROGRAPHIC NETWORK · WWF / HydroSHEDS
40645630,40645485,41067217,4.0,24.885,760.7,5,HydroRIVERS v1.0 (HydroSHEDS),LineString,OBSERVED HYDROGRAPHIC NETWORK · WWF / HydroSHEDS
40645631,40645630,41067217,2.99,22.221,658.4,5,HydroRIVERS v1.0 (HydroSHEDS),LineString,OBSERVED HYDROGRAPHIC NETWORK · WWF / HydroSHEDS
40645632,40645631,41067217,1.22,0.76,29.3,6,HydroRIVERS v1.0 (HydroSHEDS),LineString,OBSERVED HYDROGRAPHIC NETWORK · WWF / HydroSHEDS
40645633,40645354,41023100,0.93,0.578,17.3,5,HydroRIVERS v1.0 (HydroSHEDS),LineString,OBSERVED HYDROGRAPHIC NETWORK · WWF / HydroSHEDS
40645775,40645480,41067217,6.21,0.506,31.1,5,HydroRIVERS v1.0 (HydroSHEDS),LineString,OBSERVED HYDROGRAPHIC NETWORK · WWF / HydroSHEDS
40645776,40645923,41067217,0.6,0.167,8.8,5,HydroRIVERS v1.0 (HydroSHEDS),LineString,OBSERVED HYDROGRAPHIC NETWORK · WWF / HydroSHEDS
40645777,40646924,41067217,1.39,26.112,1392.2,3,HydroRIVERS v1.0 (HydroSHEDS),LineString,OBSERVED HYDROGRAPHIC NETWORK · WWF / HydroSHEDS
40645778,40646927,41067217,3.75,0.279,15.1,6,HydroRIVERS v1.0 (HydroSHEDS),LineString,OBSERVED HYDROGRAPHIC NETWORK · WWF / HydroSHEDS
40645779,40646927,41067217,3.01,0.392,21.3,5,HydroRIVERS v1.0 (HydroSHEDS),LineString,OBSERVED HYDROGRAPHIC NETWORK · WWF / HydroSHEDS
40645780,40644167,41067217,6.08,0.384,18.2,5,HydroRIVERS v1.0 (HydroSHEDS),LineString,OBSERVED HYDROGRAPHIC NETWORK · WWF / HydroSHEDS
40645781,40645045,41067217,4.29,0.678,21.2,6,HydroRIVERS v1.0 (HydroSHEDS),LineString,OBSERVED HYDROGRAPHIC NETWORK · WWF / HydroSHEDS
40645782,40645783,41067217,5.59,0.734,23.2,5,HydroRIVERS v1.0 (HydroSHEDS),LineString,OBSERVED HYDROGRAPHIC NETWORK · WWF / HydroSHEDS
40645783,40645929,41067217,0.4,1.288,39.9,5,HydroRIVERS v1.0 (HydroSHEDS),LineString,OBSERVED HYDROGRAPHIC NETWORK · WWF / HydroSHEDS
40645784,40645929,41067217,8.83,1.074,34.4,4,HydroRIVERS v1.0 (HydroSHEDS),LineString,OBSERVED HYDROGRAPHIC NETWORK · WWF / HydroSHEDS
40645785,40645633,41023100,0.92,0.179,5.3,6,HydroRIVERS v1.0 (HydroSHEDS),LineString,OBSERVED HYDROGRAPHIC NETWORK · WWF / HydroSHEDS
40645923,40646924,41067217,2.41,0.463,24.5,4,HydroRIVERS v1.0 (HydroSHEDS),LineString,OBSERVED HYDROGRAPHIC NETWORK · WWF / HydroSHEDS
40645924,40646194,41067217,5.98,0.316,16.7,3,HydroRIVERS v1.0 (HydroSHEDS),LineString,OBSERVED HYDROGRAPHIC NETWORK · WWF / HydroSHEDS
40645925,40646194,41067217,2.41,29.608,1793.5,2,HydroRIVERS v1.0 (HydroSHEDS),LineString,OBSERVED HYDROGRAPHIC NETWORK · WWF / HydroSHEDS
40645926,40647552,41067217,2.13,0.176,9.6,6,HydroRIVERS v1.0 (HydroSHEDS),LineString,OBSERVED HYDROGRAPHIC NETWORK · WWF / HydroSHEDS
40645927,40647552,41067217,3.32,0.278,15.1,5,HydroRIVERS v1.0 (HydroSHEDS),LineString,OBSERVED HYDROGRAPHIC NETWORK · WWF / HydroSHEDS
40645928,40646489,41067217,8.15,0.805,41.2,6,HydroRIVERS v1.0 (HydroSHEDS),LineString,OBSERVED HYDROGRAPHIC NETWORK · WWF / HydroSHEDS
40645929,40646364,41067217,1.01,2.461,77.1,4,HydroRIVERS v1.0 (HydroSHEDS),LineString,OBSERVED HYDROGRAPHIC NETWORK · WWF / HydroSHEDS
40645930,40646364,41067217,1.99,0.154,4.8,5,HydroRIVERS v1.0 (HydroSHEDS),LineString,OBSERVED HYDROGRAPHIC NETWORK · WWF / HydroSHEDS
40646051,40645923,41067217,2.61,0.216,11.4,4,HydroRIVERS v1.0 (HydroSHEDS),LineString,OBSERVED HYDROGRAPHIC NETWORK · WWF / HydroSHEDS
40646052,40645493,41023100,2.0,0.977,29.3,4,HydroRIVERS v1.0 (HydroSHEDS),LineString,OBSERVED HYDROGRAPHIC NETWORK · WWF / HydroSHEDS
40646192,40646621,41067217,4.06,1.493,86.8,3,HydroRIVERS v1.0 (HydroSHEDS),LineString,OBSERVED HYDROGRAPHIC NETWORK · WWF / HydroSHEDS
40646193,40646621,41067217,7.28,0.573,32.2,4,HydroRIVERS v1.0 (HydroSHEDS),LineString,OBSERVED HYDROGRAPHIC NETWORK · WWF / HydroSHEDS
40646194,40646356,41067217,2.81,30.033,1816.0,2,HydroRIVERS v1.0 (HydroSHEDS),LineString,OBSERVED HYDROGRAPHIC NETWORK · WWF / HydroSHEDS
40646195,40646773,41067217,2.75,0.274,8.5,6,HydroRIVERS v1.0 (HydroSHEDS),LineString,OBSERVED HYDROGRAPHIC NETWORK · WWF / HydroSHEDS
40646196,40646773,41067217,5.29,1.284,38.8,5,HydroRIVERS v1.0 (HydroSHEDS),LineString,OBSERVED HYDROGRAPHIC NETWORK · WWF / HydroSHEDS
40646197,40645633,41023100,2.31,0.302,9.0,5,HydroRIVERS v1.0 (HydroSHEDS),LineString,OBSERVED HYDROGRAPHIC NETWORK · WWF / HydroSHEDS
40646354,40646926,41067217,3.16,0.388,20.4,3,HydroRIVERS v1.0 (HydroSHEDS),LineString,OBSERVED HYDROGRAPHIC NETWORK · WWF / HydroSHEDS
40646355,40646926,41067217,0.79,31.184,1875.8,2,HydroRIVERS v1.0 (HydroSHEDS),LineString,OBSERVED HYDROGRAPHIC NETWORK · WWF / HydroSHEDS
40646356,40646355,41067217,2.99,30.922,1862.2,2,HydroRIVERS v1.0 (HydroSHEDS),LineString,OBSERVED HYDROGRAPHIC NETWORK · WWF / HydroSHEDS
40646357,40646928,41067217,4.75,0.536,28.5,5,HydroRIVERS v1.0 (HydroSHEDS),LineString,OBSERVED HYDROGRAPHIC NETWORK · WWF / HydroSHEDS
40646358,40646490,41067217,5.16,0.366,17.5,5,HydroRIVERS v1.0 (HydroSHEDS),LineString,OBSERVED HYDROGRAPHIC NETWORK · WWF / HydroSHEDS
40646359,40646628,41067217,0.92,0.132,4.4,7,HydroRIVERS v1.0 (HydroSHEDS),LineString,OBSERVED HYDROGRAPHIC NETWORK · WWF / HydroSHEDS
40646360,40646628,41067217,1.99,0.254,8.5,6,HydroRIVERS v1.0 (HydroSHEDS),LineString,OBSERVED HYDROGRAPHIC NETWORK · WWF / HydroSHEDS
40646361,40646362,41067217,0.6,0.127,4.0,5,HydroRIVERS v1.0 (HydroSHEDS),LineString,OBSERVED HYDROGRAPHIC NETWORK · WWF / HydroSHEDS
40646362,40645045,41067217,5.55,0.867,27.1,5,HydroRIVERS v1.0 (HydroSHEDS),LineString,OBSERVED HYDROGRAPHIC NETWORK · WWF / HydroSHEDS
40646363,40645783,41067217,3.83,0.539,16.4,6,HydroRIVERS v1.0 (HydroSHEDS),LineString,OBSERVED HYDROGRAPHIC NETWORK · WWF / HydroSHEDS
40646364,40646772,41067217,1.83,2.884,89.6,4,HydroRIVERS v1.0 (HydroSHEDS),LineString,OBSERVED HYDROGRAPHIC NETWORK · WWF / HydroSHEDS
40646365,40646772,41067217,2.48,0.198,6.1,5,HydroRIVERS v1.0 (HydroSHEDS),LineString,OBSERVED HYDROGRAPHIC NETWORK · WWF / HydroSHEDS
40646366,40646052,41023100,1.16,0.215,6.4,5,HydroRIVERS v1.0 (HydroSHEDS),LineString,OBSERVED HYDROGRAPHIC NETWORK · WWF / HydroSHEDS
40646487,40646928,41067217,2.2,0.692,35.5,4,HydroRIVERS v1.0 (HydroSHEDS),LineString,OBSERVED HYDROGRAPHIC NETWORK · WWF / HydroSHEDS
40646488,40646487,41067217,4.02,0.369,19.1,4,HydroRIVERS v1.0 (HydroSHEDS),LineString,OBSERVED HYDROGRAPHIC NETWORK · WWF / HydroSHEDS
40646489,40646771,41067217,4.71,1.757,91.1,5,HydroRIVERS v1.0 (HydroSHEDS),LineString,OBSERVED HYDROGRAPHIC NETWORK · WWF / HydroSHEDS
40646490,40646771,41067217,3.83,72.483,3308.2,4,HydroRIVERS v1.0 (HydroSHEDS),LineString,OBSERVED HYDROGRAPHIC NETWORK · WWF / HydroSHEDS
40646491,40646362,41067217,0.92,0.134,4.2,6,HydroRIVERS v1.0 (HydroSHEDS),LineString,OBSERVED HYDROGRAPHIC NETWORK · WWF / HydroSHEDS
40646621,40647551,41067217,1.54,2.121,122.1,3,HydroRIVERS v1.0 (HydroSHEDS),LineString,OBSERVED HYDROGRAPHIC NETWORK · WWF / HydroSHEDS
40646622,40646923,41067217,4.44,0.853,46.7,5,HydroRIVERS v1.0 (HydroSHEDS),LineString,OBSERVED HYDROGRAPHIC NETWORK · WWF / HydroSHEDS
40646623,40646923,41067217,8.58,0.935,50.2,4,HydroRIVERS v1.0 (HydroSHEDS),LineString,OBSERVED HYDROGRAPHIC NETWORK · WWF / HydroSHEDS
40646624,40644875,41067217,16.48,1.36,72.3,3,HydroRIVERS v1.0 (HydroSHEDS),LineString,OBSERVED HYDROGRAPHIC NETWORK · WWF / HydroSHEDS
40646625,40644042,41067217,9.45,0.614,28.0,5,HydroRIVERS v1.0 (HydroSHEDS),LineString,OBSERVED HYDROGRAPHIC NETWORK · WWF / HydroSHEDS
40646626,40645631,41067217,5.86,21.047,612.7,5,HydroRIVERS v1.0 (HydroSHEDS),LineString,OBSERVED HYDROGRAPHIC NETWORK · WWF / HydroSHEDS
40646627,40646626,41067217,4.23,0.539,19.1,6,HydroRIVERS v1.0 (HydroSHEDS),LineString,OBSERVED HYDROGRAPHIC NETWORK · WWF / HydroSHEDS
40646628,40646930,41067217,1.07,0.51,16.9,6,HydroRIVERS v1.0 (HydroSHEDS),LineString,OBSERVED HYDROGRAPHIC NETWORK · WWF / HydroSHEDS
40646629,40646930,41067217,2.0,0.182,5.9,7,HydroRIVERS v1.0 (HydroSHEDS),LineString,OBSERVED HYDROGRAPHIC NETWORK · WWF / HydroSHEDS
40646630,40646777,41067217,2.23,0.307,9.2,4,HydroRIVERS v1.0 (HydroSHEDS),LineString,OBSERVED HYDROGRAPHIC NETWORK · WWF / HydroSHEDS
40646769,40647551,41067217,4.02,0.257,14.9,4,HydroRIVERS v1.0 (HydroSHEDS),LineString,OBSERVED HYDROGRAPHIC NETWORK · WWF / HydroSHEDS
40646770,40646487,41067217,1.53,0.243,12.3,5,HydroRIVERS v1.0 (HydroSHEDS),LineString,OBSERVED HYDROGRAPHIC NETWORK · WWF / HydroSHEDS
40646771,40647884,41067217,1.07,74.297,3402.1,4,HydroRIVERS v1.0 (HydroSHEDS),LineString,OBSERVED HYDROGRAPHIC NETWORK · WWF / HydroSHEDS
40646772,40646931,41067217,1.68,3.23,99.5,4,HydroRIVERS v1.0 (HydroSHEDS),LineString,OBSERVED HYDROGRAPHIC NETWORK · WWF / HydroSHEDS
40646773,40646931,41067217,2.29,1.669,50.2,5,HydroRIVERS v1.0 (HydroSHEDS),LineString,OBSERVED HYDROGRAPHIC NETWORK · WWF / HydroSHEDS
40646774,40646052,41023100,3.61,0.5,14.9,4,HydroRIVERS v1.0 (HydroSHEDS),LineString,OBSERVED HYDROGRAPHIC NETWORK · WWF / HydroSHEDS
40646775,40646776,41067217,1.78,0.179,5.3,4,HydroRIVERS v1.0 (HydroSHEDS),LineString,OBSERVED HYDROGRAPHIC NETWORK · WWF / HydroSHEDS
40646776,40646777,41067217,1.8,0.65,19.3,3,HydroRIVERS v1.0 (HydroSHEDS),LineString,OBSERVED HYDROGRAPHIC NETWORK · WWF / HydroSHEDS
40646777,40647402,41067217,1.01,0.981,29.3,3,HydroRIVERS v1.0 (HydroSHEDS),LineString,OBSERVED HYDROGRAPHIC NETWORK · WWF / HydroSHEDS
40646778,40647402,41067217,1.38,0.135,4.0,4,HydroRIVERS v1.0 (HydroSHEDS),LineString,OBSERVED HYDROGRAPHIC NETWORK · WWF / HydroSHEDS
40646922,40648748,41067217,1.38,0.146,8.1,5,HydroRIVERS v1.0 (HydroSHEDS),LineString,OBSERVED HYDROGRAPHIC NETWORK · WWF / HydroSHEDS
40646923,40648748,41067217,1.22,1.825,99.0,4,HydroRIVERS v1.0 (HydroSHEDS),LineString,OBSERVED HYDROGRAPHIC NETWORK · WWF / HydroSHEDS
40646924,40648033,41067217,4.29,26.957,1436.7,3,HydroRIVERS v1.0 (HydroSHEDS),LineString,OBSERVED HYDROGRAPHIC NETWORK · WWF / HydroSHEDS
40646925,40647096,41067217,1.16,0.116,6.1,3,HydroRIVERS v1.0 (HydroSHEDS),LineString,OBSERVED HYDROGRAPHIC NETWORK · WWF / HydroSHEDS
40646926,40647096,41067217,3.24,31.752,1905.6,2,HydroRIVERS v1.0 (HydroSHEDS),LineString,OBSERVED HYDROGRAPHIC NETWORK · WWF / HydroSHEDS
40646927,40647555,41067217,3.71,0.858,46.2,5,HydroRIVERS v1.0 (HydroSHEDS),LineString,OBSERVED HYDROGRAPHIC NETWORK · WWF / HydroSHEDS
40646928,40647555,41067217,3.09,1.456,75.6,4,HydroRIVERS v1.0 (HydroSHEDS),LineString,OBSERVED HYDROGRAPHIC NETWORK · WWF / HydroSHEDS
40646929,40646626,41067217,1.07,19.475,569.7,5,HydroRIVERS v1.0 (HydroSHEDS),LineString,OBSERVED HYDROGRAPHIC NETWORK · WWF / HydroSHEDS
40646930,40647252,41067217,0.93,0.784,25.8,6,HydroRIVERS v1.0 (HydroSHEDS),LineString,OBSERVED HYDROGRAPHIC NETWORK · WWF / HydroSHEDS
40646931,40647400,41067217,0.61,4.921,150.1,4,HydroRIVERS v1.0 (HydroSHEDS),LineString,OBSERVED HYDROGRAPHIC NETWORK · WWF / HydroSHEDS
40646932,40646776,41067217,2.8,0.31,9.2,3,HydroRIVERS v1.0 (HydroSHEDS),LineString,OBSERVED HYDROGRAPHIC NETWORK · WWF / HydroSHEDS
40647096,40647398,41067217,2.23,32.016,1919.4,2,HydroRIVERS v1.0 (HydroSHEDS),LineString,OBSERVED HYDROGRAPHIC NETWORK · WWF / HydroSHEDS
40647097,40645352,41067217,6.97,0.751,32.2,6,HydroRIVERS v1.0 (HydroSHEDS),LineString,OBSERVED HYDROGRAPHIC NETWORK · WWF / HydroSHEDS
40647098,40648047,41067217,3.16,0.35,10.5,5,HydroRIVERS v1.0 (HydroSHEDS),LineString,OBSERVED HYDROGRAPHIC NETWORK · WWF / HydroSHEDS
40647099,40648047,41067217,3.5,0.354,10.7,6,HydroRIVERS v1.0 (HydroSHEDS),LineString,OBSERVED HYDROGRAPHIC NETWORK · WWF / HydroSHEDS
40647246,40646355,41067217,3.01,0.245,12.7,3,HydroRIVERS v1.0 (HydroSHEDS),LineString,OBSERVED HYDROGRAPHIC NETWORK · WWF / HydroSHEDS
40647247,40648037,41067217,1.84,0.228,12.0,4,HydroRIVERS v1.0 (HydroSHEDS),LineString,OBSERVED HYDROGRAPHIC NETWORK · WWF / HydroSHEDS
40647248,40648037,41067217,0.6,0.117,6.1,5,HydroRIVERS v1.0 (HydroSHEDS),LineString,OBSERVED HYDROGRAPHIC NETWORK · WWF / HydroSHEDS
40647249,40648044,41067217,2.6,0.308,10.5,7,HydroRIVERS v1.0 (HydroSHEDS),LineString,OBSERVED HYDROGRAPHIC NETWORK · WWF / HydroSHEDS
40647250,40648044,41067217,0.4,1.95,62.9,6,HydroRIVERS v1.0 (HydroSHEDS),LineString,OBSERVED HYDROGRAPHIC NETWORK · WWF / HydroSHEDS
40647251,40647250,41067217,4.53,0.433,14.5,7,HydroRIVERS v1.0 (HydroSHEDS),LineString,OBSERVED HYDROGRAPHIC NETWORK · WWF / HydroSHEDS
40647252,40647250,41067217,3.21,1.49,47.7,6,HydroRIVERS v1.0 (HydroSHEDS),LineString,OBSERVED HYDROGRAPHIC NETWORK · WWF / HydroSHEDS
40647253,40647252,41067217,3.01,0.414,13.1,7,HydroRIVERS v1.0 (HydroSHEDS),LineString,OBSERVED HYDROGRAPHIC NETWORK · WWF / HydroSHEDS
40647254,40647400,41067217,4.6,0.652,19.1,5,HydroRIVERS v1.0 (HydroSHEDS),LineString,OBSERVED HYDROGRAPHIC NETWORK · WWF / HydroSHEDS
40647398,40648033,41067217,4.89,33.185,1980.0,2,HydroRIVERS v1.0 (HydroSHEDS),LineString,OBSERVED HYDROGRAPHIC NETWORK · WWF / HydroSHEDS
40647399,40645925,41067217,7.22,0.701,36.4,4,HydroRIVERS v1.0 (HydroSHEDS),LineString,OBSERVED HYDROGRAPHIC NETWORK · WWF / HydroSHEDS
40647400,40647709,41067217,2.23,5.897,177.6,4,HydroRIVERS v1.0 (HydroSHEDS),LineString,OBSERVED HYDROGRAPHIC NETWORK · WWF / HydroSHEDS
40647401,40647709,41067217,2.14,0.167,5.0,5,HydroRIVERS v1.0 (HydroSHEDS),LineString,OBSERVED HYDROGRAPHIC NETWORK · WWF / HydroSHEDS
40647402,40647403,41067217,3.63,1.647,49.1,3,HydroRIVERS v1.0 (HydroSHEDS),LineString,OBSERVED HYDROGRAPHIC NETWORK · WWF / HydroSHEDS
40647551,40648747,41067217,3.37,2.541,146.3,3,HydroRIVERS v1.0 (HydroSHEDS),LineString,OBSERVED HYDROGRAPHIC NETWORK · WWF / HydroSHEDS
40647552,40648035,41067217,5.54,0.86,46.0,5,HydroRIVERS v1.0 (HydroSHEDS),LineString,OBSERVED HYDROGRAPHIC NETWORK · WWF / HydroSHEDS
40647553,40648035,41067217,11.58,1.112,59.1,4,HydroRIVERS v1.0 (HydroSHEDS),LineString,OBSERVED HYDROGRAPHIC NETWORK · WWF / HydroSHEDS
40647554,40647882,41067217,9.21,0.675,35.5,5,HydroRIVERS v1.0 (HydroSHEDS),LineString,OBSERVED HYDROGRAPHIC NETWORK · WWF / HydroSHEDS
40647555,40647882,41067217,2.15,2.413,126.8,4,HydroRIVERS v1.0 (HydroSHEDS),LineString,OBSERVED HYDROGRAPHIC NETWORK · WWF / HydroSHEDS
40647699,40647700,41067217,5.42,0.34,20.3,5,HydroRIVERS v1.0 (HydroSHEDS),LineString,OBSERVED HYDROGRAPHIC NETWORK · WWF / HydroSHEDS
40647700,40647701,41067217,0.4,1.146,68.0,4,HydroRIVERS v1.0 (HydroSHEDS),LineString,OBSERVED HYDROGRAPHIC NETWORK · WWF / HydroSHEDS
40647701,40648747,41067217,5.38,1.712,100.4,4,HydroRIVERS v1.0 (HydroSHEDS),LineString,OBSERVED HYDROGRAPHIC NETWORK · WWF / HydroSHEDS
40647702,40647883,41067217,4.73,0.477,23.6,5,HydroRIVERS v1.0 (HydroSHEDS),LineString,OBSERVED HYDROGRAPHIC NETWORK · WWF / HydroSHEDS
40647703,40645630,41067217,7.83,2.101,79.0,6,HydroRIVERS v1.0 (HydroSHEDS),LineString,OBSERVED HYDROGRAPHIC NETWORK · WWF / HydroSHEDS
40647704,40647705,41067217,0.6,0.133,4.8,7,HydroRIVERS v1.0 (HydroSHEDS),LineString,OBSERVED HYDROGRAPHIC NETWORK · WWF / HydroSHEDS
40647705,40646929,41067217,2.9,0.645,22.6,6,HydroRIVERS v1.0 (HydroSHEDS),LineString,OBSERVED HYDROGRAPHIC NETWORK · WWF / HydroSHEDS
40647706,40646929,41067217,3.45,18.632,542.6,5,HydroRIVERS v1.0 (HydroSHEDS),LineString,OBSERVED HYDROGRAPHIC NETWORK · WWF / HydroSHEDS
40647707,40648045,41067217,1.79,0.244,7.4,5,HydroRIVERS v1.0 (HydroSHEDS),LineString,OBSERVED HYDROGRAPHIC NETWORK · WWF / HydroSHEDS
40647708,40648045,41067217,0.92,0.26,7.9,6,HydroRIVERS v1.0 (HydroSHEDS),LineString,OBSERVED HYDROGRAPHIC NETWORK · WWF / HydroSHEDS
40647709,40648756,41067217,1.07,6.144,184.2,4,HydroRIVERS v1.0 (HydroSHEDS),LineString,OBSERVED HYDROGRAPHIC NETWORK · WWF / HydroSHEDS
40647710,40647403,41067217,2.32,0.192,5.7,4,HydroRIVERS v1.0 (HydroSHEDS),LineString,OBSERVED HYDROGRAPHIC NETWORK · WWF / HydroSHEDS
40647881,40646356,41067217,6.9,0.675,35.0,3,HydroRIVERS v1.0 (HydroSHEDS),LineString,OBSERVED HYDROGRAPHIC NETWORK · WWF / HydroSHEDS
40647882,40648227,41067217,1.07,3.115,163.6,4,HydroRIVERS v1.0 (HydroSHEDS),LineString,OBSERVED HYDROGRAPHIC NETWORK · WWF / HydroSHEDS
40647883,40648229,41067217,4.64,1.021,49.7,5,HydroRIVERS v1.0 (HydroSHEDS),LineString,OBSERVED HYDROGRAPHIC NETWORK · WWF / HydroSHEDS
40647884,40648229,41067217,3.83,76.491,3498.9,4,HydroRIVERS v1.0 (HydroSHEDS),LineString,OBSERVED HYDROGRAPHIC NETWORK · WWF / HydroSHEDS
40647885,40647705,41067217,0.46,0.357,12.5,6,HydroRIVERS v1.0 (HydroSHEDS),LineString,OBSERVED HYDROGRAPHIC NETWORK · WWF / HydroSHEDS
40648032,40648584,41067217,7.72,0.644,34.1,3,HydroRIVERS v1.0 (HydroSHEDS),LineString,OBSERVED HYDROGRAPHIC NETWORK · WWF / HydroSHEDS
40648033,40648584,41067217,3.83,60.414,3430.9,2,HydroRIVERS v1.0 (HydroSHEDS),LineString,OBSERVED HYDROGRAPHIC NETWORK · WWF / HydroSHEDS
40648034,40651374,41067217,0.6,0.107,5.5,5,HydroRIVERS v1.0 (HydroSHEDS),LineString,OBSERVED HYDROGRAPHIC NETWORK · WWF / HydroSHEDS
40648035,40651374,41067217,1.68,2.045,108.8,4,HydroRIVERS v1.0 (HydroSHEDS),LineString,OBSERVED HYDROGRAPHIC NETWORK · WWF / HydroSHEDS
40648036,40649773,41067217,2.23,0.255,13.3,5,HydroRIVERS v1.0 (HydroSHEDS),LineString,OBSERVED HYDROGRAPHIC NETWORK · WWF / HydroSHEDS
40648037,40649773,41067217,2.9,0.453,23.6,4,HydroRIVERS v1.0 (HydroSHEDS),LineString,OBSERVED HYDROGRAPHIC NETWORK · WWF / HydroSHEDS
40648038,40648227,41067217,1.01,1.899,94.8,3,HydroRIVERS v1.0 (HydroSHEDS),LineString,OBSERVED HYDROGRAPHIC NETWORK · WWF / HydroSHEDS
40648039,40648405,41067217,0.69,0.15,7.5,4,HydroRIVERS v1.0 (HydroSHEDS),LineString,OBSERVED HYDROGRAPHIC NETWORK · WWF / HydroSHEDS
40648040,40648405,41067217,8.35,0.866,43.8,3,HydroRIVERS v1.0 (HydroSHEDS),LineString,OBSERVED HYDROGRAPHIC NETWORK · WWF / HydroSHEDS
40648041,40647884,41067217,10.87,2.017,88.4,5,HydroRIVERS v1.0 (HydroSHEDS),LineString,OBSERVED HYDROGRAPHIC NETWORK · WWF / HydroSHEDS
40648042,40647885,41067217,0.69,0.19,6.6,7,HydroRIVERS v1.0 (HydroSHEDS),LineString,OBSERVED HYDROGRAPHIC NETWORK · WWF / HydroSHEDS
40648043,40647706,41067217,2.02,17.328,505.4,5,HydroRIVERS v1.0 (HydroSHEDS),LineString,OBSERVED HYDROGRAPHIC NETWORK · WWF / HydroSHEDS
40648044,40648043,41067217,5.83,2.881,92.2,6,HydroRIVERS v1.0 (HydroSHEDS),LineString,OBSERVED HYDROGRAPHIC NETWORK · WWF / HydroSHEDS
40648045,40648898,41067217,1.62,0.637,19.1,5,HydroRIVERS v1.0 (HydroSHEDS),LineString,OBSERVED HYDROGRAPHIC NETWORK · WWF / HydroSHEDS
40648046,40648898,41067217,1.99,0.221,6.6,6,HydroRIVERS v1.0 (HydroSHEDS),LineString,OBSERVED HYDROGRAPHIC NETWORK · WWF / HydroSHEDS
40648047,40649047,41067217,3.91,1.04,30.7,5,HydroRIVERS v1.0 (HydroSHEDS),LineString,OBSERVED HYDROGRAPHIC NETWORK · WWF / HydroSHEDS
40648048,40649047,41067217,6.32,0.824,24.1,6,HydroRIVERS v1.0 (HydroSHEDS),LineString,OBSERVED HYDROGRAPHIC NETWORK · WWF / HydroSHEDS
40648049,40648900,41067217,11.15,1.282,37.7,5,HydroRIVERS v1.0 (HydroSHEDS),LineString,OBSERVED HYDROGRAPHIC NETWORK · WWF / HydroSHEDS
40648050,40648900,41067217,5.98,0.781,23.2,6,HydroRIVERS v1.0 (HydroSHEDS),LineString,OBSERVED HYDROGRAPHIC NETWORK · WWF / HydroSHEDS
40648226,40648754,41067217,1.38,0.144,7.4,4,HydroRIVERS v1.0 (HydroSHEDS),LineString,OBSERVED HYDROGRAPHIC NETWORK · WWF / HydroSHEDS
40648227,40648754,41067217,3.21,5.305,272.8,3,HydroRIVERS v1.0 (HydroSHEDS),LineString,OBSERVED HYDROGRAPHIC NETWORK · WWF / HydroSHEDS
40648228,40647883,41067217,3.33,0.257,12.3,6,HydroRIVERS v1.0 (HydroSHEDS),LineString,OBSERVED HYDROGRAPHIC NETWORK · WWF / HydroSHEDS
40648229,40649484,41067217,0.93,77.563,3551.0,4,HydroRIVERS v1.0 (HydroSHEDS),LineString,OBSERVED HYDROGRAPHIC NETWORK · WWF / HydroSHEDS
40648230,40649484,41067217,6.22,0.393,18.0,5,HydroRIVERS v1.0 (HydroSHEDS),LineString,OBSERVED HYDROGRAPHIC NETWORK · WWF / HydroSHEDS
40648231,40647885,41067217,1.53,0.125,4.4,6,HydroRIVERS v1.0 (HydroSHEDS),LineString,OBSERVED HYDROGRAPHIC NETWORK · WWF / HydroSHEDS
40648403,40647700,41067217,4.43,0.759,44.9,4,HydroRIVERS v1.0 (HydroSHEDS),LineString,OBSERVED HYDROGRAPHIC NETWORK · WWF / HydroSHEDS
40648404,40647701,41067217,2.23,0.182,10.5,5,HydroRIVERS v1.0 (HydroSHEDS),LineString,OBSERVED HYDROGRAPHIC NETWORK · WWF / HydroSHEDS
40648405,40648038,41067217,9.2,1.649,82.5,3,HydroRIVERS v1.0 (HydroSHEDS),LineString,OBSERVED HYDROGRAPHIC NETWORK · WWF / HydroSHEDS
40648406,40645484,41067217,9.69,1.644,66.3,6,HydroRIVERS v1.0 (HydroSHEDS),LineString,OBSERVED HYDROGRAPHIC NETWORK · WWF / HydroSHEDS
40648407,40648043,41067217,1.07,14.178,408.6,5,HydroRIVERS v1.0 (HydroSHEDS),LineString,OBSERVED HYDROGRAPHIC NETWORK · WWF / HydroSHEDS
40648408,40648756,41067217,3.44,0.297,8.7,5,HydroRIVERS v1.0 (HydroSHEDS),LineString,OBSERVED HYDROGRAPHIC NETWORK · WWF / HydroSHEDS
40648582,40649038,41067217,1.16,0.157,8.5,4,HydroRIVERS v1.0 (HydroSHEDS),LineString,OBSERVED HYDROGRAPHIC NETWORK · WWF / HydroSHEDS
40648583,40649038,41067217,0.6,0.141,7.5,5,HydroRIVERS v1.0 (HydroSHEDS),LineString,OBSERVED HYDROGRAPHIC NETWORK · WWF / HydroSHEDS
40648584,40648752,41067217,1.39,61.112,3467.7,2,HydroRIVERS v1.0 (HydroSHEDS),LineString,OBSERVED HYDROGRAPHIC NETWORK · WWF / HydroSHEDS
40648585,40649039,41067217,1.39,0.154,7.9,5,HydroRIVERS v1.0 (HydroSHEDS),LineString,OBSERVED HYDROGRAPHIC NETWORK · WWF / HydroSHEDS
40648586,40649039,41067217,7.43,0.77,39.8,4,HydroRIVERS v1.0 (HydroSHEDS),LineString,OBSERVED HYDROGRAPHIC NETWORK · WWF / HydroSHEDS
40648587,40649776,41067217,0.69,0.139,6.8,5,HydroRIVERS v1.0 (HydroSHEDS),LineString,OBSERVED HYDROGRAPHIC NETWORK · WWF / HydroSHEDS
40648588,40649776,41067217,0.92,0.114,5.5,6,HydroRIVERS v1.0 (HydroSHEDS),LineString,OBSERVED HYDROGRAPHIC NETWORK · WWF / HydroSHEDS
40648589,40648041,41067217,2.93,0.369,16.0,6,HydroRIVERS v1.0 (HydroSHEDS),LineString,OBSERVED HYDROGRAPHIC NETWORK · WWF / HydroSHEDS
40648590,40648406,41067217,1.31,0.132,5.3,7,HydroRIVERS v1.0 (HydroSHEDS),LineString,OBSERVED HYDROGRAPHIC NETWORK · WWF / HydroSHEDS
40648591,40647703,41067217,2.69,0.196,7.6,7,HydroRIVERS v1.0 (HydroSHEDS),LineString,OBSERVED HYDROGRAPHIC NETWORK · WWF / HydroSHEDS
40648592,40648407,41067217,0.92,0.111,3.7,6,HydroRIVERS v1.0 (HydroSHEDS),LineString,OBSERVED HYDROGRAPHIC NETWORK · WWF / HydroSHEDS
40648747,40648886,41067217,4.38,4.54,262.6,3,HydroRIVERS v1.0 (HydroSHEDS),LineString,OBSERVED HYDROGRAPHIC NETWORK · WWF / HydroSHEDS
40648748,40648749,41067217,5.54,2.299,125.1,4,HydroRIVERS v1.0 (HydroSHEDS),LineString,OBSERVED HYDROGRAPHIC NETWORK · WWF / HydroSHEDS
40648749,40649037,41067217,1.99,7.544,426.8,3,HydroRIVERS v1.0 (HydroSHEDS),LineString,OBSERVED HYDROGRAPHIC NETWORK · WWF / HydroSHEDS
40648750,40649037,41067217,1.53,0.152,8.3,4,HydroRIVERS v1.0 (HydroSHEDS),LineString,OBSERVED HYDROGRAPHIC NETWORK · WWF / HydroSHEDS
40648751,40649480,41067217,0.69,0.109,5.7,3,HydroRIVERS v1.0 (HydroSHEDS),LineString,OBSERVED HYDROGRAPHIC NETWORK · WWF / HydroSHEDS
40648752,40649480,41067217,0.61,61.296,3477.3,2,HydroRIVERS v1.0 (HydroSHEDS),LineString,OBSERVED HYDROGRAPHIC NETWORK · WWF / HydroSHEDS
40648753,40647398,41067217,6.46,0.859,44.4,3,HydroRIVERS v1.0 (HydroSHEDS),LineString,OBSERVED HYDROGRAPHIC NETWORK · WWF / HydroSHEDS
40648754,40649042,41067217,1.68,5.55,285.1,3,HydroRIVERS v1.0 (HydroSHEDS),LineString,OBSERVED HYDROGRAPHIC NETWORK · WWF / HydroSHEDS
40648755,40648407,41067217,1.22,13.979,403.8,5,HydroRIVERS v1.0 (HydroSHEDS),LineString,OBSERVED HYDROGRAPHIC NETWORK · WWF / HydroSHEDS
40648756,40649046,41067217,3.22,6.911,204.3,4,HydroRIVERS v1.0 (HydroSHEDS),LineString,OBSERVED HYDROGRAPHIC NETWORK · WWF / HydroSHEDS
40648757,40649048,41067217,3.45,0.336,9.9,6,HydroRIVERS v1.0 (HydroSHEDS),LineString,OBSERVED HYDROGRAPHIC NETWORK · WWF / HydroSHEDS
40648758,40649048,41067217,3.9,0.481,14.2,5,HydroRIVERS v1.0 (HydroSHEDS),LineString,OBSERVED HYDROGRAPHIC NETWORK · WWF / HydroSHEDS
40648886,40648749,41067217,2.81,5.113,294.5,3,HydroRIVERS v1.0 (HydroSHEDS),LineString,OBSERVED HYDROGRAPHIC NETWORK · WWF / HydroSHEDS
40648887,40648752,41067217,1.7,0.177,9.2,3,HydroRIVERS v1.0 (HydroSHEDS),LineString,OBSERVED HYDROGRAPHIC NETWORK · WWF / HydroSHEDS
40648888,40648753,41067217,0.69,0.115,5.9,4,HydroRIVERS v1.0 (HydroSHEDS),LineString,OBSERVED HYDROGRAPHIC NETWORK · WWF / HydroSHEDS
40648889,40648753,41067217,2.4,0.218,11.2,3,HydroRIVERS v1.0 (HydroSHEDS),LineString,OBSERVED HYDROGRAPHIC NETWORK · WWF / HydroSHEDS
40648890,40649042,41067217,0.92,0.127,6.3,4,HydroRIVERS v1.0 (HydroSHEDS),LineString,OBSERVED HYDROGRAPHIC NETWORK · WWF / HydroSHEDS
40648891,40648038,41067217,3.06,0.239,11.8,4,HydroRIVERS v1.0 (HydroSHEDS),LineString,OBSERVED HYDROGRAPHIC NETWORK · WWF / HydroSHEDS
40648892,40648755,41067217,5.81,5.232,151.4,6,HydroRIVERS v1.0 (HydroSHEDS),LineString,OBSERVED HYDROGRAPHIC NETWORK · WWF / HydroSHEDS
40648893,40648892,41067217,4.0,3.856,112.4,6,HydroRIVERS v1.0 (HydroSHEDS),LineString,OBSERVED HYDROGRAPHIC NETWORK · WWF / HydroSHEDS
40648894,40648893,41067217,1.59,2.607,76.4,6,HydroRIVERS v1.0 (HydroSHEDS),LineString,OBSERVED HYDROGRAPHIC NETWORK · WWF / HydroSHEDS
40648895,40648894,41067217,0.4,1.674,49.7,6,HydroRIVERS v1.0 (HydroSHEDS),LineString,OBSERVED HYDROGRAPHIC NETWORK · WWF / HydroSHEDS
40648896,40648895,41067217,3.45,0.494,15.1,7,HydroRIVERS v1.0 (HydroSHEDS),LineString,OBSERVED HYDROGRAPHIC NETWORK · WWF / HydroSHEDS
40648897,40649486,41067217,3.41,0.352,10.3,6,HydroRIVERS v1.0 (HydroSHEDS),LineString,OBSERVED HYDROGRAPHIC NETWORK · WWF / HydroSHEDS
40648898,40649486,41067217,2.76,1.173,34.8,5,HydroRIVERS v1.0 (HydroSHEDS),LineString,OBSERVED HYDROGRAPHIC NETWORK · WWF / HydroSHEDS
40648899,40649486,41067217,2.4,0.386,11.2,7,HydroRIVERS v1.0 (HydroSHEDS),LineString,OBSERVED HYDROGRAPHIC NETWORK · WWF / HydroSHEDS
40648900,40650090,41067217,3.3,2.489,73.5,5,HydroRIVERS v1.0 (HydroSHEDS),LineString,OBSERVED HYDROGRAPHIC NETWORK · WWF / HydroSHEDS
40649035,40648403,41067217,2.75,0.318,19.0,4,HydroRIVERS v1.0 (HydroSHEDS),LineString,OBSERVED HYDROGRAPHIC NETWORK · WWF / HydroSHEDS
40649036,40648403,41067217,2.45,0.194,11.4,5,HydroRIVERS v1.0 (HydroSHEDS),LineString,OBSERVED HYDROGRAPHIC NETWORK · WWF / HydroSHEDS
40649037,40649643,41067217,1.62,7.747,437.9,3,HydroRIVERS v1.0 (HydroSHEDS),LineString,OBSERVED HYDROGRAPHIC NETWORK · WWF / HydroSHEDS
40649038,40649643,41067217,2.08,0.35,18.8,4,HydroRIVERS v1.0 (HydroSHEDS),LineString,OBSERVED HYDROGRAPHIC NETWORK · WWF / HydroSHEDS
40649039,40649772,41067217,1.54,1.048,54.0,4,HydroRIVERS v1.0 (HydroSHEDS),LineString,OBSERVED HYDROGRAPHIC NETWORK · WWF / HydroSHEDS
40649040,40649772,41067217,1.39,0.131,6.6,5,HydroRIVERS v1.0 (HydroSHEDS),LineString,OBSERVED HYDROGRAPHIC NETWORK · WWF / HydroSHEDS
40649041,40649774,41067217,2.08,0.203,10.3,4,HydroRIVERS v1.0 (HydroSHEDS),LineString,OBSERVED HYDROGRAPHIC NETWORK · WWF / HydroSHEDS
40649042,40649774,41067217,4.03,6.041,309.1,3,HydroRIVERS v1.0 (HydroSHEDS),LineString,OBSERVED HYDROGRAPHIC NETWORK · WWF / HydroSHEDS
40649043,40648895,41067217,4.19,1.141,33.5,6,HydroRIVERS v1.0 (HydroSHEDS),LineString,OBSERVED HYDROGRAPHIC NETWORK · WWF / HydroSHEDS
40649044,40649043,41067217,3.85,0.586,17.5,6,HydroRIVERS v1.0 (HydroSHEDS),LineString,OBSERVED HYDROGRAPHIC NETWORK · WWF / HydroSHEDS
40649045,40649046,41067217,3.41,0.327,9.4,5,HydroRIVERS v1.0 (HydroSHEDS),LineString,OBSERVED HYDROGRAPHIC NETWORK · WWF / HydroSHEDS
40649046,40649647,41067217,1.22,7.298,214.6,4,HydroRIVERS v1.0 (HydroSHEDS),LineString,OBSERVED HYDROGRAPHIC NETWORK · WWF / HydroSHEDS
40649047,40649647,41067217,3.47,2.106,61.1,5,HydroRIVERS v1.0 (HydroSHEDS),LineString,OBSERVED HYDROGRAPHIC NETWORK · WWF / HydroSHEDS
40649048,40650240,41067217,0.93,0.93,27.4,5,HydroRIVERS v1.0 (HydroSHEDS),LineString,OBSERVED HYDROGRAPHIC NETWORK · WWF / HydroSHEDS
40649049,40650240,41067217,2.4,0.334,9.8,6,HydroRIVERS v1.0 (HydroSHEDS),LineString,OBSERVED HYDROGRAPHIC NETWORK · WWF / HydroSHEDS
40649320,40648886,41067217,3.14,0.379,21.2,4,HydroRIVERS v1.0 (HydroSHEDS),LineString,OBSERVED HYDROGRAPHIC NETWORK · WWF / HydroSHEDS
40649321,40648041,41067217,5.53,0.83,34.8,5,HydroRIVERS v1.0 (HydroSHEDS),LineString,OBSERVED HYDROGRAPHIC NETWORK · WWF / HydroSHEDS
40649322,40649321,41067217,2.27,0.32,13.3,5,HydroRIVERS v1.0 (HydroSHEDS),LineString,OBSERVED HYDROGRAPHIC NETWORK · WWF / HydroSHEDS
40649323,40648406,41067217,3.01,0.524,20.6,6,HydroRIVERS v1.0 (HydroSHEDS),LineString,OBSERVED HYDROGRAPHIC NETWORK · WWF / HydroSHEDS
40649324,40647706,41067217,6.22,0.626,21.0,6,HydroRIVERS v1.0 (HydroSHEDS),LineString,OBSERVED HYDROGRAPHIC NETWORK · WWF / HydroSHEDS
40649325,40649043,41067217,1.38,0.188,5.5,7,HydroRIVERS v1.0 (HydroSHEDS),LineString,OBSERVED HYDROGRAPHIC NETWORK · WWF / HydroSHEDS
40649479,40649770,41067217,2.83,0.272,14.4,3,HydroRIVERS v1.0 (HydroSHEDS),LineString,OBSERVED HYDROGRAPHIC NETWORK · WWF / HydroSHEDS
40649480,40649770,41067217,3.01,61.531,3489.6,2,HydroRIVERS v1.0 (HydroSHEDS),LineString,OBSERVED HYDROGRAPHIC NETWORK · WWF / HydroSHEDS
40649481,40649644,41067217,1.31,0.195,9.9,5,HydroRIVERS v1.0 (HydroSHEDS),LineString,OBSERVED HYDROGRAPHIC NETWORK · WWF / HydroSHEDS
40649482,40650234,41067217,1.52,0.216,11.1,6,HydroRIVERS v1.0 (HydroSHEDS),LineString,OBSERVED HYDROGRAPHIC NETWORK · WWF / HydroSHEDS
40649483,40649929,41067217,1.06,0.13,6.1,6,HydroRIVERS v1.0 (HydroSHEDS),LineString,OBSERVED HYDROGRAPHIC NETWORK · WWF / HydroSHEDS
40649484,40649929,41067217,4.0,78.307,3585.5,4,HydroRIVERS v1.0 (HydroSHEDS),LineString,OBSERVED HYDROGRAPHIC NETWORK · WWF / HydroSHEDS
40649485,40649321,41067217,2.0,0.157,6.4,6,HydroRIVERS v1.0 (HydroSHEDS),LineString,OBSERVED HYDROGRAPHIC NETWORK · WWF / HydroSHEDS
40649486,40649780,41067217,1.85,2.002,58.6,5,HydroRIVERS v1.0 (HydroSHEDS),LineString,OBSERVED HYDROGRAPHIC NETWORK · WWF / HydroSHEDS
40649487,40649488,41067217,2.79,0.233,6.8,5,HydroRIVERS v1.0 (HydroSHEDS),LineString,OBSERVED HYDROGRAPHIC NETWORK · WWF / HydroSHEDS
40649488,40650090,41067217,6.82,2.382,69.4,4,HydroRIVERS v1.0 (HydroSHEDS),LineString,OBSERVED HYDROGRAPHIC NETWORK · WWF / HydroSHEDS
40649643,40649768,41067217,2.15,8.178,461.1,3,HydroRIVERS v1.0 (HydroSHEDS),LineString,OBSERVED HYDROGRAPHIC NETWORK · WWF / HydroSHEDS
40649644,40650234,41067217,2.81,0.518,26.3,5,HydroRIVERS v1.0 (HydroSHEDS),LineString,OBSERVED HYDROGRAPHIC NETWORK · WWF / HydroSHEDS
40649645,40649646,41067217,0.6,0.107,3.3,8,HydroRIVERS v1.0 (HydroSHEDS),LineString,OBSERVED HYDROGRAPHIC NETWORK · WWF / HydroSHEDS
40649646,40648892,41067217,3.69,0.584,17.7,7,HydroRIVERS v1.0 (HydroSHEDS),LineString,OBSERVED HYDROGRAPHIC NETWORK · WWF / HydroSHEDS
40649647,40649781,41067217,2.0,9.614,279.6,4,HydroRIVERS v1.0 (HydroSHEDS),LineString,OBSERVED HYDROGRAPHIC NETWORK · WWF / HydroSHEDS
40649648,40649781,41067217,5.28,0.514,14.7,5,HydroRIVERS v1.0 (HydroSHEDS),LineString,OBSERVED HYDROGRAPHIC NETWORK · WWF / HydroSHEDS
40649768,40650911,41067217,0.61,8.439,475.3,3,HydroRIVERS v1.0 (HydroSHEDS),LineString,OBSERVED HYDROGRAPHIC NETWORK · WWF / HydroSHEDS
40649769,40650911,41067217,4.37,0.322,17.1,4,HydroRIVERS v1.0 (HydroSHEDS),LineString,OBSERVED HYDROGRAPHIC NETWORK · WWF / HydroSHEDS
40649770,40651230,41067217,0.93,61.843,3506.0,2,HydroRIVERS v1.0 (HydroSHEDS),LineString,OBSERVED HYDROGRAPHIC NETWORK · WWF / HydroSHEDS
40649771,40649644,41067217,1.53,0.196,9.9,6,HydroRIVERS v1.0 (HydroSHEDS),LineString,OBSERVED HYDROGRAPHIC NETWORK · WWF / HydroSHEDS
40649772,40650235,41067217,2.46,1.304,66.8,4,HydroRIVERS v1.0 (HydroSHEDS),LineString,OBSERVED HYDROGRAPHIC NETWORK · WWF / HydroSHEDS
40649773,40650086,41067217,6.23,1.151,59.1,4,HydroRIVERS v1.0 (HydroSHEDS),LineString,OBSERVED HYDROGRAPHIC NETWORK · WWF / HydroSHEDS
40649774,40650086,41067217,3.05,6.419,327.8,3,HydroRIVERS v1.0 (HydroSHEDS),LineString,OBSERVED HYDROGRAPHIC NETWORK · WWF / HydroSHEDS
40649775,40651076,41067217,1.77,0.144,7.0,6,HydroRIVERS v1.0 (HydroSHEDS),LineString,OBSERVED HYDROGRAPHIC NETWORK · WWF / HydroSHEDS
40649776,40651076,41067217,4.99,0.624,30.2,5,HydroRIVERS v1.0 (HydroSHEDS),LineString,OBSERVED HYDROGRAPHIC NETWORK · WWF / HydroSHEDS
40649777,40649929,41067217,3.21,0.747,33.5,5,HydroRIVERS v1.0 (HydroSHEDS),LineString,OBSERVED HYDROGRAPHIC NETWORK · WWF / HydroSHEDS
40649778,40649777,41067217,4.63,0.485,21.7,5,HydroRIVERS v1.0 (HydroSHEDS),LineString,OBSERVED HYDROGRAPHIC NETWORK · WWF / HydroSHEDS
40649779,40649780,41067217,4.6,0.716,20.6,6,HydroRIVERS v1.0 (HydroSHEDS),LineString,OBSERVED HYDROGRAPHIC NETWORK · WWF / HydroSHEDS
40649780,40649933,41067217,1.62,2.856,82.7,5,HydroRIVERS v1.0 (HydroSHEDS),LineString,OBSERVED HYDROGRAPHIC NETWORK · WWF / HydroSHEDS
40649781,40650383,41067217,0.46,10.192,295.6,4,HydroRIVERS v1.0 (HydroSHEDS),LineString,OBSERVED HYDROGRAPHIC NETWORK · WWF / HydroSHEDS
40649782,40649488,41067217,9.48,1.334,38.9,4,HydroRIVERS v1.0 (HydroSHEDS),LineString,OBSERVED HYDROGRAPHIC NETWORK · WWF / HydroSHEDS
40649929,40650237,41067217,1.68,79.252,3628.2,4,HydroRIVERS v1.0 (HydroSHEDS),LineString,OBSERVED HYDROGRAPHIC NETWORK · WWF / HydroSHEDS
40649930,40649777,41067217,0.69,0.141,6.3,6,HydroRIVERS v1.0 (HydroSHEDS),LineString,OBSERVED HYDROGRAPHIC NETWORK · WWF / HydroSHEDS
40649931,40647703,41067217,7.82,1.256,46.2,6,HydroRIVERS v1.0 (HydroSHEDS),LineString,OBSERVED HYDROGRAPHIC NETWORK · WWF / HydroSHEDS
40649932,40649646,41067217,1.16,0.322,9.8,7,HydroRIVERS v1.0 (HydroSHEDS),LineString,OBSERVED HYDROGRAPHIC NETWORK · WWF / HydroSHEDS
40649933,40649935,41067217,3.0,4.929,139.1,5,HydroRIVERS v1.0 (HydroSHEDS),LineString,OBSERVED HYDROGRAPHIC NETWORK · WWF / HydroSHEDS
40649934,40649935,41067217,0.92,0.153,4.4,6,HydroRIVERS v1.0 (HydroSHEDS),LineString,OBSERVED HYDROGRAPHIC NETWORK · WWF / HydroSHEDS
40649935,40650087,41067217,1.19,5.307,149.0,5,HydroRIVERS v1.0 (HydroSHEDS),LineString,OBSERVED HYDROGRAPHIC NETWORK · WWF / HydroSHEDS
40649936,40650087,41067217,0.69,0.115,3.3,6,HydroRIVERS v1.0 (HydroSHEDS),LineString,OBSERVED HYDROGRAPHIC NETWORK · WWF / HydroSHEDS
40650085,40650235,41067217,3.01,0.28,14.0,5,HydroRIVERS v1.0 (HydroSHEDS),LineString,OBSERVED HYDROGRAPHIC NETWORK · WWF / HydroSHEDS
40650086,40650915,41067217,1.22,7.625,389.5,3,HydroRIVERS v1.0 (HydroSHEDS),LineString,OBSERVED HYDROGRAPHIC NETWORK · WWF / HydroSHEDS
40650087,40650088,41067217,0.61,5.44,152.5,5,HydroRIVERS v1.0 (HydroSHEDS),LineString,OBSERVED HYDROGRAPHIC NETWORK · WWF / HydroSHEDS
40650088,40650382,41067217,2.78,6.223,172.4,5,HydroRIVERS v1.0 (HydroSHEDS),LineString,OBSERVED HYDROGRAPHIC NETWORK · WWF / HydroSHEDS
40650089,40650241,41067217,5.85,0.55,16.0,5,HydroRIVERS v1.0 (HydroSHEDS),LineString,OBSERVED HYDROGRAPHIC NETWORK · WWF / HydroSHEDS
40650090,40650241,41067217,5.63,5.513,161.7,4,HydroRIVERS v1.0 (HydroSHEDS),LineString,OBSERVED HYDROGRAPHIC NETWORK · WWF / HydroSHEDS
40650233,40649768,41067217,2.75,0.23,12.5,4,HydroRIVERS v1.0 (HydroSHEDS),LineString,OBSERVED HYDROGRAPHIC NETWORK · WWF / HydroSHEDS
40650234,40650779,41067217,4.25,0.932,47.3,5,HydroRIVERS v1.0 (HydroSHEDS),LineString,OBSERVED HYDROGRAPHIC NETWORK · WWF / HydroSHEDS
40650235,40650779,41067217,1.94,1.716,87.5,4,HydroRIVERS v1.0 (HydroSHEDS),LineString,OBSERVED HYDROGRAPHIC NETWORK · WWF / HydroSHEDS
40650236,40650919,41067217,3.44,0.299,14.0,5,HydroRIVERS v1.0 (HydroSHEDS),LineString,OBSERVED HYDROGRAPHIC NETWORK · WWF / HydroSHEDS
40650237,40650919,41067217,1.22,81.318,3717.4,4,HydroRIVERS v1.0 (HydroSHEDS),LineString,OBSERVED HYDROGRAPHIC NETWORK · WWF / HydroSHEDS
40650238,40648755,41067217,4.78,8.57,248.3,5,HydroRIVERS v1.0 (HydroSHEDS),LineString,OBSERVED HYDROGRAPHIC NETWORK · WWF / HydroSHEDS
40650239,40650382,41067217,0.69,0.124,3.5,6,HydroRIVERS v1.0 (HydroSHEDS),LineString,OBSERVED HYDROGRAPHIC NETWORK · WWF / HydroSHEDS
40650240,40650383,41067217,10.8,2.289,65.8,5,HydroRIVERS v1.0 (HydroSHEDS),LineString,OBSERVED HYDROGRAPHIC NETWORK · WWF / HydroSHEDS
40650241,40651086,41067217,0.46,6.076,178.1,4,HydroRIVERS v1.0 (HydroSHEDS),LineString,OBSERVED HYDROGRAPHIC NETWORK · WWF / HydroSHEDS
40650375,40651071,41067217,0.6,0.108,6.3,5,HydroRIVERS v1.0 (HydroSHEDS),LineString,OBSERVED HYDROGRAPHIC NETWORK · WWF / HydroSHEDS
40650376,40651071,41067217,0.69,0.182,10.5,4,HydroRIVERS v1.0 (HydroSHEDS),LineString,OBSERVED HYDROGRAPHIC NETWORK · WWF / HydroSHEDS
40650377,40651230,41067217,6.82,1.848,94.7,3,HydroRIVERS v1.0 (HydroSHEDS),LineString,OBSERVED HYDROGRAPHIC NETWORK · WWF / HydroSHEDS
40650378,40650377,41067217,0.8,1.253,63.9,3,HydroRIVERS v1.0 (HydroSHEDS),LineString,OBSERVED HYDROGRAPHIC NETWORK · WWF / HydroSHEDS
40650379,40650378,41067217,0.69,0.118,6.1,4,HydroRIVERS v1.0 (HydroSHEDS),LineString,OBSERVED HYDROGRAPHIC NETWORK · WWF / HydroSHEDS
40650380,40650381,41067217,0.6,0.146,4.8,7,HydroRIVERS v1.0 (HydroSHEDS),LineString,OBSERVED HYDROGRAPHIC NETWORK · WWF / HydroSHEDS
40650381,40650238,41067217,2.2,1.875,60.4,6,HydroRIVERS v1.0 (HydroSHEDS),LineString,OBSERVED HYDROGRAPHIC NETWORK · WWF / HydroSHEDS
40650382,40651546,41067217,4.0,6.976,190.5,5,HydroRIVERS v1.0 (HydroSHEDS),LineString,OBSERVED HYDROGRAPHIC NETWORK · WWF / HydroSHEDS
40650383,40651546,41067217,1.85,12.671,363.9,4,HydroRIVERS v1.0 (HydroSHEDS),LineString,OBSERVED HYDROGRAPHIC NETWORK · WWF / HydroSHEDS
40650528,40650377,41067217,0.69,0.118,6.1,4,HydroRIVERS v1.0 (HydroSHEDS),LineString,OBSERVED HYDROGRAPHIC NETWORK · WWF / HydroSHEDS
40650529,40651857,41067217,2.8,0.256,12.7,5,HydroRIVERS v1.0 (HydroSHEDS),LineString,OBSERVED HYDROGRAPHIC NETWORK · WWF / HydroSHEDS
40650530,40651857,41067217,5.45,0.54,27.3,4,HydroRIVERS v1.0 (HydroSHEDS),LineString,OBSERVED HYDROGRAPHIC NETWORK · WWF / HydroSHEDS
40650531,40651081,41067217,0.92,0.17,7.4,6,HydroRIVERS v1.0 (HydroSHEDS),LineString,OBSERVED HYDROGRAPHIC NETWORK · WWF / HydroSHEDS
40650532,40648894,41067217,6.58,0.804,23.4,7,HydroRIVERS v1.0 (HydroSHEDS),LineString,OBSERVED HYDROGRAPHIC NETWORK · WWF / HydroSHEDS
40650533,40649933,41067217,2.91,1.622,45.3,6,HydroRIVERS v1.0 (HydroSHEDS),LineString,OBSERVED HYDROGRAPHIC NETWORK · WWF / HydroSHEDS
40650641,40650778,41067217,2.21,0.398,20.3,3,HydroRIVERS v1.0 (HydroSHEDS),LineString,OBSERVED HYDROGRAPHIC NETWORK · WWF / HydroSHEDS
40650642,40651081,41067217,4.13,0.493,20.5,5,HydroRIVERS v1.0 (HydroSHEDS),LineString,OBSERVED HYDROGRAPHIC NETWORK · WWF / HydroSHEDS
40650643,40648893,41067217,6.38,0.684,20.3,7,HydroRIVERS v1.0 (HydroSHEDS),LineString,OBSERVED HYDROGRAPHIC NETWORK · WWF / HydroSHEDS
40650644,40650088,41067217,2.08,0.211,5.9,6,HydroRIVERS v1.0 (HydroSHEDS),LineString,OBSERVED HYDROGRAPHIC NETWORK · WWF / HydroSHEDS
40650777,40650378,41067217,3.82,1.088,55.5,3,HydroRIVERS v1.0 (HydroSHEDS),LineString,OBSERVED HYDROGRAPHIC NETWORK · WWF / HydroSHEDS
40650778,40650777,41067217,1.01,0.601,30.6,3,HydroRIVERS v1.0 (HydroSHEDS),LineString,OBSERVED HYDROGRAPHIC NETWORK · WWF / HydroSHEDS
40650779,40651540,41067217,2.0,2.746,139.6,4,HydroRIVERS v1.0 (HydroSHEDS),LineString,OBSERVED HYDROGRAPHIC NETWORK · WWF / HydroSHEDS
40650780,40650381,41067217,1.83,1.557,50.7,6,HydroRIVERS v1.0 (HydroSHEDS),LineString,OBSERVED HYDROGRAPHIC NETWORK · WWF / HydroSHEDS
40650781,40650238,41067217,2.15,6.068,173.0,5,HydroRIVERS v1.0 (HydroSHEDS),LineString,OBSERVED HYDROGRAPHIC NETWORK · WWF / HydroSHEDS
40650782,40650781,41067217,0.6,0.119,3.7,6,HydroRIVERS v1.0 (HydroSHEDS),LineString,OBSERVED HYDROGRAPHIC NETWORK · WWF / HydroSHEDS
40650783,40651238,41067217,3.92,0.471,13.6,5,HydroRIVERS v1.0 (HydroSHEDS),LineString,OBSERVED HYDROGRAPHIC NETWORK · WWF / HydroSHEDS
40650911,40651688,41067217,4.44,9.118,511.6,3,HydroRIVERS v1.0 (HydroSHEDS),LineString,OBSERVED HYDROGRAPHIC NETWORK · WWF / HydroSHEDS
40650912,40651688,41067217,1.06,0.118,6.3,4,HydroRIVERS v1.0 (HydroSHEDS),LineString,OBSERVED HYDROGRAPHIC NETWORK · WWF / HydroSHEDS
40650913,40650914,41067217,2.14,0.202,10.1,6,HydroRIVERS v1.0 (HydroSHEDS),LineString,OBSERVED HYDROGRAPHIC NETWORK · WWF / HydroSHEDS
40650914,40651540,41067217,2.6,0.587,29.3,5,HydroRIVERS v1.0 (HydroSHEDS),LineString,OBSERVED HYDROGRAPHIC NETWORK · WWF / HydroSHEDS
40650915,40651375,41067217,3.77,8.45,429.3,3,HydroRIVERS v1.0 (HydroSHEDS),LineString,OBSERVED HYDROGRAPHIC NETWORK · WWF / HydroSHEDS
40650916,40650915,41067217,6.86,0.547,26.5,4,HydroRIVERS v1.0 (HydroSHEDS),LineString,OBSERVED HYDROGRAPHIC NETWORK · WWF / HydroSHEDS
40650917,40651377,41067217,2.84,0.361,17.3,6,HydroRIVERS v1.0 (HydroSHEDS),LineString,OBSERVED HYDROGRAPHIC NETWORK · WWF / HydroSHEDS
40650918,40651234,41067217,1.67,0.156,7.2,5,HydroRIVERS v1.0 (HydroSHEDS),LineString,OBSERVED HYDROGRAPHIC NETWORK · WWF / HydroSHEDS
40650919,40651234,41067217,3.3,81.915,3744.9,4,HydroRIVERS v1.0 (HydroSHEDS),LineString,OBSERVED HYDROGRAPHIC NETWORK · WWF / HydroSHEDS
40650920,40651238,41067217,1.21,0.218,6.3,6,HydroRIVERS v1.0 (HydroSHEDS),LineString,OBSERVED HYDROGRAPHIC NETWORK · WWF / HydroSHEDS
40650921,40651697,41067217,1.92,0.23,6.6,4,HydroRIVERS v1.0 (HydroSHEDS),LineString,OBSERVED HYDROGRAPHIC NETWORK · WWF / HydroSHEDS
40650922,40651697,41067217,0.69,0.185,5.3,5,HydroRIVERS v1.0 (HydroSHEDS),LineString,OBSERVED HYDROGRAPHIC NETWORK · WWF / HydroSHEDS
40650923,40651086,41067217,4.3,0.533,15.5,5,HydroRIVERS v1.0 (HydroSHEDS),LineString,OBSERVED HYDROGRAPHIC NETWORK · WWF / HydroSHEDS
40651071,40651852,41067217,3.3,0.431,24.9,4,HydroRIVERS v1.0 (HydroSHEDS),LineString,OBSERVED HYDROGRAPHIC NETWORK · WWF / HydroSHEDS
40651072,40651852,41067217,3.0,0.254,14.4,5,HydroRIVERS v1.0 (HydroSHEDS),LineString,OBSERVED HYDROGRAPHIC NETWORK · WWF / HydroSHEDS
40651073,40650778,41067217,2.14,0.153,7.7,4,HydroRIVERS v1.0 (HydroSHEDS),LineString,OBSERVED HYDROGRAPHIC NETWORK · WWF / HydroSHEDS
40651074,40651376,41067217,4.34,0.587,28.2,6,HydroRIVERS v1.0 (HydroSHEDS),LineString,OBSERVED HYDROGRAPHIC NETWORK · WWF / HydroSHEDS
40651075,40651376,41067217,2.23,0.283,13.6,7,HydroRIVERS v1.0 (HydroSHEDS),LineString,OBSERVED HYDROGRAPHIC NETWORK · WWF / HydroSHEDS
40651076,40651377,41067217,6.46,1.551,74.1,5,HydroRIVERS v1.0 (HydroSHEDS),LineString,OBSERVED HYDROGRAPHIC NETWORK · WWF / HydroSHEDS
40651077,40651233,41067217,4.31,0.252,11.6,6,HydroRIVERS v1.0 (HydroSHEDS),LineString,OBSERVED HYDROGRAPHIC NETWORK · WWF / HydroSHEDS
40651078,40651233,41067217,5.79,0.479,22.5,5,HydroRIVERS v1.0 (HydroSHEDS),LineString,OBSERVED HYDROGRAPHIC NETWORK · WWF / HydroSHEDS
40651079,40650237,41067217,4.99,2.018,87.0,5,HydroRIVERS v1.0 (HydroSHEDS),LineString,OBSERVED HYDROGRAPHIC NETWORK · WWF / HydroSHEDS
40651080,40651235,41067217,0.92,0.109,4.8,6,HydroRIVERS v1.0 (HydroSHEDS),LineString,OBSERVED HYDROGRAPHIC NETWORK · WWF / HydroSHEDS
40651081,40651235,41067217,6.02,1.17,49.6,5,HydroRIVERS v1.0 (HydroSHEDS),LineString,OBSERVED HYDROGRAPHIC NETWORK · WWF / HydroSHEDS
40651082,40651083,41067217,3.72,0.539,18.2,6,HydroRIVERS v1.0 (HydroSHEDS),LineString,OBSERVED HYDROGRAPHIC NETWORK · WWF / HydroSHEDS
40651083,40650780,41067217,2.42,1.289,42.4,6,HydroRIVERS v1.0 (HydroSHEDS),LineString,OBSERVED HYDROGRAPHIC NETWORK · WWF / HydroSHEDS
40651084,40650780,41067217,1.31,0.139,4.4,7,HydroRIVERS v1.0 (HydroSHEDS),LineString,OBSERVED HYDROGRAPHIC NETWORK · WWF / HydroSHEDS
40651085,40650533,41067217,6.72,1.0,28.2,6,HydroRIVERS v1.0 (HydroSHEDS),LineString,OBSERVED HYDROGRAPHIC NETWORK · WWF / HydroSHEDS
40651086,40651382,41067217,4.31,7.129,208.7,4,HydroRIVERS v1.0 (HydroSHEDS),LineString,OBSERVED HYDROGRAPHIC NETWORK · WWF / HydroSHEDS
40651230,40651689,41067217,6.96,64.233,3629.1,2,HydroRIVERS v1.0 (HydroSHEDS),LineString,OBSERVED HYDROGRAPHIC NETWORK · WWF / HydroSHEDS
40651231,40650777,41067217,1.99,0.221,11.2,4,HydroRIVERS v1.0 (HydroSHEDS),LineString,OBSERVED HYDROGRAPHIC NETWORK · WWF / HydroSHEDS
40651232,40650914,41067217,2.86,0.292,14.6,5,HydroRIVERS v1.0 (HydroSHEDS),LineString,OBSERVED HYDROGRAPHIC NETWORK · WWF / HydroSHEDS
40651233,40651693,41067217,2.08,0.783,36.5,5,HydroRIVERS v1.0 (HydroSHEDS),LineString,OBSERVED HYDROGRAPHIC NETWORK · WWF / HydroSHEDS
40651234,40651693,41067217,1.22,82.226,3759.1,4,HydroRIVERS v1.0 (HydroSHEDS),LineString,OBSERVED HYDROGRAPHIC NETWORK · WWF / HydroSHEDS
40651235,40651079,41067217,4.01,1.62,69.3,5,HydroRIVERS v1.0 (HydroSHEDS),LineString,OBSERVED HYDROGRAPHIC NETWORK · WWF / HydroSHEDS
40651236,40651083,41067217,0.92,0.239,7.9,8,HydroRIVERS v1.0 (HydroSHEDS),LineString,OBSERVED HYDROGRAPHIC NETWORK · WWF / HydroSHEDS
40651237,40650533,41067217,3.06,0.381,10.7,7,HydroRIVERS v1.0 (HydroSHEDS),LineString,OBSERVED HYDROGRAPHIC NETWORK · WWF / HydroSHEDS
40651238,40651547,41067217,3.02,0.894,25.8,5,HydroRIVERS v1.0 (HydroSHEDS),LineString,OBSERVED HYDROGRAPHIC NETWORK · WWF / HydroSHEDS
40651374,40651690,41067217,12.36,3.144,163.7,4,HydroRIVERS v1.0 (HydroSHEDS),LineString,OBSERVED HYDROGRAPHIC NETWORK · WWF / HydroSHEDS
40651375,40651690,41067217,3.42,9.063,458.4,3,HydroRIVERS v1.0 (HydroSHEDS),LineString,OBSERVED HYDROGRAPHIC NETWORK · WWF / HydroSHEDS
40651376,40652026,41067217,1.22,0.898,43.1,6,HydroRIVERS v1.0 (HydroSHEDS),LineString,OBSERVED HYDROGRAPHIC NETWORK · WWF / HydroSHEDS
40651377,40652026,41067217,4.62,2.217,105.6,5,HydroRIVERS v1.0 (HydroSHEDS),LineString,OBSERVED HYDROGRAPHIC NETWORK · WWF / HydroSHEDS
40651378,40651079,41067217,1.53,0.142,6.3,6,HydroRIVERS v1.0 (HydroSHEDS),LineString,OBSERVED HYDROGRAPHIC NETWORK · WWF / HydroSHEDS
40651379,40651380,41067217,3.23,0.411,16.0,5,HydroRIVERS v1.0 (HydroSHEDS),LineString,OBSERVED HYDROGRAPHIC NETWORK · WWF / HydroSHEDS
40651380,40652169,41067217,1.19,0.965,37.6,5,HydroRIVERS v1.0 (HydroSHEDS),LineString,OBSERVED HYDROGRAPHIC NETWORK · WWF / HydroSHEDS
40651381,40652169,41067217,1.53,0.146,5.5,6,HydroRIVERS v1.0 (HydroSHEDS),LineString,OBSERVED HYDROGRAPHIC NETWORK · WWF / HydroSHEDS
40651540,40651855,41067217,2.76,3.48,176.1,4,HydroRIVERS v1.0 (HydroSHEDS),LineString,OBSERVED HYDROGRAPHIC NETWORK · WWF / HydroSHEDS
40651541,40651375,41067217,3.94,0.398,19.2,4,HydroRIVERS v1.0 (HydroSHEDS),LineString,OBSERVED HYDROGRAPHIC NETWORK · WWF / HydroSHEDS
40651542,40651543,41067217,1.71,0.272,10.7,7,HydroRIVERS v1.0 (HydroSHEDS),LineString,OBSERVED HYDROGRAPHIC NETWORK · WWF / HydroSHEDS
40651543,40651380,41067217,0.61,0.5,19.5,6,HydroRIVERS v1.0 (HydroSHEDS),LineString,OBSERVED HYDROGRAPHIC NETWORK · WWF / HydroSHEDS
40651544,40650781,41067217,2.76,5.634,160.8,5,HydroRIVERS v1.0 (HydroSHEDS),LineString,OBSERVED HYDROGRAPHIC NETWORK · WWF / HydroSHEDS
40651545,40651544,41067217,0.92,0.139,4.2,6,HydroRIVERS v1.0 (HydroSHEDS),LineString,OBSERVED HYDROGRAPHIC NETWORK · WWF / HydroSHEDS
40651546,40652479,41067217,4.59,20.52,570.2,4,HydroRIVERS v1.0 (HydroSHEDS),LineString,OBSERVED HYDROGRAPHIC NETWORK · WWF / HydroSHEDS
40651547,40652479,41067217,4.4,1.979,56.6,5,HydroRIVERS v1.0 (HydroSHEDS),LineString,OBSERVED HYDROGRAPHIC NETWORK · WWF / HydroSHEDS
40651688,40652789,41067217,2.91,9.405,526.8,3,HydroRIVERS v1.0 (HydroSHEDS),LineString,OBSERVED HYDROGRAPHIC NETWORK · WWF / HydroSHEDS
40651689,40652789,41067217,3.82,66.587,3751.0,2,HydroRIVERS v1.0 (HydroSHEDS),LineString,OBSERVED HYDROGRAPHIC NETWORK · WWF / HydroSHEDS
40651690,40651858,41067217,1.07,12.233,623.2,3,HydroRIVERS v1.0 (HydroSHEDS),LineString,OBSERVED HYDROGRAPHIC NETWORK · WWF / HydroSHEDS
40651691,40651858,41067217,0.6,0.123,5.9,4,HydroRIVERS v1.0 (HydroSHEDS),LineString,OBSERVED HYDROGRAPHIC NETWORK · WWF / HydroSHEDS
40651692,40652324,41067217,2.59,0.259,11.8,5,HydroRIVERS v1.0 (HydroSHEDS),LineString,OBSERVED HYDROGRAPHIC NETWORK · WWF / HydroSHEDS
40651693,40652324,41067217,1.69,83.07,3798.3,4,HydroRIVERS v1.0 (HydroSHEDS),LineString,OBSERVED HYDROGRAPHIC NETWORK · WWF / HydroSHEDS
40651694,40651543,41067217,0.92,0.219,8.5,6,HydroRIVERS v1.0 (HydroSHEDS),LineString,OBSERVED HYDROGRAPHIC NETWORK · WWF / HydroSHEDS
40651695,40651083,41067217,2.38,0.263,8.5,7,HydroRIVERS v1.0 (HydroSHEDS),LineString,OBSERVED HYDROGRAPHIC NETWORK · WWF / HydroSHEDS
40651696,40651547,41067217,4.74,0.611,17.5,6,HydroRIVERS v1.0 (HydroSHEDS),LineString,OBSERVED HYDROGRAPHIC NETWORK · WWF / HydroSHEDS
40651697,40652480,41067217,2.91,0.779,22.5,4,HydroRIVERS v1.0 (HydroSHEDS),LineString,OBSERVED HYDROGRAPHIC NETWORK · WWF / HydroSHEDS
40651698,40652480,41067217,1.38,0.16,4.6,5,HydroRIVERS v1.0 (HydroSHEDS),LineString,OBSERVED HYDROGRAPHIC NETWORK · WWF / HydroSHEDS
40651850,40651851,41067217,8.27,0.605,35.6,4,HydroRIVERS v1.0 (HydroSHEDS),LineString,OBSERVED HYDROGRAPHIC NETWORK · WWF / HydroSHEDS
40651851,40652022,41067217,1.99,1.304,76.3,3,HydroRIVERS v1.0 (HydroSHEDS),LineString,OBSERVED HYDROGRAPHIC NETWORK · WWF / HydroSHEDS
40651852,40652022,41067217,2.46,0.763,43.7,4,HydroRIVERS v1.0 (HydroSHEDS),LineString,OBSERVED HYDROGRAPHIC NETWORK · WWF / HydroSHEDS
40651853,40651689,41067217,2.29,2.065,106.6,3,HydroRIVERS v1.0 (HydroSHEDS),LineString,OBSERVED HYDROGRAPHIC NETWORK · WWF / HydroSHEDS
40651854,40651855,41067217,1.82,0.146,7.2,5,HydroRIVERS v1.0 (HydroSHEDS),LineString,OBSERVED HYDROGRAPHIC NETWORK · WWF / HydroSHEDS
40651855,40653093,41067217,1.22,3.805,192.1,4,HydroRIVERS v1.0 (HydroSHEDS),LineString,OBSERVED HYDROGRAPHIC NETWORK · WWF / HydroSHEDS
40651856,40653093,41067217,2.72,0.258,12.7,5,HydroRIVERS v1.0 (HydroSHEDS),LineString,OBSERVED HYDROGRAPHIC NETWORK · WWF / HydroSHEDS
40651857,40652168,41067217,5.45,1.187,59.1,4,HydroRIVERS v1.0 (HydroSHEDS),LineString,OBSERVED HYDROGRAPHIC NETWORK · WWF / HydroSHEDS
40651858,40652024,41067217,0.61,12.38,630.2,3,HydroRIVERS v1.0 (HydroSHEDS),LineString,OBSERVED HYDROGRAPHIC NETWORK · WWF / HydroSHEDS
40651859,40652027,41067217,0.69,0.182,6.5,7,HydroRIVERS v1.0 (HydroSHEDS),LineString,OBSERVED HYDROGRAPHIC NETWORK · WWF / HydroSHEDS
40651860,40652027,41067217,0.92,0.192,6.6,8,HydroRIVERS v1.0 (HydroSHEDS),LineString,OBSERVED HYDROGRAPHIC NETWORK · WWF / HydroSHEDS
40651861,40651544,41067217,1.07,5.122,146.6,5,HydroRIVERS v1.0 (HydroSHEDS),LineString,OBSERVED HYDROGRAPHIC NETWORK · WWF / HydroSHEDS
40651862,40651861,41067217,0.92,0.128,3.9,6,HydroRIVERS v1.0 (HydroSHEDS),LineString,OBSERVED HYDROGRAPHIC NETWORK · WWF / HydroSHEDS
40651863,40652478,41067217,0.99,0.154,4.4,6,HydroRIVERS v1.0 (HydroSHEDS),LineString,OBSERVED HYDROGRAPHIC NETWORK · WWF / HydroSHEDS
40651864,40652172,41067217,2.02,0.313,9.0,5,HydroRIVERS v1.0 (HydroSHEDS),LineString,OBSERVED HYDROGRAPHIC NETWORK · WWF / HydroSHEDS
40652022,40652319,41067217,1.01,2.08,120.7,3,HydroRIVERS v1.0 (HydroSHEDS),LineString,OBSERVED HYDROGRAPHIC NETWORK · WWF / HydroSHEDS
40652023,40652630,41067217,1.53,0.162,7.9,4,HydroRIVERS v1.0 (HydroSHEDS),LineString,OBSERVED HYDROGRAPHIC NETWORK · WWF / HydroSHEDS
40652024,40652168,41067217,2.42,12.878,653.6,3,HydroRIVERS v1.0 (HydroSHEDS),LineString,OBSERVED HYDROGRAPHIC NETWORK · WWF / HydroSHEDS
40652025,40652322,41067217,0.6,0.117,5.5,6,HydroRIVERS v1.0 (HydroSHEDS),LineString,OBSERVED HYDROGRAPHIC NETWORK · WWF / HydroSHEDS
40652026,40652322,41067217,2.0,3.227,153.8,5,HydroRIVERS v1.0 (HydroSHEDS),LineString,OBSERVED HYDROGRAPHIC NETWORK · WWF / HydroSHEDS
40652027,40652942,41067217,0.61,0.38,13.3,7,HydroRIVERS v1.0 (HydroSHEDS),LineString,OBSERVED HYDROGRAPHIC NETWORK · WWF / HydroSHEDS
40652028,40651861,41067217,0.61,4.849,138.9,5,HydroRIVERS v1.0 (HydroSHEDS),LineString,OBSERVED HYDROGRAPHIC NETWORK · WWF / HydroSHEDS
40652167,40652630,41067217,0.61,14.49,732.9,3,HydroRIVERS v1.0 (HydroSHEDS),LineString,OBSERVED HYDROGRAPHIC NETWORK · WWF / HydroSHEDS
40652168,40652167,41067217,1.22,14.092,713.9,3,HydroRIVERS v1.0 (HydroSHEDS),LineString,OBSERVED HYDROGRAPHIC NETWORK · WWF / HydroSHEDS
40652169,40652941,41067217,4.64,1.668,64.0,5,HydroRIVERS v1.0 (HydroSHEDS),LineString,OBSERVED HYDROGRAPHIC NETWORK · WWF / HydroSHEDS
40652170,40652941,41067217,1.16,0.244,8.8,6,HydroRIVERS v1.0 (HydroSHEDS),LineString,OBSERVED HYDROGRAPHIC NETWORK · WWF / HydroSHEDS
40652171,40652478,41067217,1.93,0.283,8.1,5,HydroRIVERS v1.0 (HydroSHEDS),LineString,OBSERVED HYDROGRAPHIC NETWORK · WWF / HydroSHEDS
40652172,40652481,41067217,1.62,2.181,62.9,4,HydroRIVERS v1.0 (HydroSHEDS),LineString,OBSERVED HYDROGRAPHIC NETWORK · WWF / HydroSHEDS
40652173,40652481,41067217,1.84,0.185,5.3,5,HydroRIVERS v1.0 (HydroSHEDS),LineString,OBSERVED HYDROGRAPHIC NETWORK · WWF / HydroSHEDS
40652318,40652319,41067217,1.38,0.168,9.6,4,HydroRIVERS v1.0 (HydroSHEDS),LineString,OBSERVED HYDROGRAPHIC NETWORK · WWF / HydroSHEDS
40652319,40652628,41067217,3.61,2.51,145.1,3,HydroRIVERS v1.0 (HydroSHEDS),LineString,OBSERVED HYDROGRAPHIC NETWORK · WWF / HydroSHEDS
40652320,40652628,41067217,3.62,0.299,16.6,4,HydroRIVERS v1.0 (HydroSHEDS),LineString,OBSERVED HYDROGRAPHIC NETWORK · WWF / HydroSHEDS
40652321,40651853,41067217,3.03,1.787,92.0,3,HydroRIVERS v1.0 (HydroSHEDS),LineString,OBSERVED HYDROGRAPHIC NETWORK · WWF / HydroSHEDS
40652322,40654451,41067217,1.07,3.373,160.7,5,HydroRIVERS v1.0 (HydroSHEDS),LineString,OBSERVED HYDROGRAPHIC NETWORK · WWF / HydroSHEDS
40652323,40654451,41067217,1.39,0.214,10.0,6,HydroRIVERS v1.0 (HydroSHEDS),LineString,OBSERVED HYDROGRAPHIC NETWORK · WWF / HydroSHEDS
40652324,40652632,41067217,2.0,83.435,3814.9,4,HydroRIVERS v1.0 (HydroSHEDS),LineString,OBSERVED HYDROGRAPHIC NETWORK · WWF / HydroSHEDS
40652325,40652942,41067217,2.87,0.359,12.2,6,HydroRIVERS v1.0 (HydroSHEDS),LineString,OBSERVED HYDROGRAPHIC NETWORK · WWF / HydroSHEDS
40652326,40653098,41067217,3.87,0.393,11.4,4,HydroRIVERS v1.0 (HydroSHEDS),LineString,OBSERVED HYDROGRAPHIC NETWORK · WWF / HydroSHEDS
40652473,40651853,41067217,2.45,0.207,10.9,4,HydroRIVERS v1.0 (HydroSHEDS),LineString,OBSERVED HYDROGRAPHIC NETWORK · WWF / HydroSHEDS
40652474,40652321,41067217,1.8,1.338,68.6,3,HydroRIVERS v1.0 (HydroSHEDS),LineString,OBSERVED HYDROGRAPHIC NETWORK · WWF / HydroSHEDS
40652475,40652474,41067217,6.59,0.566,28.9,3,HydroRIVERS v1.0 (HydroSHEDS),LineString,OBSERVED HYDROGRAPHIC NETWORK · WWF / HydroSHEDS
40652476,40652028,41067217,2.48,4.164,118.0,5,HydroRIVERS v1.0 (HydroSHEDS),LineString,OBSERVED HYDROGRAPHIC NETWORK · WWF / HydroSHEDS
40652477,40652476,41067217,1.49,0.242,7.2,6,HydroRIVERS v1.0 (HydroSHEDS),LineString,OBSERVED HYDROGRAPHIC NETWORK · WWF / HydroSHEDS
40652478,40652792,41067217,2.29,0.713,20.3,5,HydroRIVERS v1.0 (HydroSHEDS),LineString,OBSERVED HYDROGRAPHIC NETWORK · WWF / HydroSHEDS
40652479,40652945,41067217,2.93,23.137,637.3,4,HydroRIVERS v1.0 (HydroSHEDS),LineString,OBSERVED HYDROGRAPHIC NETWORK · WWF / HydroSHEDS
40652480,40652172,41067217,6.94,1.708,49.2,4,HydroRIVERS v1.0 (HydroSHEDS),LineString,OBSERVED HYDROGRAPHIC NETWORK · WWF / HydroSHEDS
40652481,40652636,41067217,1.22,2.449,70.6,4,HydroRIVERS v1.0 (HydroSHEDS),LineString,OBSERVED HYDROGRAPHIC NETWORK · WWF / HydroSHEDS
40652482,40652638,41067217,3.77,0.491,14.2,5,HydroRIVERS v1.0 (HydroSHEDS),LineString,OBSERVED HYDROGRAPHIC NETWORK · WWF / HydroSHEDS
40652628,40653527,41067217,3.06,2.935,168.7,3,HydroRIVERS v1.0 (HydroSHEDS),LineString,OBSERVED HYDROGRAPHIC NETWORK · WWF / HydroSHEDS
40652629,40653527,41067217,3.21,0.296,16.2,4,HydroRIVERS v1.0 (HydroSHEDS),LineString,OBSERVED HYDROGRAPHIC NETWORK · WWF / HydroSHEDS
40652630,40652790,41067217,3.64,14.913,752.8,3,HydroRIVERS v1.0 (HydroSHEDS),LineString,OBSERVED HYDROGRAPHIC NETWORK · WWF / HydroSHEDS
40652631,40653235,41067217,5.93,0.336,15.3,5,HydroRIVERS v1.0 (HydroSHEDS),LineString,OBSERVED HYDROGRAPHIC NETWORK · WWF / HydroSHEDS
40652632,40653235,41067217,1.07,83.763,3829.5,4,HydroRIVERS v1.0 (HydroSHEDS),LineString,OBSERVED HYDROGRAPHIC NETWORK · WWF / HydroSHEDS
40652633,40652632,41067217,4.13,0.303,13.5,5,HydroRIVERS v1.0 (HydroSHEDS),LineString,OBSERVED HYDROGRAPHIC NETWORK · WWF / HydroSHEDS
40652634,40652945,41067217,7.8,1.15,32.8,5,HydroRIVERS v1.0 (HydroSHEDS),LineString,OBSERVED HYDROGRAPHIC NETWORK · WWF / HydroSHEDS
40652635,40652634,41067217,3.3,0.366,10.5,5,HydroRIVERS v1.0 (HydroSHEDS),LineString,OBSERVED HYDROGRAPHIC NETWORK · WWF / HydroSHEDS
40652636,40652637,41067217,1.8,2.955,85.2,4,HydroRIVERS v1.0 (HydroSHEDS),LineString,OBSERVED HYDROGRAPHIC NETWORK · WWF / HydroSHEDS
40652637,40652638,41067217,1.8,3.73,107.5,4,HydroRIVERS v1.0 (HydroSHEDS),LineString,OBSERVED HYDROGRAPHIC NETWORK · WWF / HydroSHEDS
40652638,40654776,41067217,0.61,4.227,121.8,4,HydroRIVERS v1.0 (HydroSHEDS),LineString,OBSERVED HYDROGRAPHIC NETWORK · WWF / HydroSHEDS
40652787,40651851,41067217,7.47,0.609,35.6,3,HydroRIVERS v1.0 (HydroSHEDS),LineString,OBSERVED HYDROGRAPHIC NETWORK · WWF / HydroSHEDS
40652788,40653089,41067217,1.38,0.177,9.6,3,HydroRIVERS v1.0 (HydroSHEDS),LineString,OBSERVED HYDROGRAPHIC NETWORK · WWF / HydroSHEDS
40652789,40653089,41067217,4.53,76.266,4292.4,2,HydroRIVERS v1.0 (HydroSHEDS),LineString,OBSERVED HYDROGRAPHIC NETWORK · WWF / HydroSHEDS
40652790,40653094,41067217,3.42,15.454,778.0,3,HydroRIVERS v1.0 (HydroSHEDS),LineString,OBSERVED HYDROGRAPHIC NETWORK · WWF / HydroSHEDS
40652791,40652028,41067217,4.16,0.639,19.7,6,HydroRIVERS v1.0 (HydroSHEDS),LineString,OBSERVED HYDROGRAPHIC NETWORK · WWF / HydroSHEDS
40652792,40653096,41067217,2.02,1.379,38.9,5,HydroRIVERS v1.0 (HydroSHEDS),LineString,OBSERVED HYDROGRAPHIC NETWORK · WWF / HydroSHEDS
40652793,40653097,41067217,1.31,0.17,4.8,6,HydroRIVERS v1.0 (HydroSHEDS),LineString,OBSERVED HYDROGRAPHIC NETWORK · WWF / HydroSHEDS
40652794,40652634,41067217,2.0,0.238,6.8,6,HydroRIVERS v1.0 (HydroSHEDS),LineString,OBSERVED HYDROGRAPHIC NETWORK · WWF / HydroSHEDS
40652795,40652636,41067217,1.93,0.339,9.8,5,HydroRIVERS v1.0 (HydroSHEDS),LineString,OBSERVED HYDROGRAPHIC NETWORK · WWF / HydroSHEDS
40652940,40652474,41067217,1.69,0.611,31.4,4,HydroRIVERS v1.0 (HydroSHEDS),LineString,OBSERVED HYDROGRAPHIC NETWORK · WWF / HydroSHEDS
40652941,40653388,41067217,2.46,2.145,81.3,5,HydroRIVERS v1.0 (HydroSHEDS),LineString,OBSERVED HYDROGRAPHIC NETWORK · WWF / HydroSHEDS
40652942,40653388,41067217,4.46,1.212,42.0,6,HydroRIVERS v1.0 (HydroSHEDS),LineString,OBSERVED HYDROGRAPHIC NETWORK · WWF / HydroSHEDS
40652943,40652792,41067217,2.43,0.449,12.7,6,HydroRIVERS v1.0 (HydroSHEDS),LineString,OBSERVED HYDROGRAPHIC NETWORK · WWF / HydroSHEDS
40652944,40653390,41067217,0.92,0.152,4.2,6,HydroRIVERS v1.0 (HydroSHEDS),LineString,OBSERVED HYDROGRAPHIC NETWORK · WWF / HydroSHEDS
40652945,40653671,41067217,1.39,24.52,672.7,4,HydroRIVERS v1.0 (HydroSHEDS),LineString,OBSERVED HYDROGRAPHIC NETWORK · WWF / HydroSHEDS
40652946,40654776,41067217,1.16,0.128,3.7,5,HydroRIVERS v1.0 (HydroSHEDS),LineString,OBSERVED HYDROGRAPHIC NETWORK · WWF / HydroSHEDS
40653089,40653230,41067217,0.93,76.495,4304.8,2,HydroRIVERS v1.0 (HydroSHEDS),LineString,OBSERVED HYDROGRAPHIC NETWORK · WWF / HydroSHEDS
40653090,40653091,41067217,5.53,0.603,30.2,4,HydroRIVERS v1.0 (HydroSHEDS),LineString,OBSERVED HYDROGRAPHIC NETWORK · WWF / HydroSHEDS
40653091,40653528,41067217,1.59,0.816,40.8,4,HydroRIVERS v1.0 (HydroSHEDS),LineString,OBSERVED HYDROGRAPHIC NETWORK · WWF / HydroSHEDS
40653092,40653528,41067217,6.22,0.501,25.1,5,HydroRIVERS v1.0 (HydroSHEDS),LineString,OBSERVED HYDROGRAPHIC NETWORK · WWF / HydroSHEDS
40653093,40654939,41067217,4.59,4.358,219.1,4,HydroRIVERS v1.0 (HydroSHEDS),LineString,OBSERVED HYDROGRAPHIC NETWORK · WWF / HydroSHEDS
40653094,40654939,41067217,3.21,16.119,809.4,3,HydroRIVERS v1.0 (HydroSHEDS),LineString,OBSERVED HYDROGRAPHIC NETWORK · WWF / HydroSHEDS
40653095,40652167,41067217,4.37,0.346,16.6,4,HydroRIVERS v1.0 (HydroSHEDS),LineString,OBSERVED HYDROGRAPHIC NETWORK · WWF / HydroSHEDS
40653096,40653097,41067217,4.43,2.478,68.8,5,HydroRIVERS v1.0 (HydroSHEDS),LineString,OBSERVED HYDROGRAPHIC NETWORK · WWF / HydroSHEDS
40653097,40653390,41067217,2.23,2.927,80.8,5,HydroRIVERS v1.0 (HydroSHEDS),LineString,OBSERVED HYDROGRAPHIC NETWORK · WWF / HydroSHEDS
40653230,40653980,41067217,0.61,76.675,4314.3,2,HydroRIVERS v1.0 (HydroSHEDS),LineString,OBSERVED HYDROGRAPHIC NETWORK · WWF / HydroSHEDS
40653231,40653230,41067217,2.0,0.17,9.0,3,HydroRIVERS v1.0 (HydroSHEDS),LineString,OBSERVED HYDROGRAPHIC NETWORK · WWF / HydroSHEDS
40653232,40652940,41067217,1.38,0.182,9.4,5,HydroRIVERS v1.0 (HydroSHEDS),LineString,OBSERVED HYDROGRAPHIC NETWORK · WWF / HydroSHEDS
40653233,40652940,41067217,3.01,0.354,18.1,4,HydroRIVERS v1.0 (HydroSHEDS),LineString,OBSERVED HYDROGRAPHIC NETWORK · WWF / HydroSHEDS
40653234,40652024,41067217,6.16,0.405,19.4,4,HydroRIVERS v1.0 (HydroSHEDS),LineString,OBSERVED HYDROGRAPHIC NETWORK · WWF / HydroSHEDS
40653235,40653985,41067217,1.85,84.209,3849.7,4,HydroRIVERS v1.0 (HydroSHEDS),LineString,OBSERVED HYDROGRAPHIC NETWORK · WWF / HydroSHEDS
40653236,40654140,41067217,9.34,0.736,31.3,6,HydroRIVERS v1.0 (HydroSHEDS),LineString,OBSERVED HYDROGRAPHIC NETWORK · WWF / HydroSHEDS
40653237,40653384,41067217,0.92,0.118,5.0,6,HydroRIVERS v1.0 (HydroSHEDS),LineString,OBSERVED HYDROGRAPHIC NETWORK · WWF / HydroSHEDS
40653238,40652476,41067217,3.05,3.584,101.8,5,HydroRIVERS v1.0 (HydroSHEDS),LineString,OBSERVED HYDROGRAPHIC NETWORK · WWF / HydroSHEDS
40653239,40653238,41067217,7.0,1.104,31.9,6,HydroRIVERS v1.0 (HydroSHEDS),LineString,OBSERVED HYDROGRAPHIC NETWORK · WWF / HydroSHEDS
40653240,40653241,41067217,7.16,0.878,24.3,6,HydroRIVERS v1.0 (HydroSHEDS),LineString,OBSERVED HYDROGRAPHIC NETWORK · WWF / HydroSHEDS
40653241,40653670,41067217,0.8,8.153,218.9,5,HydroRIVERS v1.0 (HydroSHEDS),LineString,OBSERVED HYDROGRAPHIC NETWORK · WWF / HydroSHEDS
40653242,40653670,41067217,1.16,0.119,3.3,6,HydroRIVERS v1.0 (HydroSHEDS),LineString,OBSERVED HYDROGRAPHIC NETWORK · WWF / HydroSHEDS
40653379,40653980,41067217,0.92,0.104,5.5,3,HydroRIVERS v1.0 (HydroSHEDS),LineString,OBSERVED HYDROGRAPHIC NETWORK · WWF / HydroSHEDS
40653380,40652321,41067217,4.29,0.315,16.4,4,HydroRIVERS v1.0 (HydroSHEDS),LineString,OBSERVED HYDROGRAPHIC NETWORK · WWF / HydroSHEDS
40653381,40653091,41067217,1.16,0.141,7.0,5,HydroRIVERS v1.0 (HydroSHEDS),LineString,OBSERVED HYDROGRAPHIC NETWORK · WWF / HydroSHEDS
40653382,40653094,41067217,2.75,0.211,10.1,4,HydroRIVERS v1.0 (HydroSHEDS),LineString,OBSERVED HYDROGRAPHIC NETWORK · WWF / HydroSHEDS
40653383,40652790,41067217,3.61,0.354,17.0,4,HydroRIVERS v1.0 (HydroSHEDS),LineString,OBSERVED HYDROGRAPHIC NETWORK · WWF / HydroSHEDS
40653384,40653531,41067217,2.6,2.43,99.2,5,HydroRIVERS v1.0 (HydroSHEDS),LineString,OBSERVED HYDROGRAPHIC NETWORK · WWF / HydroSHEDS
40653385,40653384,41067217,2.6,2.165,88.0,5,HydroRIVERS v1.0 (HydroSHEDS),LineString,OBSERVED HYDROGRAPHIC NETWORK · WWF / HydroSHEDS
40653386,40653385,41067217,1.19,1.648,66.6,5,HydroRIVERS v1.0 (HydroSHEDS),LineString,OBSERVED HYDROGRAPHIC NETWORK · WWF / HydroSHEDS
40653387,40653386,41067217,6.05,0.57,23.2,6,HydroRIVERS v1.0 (HydroSHEDS),LineString,OBSERVED HYDROGRAPHIC NETWORK · WWF / HydroSHEDS
40653388,40654456,41067217,1.54,3.481,127.7,5,HydroRIVERS v1.0 (HydroSHEDS),LineString,OBSERVED HYDROGRAPHIC NETWORK · WWF / HydroSHEDS
40653389,40653096,41067217,2.6,0.386,10.9,6,HydroRIVERS v1.0 (HydroSHEDS),LineString,OBSERVED HYDROGRAPHIC NETWORK · WWF / HydroSHEDS
40653390,40653391,41067217,6.64,4.039,109.2,5,HydroRIVERS v1.0 (HydroSHEDS),LineString,OBSERVED HYDROGRAPHIC NETWORK · WWF / HydroSHEDS
40653391,40653241,41067217,2.6,7.177,192.7,5,HydroRIVERS v1.0 (HydroSHEDS),LineString,OBSERVED HYDROGRAPHIC NETWORK · WWF / HydroSHEDS
40653527,40653979,41067217,4.31,3.433,195.9,3,HydroRIVERS v1.0 (HydroSHEDS),LineString,OBSERVED HYDROGRAPHIC NETWORK · WWF / HydroSHEDS
40653528,40653666,41067217,2.23,1.407,70.2,4,HydroRIVERS v1.0 (HydroSHEDS),LineString,OBSERVED HYDROGRAPHIC NETWORK · WWF / HydroSHEDS
40653529,40653666,41067217,0.69,0.116,5.7,5,HydroRIVERS v1.0 (HydroSHEDS),LineString,OBSERVED HYDROGRAPHIC NETWORK · WWF / HydroSHEDS
40653530,40654140,41067217,1.22,3.248,133.9,5,HydroRIVERS v1.0 (HydroSHEDS),LineString,OBSERVED HYDROGRAPHIC NETWORK · WWF / HydroSHEDS
40653531,40653530,41067217,1.8,3.05,125.4,5,HydroRIVERS v1.0 (HydroSHEDS),LineString,OBSERVED HYDROGRAPHIC NETWORK · WWF / HydroSHEDS
40653532,40653391,41067217,0.61,2.707,73.8,6,HydroRIVERS v1.0 (HydroSHEDS),LineString,OBSERVED HYDROGRAPHIC NETWORK · WWF / HydroSHEDS
40653666,40654938,41067217,0.61,1.554,77.4,4,HydroRIVERS v1.0 (HydroSHEDS),LineString,OBSERVED HYDROGRAPHIC NETWORK · WWF / HydroSHEDS
40653667,40653386,41067217,2.81,0.997,40.0,5,HydroRIVERS v1.0 (HydroSHEDS),LineString,OBSERVED HYDROGRAPHIC NETWORK · WWF / HydroSHEDS
40653668,40653667,41067217,3.6,0.337,13.5,5,HydroRIVERS v1.0 (HydroSHEDS),LineString,OBSERVED HYDROGRAPHIC NETWORK · WWF / HydroSHEDS
40653669,40653238,41067217,2.23,1.834,51.6,5,HydroRIVERS v1.0 (HydroSHEDS),LineString,OBSERVED HYDROGRAPHIC NETWORK · WWF / HydroSHEDS
40653670,40653818,41067217,5.02,9.203,243.1,5,HydroRIVERS v1.0 (HydroSHEDS),LineString,OBSERVED HYDROGRAPHIC NETWORK · WWF / HydroSHEDS
40653671,40653818,41067217,2.32,26.967,735.1,4,HydroRIVERS v1.0 (HydroSHEDS),LineString,OBSERVED HYDROGRAPHIC NETWORK · WWF / HydroSHEDS
40653812,40653813,41067217,1.53,0.197,11.1,5,HydroRIVERS v1.0 (HydroSHEDS),LineString,OBSERVED HYDROGRAPHIC NETWORK · WWF / HydroSHEDS
40653813,40653979,41067217,4.01,2.244,127.8,4,HydroRIVERS v1.0 (HydroSHEDS),LineString,OBSERVED HYDROGRAPHIC NETWORK · WWF / HydroSHEDS
40653814,40654938,41067217,1.21,0.131,6.5,5,HydroRIVERS v1.0 (HydroSHEDS),LineString,OBSERVED HYDROGRAPHIC NETWORK · WWF / HydroSHEDS
40653815,40653530,41067217,1.38,0.16,6.8,6,HydroRIVERS v1.0 (HydroSHEDS),LineString,OBSERVED HYDROGRAPHIC NETWORK · WWF / HydroSHEDS
40653816,40653667,41067217,1.01,0.429,17.2,6,HydroRIVERS v1.0 (HydroSHEDS),LineString,OBSERVED HYDROGRAPHIC NETWORK · WWF / HydroSHEDS
40653817,40653238,41067217,2.6,0.335,10.0,7,HydroRIVERS v1.0 (HydroSHEDS),LineString,OBSERVED HYDROGRAPHIC NETWORK · WWF / HydroSHEDS
40653818,40654947,41067217,0.61,36.298,979.8,4,HydroRIVERS v1.0 (HydroSHEDS),LineString,OBSERVED HYDROGRAPHIC NETWORK · WWF / HydroSHEDS
40653819,40654947,41067217,0.6,0.156,4.4,5,HydroRIVERS v1.0 (HydroSHEDS),LineString,OBSERVED HYDROGRAPHIC NETWORK · WWF / HydroSHEDS
40653820,40653671,41067217,8.04,1.979,56.4,5,HydroRIVERS v1.0 (HydroSHEDS),LineString,OBSERVED HYDROGRAPHIC NETWORK · WWF / HydroSHEDS
40653821,40654143,41067217,2.54,0.405,11.6,5,HydroRIVERS v1.0 (HydroSHEDS),LineString,OBSERVED HYDROGRAPHIC NETWORK · WWF / HydroSHEDS
40653822,40654143,41067217,0.6,0.199,5.7,6,HydroRIVERS v1.0 (HydroSHEDS),LineString,OBSERVED HYDROGRAPHIC NETWORK · WWF / HydroSHEDS
40653823,40652637,41067217,4.31,0.589,17.0,5,HydroRIVERS v1.0 (HydroSHEDS),LineString,OBSERVED HYDROGRAPHIC NETWORK · WWF / HydroSHEDS
40653979,40654937,41067217,2.63,5.765,328.6,3,HydroRIVERS v1.0 (HydroSHEDS),LineString,OBSERVED HYDROGRAPHIC NETWORK · WWF / HydroSHEDS
40653980,40654937,41067217,3.31,76.939,4328.5,2,HydroRIVERS v1.0 (HydroSHEDS),LineString,OBSERVED HYDROGRAPHIC NETWORK · WWF / HydroSHEDS
40653981,40654940,41067217,3.76,0.304,14.4,6,HydroRIVERS v1.0 (HydroSHEDS),LineString,OBSERVED HYDROGRAPHIC NETWORK · WWF / HydroSHEDS
40653982,40654940,41067217,5.38,0.331,15.7,5,HydroRIVERS v1.0 (HydroSHEDS),LineString,OBSERVED HYDROGRAPHIC NETWORK · WWF / HydroSHEDS
40653983,40654454,41067217,1.38,0.192,8.7,5,HydroRIVERS v1.0 (HydroSHEDS),LineString,OBSERVED HYDROGRAPHIC NETWORK · WWF / HydroSHEDS
40653984,40654454,41067217,0.4,90.913,4134.7,4,HydroRIVERS v1.0 (HydroSHEDS),LineString,OBSERVED HYDROGRAPHIC NETWORK · WWF / HydroSHEDS
40653985,40653984,41067217,3.45,89.974,4093.0,4,HydroRIVERS v1.0 (HydroSHEDS),LineString,OBSERVED HYDROGRAPHIC NETWORK · WWF / HydroSHEDS
40653986,40653816,41067217,1.21,0.144,5.7,7,HydroRIVERS v1.0 (HydroSHEDS),LineString,OBSERVED HYDROGRAPHIC NETWORK · WWF / HydroSHEDS
40653987,40654942,41067217,1.53,0.267,10.3,6,HydroRIVERS v1.0 (HydroSHEDS),LineString,OBSERVED HYDROGRAPHIC NETWORK · WWF / HydroSHEDS
40653988,40654942,41067217,2.23,0.258,9.8,7,HydroRIVERS v1.0 (HydroSHEDS),LineString,OBSERVED HYDROGRAPHIC NETWORK · WWF / HydroSHEDS
40653989,40653669,41067217,4.01,1.384,38.9,5,HydroRIVERS v1.0 (HydroSHEDS),LineString,OBSERVED HYDROGRAPHIC NETWORK · WWF / HydroSHEDS
40653990,40653989,41067217,1.62,0.314,9.0,6,HydroRIVERS v1.0 (HydroSHEDS),LineString,OBSERVED HYDROGRAPHIC NETWORK · WWF / HydroSHEDS
40653991,40653820,41067217,0.92,0.142,4.1,6,HydroRIVERS v1.0 (HydroSHEDS),LineString,OBSERVED HYDROGRAPHIC NETWORK · WWF / HydroSHEDS
40654138,40654450,41067217,5.24,0.436,25.8,5,HydroRIVERS v1.0 (HydroSHEDS),LineString,OBSERVED HYDROGRAPHIC NETWORK · WWF / HydroSHEDS
40654139,40653985,41067217,5.51,5.567,234.4,5,HydroRIVERS v1.0 (HydroSHEDS),LineString,OBSERVED HYDROGRAPHIC NETWORK · WWF / HydroSHEDS
40654140,40654139,41067217,5.66,4.462,186.1,5,HydroRIVERS v1.0 (HydroSHEDS),LineString,OBSERVED HYDROGRAPHIC NETWORK · WWF / HydroSHEDS
40654141,40653816,41067217,1.38,0.193,7.7,6,HydroRIVERS v1.0 (HydroSHEDS),LineString,OBSERVED HYDROGRAPHIC NETWORK · WWF / HydroSHEDS
40654142,40653532,41067217,2.45,0.445,12.4,7,HydroRIVERS v1.0 (HydroSHEDS),LineString,OBSERVED HYDROGRAPHIC NETWORK · WWF / HydroSHEDS
40654143,40653820,41067217,4.43,1.042,29.9,5,HydroRIVERS v1.0 (HydroSHEDS),LineString,OBSERVED HYDROGRAPHIC NETWORK · WWF / HydroSHEDS
40654296,40653813,41067217,1.69,1.85,105.9,4,HydroRIVERS v1.0 (HydroSHEDS),LineString,OBSERVED HYDROGRAPHIC NETWORK · WWF / HydroSHEDS
40654297,40655090,41067217,0.92,0.109,5.2,6,HydroRIVERS v1.0 (HydroSHEDS),LineString,OBSERVED HYDROGRAPHIC NETWORK · WWF / HydroSHEDS
40654298,40655090,41067217,0.69,0.16,7.6,5,HydroRIVERS v1.0 (HydroSHEDS),LineString,OBSERVED HYDROGRAPHIC NETWORK · WWF / HydroSHEDS
40654299,40654456,41067217,8.55,0.83,28.8,6,HydroRIVERS v1.0 (HydroSHEDS),LineString,OBSERVED HYDROGRAPHIC NETWORK · WWF / HydroSHEDS
40654300,40653669,41067217,3.18,0.312,9.0,6,HydroRIVERS v1.0 (HydroSHEDS),LineString,OBSERVED HYDROGRAPHIC NETWORK · WWF / HydroSHEDS
40654301,40654775,41067217,0.69,0.256,7.4,7,HydroRIVERS v1.0 (HydroSHEDS),LineString,OBSERVED HYDROGRAPHIC NETWORK · WWF / HydroSHEDS
40654451,40655406,41067217,7.22,4.171,197.4,5,HydroRIVERS v1.0 (HydroSHEDS),LineString,OBSERVED HYDROGRAPHIC NETWORK · WWF / HydroSHEDS
40654452,40655406,41067217,2.42,94.248,4279.0,4,HydroRIVERS v1.0 (HydroSHEDS),LineString,OBSERVED HYDROGRAPHIC NETWORK · WWF / HydroSHEDS
40654453,40654452,41067217,8.11,0.711,32.6,5,HydroRIVERS v1.0 (HydroSHEDS),LineString,OBSERVED HYDROGRAPHIC NETWORK · WWF / HydroSHEDS
40654454,40654620,41067217,3.03,91.225,4148.7,4,HydroRIVERS v1.0 (HydroSHEDS),LineString,OBSERVED HYDROGRAPHIC NETWORK · WWF / HydroSHEDS
40654455,40653531,41067217,4.32,0.529,22.3,6,HydroRIVERS v1.0 (HydroSHEDS),LineString,OBSERVED HYDROGRAPHIC NETWORK · WWF / HydroSHEDS
40654456,40654943,41067217,4.53,4.8,174.4,5,HydroRIVERS v1.0 (HydroSHEDS),LineString,OBSERVED HYDROGRAPHIC NETWORK · WWF / HydroSHEDS
40654457,40654775,41067217,1.21,0.128,3.7,6,HydroRIVERS v1.0 (HydroSHEDS),LineString,OBSERVED HYDROGRAPHIC NETWORK · WWF / HydroSHEDS
40654617,40655085,41067217,0.92,0.117,6.8,5,HydroRIVERS v1.0 (HydroSHEDS),LineString,OBSERVED HYDROGRAPHIC NETWORK · WWF / HydroSHEDS
40654618,40654296,41067217,1.22,1.555,89.5,4,HydroRIVERS v1.0 (HydroSHEDS),LineString,OBSERVED HYDROGRAPHIC NETWORK · WWF / HydroSHEDS
40654619,40655094,41067217,3.53,0.239,10.9,5,HydroRIVERS v1.0 (HydroSHEDS),LineString,OBSERVED HYDROGRAPHIC NETWORK · WWF / HydroSHEDS
40654620,40655094,41067217,1.41,91.57,4164.2,4,HydroRIVERS v1.0 (HydroSHEDS),LineString,OBSERVED HYDROGRAPHIC NETWORK · WWF / HydroSHEDS
40654621,40654139,41067217,2.48,0.583,25.3,6,HydroRIVERS v1.0 (HydroSHEDS),LineString,OBSERVED HYDROGRAPHIC NETWORK · WWF / HydroSHEDS
40654622,40653989,41067217,4.55,0.776,22.0,5,HydroRIVERS v1.0 (HydroSHEDS),LineString,OBSERVED HYDROGRAPHIC NETWORK · WWF / HydroSHEDS
40654766,40655085,41067217,1.61,0.145,8.5,4,HydroRIVERS v1.0 (HydroSHEDS),LineString,OBSERVED HYDROGRAPHIC NETWORK · WWF / HydroSHEDS
40654767,40654618,41067217,0.69,0.115,6.5,5,HydroRIVERS v1.0 (HydroSHEDS),LineString,OBSERVED HYDROGRAPHIC NETWORK · WWF / HydroSHEDS
40654768,40656140,41067217,2.32,0.183,9.2,6,HydroRIVERS v1.0 (HydroSHEDS),LineString,OBSERVED HYDROGRAPHIC NETWORK · WWF / HydroSHEDS
40654769,40656140,41067217,3.31,0.316,15.9,5,HydroRIVERS v1.0 (HydroSHEDS),LineString,OBSERVED HYDROGRAPHIC NETWORK · WWF / HydroSHEDS
40654770,40654621,41067217,0.69,0.178,7.8,6,HydroRIVERS v1.0 (HydroSHEDS),LineString,OBSERVED HYDROGRAPHIC NETWORK · WWF / HydroSHEDS
40654771,40654621,41067217,0.92,0.248,10.7,7,HydroRIVERS v1.0 (HydroSHEDS),LineString,OBSERVED HYDROGRAPHIC NETWORK · WWF / HydroSHEDS
40654772,40654943,41067217,1.93,0.132,4.8,6,HydroRIVERS v1.0 (HydroSHEDS),LineString,OBSERVED HYDROGRAPHIC NETWORK · WWF / HydroSHEDS
40654773,40654774,41067217,0.69,0.164,4.6,7,HydroRIVERS v1.0 (HydroSHEDS),LineString,OBSERVED HYDROGRAPHIC NETWORK · WWF / HydroSHEDS
40654774,40653532,41067217,10.74,2.236,60.9,6,HydroRIVERS v1.0 (HydroSHEDS),LineString,OBSERVED HYDROGRAPHIC NETWORK · WWF / HydroSHEDS
40654775,40655250,41067217,1.54,0.583,16.8,6,HydroRIVERS v1.0 (HydroSHEDS),LineString,OBSERVED HYDROGRAPHIC NETWORK · WWF / HydroSHEDS
40654776,40656145,41067217,12.96,5.984,172.6,4,HydroRIVERS v1.0 (HydroSHEDS),LineString,OBSERVED HYDROGRAPHIC NETWORK · WWF / HydroSHEDS
40654933,40654934,41067217,2.6,0.193,11.1,5,HydroRIVERS v1.0 (HydroSHEDS),LineString,OBSERVED HYDROGRAPHIC NETWORK · WWF / HydroSHEDS
40654934,40654935,41067217,0.8,1.047,60.7,4,HydroRIVERS v1.0 (HydroSHEDS),LineString,OBSERVED HYDROGRAPHIC NETWORK · WWF / HydroSHEDS
40654935,40654618,41067217,2.81,1.417,81.7,4,HydroRIVERS v1.0 (HydroSHEDS),LineString,OBSERVED HYDROGRAPHIC NETWORK · WWF / HydroSHEDS
40654936,40654296,41067217,2.78,0.242,13.5,5,HydroRIVERS v1.0 (HydroSHEDS),LineString,OBSERVED HYDROGRAPHIC NETWORK · WWF / HydroSHEDS
40654937,40655541,41067217,4.02,83.012,4673.9,2,HydroRIVERS v1.0 (HydroSHEDS),LineString,OBSERVED HYDROGRAPHIC NETWORK · WWF / HydroSHEDS
40654938,40655245,41067217,5.89,1.986,98.5,4,HydroRIVERS v1.0 (HydroSHEDS),LineString,OBSERVED HYDROGRAPHIC NETWORK · WWF / HydroSHEDS
40654939,40655245,41067217,7.29,21.091,1056.3,3,HydroRIVERS v1.0 (HydroSHEDS),LineString,OBSERVED HYDROGRAPHIC NETWORK · WWF / HydroSHEDS
40654940,40655091,41067217,3.08,0.84,39.6,5,HydroRIVERS v1.0 (HydroSHEDS),LineString,OBSERVED HYDROGRAPHIC NETWORK · WWF / HydroSHEDS
40654941,40653385,41067217,4.87,0.327,13.5,6,HydroRIVERS v1.0 (HydroSHEDS),LineString,OBSERVED HYDROGRAPHIC NETWORK · WWF / HydroSHEDS
40654942,40655247,41067217,3.77,0.831,31.9,6,HydroRIVERS v1.0 (HydroSHEDS),LineString,OBSERVED HYDROGRAPHIC NETWORK · WWF / HydroSHEDS
40654943,40655247,41067217,2.63,5.189,188.8,5,HydroRIVERS v1.0 (HydroSHEDS),LineString,OBSERVED HYDROGRAPHIC NETWORK · WWF / HydroSHEDS
40654944,40655096,41067217,2.4,0.255,8.3,5,HydroRIVERS v1.0 (HydroSHEDS),LineString,OBSERVED HYDROGRAPHIC NETWORK · WWF / HydroSHEDS
40654945,40655096,41067217,5.36,0.619,19.9,4,HydroRIVERS v1.0 (HydroSHEDS),LineString,OBSERVED HYDROGRAPHIC NETWORK · WWF / HydroSHEDS
40654946,40655248,41067217,5.4,0.915,25.3,5,HydroRIVERS v1.0 (HydroSHEDS),LineString,OBSERVED HYDROGRAPHIC NETWORK · WWF / HydroSHEDS
40654947,40655248,41067217,3.39,37.39,996.8,4,HydroRIVERS v1.0 (HydroSHEDS),LineString,OBSERVED HYDROGRAPHIC NETWORK · WWF / HydroSHEDS
40655085,40655086,41067217,2.63,0.361,21.0,4,HydroRIVERS v1.0 (HydroSHEDS),LineString,OBSERVED HYDROGRAPHIC NETWORK · WWF / HydroSHEDS
40655086,40654934,41067217,2.2,0.831,48.3,4,HydroRIVERS v1.0 (HydroSHEDS),LineString,OBSERVED HYDROGRAPHIC NETWORK · WWF / HydroSHEDS
40655087,40654935,41067217,0.69,0.126,7.2,5,HydroRIVERS v1.0 (HydroSHEDS),LineString,OBSERVED HYDROGRAPHIC NETWORK · WWF / HydroSHEDS
40655088,40655865,41067217,1.79,0.168,7.9,7,HydroRIVERS v1.0 (HydroSHEDS),LineString,OBSERVED HYDROGRAPHIC NETWORK · WWF / HydroSHEDS
40655089,40655865,41067217,2.99,0.32,15.1,6,HydroRIVERS v1.0 (HydroSHEDS),LineString,OBSERVED HYDROGRAPHIC NETWORK · WWF / HydroSHEDS
40655090,40656711,41067217,4.25,0.601,28.2,5,HydroRIVERS v1.0 (HydroSHEDS),LineString,OBSERVED HYDROGRAPHIC NETWORK · WWF / HydroSHEDS
40655091,40656711,41067217,1.01,102.632,4650.5,4,HydroRIVERS v1.0 (HydroSHEDS),LineString,OBSERVED HYDROGRAPHIC NETWORK · WWF / HydroSHEDS
40655092,40655246,41067217,11.21,0.915,43.0,5,HydroRIVERS v1.0 (HydroSHEDS),LineString,OBSERVED HYDROGRAPHIC NETWORK · WWF / HydroSHEDS
40655093,40654452,41067217,5.23,93.319,4239.9,4,HydroRIVERS v1.0 (HydroSHEDS),LineString,OBSERVED HYDROGRAPHIC NETWORK · WWF / HydroSHEDS
40655094,40655093,41067217,3.43,92.153,4190.6,4,HydroRIVERS v1.0 (HydroSHEDS),LineString,OBSERVED HYDROGRAPHIC NETWORK · WWF / HydroSHEDS
40655095,40653984,41067217,3.69,0.915,40.6,5,HydroRIVERS v1.0 (HydroSHEDS),LineString,OBSERVED HYDROGRAPHIC NETWORK · WWF / HydroSHEDS
40655096,40658802,41067217,0.46,0.882,28.4,4,HydroRIVERS v1.0 (HydroSHEDS),LineString,OBSERVED HYDROGRAPHIC NETWORK · WWF / HydroSHEDS
40655097,40658802,41067217,4.14,0.577,18.1,5,HydroRIVERS v1.0 (HydroSHEDS),LineString,OBSERVED HYDROGRAPHIC NETWORK · WWF / HydroSHEDS
40655098,40654774,41067217,1.82,0.451,12.7,6,HydroRIVERS v1.0 (HydroSHEDS),LineString,OBSERVED HYDROGRAPHIC NETWORK · WWF / HydroSHEDS
40655245,40655544,41067217,1.07,23.115,1156.2,3,HydroRIVERS v1.0 (HydroSHEDS),LineString,OBSERVED HYDROGRAPHIC NETWORK · WWF / HydroSHEDS
40655246,40655091,41067217,5.42,101.743,4610.1,4,HydroRIVERS v1.0 (HydroSHEDS),LineString,OBSERVED HYDROGRAPHIC NETWORK · WWF / HydroSHEDS
40655247,40656144,41067217,1.22,6.133,224.9,5,HydroRIVERS v1.0 (HydroSHEDS),LineString,OBSERVED HYDROGRAPHIC NETWORK · WWF / HydroSHEDS
40655248,40656720,41067217,0.93,38.496,1023.3,4,HydroRIVERS v1.0 (HydroSHEDS),LineString,OBSERVED HYDROGRAPHIC NETWORK · WWF / HydroSHEDS
40655249,40656720,41067217,1.61,0.227,6.5,5,HydroRIVERS v1.0 (HydroSHEDS),LineString,OBSERVED HYDROGRAPHIC NETWORK · WWF / HydroSHEDS
40655250,40655728,41067217,3.43,1.749,50.6,5,HydroRIVERS v1.0 (HydroSHEDS),LineString,OBSERVED HYDROGRAPHIC NETWORK · WWF / HydroSHEDS
40655400,40655864,41067217,4.24,0.381,19.7,3,HydroRIVERS v1.0 (HydroSHEDS),LineString,OBSERVED HYDROGRAPHIC NETWORK · WWF / HydroSHEDS
40655401,40655864,41067217,0.6,0.11,5.7,4,HydroRIVERS v1.0 (HydroSHEDS),LineString,OBSERVED HYDROGRAPHIC NETWORK · WWF / HydroSHEDS
40655402,40655723,41067217,0.69,0.123,5.9,5,HydroRIVERS v1.0 (HydroSHEDS),LineString,OBSERVED HYDROGRAPHIC NETWORK · WWF / HydroSHEDS
40655403,40655723,41067217,2.79,0.855,40.6,4,HydroRIVERS v1.0 (HydroSHEDS),LineString,OBSERVED HYDROGRAPHIC NETWORK · WWF / HydroSHEDS
40655404,40655403,41067217,1.31,0.205,9.8,5,HydroRIVERS v1.0 (HydroSHEDS),LineString,OBSERVED HYDROGRAPHIC NETWORK · WWF / HydroSHEDS
40655405,40655246,41067217,3.64,100.231,4548.7,4,HydroRIVERS v1.0 (HydroSHEDS),LineString,OBSERVED HYDROGRAPHIC NETWORK · WWF / HydroSHEDS
40655406,40655405,41067217,3.92,98.845,4490.7,4,HydroRIVERS v1.0 (HydroSHEDS),LineString,OBSERVED HYDROGRAPHIC NETWORK · WWF / HydroSHEDS
40655407,40654620,41067217,3.85,0.26,11.6,5,HydroRIVERS v1.0 (HydroSHEDS),LineString,OBSERVED HYDROGRAPHIC NETWORK · WWF / HydroSHEDS
40655408,40656144,41067217,1.31,0.186,7.0,6,HydroRIVERS v1.0 (HydroSHEDS),LineString,OBSERVED HYDROGRAPHIC NETWORK · WWF / HydroSHEDS
40655409,40655250,41067217,2.44,0.73,21.2,5,HydroRIVERS v1.0 (HydroSHEDS),LineString,OBSERVED HYDROGRAPHIC NETWORK · WWF / HydroSHEDS
40655540,40655086,41067217,2.71,0.329,19.2,5,HydroRIVERS v1.0 (HydroSHEDS),LineString,OBSERVED HYDROGRAPHIC NETWORK · WWF / HydroSHEDS
40655541,40655863,41067217,3.49,83.593,4705.5,2,HydroRIVERS v1.0 (HydroSHEDS),LineString,OBSERVED HYDROGRAPHIC NETWORK · WWF / HydroSHEDS
40655542,40655863,41067217,3.5,0.255,13.5,3,HydroRIVERS v1.0 (HydroSHEDS),LineString,OBSERVED HYDROGRAPHIC NETWORK · WWF / HydroSHEDS
40655543,40655544,41067217,5.0,0.487,23.8,4,HydroRIVERS v1.0 (HydroSHEDS),LineString,OBSERVED HYDROGRAPHIC NETWORK · WWF / HydroSHEDS
40655544,40656710,41067217,1.22,23.637,1181.3,3,HydroRIVERS v1.0 (HydroSHEDS),LineString,OBSERVED HYDROGRAPHIC NETWORK · WWF / HydroSHEDS
40655545,40655095,41067217,3.63,0.288,12.7,6,HydroRIVERS v1.0 (HydroSHEDS),LineString,OBSERVED HYDROGRAPHIC NETWORK · WWF / HydroSHEDS
40655546,40660389,41067217,4.38,0.574,17.5,5,HydroRIVERS v1.0 (HydroSHEDS),LineString,OBSERVED HYDROGRAPHIC NETWORK · WWF / HydroSHEDS
40655547,40660389,41067217,1.39,0.291,8.9,6,HydroRIVERS v1.0 (HydroSHEDS),LineString,OBSERVED HYDROGRAPHIC NETWORK · WWF / HydroSHEDS
40655548,40655725,41067217,0.69,0.118,3.5,7,HydroRIVERS v1.0 (HydroSHEDS),LineString,OBSERVED HYDROGRAPHIC NETWORK · WWF / HydroSHEDS
40655549,40655725,41067217,1.31,0.194,5.7,6,HydroRIVERS v1.0 (HydroSHEDS),LineString,OBSERVED HYDROGRAPHIC NETWORK · WWF / HydroSHEDS
40655550,40655727,41067217,0.69,0.109,3.1,7,HydroRIVERS v1.0 (HydroSHEDS),LineString,OBSERVED HYDROGRAPHIC NETWORK · WWF / HydroSHEDS
40655551,40655728,41067217,1.38,0.203,5.9,6,HydroRIVERS v1.0 (HydroSHEDS),LineString,OBSERVED HYDROGRAPHIC NETWORK · WWF / HydroSHEDS
40655552,40655409,41067217,0.69,0.171,5.0,6,HydroRIVERS v1.0 (HydroSHEDS),LineString,OBSERVED HYDROGRAPHIC NETWORK · WWF / HydroSHEDS
40655722,40656710,41067217,4.22,1.799,85.6,4,HydroRIVERS v1.0 (HydroSHEDS),LineString,OBSERVED HYDROGRAPHIC NETWORK · WWF / HydroSHEDS
40655723,40655722,41067217,2.42,1.153,54.8,4,HydroRIVERS v1.0 (HydroSHEDS),LineString,OBSERVED HYDROGRAPHIC NETWORK · WWF / HydroSHEDS
40655724,40655403,41067217,3.33,0.417,19.7,4,HydroRIVERS v1.0 (HydroSHEDS),LineString,OBSERVED HYDROGRAPHIC NETWORK · WWF / HydroSHEDS
40655725,40657212,41067217,0.46,0.325,9.6,6,HydroRIVERS v1.0 (HydroSHEDS),LineString,OBSERVED HYDROGRAPHIC NETWORK · WWF / HydroSHEDS
40655726,40657212,41067217,1.53,0.188,5.5,7,HydroRIVERS v1.0 (HydroSHEDS),LineString,OBSERVED HYDROGRAPHIC NETWORK · WWF / HydroSHEDS
40655727,40657215,41067217,0.46,0.576,16.6,6,HydroRIVERS v1.0 (HydroSHEDS),LineString,OBSERVED HYDROGRAPHIC NETWORK · WWF / HydroSHEDS
40655728,40657215,41067217,4.22,2.522,72.9,5,HydroRIVERS v1.0 (HydroSHEDS),LineString,OBSERVED HYDROGRAPHIC NETWORK · WWF / HydroSHEDS
40655862,40655541,41067217,4.07,0.334,18.3,3,HydroRIVERS v1.0 (HydroSHEDS),LineString,OBSERVED HYDROGRAPHIC NETWORK · WWF / HydroSHEDS
40655863,40656881,41067217,1.07,83.875,4720.4,2,HydroRIVERS v1.0 (HydroSHEDS),LineString,OBSERVED HYDROGRAPHIC NETWORK · WWF / HydroSHEDS
40655864,40656881,41067217,6.24,0.8,41.7,3,HydroRIVERS v1.0 (HydroSHEDS),LineString,OBSERVED HYDROGRAPHIC NETWORK · WWF / HydroSHEDS
40655865,40658297,41067217,2.76,0.869,41.0,6,HydroRIVERS v1.0 (HydroSHEDS),LineString,OBSERVED HYDROGRAPHIC NETWORK · WWF / HydroSHEDS
40655866,40655727,41067217,2.62,0.461,13.3,6,HydroRIVERS v1.0 (HydroSHEDS),LineString,OBSERVED HYDROGRAPHIC NETWORK · WWF / HydroSHEDS
40655867,40657216,41067217,10.55,1.503,43.5,4,HydroRIVERS v1.0 (HydroSHEDS),LineString,OBSERVED HYDROGRAPHIC NETWORK · WWF / HydroSHEDS
40655996,40658297,41067217,1.61,0.173,8.1,7,HydroRIVERS v1.0 (HydroSHEDS),LineString,OBSERVED HYDROGRAPHIC NETWORK · WWF / HydroSHEDS
40655997,40655409,41067217,2.23,0.329,9.6,5,HydroRIVERS v1.0 (HydroSHEDS),LineString,OBSERVED HYDROGRAPHIC NETWORK · WWF / HydroSHEDS
40656138,40656431,41067217,1.61,0.192,9.8,5,HydroRIVERS v1.0 (HydroSHEDS),LineString,OBSERVED HYDROGRAPHIC NETWORK · WWF / HydroSHEDS
40656139,40656431,41067217,4.23,0.305,15.5,4,HydroRIVERS v1.0 (HydroSHEDS),LineString,OBSERVED HYDROGRAPHIC NETWORK · WWF / HydroSHEDS
40656140,40656574,41067217,4.32,0.801,40.2,5,HydroRIVERS v1.0 (HydroSHEDS),LineString,OBSERVED HYDROGRAPHIC NETWORK · WWF / HydroSHEDS
40656141,40656574,41067217,3.44,0.414,20.5,6,HydroRIVERS v1.0 (HydroSHEDS),LineString,OBSERVED HYDROGRAPHIC NETWORK · WWF / HydroSHEDS
40656142,40655095,41067217,4.83,0.432,19.2,5,HydroRIVERS v1.0 (HydroSHEDS),LineString,OBSERVED HYDROGRAPHIC NETWORK · WWF / HydroSHEDS
40656143,40656435,41067217,1.38,0.154,6.1,6,HydroRIVERS v1.0 (HydroSHEDS),LineString,OBSERVED HYDROGRAPHIC NETWORK · WWF / HydroSHEDS
40656144,40656435,41067217,3.52,6.679,245.8,5,HydroRIVERS v1.0 (HydroSHEDS),LineString,OBSERVED HYDROGRAPHIC NETWORK · WWF / HydroSHEDS
40656431,40656572,41067217,1.22,0.587,29.9,4,HydroRIVERS v1.0 (HydroSHEDS),LineString,OBSERVED HYDROGRAPHIC NETWORK · WWF / HydroSHEDS
40656432,40656572,41067217,1.38,0.128,6.5,5,HydroRIVERS v1.0 (HydroSHEDS),LineString,OBSERVED HYDROGRAPHIC NETWORK · WWF / HydroSHEDS
40656433,40655093,41067217,6.3,0.597,26.9,5,HydroRIVERS v1.0 (HydroSHEDS),LineString,OBSERVED HYDROGRAPHIC NETWORK · WWF / HydroSHEDS
40656434,40657509,41067217,3.23,0.281,11.3,6,HydroRIVERS v1.0 (HydroSHEDS),LineString,OBSERVED HYDROGRAPHIC NETWORK · WWF / HydroSHEDS
40656435,40657509,41067217,1.07,6.918,255.2,5,HydroRIVERS v1.0 (HydroSHEDS),LineString,OBSERVED HYDROGRAPHIC NETWORK · WWF / HydroSHEDS
40656572,40656708,41067217,4.2,1.089,55.2,4,HydroRIVERS v1.0 (HydroSHEDS),LineString,OBSERVED HYDROGRAPHIC NETWORK · WWF / HydroSHEDS
40656573,40656708,41067217,1.21,0.162,8.1,5,HydroRIVERS v1.0 (HydroSHEDS),LineString,OBSERVED HYDROGRAPHIC NETWORK · WWF / HydroSHEDS
40656574,40657357,41067217,1.39,1.252,62.5,5,HydroRIVERS v1.0 (HydroSHEDS),LineString,OBSERVED HYDROGRAPHIC NETWORK · WWF / HydroSHEDS
40656575,40655722,41067217,4.22,0.353,16.8,5,HydroRIVERS v1.0 (HydroSHEDS),LineString,OBSERVED HYDROGRAPHIC NETWORK · WWF / HydroSHEDS
40656576,40657209,41067217,2.38,0.232,10.0,8,HydroRIVERS v1.0 (HydroSHEDS),LineString,OBSERVED HYDROGRAPHIC NETWORK · WWF / HydroSHEDS
40656577,40657209,41067217,2.59,0.254,10.9,7,HydroRIVERS v1.0 (HydroSHEDS),LineString,OBSERVED HYDROGRAPHIC NETWORK · WWF / HydroSHEDS
40656578,40657509,41067217,1.31,0.157,6.1,7,HydroRIVERS v1.0 (HydroSHEDS),LineString,OBSERVED HYDROGRAPHIC NETWORK · WWF / HydroSHEDS
40656579,40657981,41067217,0.69,0.196,6.6,6,HydroRIVERS v1.0 (HydroSHEDS),LineString,OBSERVED HYDROGRAPHIC NETWORK · WWF / HydroSHEDS
40656580,40657981,41067217,5.21,0.529,17.5,5,HydroRIVERS v1.0 (HydroSHEDS),LineString,OBSERVED HYDROGRAPHIC NETWORK · WWF / HydroSHEDS
40656581,40656582,41067217,0.6,0.196,5.7,6,HydroRIVERS v1.0 (HydroSHEDS),LineString,OBSERVED HYDROGRAPHIC NETWORK · WWF / HydroSHEDS
40656582,40656583,41067217,0.8,0.812,23.8,5,HydroRIVERS v1.0 (HydroSHEDS),LineString,OBSERVED HYDROGRAPHIC NETWORK · WWF / HydroSHEDS
40656583,40657216,41067217,3.31,1.22,35.8,5,HydroRIVERS v1.0 (HydroSHEDS),LineString,OBSERVED HYDROGRAPHIC NETWORK · WWF / HydroSHEDS
40656708,40657357,41067217,2.02,1.357,68.7,4,HydroRIVERS v1.0 (HydroSHEDS),LineString,OBSERVED HYDROGRAPHIC NETWORK · WWF / HydroSHEDS
40656709,40657204,41067217,1.61,0.167,8.1,4,HydroRIVERS v1.0 (HydroSHEDS),LineString,OBSERVED HYDROGRAPHIC NETWORK · WWF / HydroSHEDS
40656710,40657204,41067217,4.3,25.75,1280.6,3,HydroRIVERS v1.0 (HydroSHEDS),LineString,OBSERVED HYDROGRAPHIC NETWORK · WWF / HydroSHEDS
40656711,40657206,41067217,6.13,103.923,4702.1,4,HydroRIVERS v1.0 (HydroSHEDS),LineString,OBSERVED HYDROGRAPHIC NETWORK · WWF / HydroSHEDS
40656712,40657206,41067217,3.71,0.301,13.8,5,HydroRIVERS v1.0 (HydroSHEDS),LineString,OBSERVED HYDROGRAPHIC NETWORK · WWF / HydroSHEDS
40656713,40657814,41067217,1.16,0.171,7.2,7,HydroRIVERS v1.0 (HydroSHEDS),LineString,OBSERVED HYDROGRAPHIC NETWORK · WWF / HydroSHEDS
40656714,40657814,41067217,2.14,0.326,13.5,6,HydroRIVERS v1.0 (HydroSHEDS),LineString,OBSERVED HYDROGRAPHIC NETWORK · WWF / HydroSHEDS
40656715,40657210,41067217,2.39,0.295,10.9,8,HydroRIVERS v1.0 (HydroSHEDS),LineString,OBSERVED HYDROGRAPHIC NETWORK · WWF / HydroSHEDS
40656716,40657210,41067217,1.77,0.242,8.7,7,HydroRIVERS v1.0 (HydroSHEDS),LineString,OBSERVED HYDROGRAPHIC NETWORK · WWF / HydroSHEDS
40656717,40657364,41067217,2.54,0.323,9.2,6,HydroRIVERS v1.0 (HydroSHEDS),LineString,OBSERVED HYDROGRAPHIC NETWORK · WWF / HydroSHEDS
40656718,40656719,41067217,3.02,0.644,18.3,5,HydroRIVERS v1.0 (HydroSHEDS),LineString,OBSERVED HYDROGRAPHIC NETWORK · WWF / HydroSHEDS
40656719,40657037,41067217,3.03,1.28,36.2,5,HydroRIVERS v1.0 (HydroSHEDS),LineString,OBSERVED HYDROGRAPHIC NETWORK · WWF / HydroSHEDS
40656720,40656887,41067217,5.52,39.828,1046.4,4,HydroRIVERS v1.0 (HydroSHEDS),LineString,OBSERVED HYDROGRAPHIC NETWORK · WWF / HydroSHEDS
40656721,40656887,41067217,2.24,0.473,13.7,5,HydroRIVERS v1.0 (HydroSHEDS),LineString,OBSERVED HYDROGRAPHIC NETWORK · WWF / HydroSHEDS
40656880,40657503,41067217,1.0,0.218,11.8,3,HydroRIVERS v1.0 (HydroSHEDS),LineString,OBSERVED HYDROGRAPHIC NETWORK · WWF / HydroSHEDS
40656881,40657503,41067217,3.83,84.89,4773.6,2,HydroRIVERS v1.0 (HydroSHEDS),LineString,OBSERVED HYDROGRAPHIC NETWORK · WWF / HydroSHEDS
40656882,40657364,41067217,1.81,1.018,29.2,5,HydroRIVERS v1.0 (HydroSHEDS),LineString,OBSERVED HYDROGRAPHIC NETWORK · WWF / HydroSHEDS
40656883,40656882,41067217,0.4,0.54,15.5,6,HydroRIVERS v1.0 (HydroSHEDS),LineString,OBSERVED HYDROGRAPHIC NETWORK · WWF / HydroSHEDS
40656884,40656883,41067217,1.62,0.174,5.0,6,HydroRIVERS v1.0 (HydroSHEDS),LineString,OBSERVED HYDROGRAPHIC NETWORK · WWF / HydroSHEDS
40656885,40656883,41067217,1.31,0.359,10.3,7,HydroRIVERS v1.0 (HydroSHEDS),LineString,OBSERVED HYDROGRAPHIC NETWORK · WWF / HydroSHEDS
40656886,40657982,41067217,2.39,4.829,132.5,5,HydroRIVERS v1.0 (HydroSHEDS),LineString,OBSERVED HYDROGRAPHIC NETWORK · WWF / HydroSHEDS
40656887,40657982,41067217,0.61,40.33,1060.8,4,HydroRIVERS v1.0 (HydroSHEDS),LineString,OBSERVED HYDROGRAPHIC NETWORK · WWF / HydroSHEDS
40656888,40657982,41067217,1.61,0.178,5.2,6,HydroRIVERS v1.0 (HydroSHEDS),LineString,OBSERVED HYDROGRAPHIC NETWORK · WWF / HydroSHEDS
40656889,40656582,41067217,3.02,0.534,15.7,5,HydroRIVERS v1.0 (HydroSHEDS),LineString,OBSERVED HYDROGRAPHIC NETWORK · WWF / HydroSHEDS
40656890,40656583,41067217,1.16,0.125,3.7,6,HydroRIVERS v1.0 (HydroSHEDS),LineString,OBSERVED HYDROGRAPHIC NETWORK · WWF / HydroSHEDS
40657035,40657363,41067217,2.14,0.119,3.5,6,HydroRIVERS v1.0 (HydroSHEDS),LineString,OBSERVED HYDROGRAPHIC NETWORK · WWF / HydroSHEDS
40657036,40657363,41067217,2.08,0.468,13.7,7,HydroRIVERS v1.0 (HydroSHEDS),LineString,OBSERVED HYDROGRAPHIC NETWORK · WWF / HydroSHEDS
40657037,40657038,41067217,7.86,3.184,88.2,5,HydroRIVERS v1.0 (HydroSHEDS),LineString,OBSERVED HYDROGRAPHIC NETWORK · WWF / HydroSHEDS
40657038,40656886,41067217,4.2,4.418,121.5,5,HydroRIVERS v1.0 (HydroSHEDS),LineString,OBSERVED HYDROGRAPHIC NETWORK · WWF / HydroSHEDS
40657202,40657656,41067217,4.69,0.272,14.0,4,HydroRIVERS v1.0 (HydroSHEDS),LineString,OBSERVED HYDROGRAPHIC NETWORK · WWF / HydroSHEDS
40657203,40657656,41067217,1.21,0.151,7.8,5,HydroRIVERS v1.0 (HydroSHEDS),LineString,OBSERVED HYDROGRAPHIC NETWORK · WWF / HydroSHEDS
40657204,40657974,41067217,1.39,26.046,1294.5,3,HydroRIVERS v1.0 (HydroSHEDS),LineString,OBSERVED HYDROGRAPHIC NETWORK · WWF / HydroSHEDS
40657205,40658937,41067217,0.92,0.179,8.3,6,HydroRIVERS v1.0 (HydroSHEDS),LineString,OBSERVED HYDROGRAPHIC NETWORK · WWF / HydroSHEDS
40657206,40658937,41067217,1.69,104.326,4718.4,4,HydroRIVERS v1.0 (HydroSHEDS),LineString,OBSERVED HYDROGRAPHIC NETWORK · WWF / HydroSHEDS
40657207,40655405,41067217,10.13,1.038,47.3,5,HydroRIVERS v1.0 (HydroSHEDS),LineString,OBSERVED HYDROGRAPHIC NETWORK · WWF / HydroSHEDS
40657208,40657360,41067217,1.16,0.161,7.0,8,HydroRIVERS v1.0 (HydroSHEDS),LineString,OBSERVED HYDROGRAPHIC NETWORK · WWF / HydroSHEDS
40657209,40657360,41067217,2.3,0.618,26.6,7,HydroRIVERS v1.0 (HydroSHEDS),LineString,OBSERVED HYDROGRAPHIC NETWORK · WWF / HydroSHEDS
40657210,40657980,41067217,2.23,0.734,26.8,7,HydroRIVERS v1.0 (HydroSHEDS),LineString,OBSERVED HYDROGRAPHIC NETWORK · WWF / HydroSHEDS
40657211,40657980,41067217,4.75,0.362,12.7,6,HydroRIVERS v1.0 (HydroSHEDS),LineString,OBSERVED HYDROGRAPHIC NETWORK · WWF / HydroSHEDS
40657212,40657362,41067217,5.96,1.5,44.5,6,HydroRIVERS v1.0 (HydroSHEDS),LineString,OBSERVED HYDROGRAPHIC NETWORK · WWF / HydroSHEDS
40657213,40657362,41067217,0.6,0.197,6.1,7,HydroRIVERS v1.0 (HydroSHEDS),LineString,OBSERVED HYDROGRAPHIC NETWORK · WWF / HydroSHEDS
40657214,40657037,41067217,1.85,0.437,12.6,6,HydroRIVERS v1.0 (HydroSHEDS),LineString,OBSERVED HYDROGRAPHIC NETWORK · WWF / HydroSHEDS
40657215,40658804,41067217,5.52,3.733,107.9,5,HydroRIVERS v1.0 (HydroSHEDS),LineString,OBSERVED HYDROGRAPHIC NETWORK · WWF / HydroSHEDS
40657216,40657987,41067217,8.94,3.511,102.4,4,HydroRIVERS v1.0 (HydroSHEDS),LineString,OBSERVED HYDROGRAPHIC NETWORK · WWF / HydroSHEDS
40657357,40658295,41067217,3.85,2.927,146.9,4,HydroRIVERS v1.0 (HydroSHEDS),LineString,OBSERVED HYDROGRAPHIC NETWORK · WWF / HydroSHEDS
40657358,40657974,41067217,2.6,0.996,47.5,4,HydroRIVERS v1.0 (HydroSHEDS),LineString,OBSERVED HYDROGRAPHIC NETWORK · WWF / HydroSHEDS
40657359,40657660,41067217,0.69,0.109,4.8,8,HydroRIVERS v1.0 (HydroSHEDS),LineString,OBSERVED HYDROGRAPHIC NETWORK · WWF / HydroSHEDS
40657360,40657660,41067217,0.61,0.796,34.3,7,HydroRIVERS v1.0 (HydroSHEDS),LineString,OBSERVED HYDROGRAPHIC NETWORK · WWF / HydroSHEDS
40657361,40659419,41067217,1.31,0.165,5.2,7,HydroRIVERS v1.0 (HydroSHEDS),LineString,OBSERVED HYDROGRAPHIC NETWORK · WWF / HydroSHEDS
40657362,40659419,41067217,1.01,1.757,52.2,6,HydroRIVERS v1.0 (HydroSHEDS),LineString,OBSERVED HYDROGRAPHIC NETWORK · WWF / HydroSHEDS
40657363,40657511,41067217,0.93,0.639,18.6,6,HydroRIVERS v1.0 (HydroSHEDS),LineString,OBSERVED HYDROGRAPHIC NETWORK · WWF / HydroSHEDS
40657364,40657511,41067217,4.04,2.075,59.1,5,HydroRIVERS v1.0 (HydroSHEDS),LineString,OBSERVED HYDROGRAPHIC NETWORK · WWF / HydroSHEDS
40657365,40656719,41067217,2.23,0.365,10.5,6,HydroRIVERS v1.0 (HydroSHEDS),LineString,OBSERVED HYDROGRAPHIC NETWORK · WWF / HydroSHEDS
40657366,40657214,41067217,0.69,0.134,3.9,6,HydroRIVERS v1.0 (HydroSHEDS),LineString,OBSERVED HYDROGRAPHIC NETWORK · WWF / HydroSHEDS
40657367,40657214,41067217,0.92,0.217,6.3,7,HydroRIVERS v1.0 (HydroSHEDS),LineString,OBSERVED HYDROGRAPHIC NETWORK · WWF / HydroSHEDS
40657368,40656886,41067217,1.84,0.223,6.5,6,HydroRIVERS v1.0 (HydroSHEDS),LineString,OBSERVED HYDROGRAPHIC NETWORK · WWF / HydroSHEDS
40657503,40657811,41067217,3.49,85.326,4797.0,2,HydroRIVERS v1.0 (HydroSHEDS),LineString,OBSERVED HYDROGRAPHIC NETWORK · WWF / HydroSHEDS
40657504,40657811,41067217,4.24,0.349,18.3,3,HydroRIVERS v1.0 (HydroSHEDS),LineString,OBSERVED HYDROGRAPHIC NETWORK · WWF / HydroSHEDS
40657505,40657358,41067217,0.69,0.112,5.4,5,HydroRIVERS v1.0 (HydroSHEDS),LineString,OBSERVED HYDROGRAPHIC NETWORK · WWF / HydroSHEDS
40657506,40657659,41067217,2.28,0.274,12.9,6,HydroRIVERS v1.0 (HydroSHEDS),LineString,OBSERVED HYDROGRAPHIC NETWORK · WWF / HydroSHEDS
40657507,40657659,41067217,2.6,0.283,13.3,5,HydroRIVERS v1.0 (HydroSHEDS),LineString,OBSERVED HYDROGRAPHIC NETWORK · WWF / HydroSHEDS
40657508,40657816,41067217,2.83,0.336,13.7,6,HydroRIVERS v1.0 (HydroSHEDS),LineString,OBSERVED HYDROGRAPHIC NETWORK · WWF / HydroSHEDS
40657509,40657816,41067217,3.69,7.561,280.7,5,HydroRIVERS v1.0 (HydroSHEDS),LineString,OBSERVED HYDROGRAPHIC NETWORK · WWF / HydroSHEDS
40657510,40658161,41067217,0.69,0.111,3.3,6,HydroRIVERS v1.0 (HydroSHEDS),LineString,OBSERVED HYDROGRAPHIC NETWORK · WWF / HydroSHEDS
40657511,40658161,41067217,1.01,2.818,80.5,5,HydroRIVERS v1.0 (HydroSHEDS),LineString,OBSERVED HYDROGRAPHIC NETWORK · WWF / HydroSHEDS
40657512,40656882,41067217,4.09,0.331,9.6,5,HydroRIVERS v1.0 (HydroSHEDS),LineString,OBSERVED HYDROGRAPHIC NETWORK · WWF / HydroSHEDS
40657513,40657038,41067217,1.77,0.48,13.8,6,HydroRIVERS v1.0 (HydroSHEDS),LineString,OBSERVED HYDROGRAPHIC NETWORK · WWF / HydroSHEDS
40657514,40658804,41067217,8.05,2.558,75.7,6,HydroRIVERS v1.0 (HydroSHEDS),LineString,OBSERVED HYDROGRAPHIC NETWORK · WWF / HydroSHEDS
40657515,40657514,41067217,1.4,0.251,7.4,7,HydroRIVERS v1.0 (HydroSHEDS),LineString,OBSERVED HYDROGRAPHIC NETWORK · WWF / HydroSHEDS
40657656,40659260,41067217,1.69,0.47,24.2,4,HydroRIVERS v1.0 (HydroSHEDS),LineString,OBSERVED HYDROGRAPHIC NETWORK · WWF / HydroSHEDS
40657657,40659260,41067217,1.0,0.127,6.5,5,HydroRIVERS v1.0 (HydroSHEDS),LineString,OBSERVED HYDROGRAPHIC NETWORK · WWF / HydroSHEDS
40657658,40658295,41067217,2.72,0.216,10.7,5,HydroRIVERS v1.0 (HydroSHEDS),LineString,OBSERVED HYDROGRAPHIC NETWORK · WWF / HydroSHEDS
40657659,40658470,41067217,0.46,0.592,27.9,5,HydroRIVERS v1.0 (HydroSHEDS),LineString,OBSERVED HYDROGRAPHIC NETWORK · WWF / HydroSHEDS
40657660,40657976,41067217,0.93,0.943,40.8,7,HydroRIVERS v1.0 (HydroSHEDS),LineString,OBSERVED HYDROGRAPHIC NETWORK · WWF / HydroSHEDS
40657810,40657971,41067217,3.92,0.398,22.5,4,HydroRIVERS v1.0 (HydroSHEDS),LineString,OBSERVED HYDROGRAPHIC NETWORK · WWF / HydroSHEDS
40657811,40657972,41067217,1.22,85.721,4817.7,2,HydroRIVERS v1.0 (HydroSHEDS),LineString,OBSERVED HYDROGRAPHIC NETWORK · WWF / HydroSHEDS
40657812,40658470,41067217,2.22,0.271,12.7,6,HydroRIVERS v1.0 (HydroSHEDS),LineString,OBSERVED HYDROGRAPHIC NETWORK · WWF / HydroSHEDS
40657813,40657976,41067217,2.72,0.238,10.3,8,HydroRIVERS v1.0 (HydroSHEDS),LineString,OBSERVED HYDROGRAPHIC NETWORK · WWF / HydroSHEDS
40657814,40658626,41067217,3.54,0.745,31.2,6,HydroRIVERS v1.0 (HydroSHEDS),LineString,OBSERVED HYDROGRAPHIC NETWORK · WWF / HydroSHEDS
40657815,40658626,41067217,2.43,0.265,11.1,7,HydroRIVERS v1.0 (HydroSHEDS),LineString,OBSERVED HYDROGRAPHIC NETWORK · WWF / HydroSHEDS
40657816,40658627,41067217,0.93,7.994,298.2,5,HydroRIVERS v1.0 (HydroSHEDS),LineString,OBSERVED HYDROGRAPHIC NETWORK · WWF / HydroSHEDS
40657970,40657971,41067217,6.15,0.449,26.0,3,HydroRIVERS v1.0 (HydroSHEDS),LineString,OBSERVED HYDROGRAPHIC NETWORK · WWF / HydroSHEDS
40657971,40658152,41067217,0.61,0.854,48.9,3,HydroRIVERS v1.0 (HydroSHEDS),LineString,OBSERVED HYDROGRAPHIC NETWORK · WWF / HydroSHEDS
40657972,40659414,41067217,1.01,88.511,4973.9,2,HydroRIVERS v1.0 (HydroSHEDS),LineString,OBSERVED HYDROGRAPHIC NETWORK · WWF / HydroSHEDS
40657973,40659414,41067217,1.06,0.206,10.7,3,HydroRIVERS v1.0 (HydroSHEDS),LineString,OBSERVED HYDROGRAPHIC NETWORK · WWF / HydroSHEDS
40657974,40658469,41067217,3.71,27.267,1351.3,3,HydroRIVERS v1.0 (HydroSHEDS),LineString,OBSERVED HYDROGRAPHIC NETWORK · WWF / HydroSHEDS
40657975,40657358,41067217,5.54,0.63,29.9,4,HydroRIVERS v1.0 (HydroSHEDS),LineString,OBSERVED HYDROGRAPHIC NETWORK · WWF / HydroSHEDS
40657976,40658301,41067217,1.22,1.257,54.5,7,HydroRIVERS v1.0 (HydroSHEDS),LineString,OBSERVED HYDROGRAPHIC NETWORK · WWF / HydroSHEDS
40657977,40658301,41067217,0.6,0.126,5.5,8,HydroRIVERS v1.0 (HydroSHEDS),LineString,OBSERVED HYDROGRAPHIC NETWORK · WWF / HydroSHEDS
40657978,40658627,41067217,2.4,0.247,10.2,6,HydroRIVERS v1.0 (HydroSHEDS),LineString,OBSERVED HYDROGRAPHIC NETWORK · WWF / HydroSHEDS
40657979,40658159,41067217,2.79,0.27,10.2,6,HydroRIVERS v1.0 (HydroSHEDS),LineString,OBSERVED HYDROGRAPHIC NETWORK · WWF / HydroSHEDS
40657980,40658474,41067217,3.16,1.286,46.3,6,HydroRIVERS v1.0 (HydroSHEDS),LineString,OBSERVED HYDROGRAPHIC NETWORK · WWF / HydroSHEDS
40657981,40658474,41067217,5.06,1.145,38.4,5,HydroRIVERS v1.0 (HydroSHEDS),LineString,OBSERVED HYDROGRAPHIC NETWORK · WWF / HydroSHEDS
40657982,40658944,41067217,4.28,45.951,1215.8,4,HydroRIVERS v1.0 (HydroSHEDS),LineString,OBSERVED HYDROGRAPHIC NETWORK · WWF / HydroSHEDS
40657983,40658944,41067217,0.69,0.12,3.5,5,HydroRIVERS v1.0 (HydroSHEDS),LineString,OBSERVED HYDROGRAPHIC NETWORK · WWF / HydroSHEDS
40657984,40657514,41067217,1.83,1.078,32.1,6,HydroRIVERS v1.0 (HydroSHEDS),LineString,OBSERVED HYDROGRAPHIC NETWORK · WWF / HydroSHEDS
40657985,40657984,41067217,1.4,0.262,7.8,7,HydroRIVERS v1.0 (HydroSHEDS),LineString,OBSERVED HYDROGRAPHIC NETWORK · WWF / HydroSHEDS
40658152,40658625,41067217,3.4,1.478,84.6,3,HydroRIVERS v1.0 (HydroSHEDS),LineString,OBSERVED HYDROGRAPHIC NETWORK · WWF / HydroSHEDS
40658153,40658625,41067217,3.23,0.234,12.9,4,HydroRIVERS v1.0 (HydroSHEDS),LineString,OBSERVED HYDROGRAPHIC NETWORK · WWF / HydroSHEDS
40658154,40658296,41067217,1.16,0.128,6.3,4,HydroRIVERS v1.0 (HydroSHEDS),LineString,OBSERVED HYDROGRAPHIC NETWORK · WWF / HydroSHEDS
40658155,40658469,41067217,1.31,0.119,5.7,4,HydroRIVERS v1.0 (HydroSHEDS),LineString,OBSERVED HYDROGRAPHIC NETWORK · WWF / HydroSHEDS
40658156,40658937,41067217,5.66,2.102,96.2,5,HydroRIVERS v1.0 (HydroSHEDS),LineString,OBSERVED HYDROGRAPHIC NETWORK · WWF / HydroSHEDS
40658157,40658156,41067217,2.79,1.249,57.1,5,HydroRIVERS v1.0 (HydroSHEDS),LineString,OBSERVED HYDROGRAPHIC NETWORK · WWF / HydroSHEDS
40658158,40658157,41067217,6.61,0.599,27.3,5,HydroRIVERS v1.0 (HydroSHEDS),LineString,OBSERVED HYDROGRAPHIC NETWORK · WWF / HydroSHEDS
40658159,40658473,41067217,2.21,0.679,25.7,6,HydroRIVERS v1.0 (HydroSHEDS),LineString,OBSERVED HYDROGRAPHIC NETWORK · WWF / HydroSHEDS
40658160,40658941,41067217,2.39,0.361,10.9,6,HydroRIVERS v1.0 (HydroSHEDS),LineString,OBSERVED HYDROGRAPHIC NETWORK · WWF / HydroSHEDS
40658161,40658941,41067217,2.3,3.211,91.6,5,HydroRIVERS v1.0 (HydroSHEDS),LineString,OBSERVED HYDROGRAPHIC NETWORK · WWF / HydroSHEDS
40658162,40657984,41067217,0.61,0.641,19.2,6,HydroRIVERS v1.0 (HydroSHEDS),LineString,OBSERVED HYDROGRAPHIC NETWORK · WWF / HydroSHEDS
40658295,40659575,41067217,4.02,3.381,169.2,4,HydroRIVERS v1.0 (HydroSHEDS),LineString,OBSERVED HYDROGRAPHIC NETWORK · WWF / HydroSHEDS
40658296,40659575,41067217,1.01,27.821,1376.6,3,HydroRIVERS v1.0 (HydroSHEDS),LineString,OBSERVED HYDROGRAPHIC NETWORK · WWF / HydroSHEDS
40658297,40659737,41067217,8.15,1.66,77.7,6,HydroRIVERS v1.0 (HydroSHEDS),LineString,OBSERVED HYDROGRAPHIC NETWORK · WWF / HydroSHEDS
40658298,40659920,41067217,0.92,0.168,7.6,6,HydroRIVERS v1.0 (HydroSHEDS),LineString,OBSERVED HYDROGRAPHIC NETWORK · WWF / HydroSHEDS
40658299,40659920,41067217,1.31,0.148,6.6,5,HydroRIVERS v1.0 (HydroSHEDS),LineString,OBSERVED HYDROGRAPHIC NETWORK · WWF / HydroSHEDS
40658300,40659117,41067217,2.38,0.262,11.6,8,HydroRIVERS v1.0 (HydroSHEDS),LineString,OBSERVED HYDROGRAPHIC NETWORK · WWF / HydroSHEDS
40658301,40659117,41067217,2.42,1.508,65.5,7,HydroRIVERS v1.0 (HydroSHEDS),LineString,OBSERVED HYDROGRAPHIC NETWORK · WWF / HydroSHEDS
40658302,40658159,41067217,1.53,0.304,11.6,7,HydroRIVERS v1.0 (HydroSHEDS),LineString,OBSERVED HYDROGRAPHIC NETWORK · WWF / HydroSHEDS
40658303,40658162,41067217,1.71,0.365,10.9,6,HydroRIVERS v1.0 (HydroSHEDS),LineString,OBSERVED HYDROGRAPHIC NETWORK · WWF / HydroSHEDS
40658468,40658935,41067217,1.31,0.148,8.9,6,HydroRIVERS v1.0 (HydroSHEDS),LineString,OBSERVED HYDROGRAPHIC NETWORK · WWF / HydroSHEDS
40658469,40658296,41067217,3.45,27.654,1368.9,3,HydroRIVERS v1.0 (HydroSHEDS),LineString,OBSERVED HYDROGRAPHIC NETWORK · WWF / HydroSHEDS
40658470,40658798,41067217,3.85,1.076,50.6,5,HydroRIVERS v1.0 (HydroSHEDS),LineString,OBSERVED HYDROGRAPHIC NETWORK · WWF / HydroSHEDS
40658471,40658798,41067217,1.16,0.13,6.1,7,HydroRIVERS v1.0 (HydroSHEDS),LineString,OBSERVED HYDROGRAPHIC NETWORK · WWF / HydroSHEDS
40658472,40658798,41067217,1.53,0.131,6.1,6,HydroRIVERS v1.0 (HydroSHEDS),LineString,OBSERVED HYDROGRAPHIC NETWORK · WWF / HydroSHEDS
40658473,40658801,41067217,2.42,0.985,37.1,6,HydroRIVERS v1.0 (HydroSHEDS),LineString,OBSERVED HYDROGRAPHIC NETWORK · WWF / HydroSHEDS
40658474,40658801,41067217,1.39,2.514,87.7,5,HydroRIVERS v1.0 (HydroSHEDS),LineString,OBSERVED HYDROGRAPHIC NETWORK · WWF / HydroSHEDS
40658623,40658935,41067217,3.8,0.285,17.0,5,HydroRIVERS v1.0 (HydroSHEDS),LineString,OBSERVED HYDROGRAPHIC NETWORK · WWF / HydroSHEDS
40658624,40658152,41067217,5.29,0.397,22.9,4,HydroRIVERS v1.0 (HydroSHEDS),LineString,OBSERVED HYDROGRAPHIC NETWORK · WWF / HydroSHEDS
40658625,40657972,41067217,13.29,2.773,155.3,3,HydroRIVERS v1.0 (HydroSHEDS),LineString,OBSERVED HYDROGRAPHIC NETWORK · WWF / HydroSHEDS
40658626,40659741,41067217,2.91,1.212,51.0,6,HydroRIVERS v1.0 (HydroSHEDS),LineString,OBSERVED HYDROGRAPHIC NETWORK · WWF / HydroSHEDS
40658627,40658939,41067217,2.61,8.386,314.3,5,HydroRIVERS v1.0 (HydroSHEDS),LineString,OBSERVED HYDROGRAPHIC NETWORK · WWF / HydroSHEDS
40658628,40658939,41067217,4.56,0.464,18.1,6,HydroRIVERS v1.0 (HydroSHEDS),LineString,OBSERVED HYDROGRAPHIC NETWORK · WWF / HydroSHEDS
40658629,40659124,41067217,0.69,0.127,3.7,7,HydroRIVERS v1.0 (HydroSHEDS),LineString,OBSERVED HYDROGRAPHIC NETWORK · WWF / HydroSHEDS
40658630,40658162,41067217,1.99,0.269,8.1,7,HydroRIVERS v1.0 (HydroSHEDS),LineString,OBSERVED HYDROGRAPHIC NETWORK · WWF / HydroSHEDS
40658798,40659737,41067217,6.89,1.98,92.5,5,HydroRIVERS v1.0 (HydroSHEDS),LineString,OBSERVED HYDROGRAPHIC NETWORK · WWF / HydroSHEDS
40658799,40658157,41067217,3.84,0.371,17.0,6,HydroRIVERS v1.0 (HydroSHEDS),LineString,OBSERVED HYDROGRAPHIC NETWORK · WWF / HydroSHEDS
40658800,40658473,41067217,2.6,0.22,8.3,7,HydroRIVERS v1.0 (HydroSHEDS),LineString,OBSERVED HYDROGRAPHIC NETWORK · WWF / HydroSHEDS
40658801,40659119,41067217,1.62,3.682,131.4,5,HydroRIVERS v1.0 (HydroSHEDS),LineString,OBSERVED HYDROGRAPHIC NETWORK · WWF / HydroSHEDS
40658802,40659119,41067217,14.13,3.113,97.4,4,HydroRIVERS v1.0 (HydroSHEDS),LineString,OBSERVED HYDROGRAPHIC NETWORK · WWF / HydroSHEDS
40658803,40659124,41067217,2.4,0.333,9.8,6,HydroRIVERS v1.0 (HydroSHEDS),LineString,OBSERVED HYDROGRAPHIC NETWORK · WWF / HydroSHEDS
40658804,40658945,41067217,5.08,6.857,200.3,5,HydroRIVERS v1.0 (HydroSHEDS),LineString,OBSERVED HYDROGRAPHIC NETWORK · WWF / HydroSHEDS
40658805,40658945,41067217,0.92,0.179,5.4,6,HydroRIVERS v1.0 (HydroSHEDS),LineString,OBSERVED HYDROGRAPHIC NETWORK · WWF / HydroSHEDS
40658934,40659413,41067217,13.23,0.936,56.5,4,HydroRIVERS v1.0 (HydroSHEDS),LineString,OBSERVED HYDROGRAPHIC NETWORK · WWF / HydroSHEDS
40658935,40659413,41067217,4.62,0.736,44.1,5,HydroRIVERS v1.0 (HydroSHEDS),LineString,OBSERVED HYDROGRAPHIC NETWORK · WWF / HydroSHEDS
40658936,40659574,41067217,4.74,0.427,21.4,4,HydroRIVERS v1.0 (HydroSHEDS),LineString,OBSERVED HYDROGRAPHIC NETWORK · WWF / HydroSHEDS
40658937,40659738,41067217,5.98,107.14,4838.8,4,HydroRIVERS v1.0 (HydroSHEDS),LineString,OBSERVED HYDROGRAPHIC NETWORK · WWF / HydroSHEDS
40658938,40659741,41067217,3.63,0.437,18.7,7,HydroRIVERS v1.0 (HydroSHEDS),LineString,OBSERVED HYDROGRAPHIC NETWORK · WWF / HydroSHEDS
40658939,40659417,41067217,0.93,8.905,334.6,5,HydroRIVERS v1.0 (HydroSHEDS),LineString,OBSERVED HYDROGRAPHIC NETWORK · WWF / HydroSHEDS
40658940,40659922,41067217,3.4,0.414,12.7,6,HydroRIVERS v1.0 (HydroSHEDS),LineString,OBSERVED HYDROGRAPHIC NETWORK · WWF / HydroSHEDS
40658941,40659922,41067217,2.76,3.795,108.2,5,HydroRIVERS v1.0 (HydroSHEDS),LineString,OBSERVED HYDROGRAPHIC NETWORK · WWF / HydroSHEDS
40658942,40659121,41067217,1.78,0.2,5.9,7,HydroRIVERS v1.0 (HydroSHEDS),LineString,OBSERVED HYDROGRAPHIC NETWORK · WWF / HydroSHEDS
40658943,40659584,41067217,0.92,0.154,4.6,5,HydroRIVERS v1.0 (HydroSHEDS),LineString,OBSERVED HYDROGRAPHIC NETWORK · WWF / HydroSHEDS
40658944,40659584,41067217,3.08,46.456,1230.3,4,HydroRIVERS v1.0 (HydroSHEDS),LineString,OBSERVED HYDROGRAPHIC NETWORK · WWF / HydroSHEDS
40658945,40659125,41067217,0.46,7.049,206.0,5,HydroRIVERS v1.0 (HydroSHEDS),LineString,OBSERVED HYDROGRAPHIC NETWORK · WWF / HydroSHEDS
40658946,40659125,41067217,1.79,0.129,3.9,6,HydroRIVERS v1.0 (HydroSHEDS),LineString,OBSERVED HYDROGRAPHIC NETWORK · WWF / HydroSHEDS
40659115,40660551,41067217,1.4,0.279,13.1,6,HydroRIVERS v1.0 (HydroSHEDS),LineString,OBSERVED HYDROGRAPHIC NETWORK · WWF / HydroSHEDS
40659116,40661019,41067217,5.39,0.532,23.8,8,HydroRIVERS v1.0 (HydroSHEDS),LineString,OBSERVED HYDROGRAPHIC NETWORK · WWF / HydroSHEDS
40659117,40661019,41067217,3.85,2.038,89.2,7,HydroRIVERS v1.0 (HydroSHEDS),LineString,OBSERVED HYDROGRAPHIC NETWORK · WWF / HydroSHEDS
40659118,40659417,41067217,2.4,0.241,9.6,6,HydroRIVERS v1.0 (HydroSHEDS),LineString,OBSERVED HYDROGRAPHIC NETWORK · WWF / HydroSHEDS
40659119,40659576,41067217,0.93,6.848,229.8,4,HydroRIVERS v1.0 (HydroSHEDS),LineString,OBSERVED HYDROGRAPHIC NETWORK · WWF / HydroSHEDS
40659120,40659582,41067217,1.53,0.124,3.7,7,HydroRIVERS v1.0 (HydroSHEDS),LineString,OBSERVED HYDROGRAPHIC NETWORK · WWF / HydroSHEDS
40659121,40659582,41067217,1.01,1.907,56.0,6,HydroRIVERS v1.0 (HydroSHEDS),LineString,OBSERVED HYDROGRAPHIC NETWORK · WWF / HydroSHEDS
40659122,40659121,41067217,1.01,1.657,48.8,6,HydroRIVERS v1.0 (HydroSHEDS),LineString,OBSERVED HYDROGRAPHIC NETWORK · WWF / HydroSHEDS
40659123,40659122,41067217,2.79,1.242,36.4,6,HydroRIVERS v1.0 (HydroSHEDS),LineString,OBSERVED HYDROGRAPHIC NETWORK · WWF / HydroSHEDS
40659124,40659123,41067217,1.83,0.676,19.8,6,HydroRIVERS v1.0 (HydroSHEDS),LineString,OBSERVED HYDROGRAPHIC NETWORK · WWF / HydroSHEDS
40659125,40659585,41067217,0.61,7.184,210.1,5,HydroRIVERS v1.0 (HydroSHEDS),LineString,OBSERVED HYDROGRAPHIC NETWORK · WWF / HydroSHEDS
40659260,40659915,41067217,5.77,0.867,44.5,4,HydroRIVERS v1.0 (HydroSHEDS),LineString,OBSERVED HYDROGRAPHIC NETWORK · WWF / HydroSHEDS
40659261,40659915,41067217,2.28,0.244,12.4,5,HydroRIVERS v1.0 (HydroSHEDS),LineString,OBSERVED HYDROGRAPHIC NETWORK · WWF / HydroSHEDS
40659262,40659574,41067217,1.67,0.163,8.1,5,HydroRIVERS v1.0 (HydroSHEDS),LineString,OBSERVED HYDROGRAPHIC NETWORK · WWF / HydroSHEDS
40659414,40659573,41067217,5.21,89.048,5002.0,2,HydroRIVERS v1.0 (HydroSHEDS),LineString,OBSERVED HYDROGRAPHIC NETWORK · WWF / HydroSHEDS
40659415,40659573,41067217,3.06,0.285,14.8,3,HydroRIVERS v1.0 (HydroSHEDS),LineString,OBSERVED HYDROGRAPHIC NETWORK · WWF / HydroSHEDS
40659416,40658156,41067217,5.45,0.486,22.4,6,HydroRIVERS v1.0 (HydroSHEDS),LineString,OBSERVED HYDROGRAPHIC NETWORK · WWF / HydroSHEDS
40659417,40660272,41067217,1.54,9.209,346.8,5,HydroRIVERS v1.0 (HydroSHEDS),LineString,OBSERVED HYDROGRAPHIC NETWORK · WWF / HydroSHEDS
40659418,40660272,41067217,0.6,0.108,4.4,6,HydroRIVERS v1.0 (HydroSHEDS),LineString,OBSERVED HYDROGRAPHIC NETWORK · WWF / HydroSHEDS
40659419,40659577,41067217,6.61,2.701,80.5,6,HydroRIVERS v1.0 (HydroSHEDS),LineString,OBSERVED HYDROGRAPHIC NETWORK · WWF / HydroSHEDS
40659420,40659577,41067217,2.83,0.386,12.4,7,HydroRIVERS v1.0 (HydroSHEDS),LineString,OBSERVED HYDROGRAPHIC NETWORK · WWF / HydroSHEDS
40659421,40659924,41067217,1.16,0.25,7.6,7,HydroRIVERS v1.0 (HydroSHEDS),LineString,OBSERVED HYDROGRAPHIC NETWORK · WWF / HydroSHEDS
40659422,40659122,41067217,1.82,0.229,7.0,7,HydroRIVERS v1.0 (HydroSHEDS),LineString,OBSERVED HYDROGRAPHIC NETWORK · WWF / HydroSHEDS
40659423,40659123,41067217,1.22,0.379,11.5,7,HydroRIVERS v1.0 (HydroSHEDS),LineString,OBSERVED HYDROGRAPHIC NETWORK · WWF / HydroSHEDS
40659424,40659423,41067217,1.0,0.172,5.2,7,HydroRIVERS v1.0 (HydroSHEDS),LineString,OBSERVED HYDROGRAPHIC NETWORK · WWF / HydroSHEDS
40659425,40659585,41067217,8.71,0.821,24.9,6,HydroRIVERS v1.0 (HydroSHEDS),LineString,OBSERVED HYDROGRAPHIC NETWORK · WWF / HydroSHEDS
40659573,40660385,41067217,0.61,89.344,5017.3,2,HydroRIVERS v1.0 (HydroSHEDS),LineString,OBSERVED HYDROGRAPHIC NETWORK · WWF / HydroSHEDS
40659574,40660550,41067217,6.03,0.954,47.5,4,HydroRIVERS v1.0 (HydroSHEDS),LineString,OBSERVED HYDROGRAPHIC NETWORK · WWF / HydroSHEDS
40659575,40660550,41067217,4.0,31.391,1553.2,3,HydroRIVERS v1.0 (HydroSHEDS),LineString,OBSERVED HYDROGRAPHIC NETWORK · WWF / HydroSHEDS
40659576,40659742,41067217,2.23,7.558,254.2,4,HydroRIVERS v1.0 (HydroSHEDS),LineString,OBSERVED HYDROGRAPHIC NETWORK · WWF / HydroSHEDS
40659577,40660390,41067217,0.46,3.121,93.8,6,HydroRIVERS v1.0 (HydroSHEDS),LineString,OBSERVED HYDROGRAPHIC NETWORK · WWF / HydroSHEDS
40659578,40660390,41067217,0.6,0.106,3.5,7,HydroRIVERS v1.0 (HydroSHEDS),LineString,OBSERVED HYDROGRAPHIC NETWORK · WWF / HydroSHEDS
40659579,40659924,41067217,1.01,3.375,99.8,6,HydroRIVERS v1.0 (HydroSHEDS),LineString,OBSERVED HYDROGRAPHIC NETWORK · WWF / HydroSHEDS
40659580,40659579,41067217,0.8,3.099,91.4,6,HydroRIVERS v1.0 (HydroSHEDS),LineString,OBSERVED HYDROGRAPHIC NETWORK · WWF / HydroSHEDS
40659581,40659580,41067217,1.2,2.746,80.7,6,HydroRIVERS v1.0 (HydroSHEDS),LineString,OBSERVED HYDROGRAPHIC NETWORK · WWF / HydroSHEDS
40659582,40659581,41067217,1.69,2.289,67.0,6,HydroRIVERS v1.0 (HydroSHEDS),LineString,OBSERVED HYDROGRAPHIC NETWORK · WWF / HydroSHEDS
40659583,40659423,41067217,0.92,0.127,3.9,8,HydroRIVERS v1.0 (HydroSHEDS),LineString,OBSERVED HYDROGRAPHIC NETWORK · WWF / HydroSHEDS
40659584,40659925,41067217,2.44,46.867,1242.3,4,HydroRIVERS v1.0 (HydroSHEDS),LineString,OBSERVED HYDROGRAPHIC NETWORK · WWF / HydroSHEDS
40659585,40659925,41067217,1.94,8.136,238.9,5,HydroRIVERS v1.0 (HydroSHEDS),LineString,OBSERVED HYDROGRAPHIC NETWORK · WWF / HydroSHEDS
40659735,40660550,41067217,3.73,0.26,12.6,5,HydroRIVERS v1.0 (HydroSHEDS),LineString,OBSERVED HYDROGRAPHIC NETWORK · WWF / HydroSHEDS
40659736,40660551,41067217,2.53,0.221,10.3,5,HydroRIVERS v1.0 (HydroSHEDS),LineString,OBSERVED HYDROGRAPHIC NETWORK · WWF / HydroSHEDS
40659737,40659917,41067217,4.76,3.88,181.1,5,HydroRIVERS v1.0 (HydroSHEDS),LineString,OBSERVED HYDROGRAPHIC NETWORK · WWF / HydroSHEDS
40659738,40659917,41067217,3.16,107.957,4871.7,4,HydroRIVERS v1.0 (HydroSHEDS),LineString,OBSERVED HYDROGRAPHIC NETWORK · WWF / HydroSHEDS
40659739,40659738,41067217,5.05,0.613,28.3,5,HydroRIVERS v1.0 (HydroSHEDS),LineString,OBSERVED HYDROGRAPHIC NETWORK · WWF / HydroSHEDS
40659740,40659739,41067217,0.92,0.14,6.5,6,HydroRIVERS v1.0 (HydroSHEDS),LineString,OBSERVED HYDROGRAPHIC NETWORK · WWF / HydroSHEDS
40659741,40660112,41067217,4.09,2.028,86.2,6,HydroRIVERS v1.0 (HydroSHEDS),LineString,OBSERVED HYDROGRAPHIC NETWORK · WWF / HydroSHEDS
40659742,40660555,41067217,0.61,7.828,263.6,4,HydroRIVERS v1.0 (HydroSHEDS),LineString,OBSERVED HYDROGRAPHIC NETWORK · WWF / HydroSHEDS
40659743,40660555,41067217,1.67,0.235,8.1,5,HydroRIVERS v1.0 (HydroSHEDS),LineString,OBSERVED HYDROGRAPHIC NETWORK · WWF / HydroSHEDS
40659744,40661023,41067217,10.06,1.011,29.7,5,HydroRIVERS v1.0 (HydroSHEDS),LineString,OBSERVED HYDROGRAPHIC NETWORK · WWF / HydroSHEDS
40659745,40661023,41067217,1.99,0.166,5.0,6,HydroRIVERS v1.0 (HydroSHEDS),LineString,OBSERVED HYDROGRAPHIC NETWORK · WWF / HydroSHEDS
40659746,40660685,41067217,2.51,0.196,5.9,5,HydroRIVERS v1.0 (HydroSHEDS),LineString,OBSERVED HYDROGRAPHIC NETWORK · WWF / HydroSHEDS
40659747,40660685,41067217,1.21,0.16,4.8,4,HydroRIVERS v1.0 (HydroSHEDS),LineString,OBSERVED HYDROGRAPHIC NETWORK · WWF / HydroSHEDS
40659748,40660685,41067217,1.38,0.204,6.1,6,HydroRIVERS v1.0 (HydroSHEDS),LineString,OBSERVED HYDROGRAPHIC NETWORK · WWF / HydroSHEDS
40659749,40660116,41067217,4.77,0.328,9.8,4,HydroRIVERS v1.0 (HydroSHEDS),LineString,OBSERVED HYDROGRAPHIC NETWORK · WWF / HydroSHEDS
40659750,40660116,41067217,2.75,0.161,4.8,5,HydroRIVERS v1.0 (HydroSHEDS),LineString,OBSERVED HYDROGRAPHIC NETWORK · WWF / HydroSHEDS
40659915,40660680,41067217,2.15,1.31,67.0,4,HydroRIVERS v1.0 (HydroSHEDS),LineString,OBSERVED HYDROGRAPHIC NETWORK · WWF / HydroSHEDS
40659916,40660680,41067217,2.72,0.231,11.6,5,HydroRIVERS v1.0 (HydroSHEDS),LineString,OBSERVED HYDROGRAPHIC NETWORK · WWF / HydroSHEDS
40659917,40661515,41067217,0.61,111.875,5053.7,4,HydroRIVERS v1.0 (HydroSHEDS),LineString,OBSERVED HYDROGRAPHIC NETWORK · WWF / HydroSHEDS
40659918,40659739,41067217,0.69,0.164,7.6,5,HydroRIVERS v1.0 (HydroSHEDS),LineString,OBSERVED HYDROGRAPHIC NETWORK · WWF / HydroSHEDS
40659919,40660270,41067217,3.39,0.339,15.5,6,HydroRIVERS v1.0 (HydroSHEDS),LineString,OBSERVED HYDROGRAPHIC NETWORK · WWF / HydroSHEDS
40659920,40660270,41067217,7.41,1.082,49.1,5,HydroRIVERS v1.0 (HydroSHEDS),LineString,OBSERVED HYDROGRAPHIC NETWORK · WWF / HydroSHEDS
40659921,40659576,41067217,5.38,0.531,20.1,5,HydroRIVERS v1.0 (HydroSHEDS),LineString,OBSERVED HYDROGRAPHIC NETWORK · WWF / HydroSHEDS
40659922,40660273,41067217,2.93,4.466,127.4,5,HydroRIVERS v1.0 (HydroSHEDS),LineString,OBSERVED HYDROGRAPHIC NETWORK · WWF / HydroSHEDS
40659923,40660273,41067217,0.8,4.733,140.4,6,HydroRIVERS v1.0 (HydroSHEDS),LineString,OBSERVED HYDROGRAPHIC NETWORK · WWF / HydroSHEDS
40659924,40659923,41067217,3.43,3.981,116.7,6,HydroRIVERS v1.0 (HydroSHEDS),LineString,OBSERVED HYDROGRAPHIC NETWORK · WWF / HydroSHEDS
40659925,40661025,41067217,1.22,55.059,1482.6,4,HydroRIVERS v1.0 (HydroSHEDS),LineString,OBSERVED HYDROGRAPHIC NETWORK · WWF / HydroSHEDS
40659926,40661025,41067217,0.69,0.187,5.7,5,HydroRIVERS v1.0 (HydroSHEDS),LineString,OBSERVED HYDROGRAPHIC NETWORK · WWF / HydroSHEDS
40660112,40660388,41067217,1.22,2.296,98.1,6,HydroRIVERS v1.0 (HydroSHEDS),LineString,OBSERVED HYDROGRAPHIC NETWORK · WWF / HydroSHEDS
40660113,40660388,41067217,0.6,0.193,8.7,7,HydroRIVERS v1.0 (HydroSHEDS),LineString,OBSERVED HYDROGRAPHIC NETWORK · WWF / HydroSHEDS
40660114,40660112,41067217,3.42,0.243,10.7,7,HydroRIVERS v1.0 (HydroSHEDS),LineString,OBSERVED HYDROGRAPHIC NETWORK · WWF / HydroSHEDS
40660115,40659742,41067217,2.94,0.224,8.3,5,HydroRIVERS v1.0 (HydroSHEDS),LineString,OBSERVED HYDROGRAPHIC NETWORK · WWF / HydroSHEDS
40660268,40660385,41067217,3.0,0.281,14.6,3,HydroRIVERS v1.0 (HydroSHEDS),LineString,OBSERVED HYDROGRAPHIC NETWORK · WWF / HydroSHEDS
40660269,40661515,41067217,2.94,0.255,11.8,5,HydroRIVERS v1.0 (HydroSHEDS),LineString,OBSERVED HYDROGRAPHIC NETWORK · WWF / HydroSHEDS
40660270,40660682,41067217,0.93,1.445,65.8,5,HydroRIVERS v1.0 (HydroSHEDS),LineString,OBSERVED HYDROGRAPHIC NETWORK · WWF / HydroSHEDS
40660271,40660682,41067217,2.91,0.288,13.3,6,HydroRIVERS v1.0 (HydroSHEDS),LineString,OBSERVED HYDROGRAPHIC NETWORK · WWF / HydroSHEDS
40660272,40660553,41067217,2.91,9.525,359.9,5,HydroRIVERS v1.0 (HydroSHEDS),LineString,OBSERVED HYDROGRAPHIC NETWORK · WWF / HydroSHEDS
40660273,40660392,41067217,2.02,9.41,272.2,5,HydroRIVERS v1.0 (HydroSHEDS),LineString,OBSERVED HYDROGRAPHIC NETWORK · WWF / HydroSHEDS
40660274,40659579,41067217,2.23,0.233,7.4,7,HydroRIVERS v1.0 (HydroSHEDS),LineString,OBSERVED HYDROGRAPHIC NETWORK · WWF / HydroSHEDS
40660384,40663624,41067217,3.81,0.391,21.2,3,HydroRIVERS v1.0 (HydroSHEDS),LineString,OBSERVED HYDROGRAPHIC NETWORK · WWF / HydroSHEDS
40660385,40663624,41067217,6.95,89.946,5048.9,2,HydroRIVERS v1.0 (HydroSHEDS),LineString,OBSERVED HYDROGRAPHIC NETWORK · WWF / HydroSHEDS
40660386,40661020,41067217,1.38,0.255,11.5,7,HydroRIVERS v1.0 (HydroSHEDS),LineString,OBSERVED HYDROGRAPHIC NETWORK · WWF / HydroSHEDS
40660387,40661020,41067217,0.4,2.98,128.9,6,HydroRIVERS v1.0 (HydroSHEDS),LineString,OBSERVED HYDROGRAPHIC NETWORK · WWF / HydroSHEDS
40660388,40660387,41067217,3.62,2.745,118.2,6,HydroRIVERS v1.0 (HydroSHEDS),LineString,OBSERVED HYDROGRAPHIC NETWORK · WWF / HydroSHEDS
40660389,40662023,41067217,16.54,2.119,64.6,5,HydroRIVERS v1.0 (HydroSHEDS),LineString,OBSERVED HYDROGRAPHIC NETWORK · WWF / HydroSHEDS
40660390,40662023,41067217,3.06,3.494,105.2,6,HydroRIVERS v1.0 (HydroSHEDS),LineString,OBSERVED HYDROGRAPHIC NETWORK · WWF / HydroSHEDS
40660391,40661693,41067217,1.99,0.299,9.6,6,HydroRIVERS v1.0 (HydroSHEDS),LineString,OBSERVED HYDROGRAPHIC NETWORK · WWF / HydroSHEDS
40660392,40661693,41067217,1.01,9.776,282.9,5,HydroRIVERS v1.0 (HydroSHEDS),LineString,OBSERVED HYDROGRAPHIC NETWORK · WWF / HydroSHEDS
40660393,40659580,41067217,3.65,0.294,9.2,7,HydroRIVERS v1.0 (HydroSHEDS),LineString,OBSERVED HYDROGRAPHIC NETWORK · WWF / HydroSHEDS
40660394,40659581,41067217,4.41,0.363,11.3,7,HydroRIVERS v1.0 (HydroSHEDS),LineString,OBSERVED HYDROGRAPHIC NETWORK · WWF / HydroSHEDS
40660395,40660557,41067217,3.15,0.696,20.7,4,HydroRIVERS v1.0 (HydroSHEDS),LineString,OBSERVED HYDROGRAPHIC NETWORK · WWF / HydroSHEDS
40660396,40660557,41067217,1.62,0.228,6.8,5,HydroRIVERS v1.0 (HydroSHEDS),LineString,OBSERVED HYDROGRAPHIC NETWORK · WWF / HydroSHEDS
40660397,40660686,41067217,1.22,63.668,1922.2,3,HydroRIVERS v1.0 (HydroSHEDS),LineString,OBSERVED HYDROGRAPHIC NETWORK · WWF / HydroSHEDS
40660548,40661512,41067217,4.01,0.329,19.8,4,HydroRIVERS v1.0 (HydroSHEDS),LineString,OBSERVED HYDROGRAPHIC NETWORK · WWF / HydroSHEDS
40660549,40661015,41067217,4.86,0.435,21.4,4,HydroRIVERS v1.0 (HydroSHEDS),LineString,OBSERVED HYDROGRAPHIC NETWORK · WWF / HydroSHEDS
40660550,40661015,41067217,3.08,32.764,1619.6,3,HydroRIVERS v1.0 (HydroSHEDS),LineString,OBSERVED HYDROGRAPHIC NETWORK · WWF / HydroSHEDS
40660551,40661686,41067217,7.35,1.032,48.2,5,HydroRIVERS v1.0 (HydroSHEDS),LineString,OBSERVED HYDROGRAPHIC NETWORK · WWF / HydroSHEDS
40660552,40661021,41067217,5.07,0.492,20.9,6,HydroRIVERS v1.0 (HydroSHEDS),LineString,OBSERVED HYDROGRAPHIC NETWORK · WWF / HydroSHEDS
40660553,40661021,41067217,1.62,9.859,374.0,5,HydroRIVERS v1.0 (HydroSHEDS),LineString,OBSERVED HYDROGRAPHIC NETWORK · WWF / HydroSHEDS
40660554,40660553,41067217,2.62,0.247,10.3,6,HydroRIVERS v1.0 (HydroSHEDS),LineString,OBSERVED HYDROGRAPHIC NETWORK · WWF / HydroSHEDS
40660555,40661692,41067217,2.76,8.421,281.7,4,HydroRIVERS v1.0 (HydroSHEDS),LineString,OBSERVED HYDROGRAPHIC NETWORK · WWF / HydroSHEDS
40660556,40660392,41067217,1.31,0.224,7.4,6,HydroRIVERS v1.0 (HydroSHEDS),LineString,OBSERVED HYDROGRAPHIC NETWORK · WWF / HydroSHEDS
40660557,40663323,41067217,0.46,0.95,28.3,4,HydroRIVERS v1.0 (HydroSHEDS),LineString,OBSERVED HYDROGRAPHIC NETWORK · WWF / HydroSHEDS
40660558,40663323,41067217,0.6,0.139,4.3,5,HydroRIVERS v1.0 (HydroSHEDS),LineString,OBSERVED HYDROGRAPHIC NETWORK · WWF / HydroSHEDS
40660679,40661512,41067217,7.66,37.551,2402.6,3,HydroRIVERS v1.0 (HydroSHEDS),LineString,OBSERVED HYDROGRAPHIC NETWORK · WWF / HydroSHEDS
40660680,40663473,41067217,2.46,1.632,83.3,4,HydroRIVERS v1.0 (HydroSHEDS),LineString,OBSERVED HYDROGRAPHIC NETWORK · WWF / HydroSHEDS
40660681,40660857,41067217,1.77,0.136,6.3,6,HydroRIVERS v1.0 (HydroSHEDS),LineString,OBSERVED HYDROGRAPHIC NETWORK · WWF / HydroSHEDS
40660682,40660857,41067217,1.83,1.785,81.5,5,HydroRIVERS v1.0 (HydroSHEDS),LineString,OBSERVED HYDROGRAPHIC NETWORK · WWF / HydroSHEDS
40660683,40660863,41067217,1.21,0.137,4.3,7,HydroRIVERS v1.0 (HydroSHEDS),LineString,OBSERVED HYDROGRAPHIC NETWORK · WWF / HydroSHEDS
40660684,40660863,41067217,2.99,0.155,4.8,6,HydroRIVERS v1.0 (HydroSHEDS),LineString,OBSERVED HYDROGRAPHIC NETWORK · WWF / HydroSHEDS
40660685,40661354,41067217,5.12,1.008,30.5,4,HydroRIVERS v1.0 (HydroSHEDS),LineString,OBSERVED HYDROGRAPHIC NETWORK · WWF / HydroSHEDS
40660686,40661354,41067217,1.22,65.447,1977.1,3,HydroRIVERS v1.0 (HydroSHEDS),LineString,OBSERVED HYDROGRAPHIC NETWORK · WWF / HydroSHEDS
40660853,40663473,41067217,4.24,0.29,14.6,5,HydroRIVERS v1.0 (HydroSHEDS),LineString,OBSERVED HYDROGRAPHIC NETWORK · WWF / HydroSHEDS
40660854,40661016,41067217,9.67,0.966,45.8,4,HydroRIVERS v1.0 (HydroSHEDS),LineString,OBSERVED HYDROGRAPHIC NETWORK · WWF / HydroSHEDS
40660855,40661016,41067217,4.61,0.296,14.0,5,HydroRIVERS v1.0 (HydroSHEDS),LineString,OBSERVED HYDROGRAPHIC NETWORK · WWF / HydroSHEDS
40660856,40661204,41067217,0.69,0.112,5.2,6,HydroRIVERS v1.0 (HydroSHEDS),LineString,OBSERVED HYDROGRAPHIC NETWORK · WWF / HydroSHEDS
40660857,40661204,41067217,0.61,1.937,88.5,5,HydroRIVERS v1.0 (HydroSHEDS),LineString,OBSERVED HYDROGRAPHIC NETWORK · WWF / HydroSHEDS
40660858,40660387,41067217,2.14,0.182,8.3,7,HydroRIVERS v1.0 (HydroSHEDS),LineString,OBSERVED HYDROGRAPHIC NETWORK · WWF / HydroSHEDS
40660859,40662385,41067217,2.38,0.355,14.2,5,HydroRIVERS v1.0 (HydroSHEDS),LineString,OBSERVED HYDROGRAPHIC NETWORK · WWF / HydroSHEDS
40660860,40662385,41067217,0.69,0.121,4.8,6,HydroRIVERS v1.0 (HydroSHEDS),LineString,OBSERVED HYDROGRAPHIC NETWORK · WWF / HydroSHEDS
40660861,40659923,41067217,3.92,0.66,21.3,7,HydroRIVERS v1.0 (HydroSHEDS),LineString,OBSERVED HYDROGRAPHIC NETWORK · WWF / HydroSHEDS
40660862,40660861,41067217,0.6,0.137,4.4,7,HydroRIVERS v1.0 (HydroSHEDS),LineString,OBSERVED HYDROGRAPHIC NETWORK · WWF / HydroSHEDS
40660863,40661209,41067217,0.61,0.297,9.2,6,HydroRIVERS v1.0 (HydroSHEDS),LineString,OBSERVED HYDROGRAPHIC NETWORK · WWF / HydroSHEDS
40660864,40661695,41067217,1.93,0.162,5.0,6,HydroRIVERS v1.0 (HydroSHEDS),LineString,OBSERVED HYDROGRAPHIC NETWORK · WWF / HydroSHEDS
40660865,40661695,41067217,0.92,0.108,3.3,5,HydroRIVERS v1.0 (HydroSHEDS),LineString,OBSERVED HYDROGRAPHIC NETWORK · WWF / HydroSHEDS
40660866,40661695,41067217,2.23,0.145,4.4,4,HydroRIVERS v1.0 (HydroSHEDS),LineString,OBSERVED HYDROGRAPHIC NETWORK · WWF / HydroSHEDS
40661015,40661513,41067217,1.54,33.259,1643.2,3,HydroRIVERS v1.0 (HydroSHEDS),LineString,OBSERVED HYDROGRAPHIC NETWORK · WWF / HydroSHEDS
40661016,40661349,41067217,1.41,1.426,67.6,4,HydroRIVERS v1.0 (HydroSHEDS),LineString,OBSERVED HYDROGRAPHIC NETWORK · WWF / HydroSHEDS
40661017,40661018,41067217,0.6,0.139,6.5,7,HydroRIVERS v1.0 (HydroSHEDS),LineString,OBSERVED HYDROGRAPHIC NETWORK · WWF / HydroSHEDS
40661018,40661686,41067217,2.48,0.373,17.4,6,HydroRIVERS v1.0 (HydroSHEDS),LineString,OBSERVED HYDROGRAPHIC NETWORK · WWF / HydroSHEDS
40661019,40661207,41067217,6.45,2.979,131.6,7,HydroRIVERS v1.0 (HydroSHEDS),LineString,OBSERVED HYDROGRAPHIC NETWORK · WWF / HydroSHEDS
40661020,40661207,41067217,4.44,3.46,150.7,6,HydroRIVERS v1.0 (HydroSHEDS),LineString,OBSERVED HYDROGRAPHIC NETWORK · WWF / HydroSHEDS
40661021,40661518,41067217,1.54,10.496,401.1,5,HydroRIVERS v1.0 (HydroSHEDS),LineString,OBSERVED HYDROGRAPHIC NETWORK · WWF / HydroSHEDS
40661022,40660861,41067217,0.69,0.18,5.9,8,HydroRIVERS v1.0 (HydroSHEDS),LineString,OBSERVED HYDROGRAPHIC NETWORK · WWF / HydroSHEDS
40661023,40661208,41067217,4.15,1.507,44.9,5,HydroRIVERS v1.0 (HydroSHEDS),LineString,OBSERVED HYDROGRAPHIC NETWORK · WWF / HydroSHEDS
40661024,40661208,41067217,1.6,56.416,1523.4,4,HydroRIVERS v1.0 (HydroSHEDS),LineString,OBSERVED HYDROGRAPHIC NETWORK · WWF / HydroSHEDS
40661025,40661024,41067217,3.69,55.643,1499.8,4,HydroRIVERS v1.0 (HydroSHEDS),LineString,OBSERVED HYDROGRAPHIC NETWORK · WWF / HydroSHEDS
40661026,40661209,41067217,2.81,0.195,6.1,5,HydroRIVERS v1.0 (HydroSHEDS),LineString,OBSERVED HYDROGRAPHIC NETWORK · WWF / HydroSHEDS
40661203,40661018,41067217,0.92,0.127,5.9,6,HydroRIVERS v1.0 (HydroSHEDS),LineString,OBSERVED HYDROGRAPHIC NETWORK · WWF / HydroSHEDS
40661204,40662222,41067217,1.07,2.073,94.8,5,HydroRIVERS v1.0 (HydroSHEDS),LineString,OBSERVED HYDROGRAPHIC NETWORK · WWF / HydroSHEDS
40661205,40662222,41067217,2.51,0.206,9.6,6,HydroRIVERS v1.0 (HydroSHEDS),LineString,OBSERVED HYDROGRAPHIC NETWORK · WWF / HydroSHEDS
40661206,40662549,41067217,5.53,0.53,24.4,7,HydroRIVERS v1.0 (HydroSHEDS),LineString,OBSERVED HYDROGRAPHIC NETWORK · WWF / HydroSHEDS
40661207,40662549,41067217,1.01,6.467,283.7,6,HydroRIVERS v1.0 (HydroSHEDS),LineString,OBSERVED HYDROGRAPHIC NETWORK · WWF / HydroSHEDS
40661208,40661521,41067217,0.61,57.98,1570.0,4,HydroRIVERS v1.0 (HydroSHEDS),LineString,OBSERVED HYDROGRAPHIC NETWORK · WWF / HydroSHEDS
40661209,40661024,41067217,2.23,0.622,19.4,5,HydroRIVERS v1.0 (HydroSHEDS),LineString,OBSERVED HYDROGRAPHIC NETWORK · WWF / HydroSHEDS
40661346,40662217,41067217,5.23,0.542,31.2,4,HydroRIVERS v1.0 (HydroSHEDS),LineString,OBSERVED HYDROGRAPHIC NETWORK · WWF / HydroSHEDS
40661347,40662218,41067217,2.7,0.281,15.7,4,HydroRIVERS v1.0 (HydroSHEDS),LineString,OBSERVED HYDROGRAPHIC NETWORK · WWF / HydroSHEDS
40661348,40662218,41067217,2.01,0.211,11.6,5,HydroRIVERS v1.0 (HydroSHEDS),LineString,OBSERVED HYDROGRAPHIC NETWORK · WWF / HydroSHEDS
40661349,40661513,41067217,6.43,2.117,100.7,4,HydroRIVERS v1.0 (HydroSHEDS),LineString,OBSERVED HYDROGRAPHIC NETWORK · WWF / HydroSHEDS
40661350,40662221,41067217,1.0,0.159,7.4,7,HydroRIVERS v1.0 (HydroSHEDS),LineString,OBSERVED HYDROGRAPHIC NETWORK · WWF / HydroSHEDS
40661351,40662221,41067217,3.67,0.272,12.6,6,HydroRIVERS v1.0 (HydroSHEDS),LineString,OBSERVED HYDROGRAPHIC NETWORK · WWF / HydroSHEDS
40661352,40661518,41067217,1.93,0.159,6.8,6,HydroRIVERS v1.0 (HydroSHEDS),LineString,OBSERVED HYDROGRAPHIC NETWORK · WWF / HydroSHEDS
40661353,40661692,41067217,4.05,0.488,18.3,5,HydroRIVERS v1.0 (HydroSHEDS),LineString,OBSERVED HYDROGRAPHIC NETWORK · WWF / HydroSHEDS
40661354,40661696,41067217,3.24,66.707,2014.4,3,HydroRIVERS v1.0 (HydroSHEDS),LineString,OBSERVED HYDROGRAPHIC NETWORK · WWF / HydroSHEDS
40661512,40662217,41067217,12.59,38.702,2471.5,3,HydroRIVERS v1.0 (HydroSHEDS),LineString,OBSERVED HYDROGRAPHIC NETWORK · WWF / HydroSHEDS
40661513,40662020,41067217,1.69,35.446,1746.5,3,HydroRIVERS v1.0 (HydroSHEDS),LineString,OBSERVED HYDROGRAPHIC NETWORK · WWF / HydroSHEDS
40661514,40661349,41067217,1.62,0.193,9.2,5,HydroRIVERS v1.0 (HydroSHEDS),LineString,OBSERVED HYDROGRAPHIC NETWORK · WWF / HydroSHEDS
40661515,40661516,41067217,5.37,112.742,5085.5,4,HydroRIVERS v1.0 (HydroSHEDS),LineString,OBSERVED HYDROGRAPHIC NETWORK · WWF / HydroSHEDS
40661516,40662546,41067217,0.4,115.191,5198.4,4,HydroRIVERS v1.0 (HydroSHEDS),LineString,OBSERVED HYDROGRAPHIC NETWORK · WWF / HydroSHEDS
40661517,40662546,41067217,2.22,0.22,10.2,5,HydroRIVERS v1.0 (HydroSHEDS),LineString,OBSERVED HYDROGRAPHIC NETWORK · WWF / HydroSHEDS
40661518,40661690,41067217,1.69,10.71,410.3,5,HydroRIVERS v1.0 (HydroSHEDS),LineString,OBSERVED HYDROGRAPHIC NETWORK · WWF / HydroSHEDS
40661519,40662387,41067217,1.38,0.266,8.3,6,HydroRIVERS v1.0 (HydroSHEDS),LineString,OBSERVED HYDROGRAPHIC NETWORK · WWF / HydroSHEDS
40661520,40662225,41067217,7.49,0.567,17.4,4,HydroRIVERS v1.0 (HydroSHEDS),LineString,OBSERVED HYDROGRAPHIC NETWORK · WWF / HydroSHEDS
40661521,40662225,41067217,1.62,156.539,4619.8,3,HydroRIVERS v1.0 (HydroSHEDS),LineString,OBSERVED HYDROGRAPHIC NETWORK · WWF / HydroSHEDS
40661522,40661696,41067217,1.61,0.13,4.1,4,HydroRIVERS v1.0 (HydroSHEDS),LineString,OBSERVED HYDROGRAPHIC NETWORK · WWF / HydroSHEDS
40661685,40662020,41067217,1.21,0.137,6.7,4,HydroRIVERS v1.0 (HydroSHEDS),LineString,OBSERVED HYDROGRAPHIC NETWORK · WWF / HydroSHEDS
40661686,40662021,41067217,5.88,1.746,81.3,5,HydroRIVERS v1.0 (HydroSHEDS),LineString,OBSERVED HYDROGRAPHIC NETWORK · WWF / HydroSHEDS
40661687,40662220,41067217,0.69,0.12,5.5,6,HydroRIVERS v1.0 (HydroSHEDS),LineString,OBSERVED HYDROGRAPHIC NETWORK · WWF / HydroSHEDS
40661688,40662220,41067217,0.92,0.124,5.7,7,HydroRIVERS v1.0 (HydroSHEDS),LineString,OBSERVED HYDROGRAPHIC NETWORK · WWF / HydroSHEDS
40661689,40662713,41067217,2.07,0.188,8.3,6,HydroRIVERS v1.0 (HydroSHEDS),LineString,OBSERVED HYDROGRAPHIC NETWORK · WWF / HydroSHEDS
40661690,40662713,41067217,0.61,10.882,417.9,5,HydroRIVERS v1.0 (HydroSHEDS),LineString,OBSERVED HYDROGRAPHIC NETWORK · WWF / HydroSHEDS
40661691,40661690,41067217,1.21,0.151,6.7,6,HydroRIVERS v1.0 (HydroSHEDS),LineString,OBSERVED HYDROGRAPHIC NETWORK · WWF / HydroSHEDS
40661692,40662022,41067217,5.43,9.577,316.8,4,HydroRIVERS v1.0 (HydroSHEDS),LineString,OBSERVED HYDROGRAPHIC NETWORK · WWF / HydroSHEDS
40661693,40662715,41067217,5.54,11.055,318.6,5,HydroRIVERS v1.0 (HydroSHEDS),LineString,OBSERVED HYDROGRAPHIC NETWORK · WWF / HydroSHEDS
40661694,40662387,41067217,1.21,0.197,6.3,7,HydroRIVERS v1.0 (HydroSHEDS),LineString,OBSERVED HYDROGRAPHIC NETWORK · WWF / HydroSHEDS
40661695,40662560,41067217,3.06,0.63,19.4,4,HydroRIVERS v1.0 (HydroSHEDS),LineString,OBSERVED HYDROGRAPHIC NETWORK · WWF / HydroSHEDS
40661696,40662560,41067217,1.22,66.93,2021.1,3,HydroRIVERS v1.0 (HydroSHEDS),LineString,OBSERVED HYDROGRAPHIC NETWORK · WWF / HydroSHEDS
40661697,40660686,41067217,4.99,1.605,49.9,4,HydroRIVERS v1.0 (HydroSHEDS),LineString,OBSERVED HYDROGRAPHIC NETWORK · WWF / HydroSHEDS
40661870,40662021,41067217,1.41,0.475,22.0,6,HydroRIVERS v1.0 (HydroSHEDS),LineString,OBSERVED HYDROGRAPHIC NETWORK · WWF / HydroSHEDS
40662019,40663477,41067217,1.67,0.157,7.8,4,HydroRIVERS v1.0 (HydroSHEDS),LineString,OBSERVED HYDROGRAPHIC NETWORK · WWF / HydroSHEDS
40662020,40663477,41067217,2.88,35.76,1761.3,3,HydroRIVERS v1.0 (HydroSHEDS),LineString,OBSERVED HYDROGRAPHIC NETWORK · WWF / HydroSHEDS
40662021,40661516,41067217,3.96,2.411,112.0,5,HydroRIVERS v1.0 (HydroSHEDS),LineString,OBSERVED HYDROGRAPHIC NETWORK · WWF / HydroSHEDS
40662022,40662714,41067217,1.62,10.108,334.4,4,HydroRIVERS v1.0 (HydroSHEDS),LineString,OBSERVED HYDROGRAPHIC NETWORK · WWF / HydroSHEDS
40662023,40662714,41067217,5.22,6.09,182.6,5,HydroRIVERS v1.0 (HydroSHEDS),LineString,OBSERVED HYDROGRAPHIC NETWORK · WWF / HydroSHEDS
40662217,40662883,41067217,5.3,39.569,2521.4,3,HydroRIVERS v1.0 (HydroSHEDS),LineString,OBSERVED HYDROGRAPHIC NETWORK · WWF / HydroSHEDS
40662218,40662883,41067217,2.76,0.558,31.0,4,HydroRIVERS v1.0 (HydroSHEDS),LineString,OBSERVED HYDROGRAPHIC NETWORK · WWF / HydroSHEDS
40662219,40661870,41067217,2.62,0.295,13.7,6,HydroRIVERS v1.0 (HydroSHEDS),LineString,OBSERVED HYDROGRAPHIC NETWORK · WWF / HydroSHEDS
40662220,40662547,41067217,2.63,0.395,18.3,6,HydroRIVERS v1.0 (HydroSHEDS),LineString,OBSERVED HYDROGRAPHIC NETWORK · WWF / HydroSHEDS
40662221,40662884,41067217,3.31,0.638,29.6,6,HydroRIVERS v1.0 (HydroSHEDS),LineString,OBSERVED HYDROGRAPHIC NETWORK · WWF / HydroSHEDS
40662222,40662884,41067217,2.78,2.439,111.8,5,HydroRIVERS v1.0 (HydroSHEDS),LineString,OBSERVED HYDROGRAPHIC NETWORK · WWF / HydroSHEDS
40662223,40662022,41067217,3.74,0.401,15.0,5,HydroRIVERS v1.0 (HydroSHEDS),LineString,OBSERVED HYDROGRAPHIC NETWORK · WWF / HydroSHEDS
40662224,40662391,41067217,0.69,0.112,3.5,4,HydroRIVERS v1.0 (HydroSHEDS),LineString,OBSERVED HYDROGRAPHIC NETWORK · WWF / HydroSHEDS
40662225,40662391,41067217,2.45,157.395,4645.0,3,HydroRIVERS v1.0 (HydroSHEDS),LineString,OBSERVED HYDROGRAPHIC NETWORK · WWF / HydroSHEDS
40662226,40661521,41067217,6.31,98.365,3044.7,3,HydroRIVERS v1.0 (HydroSHEDS),LineString,OBSERVED HYDROGRAPHIC NETWORK · WWF / HydroSHEDS
40662381,40663035,41067217,2.55,0.355,16.6,5,HydroRIVERS v1.0 (HydroSHEDS),LineString,OBSERVED HYDROGRAPHIC NETWORK · WWF / HydroSHEDS
40662382,40663035,41067217,2.41,0.257,12.0,6,HydroRIVERS v1.0 (HydroSHEDS),LineString,OBSERVED HYDROGRAPHIC NETWORK · WWF / HydroSHEDS
40662383,40661870,41067217,1.77,0.14,6.5,7,HydroRIVERS v1.0 (HydroSHEDS),LineString,OBSERVED HYDROGRAPHIC NETWORK · WWF / HydroSHEDS
40662384,40663159,41067217,3.61,0.399,16.8,6,HydroRIVERS v1.0 (HydroSHEDS),LineString,OBSERVED HYDROGRAPHIC NETWORK · WWF / HydroSHEDS
40662385,40663159,41067217,4.76,0.899,36.2,5,HydroRIVERS v1.0 (HydroSHEDS),LineString,OBSERVED HYDROGRAPHIC NETWORK · WWF / HydroSHEDS
40662386,40662554,41067217,1.4,0.176,5.7,6,HydroRIVERS v1.0 (HydroSHEDS),LineString,OBSERVED HYDROGRAPHIC NETWORK · WWF / HydroSHEDS
40662387,40662554,41067217,2.61,0.776,24.2,5,HydroRIVERS v1.0 (HydroSHEDS),LineString,OBSERVED HYDROGRAPHIC NETWORK · WWF / HydroSHEDS
40662388,40663482,41067217,0.61,0.108,3.3,6,HydroRIVERS v1.0 (HydroSHEDS),LineString,OBSERVED HYDROGRAPHIC NETWORK · WWF / HydroSHEDS
40662389,40663482,41067217,2.08,0.127,3.9,5,HydroRIVERS v1.0 (HydroSHEDS),LineString,OBSERVED HYDROGRAPHIC NETWORK · WWF / HydroSHEDS
40662390,40662717,41067217,2.7,0.141,4.4,4,HydroRIVERS v1.0 (HydroSHEDS),LineString,OBSERVED HYDROGRAPHIC NETWORK · WWF / HydroSHEDS
40662391,40662717,41067217,0.61,157.536,4649.0,3,HydroRIVERS v1.0 (HydroSHEDS),LineString,OBSERVED HYDROGRAPHIC NETWORK · WWF / HydroSHEDS
40662392,40662226,41067217,0.46,0.277,9.2,4,HydroRIVERS v1.0 (HydroSHEDS),LineString,OBSERVED HYDROGRAPHIC NETWORK · WWF / HydroSHEDS
40662393,40662226,41067217,1.01,97.356,3014.9,3,HydroRIVERS v1.0 (HydroSHEDS),LineString,OBSERVED HYDROGRAPHIC NETWORK · WWF / HydroSHEDS
40662394,40662393,41067217,7.19,0.905,28.5,4,HydroRIVERS v1.0 (HydroSHEDS),LineString,OBSERVED HYDROGRAPHIC NETWORK · WWF / HydroSHEDS
40662395,40662559,41067217,4.37,0.142,4.4,4,HydroRIVERS v1.0 (HydroSHEDS),LineString,OBSERVED HYDROGRAPHIC NETWORK · WWF / HydroSHEDS
40662396,40662559,41067217,0.69,0.207,6.5,6,HydroRIVERS v1.0 (HydroSHEDS),LineString,OBSERVED HYDROGRAPHIC NETWORK · WWF / HydroSHEDS
40662545,40663476,41067217,3.29,0.366,18.3,4,HydroRIVERS v1.0 (HydroSHEDS),LineString,OBSERVED HYDROGRAPHIC NETWORK · WWF / HydroSHEDS
40662546,40663036,41067217,3.22,115.678,5215.8,4,HydroRIVERS v1.0 (HydroSHEDS),LineString,OBSERVED HYDROGRAPHIC NETWORK · WWF / HydroSHEDS
40662547,40663036,41067217,4.44,0.965,44.7,5,HydroRIVERS v1.0 (HydroSHEDS),LineString,OBSERVED HYDROGRAPHIC NETWORK · WWF / HydroSHEDS
40662548,40662547,41067217,4.83,0.354,16.5,5,HydroRIVERS v1.0 (HydroSHEDS),LineString,OBSERVED HYDROGRAPHIC NETWORK · WWF / HydroSHEDS
40662549,40663154,41067217,4.45,7.309,322.6,6,HydroRIVERS v1.0 (HydroSHEDS),LineString,OBSERVED HYDROGRAPHIC NETWORK · WWF / HydroSHEDS
40662550,40662712,41067217,4.09,0.251,11.6,7,HydroRIVERS v1.0 (HydroSHEDS),LineString,OBSERVED HYDROGRAPHIC NETWORK · WWF / HydroSHEDS
40662551,40662712,41067217,2.19,0.196,9.2,8,HydroRIVERS v1.0 (HydroSHEDS),LineString,OBSERVED HYDROGRAPHIC NETWORK · WWF / HydroSHEDS
40662552,40663038,41067217,0.6,0.122,5.0,6,HydroRIVERS v1.0 (HydroSHEDS),LineString,OBSERVED HYDROGRAPHIC NETWORK · WWF / HydroSHEDS
40662553,40663038,41067217,2.08,0.299,11.8,5,HydroRIVERS v1.0 (HydroSHEDS),LineString,OBSERVED HYDROGRAPHIC NETWORK · WWF / HydroSHEDS
40662554,40663322,41067217,0.61,0.959,30.1,5,HydroRIVERS v1.0 (HydroSHEDS),LineString,OBSERVED HYDROGRAPHIC NETWORK · WWF / HydroSHEDS
40662555,40663322,41067217,5.01,0.171,5.2,4,HydroRIVERS v1.0 (HydroSHEDS),LineString,OBSERVED HYDROGRAPHIC NETWORK · WWF / HydroSHEDS
40662556,40662393,41067217,0.46,96.408,2985.5,3,HydroRIVERS v1.0 (HydroSHEDS),LineString,OBSERVED HYDROGRAPHIC NETWORK · WWF / HydroSHEDS
40662557,40662556,41067217,0.4,0.494,15.9,4,HydroRIVERS v1.0 (HydroSHEDS),LineString,OBSERVED HYDROGRAPHIC NETWORK · WWF / HydroSHEDS
40662558,40662557,41067217,0.92,0.133,4.3,5,HydroRIVERS v1.0 (HydroSHEDS),LineString,OBSERVED HYDROGRAPHIC NETWORK · WWF / HydroSHEDS
40662559,40662722,41067217,0.61,0.419,13.1,4,HydroRIVERS v1.0 (HydroSHEDS),LineString,OBSERVED HYDROGRAPHIC NETWORK · WWF / HydroSHEDS
40662560,40662722,41067217,2.61,67.814,2047.7,3,HydroRIVERS v1.0 (HydroSHEDS),LineString,OBSERVED HYDROGRAPHIC NETWORK · WWF / HydroSHEDS
40662712,40663154,41067217,1.22,0.547,25.7,7,HydroRIVERS v1.0 (HydroSHEDS),LineString,OBSERVED HYDROGRAPHIC NETWORK · WWF / HydroSHEDS
40662713,40662886,41067217,3.22,11.297,436.4,5,HydroRIVERS v1.0 (HydroSHEDS),LineString,OBSERVED HYDROGRAPHIC NETWORK · WWF / HydroSHEDS
40662714,40663632,41067217,2.3,16.536,524.7,4,HydroRIVERS v1.0 (HydroSHEDS),LineString,OBSERVED HYDROGRAPHIC NETWORK · WWF / HydroSHEDS
40662715,40663632,41067217,4.72,13.03,378.7,5,HydroRIVERS v1.0 (HydroSHEDS),LineString,OBSERVED HYDROGRAPHIC NETWORK · WWF / HydroSHEDS
40662716,40662894,41067217,2.23,0.123,3.9,4,HydroRIVERS v1.0 (HydroSHEDS),LineString,OBSERVED HYDROGRAPHIC NETWORK · WWF / HydroSHEDS
40662717,40662894,41067217,1.07,157.728,4654.4,3,HydroRIVERS v1.0 (HydroSHEDS),LineString,OBSERVED HYDROGRAPHIC NETWORK · WWF / HydroSHEDS
40662718,40662392,41067217,1.53,0.117,3.9,5,HydroRIVERS v1.0 (HydroSHEDS),LineString,OBSERVED HYDROGRAPHIC NETWORK · WWF / HydroSHEDS
40662719,40662557,41067217,0.61,0.35,11.3,4,HydroRIVERS v1.0 (HydroSHEDS),LineString,OBSERVED HYDROGRAPHIC NETWORK · WWF / HydroSHEDS
40662720,40662719,41067217,1.21,0.178,5.7,5,HydroRIVERS v1.0 (HydroSHEDS),LineString,OBSERVED HYDROGRAPHIC NETWORK · WWF / HydroSHEDS
40662721,40662719,41067217,2.59,0.167,5.4,4,HydroRIVERS v1.0 (HydroSHEDS),LineString,OBSERVED HYDROGRAPHIC NETWORK · WWF / HydroSHEDS
40662722,40662900,41067217,0.46,68.25,2061.2,3,HydroRIVERS v1.0 (HydroSHEDS),LineString,OBSERVED HYDROGRAPHIC NETWORK · WWF / HydroSHEDS
40662723,40662900,41067217,1.21,0.111,3.5,5,HydroRIVERS v1.0 (HydroSHEDS),LineString,OBSERVED HYDROGRAPHIC NETWORK · WWF / HydroSHEDS
40662883,40664092,41067217,3.1,40.276,2560.8,3,HydroRIVERS v1.0 (HydroSHEDS),LineString,OBSERVED HYDROGRAPHIC NETWORK · WWF / HydroSHEDS
40662884,40663153,41067217,1.85,3.161,145.2,5,HydroRIVERS v1.0 (HydroSHEDS),LineString,OBSERVED HYDROGRAPHIC NETWORK · WWF / HydroSHEDS
40662885,40663153,41067217,2.9,0.243,11.5,6,HydroRIVERS v1.0 (HydroSHEDS),LineString,OBSERVED HYDROGRAPHIC NETWORK · WWF / HydroSHEDS
40662886,40663157,41067217,0.61,11.638,451.8,5,HydroRIVERS v1.0 (HydroSHEDS),LineString,OBSERVED HYDROGRAPHIC NETWORK · WWF / HydroSHEDS
40662887,40662715,41067217,11.25,1.367,46.2,6,HydroRIVERS v1.0 (HydroSHEDS),LineString,OBSERVED HYDROGRAPHIC NETWORK · WWF / HydroSHEDS
40662888,40663937,41067217,1.99,0.275,9.1,4,HydroRIVERS v1.0 (HydroSHEDS),LineString,OBSERVED HYDROGRAPHIC NETWORK · WWF / HydroSHEDS
40662889,40663937,41067217,2.14,0.35,11.5,5,HydroRIVERS v1.0 (HydroSHEDS),LineString,OBSERVED HYDROGRAPHIC NETWORK · WWF / HydroSHEDS
40662890,40663324,41067217,2.55,0.283,8.9,4,HydroRIVERS v1.0 (HydroSHEDS),LineString,OBSERVED HYDROGRAPHIC NETWORK · WWF / HydroSHEDS
40662891,40663324,41067217,0.4,159.339,4696.5,3,HydroRIVERS v1.0 (HydroSHEDS),LineString,OBSERVED HYDROGRAPHIC NETWORK · WWF / HydroSHEDS
40662892,40662891,41067217,2.55,0.131,4.1,4,HydroRIVERS v1.0 (HydroSHEDS),LineString,OBSERVED HYDROGRAPHIC NETWORK · WWF / HydroSHEDS
40662893,40662891,41067217,0.4,158.86,4691.6,3,HydroRIVERS v1.0 (HydroSHEDS),LineString,OBSERVED HYDROGRAPHIC NETWORK · WWF / HydroSHEDS
40662894,40662893,41067217,0.61,158.17,4668.4,3,HydroRIVERS v1.0 (HydroSHEDS),LineString,OBSERVED HYDROGRAPHIC NETWORK · WWF / HydroSHEDS
40662895,40662894,41067217,2.51,0.296,9.8,5,HydroRIVERS v1.0 (HydroSHEDS),LineString,OBSERVED HYDROGRAPHIC NETWORK · WWF / HydroSHEDS
40662896,40662392,41067217,1.84,0.155,5.2,4,HydroRIVERS v1.0 (HydroSHEDS),LineString,OBSERVED HYDROGRAPHIC NETWORK · WWF / HydroSHEDS
40662897,40662556,41067217,1.22,95.878,2968.7,3,HydroRIVERS v1.0 (HydroSHEDS),LineString,OBSERVED HYDROGRAPHIC NETWORK · WWF / HydroSHEDS
40662898,40662897,41067217,4.11,0.25,8.1,4,HydroRIVERS v1.0 (HydroSHEDS),LineString,OBSERVED HYDROGRAPHIC NETWORK · WWF / HydroSHEDS
40662899,40663161,41067217,4.01,0.453,14.4,4,HydroRIVERS v1.0 (HydroSHEDS),LineString,OBSERVED HYDROGRAPHIC NETWORK · WWF / HydroSHEDS
40662900,40663161,41067217,0.61,69.663,2106.3,3,HydroRIVERS v1.0 (HydroSHEDS),LineString,OBSERVED HYDROGRAPHIC NETWORK · WWF / HydroSHEDS
40663033,40664092,41067217,3.79,0.212,11.6,4,HydroRIVERS v1.0 (HydroSHEDS),LineString,OBSERVED HYDROGRAPHIC NETWORK · WWF / HydroSHEDS
40663034,40664237,41067217,3.0,0.295,13.9,6,HydroRIVERS v1.0 (HydroSHEDS),LineString,OBSERVED HYDROGRAPHIC NETWORK · WWF / HydroSHEDS
40663035,40664237,41067217,2.15,0.672,31.4,5,HydroRIVERS v1.0 (HydroSHEDS),LineString,OBSERVED HYDROGRAPHIC NETWORK · WWF / HydroSHEDS
40663036,40664239,41067217,1.69,117.023,5275.5,4,HydroRIVERS v1.0 (HydroSHEDS),LineString,OBSERVED HYDROGRAPHIC NETWORK · WWF / HydroSHEDS
40663037,40662886,41067217,4.22,0.313,14.1,6,HydroRIVERS v1.0 (HydroSHEDS),LineString,OBSERVED HYDROGRAPHIC NETWORK · WWF / HydroSHEDS
40663038,40663630,41067217,1.69,0.542,21.8,5,HydroRIVERS v1.0 (HydroSHEDS),LineString,OBSERVED HYDROGRAPHIC NETWORK · WWF / HydroSHEDS
40663039,40663630,41067217,0.69,0.126,5.0,6,HydroRIVERS v1.0 (HydroSHEDS),LineString,OBSERVED HYDROGRAPHIC NETWORK · WWF / HydroSHEDS
40663153,40663319,41067217,0.93,3.429,157.8,5,HydroRIVERS v1.0 (HydroSHEDS),LineString,OBSERVED HYDROGRAPHIC NETWORK · WWF / HydroSHEDS
40663154,40663772,41067217,2.15,7.952,353.0,6,HydroRIVERS v1.0 (HydroSHEDS),LineString,OBSERVED HYDROGRAPHIC NETWORK · WWF / HydroSHEDS
40663155,40663772,41067217,0.92,0.111,5.4,7,HydroRIVERS v1.0 (HydroSHEDS),LineString,OBSERVED HYDROGRAPHIC NETWORK · WWF / HydroSHEDS
40663156,40663480,41067217,4.23,0.454,20.7,6,HydroRIVERS v1.0 (HydroSHEDS),LineString,OBSERVED HYDROGRAPHIC NETWORK · WWF / HydroSHEDS
40663157,40663480,41067217,3.22,12.392,486.7,5,HydroRIVERS v1.0 (HydroSHEDS),LineString,OBSERVED HYDROGRAPHIC NETWORK · WWF / HydroSHEDS
40663158,40664103,41067217,2.73,0.169,7.4,6,HydroRIVERS v1.0 (HydroSHEDS),LineString,OBSERVED HYDROGRAPHIC NETWORK · WWF / HydroSHEDS
40663159,40664103,41067217,2.46,1.472,60.4,5,HydroRIVERS v1.0 (HydroSHEDS),LineString,OBSERVED HYDROGRAPHIC NETWORK · WWF / HydroSHEDS
40663160,40664426,41067217,0.6,0.125,4.1,4,HydroRIVERS v1.0 (HydroSHEDS),LineString,OBSERVED HYDROGRAPHIC NETWORK · WWF / HydroSHEDS
40663161,40664426,41067217,1.22,70.184,2122.6,3,HydroRIVERS v1.0 (HydroSHEDS),LineString,OBSERVED HYDROGRAPHIC NETWORK · WWF / HydroSHEDS
40663317,40663036,41067217,4.41,0.279,12.9,6,HydroRIVERS v1.0 (HydroSHEDS),LineString,OBSERVED HYDROGRAPHIC NETWORK · WWF / HydroSHEDS
40663318,40664593,41067217,1.53,0.161,7.6,6,HydroRIVERS v1.0 (HydroSHEDS),LineString,OBSERVED HYDROGRAPHIC NETWORK · WWF / HydroSHEDS
40663319,40664593,41067217,0.61,3.848,177.9,5,HydroRIVERS v1.0 (HydroSHEDS),LineString,OBSERVED HYDROGRAPHIC NETWORK · WWF / HydroSHEDS
40663320,40663321,41067217,1.61,0.193,6.5,5,HydroRIVERS v1.0 (HydroSHEDS),LineString,OBSERVED HYDROGRAPHIC NETWORK · WWF / HydroSHEDS
40663321,40663634,41067217,1.2,0.47,15.9,5,HydroRIVERS v1.0 (HydroSHEDS),LineString,OBSERVED HYDROGRAPHIC NETWORK · WWF / HydroSHEDS
40663322,40663634,41067217,2.76,1.298,40.5,4,HydroRIVERS v1.0 (HydroSHEDS),LineString,OBSERVED HYDROGRAPHIC NETWORK · WWF / HydroSHEDS
40663323,40664106,41067217,11.4,2.464,73.7,4,HydroRIVERS v1.0 (HydroSHEDS),LineString,OBSERVED HYDROGRAPHIC NETWORK · WWF / HydroSHEDS
40663324,40664106,41067217,2.23,161.196,4714.8,3,HydroRIVERS v1.0 (HydroSHEDS),LineString,OBSERVED HYDROGRAPHIC NETWORK · WWF / HydroSHEDS
40663473,40663625,41067217,8.91,2.502,127.5,4,HydroRIVERS v1.0 (HydroSHEDS),LineString,OBSERVED HYDROGRAPHIC NETWORK · WWF / HydroSHEDS
40663474,40663625,41067217,0.4,45.18,2212.0,3,HydroRIVERS v1.0 (HydroSHEDS),LineString,OBSERVED HYDROGRAPHIC NETWORK · WWF / HydroSHEDS
40663475,40663474,41067217,2.02,44.961,2200.9,3,HydroRIVERS v1.0 (HydroSHEDS),LineString,OBSERVED HYDROGRAPHIC NETWORK · WWF / HydroSHEDS
40663476,40663475,41067217,4.97,44.614,2183.5,3,HydroRIVERS v1.0 (HydroSHEDS),LineString,OBSERVED HYDROGRAPHIC NETWORK · WWF / HydroSHEDS
40663477,40663627,41067217,5.46,36.249,1785.3,3,HydroRIVERS v1.0 (HydroSHEDS),LineString,OBSERVED HYDROGRAPHIC NETWORK · WWF / HydroSHEDS
40663478,40663627,41067217,3.59,6.521,306.6,4,HydroRIVERS v1.0 (HydroSHEDS),LineString,OBSERVED HYDROGRAPHIC NETWORK · WWF / HydroSHEDS
40663479,40664763,41067217,3.61,0.314,15.0,7,HydroRIVERS v1.0 (HydroSHEDS),LineString,OBSERVED HYDROGRAPHIC NETWORK · WWF / HydroSHEDS
40663480,40664101,41067217,1.62,12.893,509.6,5,HydroRIVERS v1.0 (HydroSHEDS),LineString,OBSERVED HYDROGRAPHIC NETWORK · WWF / HydroSHEDS
40663481,40663321,41067217,0.92,0.112,3.9,6,HydroRIVERS v1.0 (HydroSHEDS),LineString,OBSERVED HYDROGRAPHIC NETWORK · WWF / HydroSHEDS
40663482,40663483,41067217,4.13,0.311,9.6,5,HydroRIVERS v1.0 (HydroSHEDS),LineString,OBSERVED HYDROGRAPHIC NETWORK · WWF / HydroSHEDS
40663483,40663636,41067217,0.4,2.369,75.1,4,HydroRIVERS v1.0 (HydroSHEDS),LineString,OBSERVED HYDROGRAPHIC NETWORK · WWF / HydroSHEDS
40663484,40663636,41067217,9.92,0.996,30.7,5,HydroRIVERS v1.0 (HydroSHEDS),LineString,OBSERVED HYDROGRAPHIC NETWORK · WWF / HydroSHEDS
40663623,40663934,41067217,1.38,0.249,15.5,5,HydroRIVERS v1.0 (HydroSHEDS),LineString,OBSERVED HYDROGRAPHIC NETWORK · WWF / HydroSHEDS
40663624,40664414,41067217,16.71,91.434,5127.6,2,HydroRIVERS v1.0 (HydroSHEDS),LineString,OBSERVED HYDROGRAPHIC NETWORK · WWF / HydroSHEDS
40663625,40664414,41067217,3.41,47.903,2350.7,3,HydroRIVERS v1.0 (HydroSHEDS),LineString,OBSERVED HYDROGRAPHIC NETWORK · WWF / HydroSHEDS
40663626,40663476,41067217,10.42,43.799,2142.7,3,HydroRIVERS v1.0 (HydroSHEDS),LineString,OBSERVED HYDROGRAPHIC NETWORK · WWF / HydroSHEDS
40663627,40663626,41067217,0.61,42.778,2092.3,3,HydroRIVERS v1.0 (HydroSHEDS),LineString,OBSERVED HYDROGRAPHIC NETWORK · WWF / HydroSHEDS
40663628,40664763,41067217,1.21,0.141,6.8,8,HydroRIVERS v1.0 (HydroSHEDS),LineString,OBSERVED HYDROGRAPHIC NETWORK · WWF / HydroSHEDS
40663629,40664594,41067217,1.0,0.157,6.7,6,HydroRIVERS v1.0 (HydroSHEDS),LineString,OBSERVED HYDROGRAPHIC NETWORK · WWF / HydroSHEDS
40663630,40664594,41067217,2.0,0.826,33.3,5,HydroRIVERS v1.0 (HydroSHEDS),LineString,OBSERVED HYDROGRAPHIC NETWORK · WWF / HydroSHEDS
40663631,40664104,41067217,6.0,0.721,27.9,5,HydroRIVERS v1.0 (HydroSHEDS),LineString,OBSERVED HYDROGRAPHIC NETWORK · WWF / HydroSHEDS
40663632,40664104,41067217,3.08,30.14,912.1,4,HydroRIVERS v1.0 (HydroSHEDS),LineString,OBSERVED HYDROGRAPHIC NETWORK · WWF / HydroSHEDS
40663633,40663635,41067217,0.6,0.133,4.6,5,HydroRIVERS v1.0 (HydroSHEDS),LineString,OBSERVED HYDROGRAPHIC NETWORK · WWF / HydroSHEDS
40663634,40663635,41067217,1.62,1.844,58.6,4,HydroRIVERS v1.0 (HydroSHEDS),LineString,OBSERVED HYDROGRAPHIC NETWORK · WWF / HydroSHEDS
40663635,40663483,41067217,1.41,2.037,64.9,4,HydroRIVERS v1.0 (HydroSHEDS),LineString,OBSERVED HYDROGRAPHIC NETWORK · WWF / HydroSHEDS
40663636,40664419,41067217,0.61,3.378,105.9,4,HydroRIVERS v1.0 (HydroSHEDS),LineString,OBSERVED HYDROGRAPHIC NETWORK · WWF / HydroSHEDS
40663637,40662900,41067217,8.26,1.262,40.5,4,HydroRIVERS v1.0 (HydroSHEDS),LineString,OBSERVED HYDROGRAPHIC NETWORK · WWF / HydroSHEDS
40663768,40663478,41067217,2.82,5.887,276.3,4,HydroRIVERS v1.0 (HydroSHEDS),LineString,OBSERVED HYDROGRAPHIC NETWORK · WWF / HydroSHEDS
40663769,40663768,41067217,0.69,0.124,5.9,5,HydroRIVERS v1.0 (HydroSHEDS),LineString,OBSERVED HYDROGRAPHIC NETWORK · WWF / HydroSHEDS
40663770,40663319,41067217,4.35,0.415,20.0,6,HydroRIVERS v1.0 (HydroSHEDS),LineString,OBSERVED HYDROGRAPHIC NETWORK · WWF / HydroSHEDS
40663771,40664764,41067217,9.89,0.848,39.9,7,HydroRIVERS v1.0 (HydroSHEDS),LineString,OBSERVED HYDROGRAPHIC NETWORK · WWF / HydroSHEDS
40663772,40664764,41067217,2.7,8.253,367.6,6,HydroRIVERS v1.0 (HydroSHEDS),LineString,OBSERVED HYDROGRAPHIC NETWORK · WWF / HydroSHEDS
40663773,40663157,41067217,5.46,0.51,23.7,6,HydroRIVERS v1.0 (HydroSHEDS),LineString,OBSERVED HYDROGRAPHIC NETWORK · WWF / HydroSHEDS
40663933,40663935,41067217,2.0,1.013,67.5,3,HydroRIVERS v1.0 (HydroSHEDS),LineString,OBSERVED HYDROGRAPHIC NETWORK · WWF / HydroSHEDS
40663934,40663935,41067217,1.22,0.825,52.7,4,HydroRIVERS v1.0 (HydroSHEDS),LineString,OBSERVED HYDROGRAPHIC NETWORK · WWF / HydroSHEDS
40663935,40664090,41067217,2.0,2.012,131.3,3,HydroRIVERS v1.0 (HydroSHEDS),LineString,OBSERVED HYDROGRAPHIC NETWORK · WWF / HydroSHEDS
40663936,40665235,41067217,2.12,0.342,12.0,5,HydroRIVERS v1.0 (HydroSHEDS),LineString,OBSERVED HYDROGRAPHIC NETWORK · WWF / HydroSHEDS
40663937,40665235,41067217,3.98,0.969,32.0,4,HydroRIVERS v1.0 (HydroSHEDS),LineString,OBSERVED HYDROGRAPHIC NETWORK · WWF / HydroSHEDS
40664089,40664090,41067217,0.69,0.107,6.8,4,HydroRIVERS v1.0 (HydroSHEDS),LineString,OBSERVED HYDROGRAPHIC NETWORK · WWF / HydroSHEDS
40664090,40664231,41067217,2.21,2.226,144.6,3,HydroRIVERS v1.0 (HydroSHEDS),LineString,OBSERVED HYDROGRAPHIC NETWORK · WWF / HydroSHEDS
40664091,40664231,41067217,2.08,0.204,12.4,4,HydroRIVERS v1.0 (HydroSHEDS),LineString,OBSERVED HYDROGRAPHIC NETWORK · WWF / HydroSHEDS
40664092,40666076,41067217,4.0,40.63,2580.4,3,HydroRIVERS v1.0 (HydroSHEDS),LineString,OBSERVED HYDROGRAPHIC NETWORK · WWF / HydroSHEDS
40664093,40666076,41067217,5.08,0.288,15.7,4,HydroRIVERS v1.0 (HydroSHEDS),LineString,OBSERVED HYDROGRAPHIC NETWORK · WWF / HydroSHEDS
40664094,40663768,41067217,1.62,5.57,261.3,4,HydroRIVERS v1.0 (HydroSHEDS),LineString,OBSERVED HYDROGRAPHIC NETWORK · WWF / HydroSHEDS
40664095,40664094,41067217,1.99,0.174,8.3,5,HydroRIVERS v1.0 (HydroSHEDS),LineString,OBSERVED HYDROGRAPHIC NETWORK · WWF / HydroSHEDS
40664096,40664235,41067217,5.07,0.493,23.3,5,HydroRIVERS v1.0 (HydroSHEDS),LineString,OBSERVED HYDROGRAPHIC NETWORK · WWF / HydroSHEDS
40664097,40664590,41067217,1.16,0.195,9.1,5,HydroRIVERS v1.0 (HydroSHEDS),LineString,OBSERVED HYDROGRAPHIC NETWORK · WWF / HydroSHEDS
40664098,40664590,41067217,1.72,0.307,14.2,6,HydroRIVERS v1.0 (HydroSHEDS),LineString,OBSERVED HYDROGRAPHIC NETWORK · WWF / HydroSHEDS
40664099,40664239,41067217,5.16,0.351,16.3,5,HydroRIVERS v1.0 (HydroSHEDS),LineString,OBSERVED HYDROGRAPHIC NETWORK · WWF / HydroSHEDS
40664100,40664937,41067217,3.46,0.301,14.2,6,HydroRIVERS v1.0 (HydroSHEDS),LineString,OBSERVED HYDROGRAPHIC NETWORK · WWF / HydroSHEDS
40664101,40664937,41067217,3.25,13.484,537.9,5,HydroRIVERS v1.0 (HydroSHEDS),LineString,OBSERVED HYDROGRAPHIC NETWORK · WWF / HydroSHEDS
40664102,40665428,41067217,2.41,0.219,9.8,6,HydroRIVERS v1.0 (HydroSHEDS),LineString,OBSERVED HYDROGRAPHIC NETWORK · WWF / HydroSHEDS
40664103,40665428,41067217,3.08,1.859,77.3,5,HydroRIVERS v1.0 (HydroSHEDS),LineString,OBSERVED HYDROGRAPHIC NETWORK · WWF / HydroSHEDS
40664104,40665083,41067217,1.54,31.119,943.2,4,HydroRIVERS v1.0 (HydroSHEDS),LineString,OBSERVED HYDROGRAPHIC NETWORK · WWF / HydroSHEDS
40664105,40664242,41067217,7.97,0.963,34.8,5,HydroRIVERS v1.0 (HydroSHEDS),LineString,OBSERVED HYDROGRAPHIC NETWORK · WWF / HydroSHEDS
40664106,40664595,41067217,2.91,165.746,4803.7,3,HydroRIVERS v1.0 (HydroSHEDS),LineString,OBSERVED HYDROGRAPHIC NETWORK · WWF / HydroSHEDS
40664107,40662893,41067217,6.39,0.651,22.2,4,HydroRIVERS v1.0 (HydroSHEDS),LineString,OBSERVED HYDROGRAPHIC NETWORK · WWF / HydroSHEDS
40664108,40662897,41067217,4.15,95.58,2959.4,3,HydroRIVERS v1.0 (HydroSHEDS),LineString,OBSERVED HYDROGRAPHIC NETWORK · WWF / HydroSHEDS
40664231,40664411,41067217,1.41,2.472,159.4,3,HydroRIVERS v1.0 (HydroSHEDS),LineString,OBSERVED HYDROGRAPHIC NETWORK · WWF / HydroSHEDS
40664232,40664411,41067217,0.6,0.136,8.1,4,HydroRIVERS v1.0 (HydroSHEDS),LineString,OBSERVED HYDROGRAPHIC NETWORK · WWF / HydroSHEDS
40664233,40665227,41067217,0.69,0.109,6.5,5,HydroRIVERS v1.0 (HydroSHEDS),LineString,OBSERVED HYDROGRAPHIC NETWORK · WWF / HydroSHEDS
40664234,40665227,41067217,1.93,0.263,15.3,4,HydroRIVERS v1.0 (HydroSHEDS),LineString,OBSERVED HYDROGRAPHIC NETWORK · WWF / HydroSHEDS
40664235,40664418,41067217,2.63,4.492,210.1,4,HydroRIVERS v1.0 (HydroSHEDS),LineString,OBSERVED HYDROGRAPHIC NETWORK · WWF / HydroSHEDS
40664236,40664235,41067217,3.83,3.913,182.7,4,HydroRIVERS v1.0 (HydroSHEDS),LineString,OBSERVED HYDROGRAPHIC NETWORK · WWF / HydroSHEDS
40664237,40664236,41067217,4.0,1.28,59.9,5,HydroRIVERS v1.0 (HydroSHEDS),LineString,OBSERVED HYDROGRAPHIC NETWORK · WWF / HydroSHEDS
40664238,40664236,41067217,0.4,2.381,111.0,4,HydroRIVERS v1.0 (HydroSHEDS),LineString,OBSERVED HYDROGRAPHIC NETWORK · WWF / HydroSHEDS
40664239,40665230,41067217,6.19,118.066,5314.7,4,HydroRIVERS v1.0 (HydroSHEDS),LineString,OBSERVED HYDROGRAPHIC NETWORK · WWF / HydroSHEDS
40664240,40665230,41067217,2.39,0.154,7.2,6,HydroRIVERS v1.0 (HydroSHEDS),LineString,OBSERVED HYDROGRAPHIC NETWORK · WWF / HydroSHEDS
40664241,40664101,41067217,3.54,0.293,14.1,6,HydroRIVERS v1.0 (HydroSHEDS),LineString,OBSERVED HYDROGRAPHIC NETWORK · WWF / HydroSHEDS
40664242,40665083,41067217,4.02,1.889,70.8,5,HydroRIVERS v1.0 (HydroSHEDS),LineString,OBSERVED HYDROGRAPHIC NETWORK · WWF / HydroSHEDS
40664243,40664419,41067217,3.04,0.372,13.1,5,HydroRIVERS v1.0 (HydroSHEDS),LineString,OBSERVED HYDROGRAPHIC NETWORK · WWF / HydroSHEDS
40664244,40664108,41067217,1.41,93.748,2897.3,3,HydroRIVERS v1.0 (HydroSHEDS),LineString,OBSERVED HYDROGRAPHIC NETWORK · WWF / HydroSHEDS
40664245,40664244,41067217,0.8,93.567,2891.0,3,HydroRIVERS v1.0 (HydroSHEDS),LineString,OBSERVED HYDROGRAPHIC NETWORK · WWF / HydroSHEDS
40664411,40665226,41067217,0.61,2.617,168.1,3,HydroRIVERS v1.0 (HydroSHEDS),LineString,OBSERVED HYDROGRAPHIC NETWORK · WWF / HydroSHEDS
40664412,40664586,41067217,1.16,0.231,12.2,3,HydroRIVERS v1.0 (HydroSHEDS),LineString,OBSERVED HYDROGRAPHIC NETWORK · WWF / HydroSHEDS
40664413,40664586,41067217,0.8,140.583,7533.1,2,HydroRIVERS v1.0 (HydroSHEDS),LineString,OBSERVED HYDROGRAPHIC NETWORK · WWF / HydroSHEDS
40664414,40664413,41067217,5.85,139.935,7504.6,2,HydroRIVERS v1.0 (HydroSHEDS),LineString,OBSERVED HYDROGRAPHIC NETWORK · WWF / HydroSHEDS
40664415,40663474,41067217,4.0,0.213,10.7,4,HydroRIVERS v1.0 (HydroSHEDS),LineString,OBSERVED HYDROGRAPHIC NETWORK · WWF / HydroSHEDS
40664416,40663626,41067217,3.14,0.311,15.2,4,HydroRIVERS v1.0 (HydroSHEDS),LineString,OBSERVED HYDROGRAPHIC NETWORK · WWF / HydroSHEDS
40664417,40664094,41067217,1.22,5.306,248.8,4,HydroRIVERS v1.0 (HydroSHEDS),LineString,OBSERVED HYDROGRAPHIC NETWORK · WWF / HydroSHEDS
40664418,40664417,41067217,3.83,5.093,238.6,4,HydroRIVERS v1.0 (HydroSHEDS),LineString,OBSERVED HYDROGRAPHIC NETWORK · WWF / HydroSHEDS
40664419,40664767,41067217,4.25,4.185,132.6,4,HydroRIVERS v1.0 (HydroSHEDS),LineString,OBSERVED HYDROGRAPHIC NETWORK · WWF / HydroSHEDS
40664420,40664767,41067217,1.53,0.154,5.2,5,HydroRIVERS v1.0 (HydroSHEDS),LineString,OBSERVED HYDROGRAPHIC NETWORK · WWF / HydroSHEDS
40664421,40664244,41067217,0.69,0.106,3.7,4,HydroRIVERS v1.0 (HydroSHEDS),LineString,OBSERVED HYDROGRAPHIC NETWORK · WWF / HydroSHEDS
40664422,40664245,41067217,3.81,93.048,2872.9,3,HydroRIVERS v1.0 (HydroSHEDS),LineString,OBSERVED HYDROGRAPHIC NETWORK · WWF / HydroSHEDS
40664423,40664422,41067217,0.8,92.048,2838.6,3,HydroRIVERS v1.0 (HydroSHEDS),LineString,OBSERVED HYDROGRAPHIC NETWORK · WWF / HydroSHEDS
40664424,40664423,41067217,0.4,71.312,2158.3,3,HydroRIVERS v1.0 (HydroSHEDS),LineString,OBSERVED HYDROGRAPHIC NETWORK · WWF / HydroSHEDS
40664425,40664424,41067217,3.62,0.238,7.8,4,HydroRIVERS v1.0 (HydroSHEDS),LineString,OBSERVED HYDROGRAPHIC NETWORK · WWF / HydroSHEDS
40664426,40664424,41067217,6.44,71.063,2150.1,3,HydroRIVERS v1.0 (HydroSHEDS),LineString,OBSERVED HYDROGRAPHIC NETWORK · WWF / HydroSHEDS
40664584,40665226,41067217,0.92,0.204,12.8,4,HydroRIVERS v1.0 (HydroSHEDS),LineString,OBSERVED HYDROGRAPHIC NETWORK · WWF / HydroSHEDS
40664585,40665229,41067217,2.85,0.156,8.3,3,HydroRIVERS v1.0 (HydroSHEDS),LineString,OBSERVED HYDROGRAPHIC NETWORK · WWF / HydroSHEDS
40664586,40665229,41067217,1.01,140.922,7546.0,2,HydroRIVERS v1.0 (HydroSHEDS),LineString,OBSERVED HYDROGRAPHIC NETWORK · WWF / HydroSHEDS
40664587,40663475,41067217,4.84,0.27,13.5,4,HydroRIVERS v1.0 (HydroSHEDS),LineString,OBSERVED HYDROGRAPHIC NETWORK · WWF / HydroSHEDS
40664588,40664238,41067217,4.42,2.113,98.4,4,HydroRIVERS v1.0 (HydroSHEDS),LineString,OBSERVED HYDROGRAPHIC NETWORK · WWF / HydroSHEDS
40664589,40664761,41067217,3.46,0.262,12.2,6,HydroRIVERS v1.0 (HydroSHEDS),LineString,OBSERVED HYDROGRAPHIC NETWORK · WWF / HydroSHEDS
40664590,40664761,41067217,2.23,0.585,27.2,5,HydroRIVERS v1.0 (HydroSHEDS),LineString,OBSERVED HYDROGRAPHIC NETWORK · WWF / HydroSHEDS
40664591,40664932,41067217,1.77,0.156,7.4,6,HydroRIVERS v1.0 (HydroSHEDS),LineString,OBSERVED HYDROGRAPHIC NETWORK · WWF / HydroSHEDS
40664592,40664932,41067217,0.4,4.857,226.4,5,HydroRIVERS v1.0 (HydroSHEDS),LineString,OBSERVED HYDROGRAPHIC NETWORK · WWF / HydroSHEDS
40664593,40664592,41067217,4.15,4.295,199.0,5,HydroRIVERS v1.0 (HydroSHEDS),LineString,OBSERVED HYDROGRAPHIC NETWORK · WWF / HydroSHEDS
40664594,40665612,41067217,3.23,1.242,50.8,5,HydroRIVERS v1.0 (HydroSHEDS),LineString,OBSERVED HYDROGRAPHIC NETWORK · WWF / HydroSHEDS
40664595,40664768,41067217,1.83,167.713,4872.8,3,HydroRIVERS v1.0 (HydroSHEDS),LineString,OBSERVED HYDROGRAPHIC NETWORK · WWF / HydroSHEDS
40664596,40664108,41067217,1.94,1.229,43.7,4,HydroRIVERS v1.0 (HydroSHEDS),LineString,OBSERVED HYDROGRAPHIC NETWORK · WWF / HydroSHEDS
40664757,40663478,41067217,4.24,0.338,16.3,5,HydroRIVERS v1.0 (HydroSHEDS),LineString,OBSERVED HYDROGRAPHIC NETWORK · WWF / HydroSHEDS
40664758,40664417,41067217,1.16,0.124,5.9,5,HydroRIVERS v1.0 (HydroSHEDS),LineString,OBSERVED HYDROGRAPHIC NETWORK · WWF / HydroSHEDS
40664759,40664588,41067217,0.92,0.139,6.5,5,HydroRIVERS v1.0 (HydroSHEDS),LineString,OBSERVED HYDROGRAPHIC NETWORK · WWF / HydroSHEDS
40664760,40664588,41067217,1.81,1.674,77.9,4,HydroRIVERS v1.0 (HydroSHEDS),LineString,OBSERVED HYDROGRAPHIC NETWORK · WWF / HydroSHEDS
40664761,40664760,41067217,1.01,0.915,42.5,5,HydroRIVERS v1.0 (HydroSHEDS),LineString,OBSERVED HYDROGRAPHIC NETWORK · WWF / HydroSHEDS
40664762,40665231,41067217,3.16,0.255,12.0,6,HydroRIVERS v1.0 (HydroSHEDS),LineString,OBSERVED HYDROGRAPHIC NETWORK · WWF / HydroSHEDS
40664763,40664935,41067217,4.74,0.702,33.8,7,HydroRIVERS v1.0 (HydroSHEDS),LineString,OBSERVED HYDROGRAPHIC NETWORK · WWF / HydroSHEDS
40664764,40664935,41067217,2.93,9.225,413.6,6,HydroRIVERS v1.0 (HydroSHEDS),LineString,OBSERVED HYDROGRAPHIC NETWORK · WWF / HydroSHEDS
40664765,40665615,41067217,4.9,0.487,16.8,5,HydroRIVERS v1.0 (HydroSHEDS),LineString,OBSERVED HYDROGRAPHIC NETWORK · WWF / HydroSHEDS
40664766,40665615,41067217,2.22,0.221,8.0,6,HydroRIVERS v1.0 (HydroSHEDS),LineString,OBSERVED HYDROGRAPHIC NETWORK · WWF / HydroSHEDS
40664767,40667081,41067217,1.87,4.414,140.3,4,HydroRIVERS v1.0 (HydroSHEDS),LineString,OBSERVED HYDROGRAPHIC NETWORK · WWF / HydroSHEDS
40664768,40667081,41067217,0.61,168.537,4902.7,3,HydroRIVERS v1.0 (HydroSHEDS),LineString,OBSERVED HYDROGRAPHIC NETWORK · WWF / HydroSHEDS
40664769,40664596,41067217,2.01,0.381,13.3,5,HydroRIVERS v1.0 (HydroSHEDS),LineString,OBSERVED HYDROGRAPHIC NETWORK · WWF / HydroSHEDS
40664930,40664413,41067217,7.5,0.53,27.2,3,HydroRIVERS v1.0 (HydroSHEDS),LineString,OBSERVED HYDROGRAPHIC NETWORK · WWF / HydroSHEDS
40664931,40664238,41067217,2.46,0.265,12.4,5,HydroRIVERS v1.0 (HydroSHEDS),LineString,OBSERVED HYDROGRAPHIC NETWORK · WWF / HydroSHEDS
40664932,40665231,41067217,5.03,5.305,247.9,5,HydroRIVERS v1.0 (HydroSHEDS),LineString,OBSERVED HYDROGRAPHIC NETWORK · WWF / HydroSHEDS
40664933,40664592,41067217,2.42,0.528,25.7,6,HydroRIVERS v1.0 (HydroSHEDS),LineString,OBSERVED HYDROGRAPHIC NETWORK · WWF / HydroSHEDS
40664934,40664933,41067217,1.4,0.186,9.1,6,HydroRIVERS v1.0 (HydroSHEDS),LineString,OBSERVED HYDROGRAPHIC NETWORK · WWF / HydroSHEDS
40664935,40665610,41067217,0.61,9.938,448.0,6,HydroRIVERS v1.0 (HydroSHEDS),LineString,OBSERVED HYDROGRAPHIC NETWORK · WWF / HydroSHEDS
40664936,40665899,41067217,0.92,0.184,9.1,6,HydroRIVERS v1.0 (HydroSHEDS),LineString,OBSERVED HYDROGRAPHIC NETWORK · WWF / HydroSHEDS
40664937,40665899,41067217,3.56,14.102,567.7,5,HydroRIVERS v1.0 (HydroSHEDS),LineString,OBSERVED HYDROGRAPHIC NETWORK · WWF / HydroSHEDS
40664938,40665612,41067217,1.53,0.244,10.7,6,HydroRIVERS v1.0 (HydroSHEDS),LineString,OBSERVED HYDROGRAPHIC NETWORK · WWF / HydroSHEDS
40664939,40664595,41067217,4.66,1.694,60.7,4,HydroRIVERS v1.0 (HydroSHEDS),LineString,OBSERVED HYDROGRAPHIC NETWORK · WWF / HydroSHEDS
40665080,40664418,41067217,4.69,0.305,14.4,5,HydroRIVERS v1.0 (HydroSHEDS),LineString,OBSERVED HYDROGRAPHIC NETWORK · WWF / HydroSHEDS
40665081,40664760,41067217,1.07,0.692,32.2,4,HydroRIVERS v1.0 (HydroSHEDS),LineString,OBSERVED HYDROGRAPHIC NETWORK · WWF / HydroSHEDS
40665082,40665230,41067217,5.85,1.723,80.5,5,HydroRIVERS v1.0 (HydroSHEDS),LineString,OBSERVED HYDROGRAPHIC NETWORK · WWF / HydroSHEDS
40665083,40665613,41067217,3.23,33.205,1021.4,4,HydroRIVERS v1.0 (HydroSHEDS),LineString,OBSERVED HYDROGRAPHIC NETWORK · WWF / HydroSHEDS
40665084,40664242,41067217,4.27,0.624,24.4,6,HydroRIVERS v1.0 (HydroSHEDS),LineString,OBSERVED HYDROGRAPHIC NETWORK · WWF / HydroSHEDS
40665085,40664423,41067217,2.45,20.704,679.3,4,HydroRIVERS v1.0 (HydroSHEDS),LineString,OBSERVED HYDROGRAPHIC NETWORK · WWF / HydroSHEDS
40665226,40665897,41067217,2.91,2.957,188.8,3,HydroRIVERS v1.0 (HydroSHEDS),LineString,OBSERVED HYDROGRAPHIC NETWORK · WWF / HydroSHEDS
40665227,40665897,41067217,3.62,0.495,29.0,4,HydroRIVERS v1.0 (HydroSHEDS),LineString,OBSERVED HYDROGRAPHIC NETWORK · WWF / HydroSHEDS
40665228,40666077,41067217,4.7,0.25,13.5,3,HydroRIVERS v1.0 (HydroSHEDS),LineString,OBSERVED HYDROGRAPHIC NETWORK · WWF / HydroSHEDS
40665229,40666077,41067217,3.25,141.717,7573.2,2,HydroRIVERS v1.0 (HydroSHEDS),LineString,OBSERVED HYDROGRAPHIC NETWORK · WWF / HydroSHEDS
40665230,40665426,41067217,3.62,120.113,5412.4,4,HydroRIVERS v1.0 (HydroSHEDS),LineString,OBSERVED HYDROGRAPHIC NETWORK · WWF / HydroSHEDS
40665231,40665426,41067217,3.03,5.625,263.0,5,HydroRIVERS v1.0 (HydroSHEDS),LineString,OBSERVED HYDROGRAPHIC NETWORK · WWF / HydroSHEDS
40665232,40664933,41067217,1.53,0.2,9.8,7,HydroRIVERS v1.0 (HydroSHEDS),LineString,OBSERVED HYDROGRAPHIC NETWORK · WWF / HydroSHEDS
40665233,40665610,41067217,4.24,0.372,18.5,7,HydroRIVERS v1.0 (HydroSHEDS),LineString,OBSERVED HYDROGRAPHIC NETWORK · WWF / HydroSHEDS
40665234,40665614,41067217,2.2,0.282,10.7,5,HydroRIVERS v1.0 (HydroSHEDS),LineString,OBSERVED HYDROGRAPHIC NETWORK · WWF / HydroSHEDS
40665235,40665614,41067217,4.15,1.619,55.1,4,HydroRIVERS v1.0 (HydroSHEDS),LineString,OBSERVED HYDROGRAPHIC NETWORK · WWF / HydroSHEDS
40665236,40664939,41067217,7.44,0.799,28.5,4,HydroRIVERS v1.0 (HydroSHEDS),LineString,OBSERVED HYDROGRAPHIC NETWORK · WWF / HydroSHEDS
40665237,40665085,41067217,3.03,20.338,666.5,4,HydroRIVERS v1.0 (HydroSHEDS),LineString,OBSERVED HYDROGRAPHIC NETWORK · WWF / HydroSHEDS
40665238,40665237,41067217,2.12,0.21,7.0,5,HydroRIVERS v1.0 (HydroSHEDS),LineString,OBSERVED HYDROGRAPHIC NETWORK · WWF / HydroSHEDS
40665423,40665081,41067217,1.16,0.139,6.5,5,HydroRIVERS v1.0 (HydroSHEDS),LineString,OBSERVED HYDROGRAPHIC NETWORK · WWF / HydroSHEDS
40665424,40665425,41067217,0.69,0.127,5.9,6,HydroRIVERS v1.0 (HydroSHEDS),LineString,OBSERVED HYDROGRAPHIC NETWORK · WWF / HydroSHEDS
40665425,40665082,41067217,4.42,0.922,42.9,5,HydroRIVERS v1.0 (HydroSHEDS),LineString,OBSERVED HYDROGRAPHIC NETWORK · WWF / HydroSHEDS
40665426,40665768,41067217,1.41,125.754,5677.1,4,HydroRIVERS v1.0 (HydroSHEDS),LineString,OBSERVED HYDROGRAPHIC NETWORK · WWF / HydroSHEDS
40665427,40666751,41067217,6.43,0.606,28.3,6,HydroRIVERS v1.0 (HydroSHEDS),LineString,OBSERVED HYDROGRAPHIC NETWORK · WWF / HydroSHEDS
40665428,40666751,41067217,4.15,2.44,103.2,5,HydroRIVERS v1.0 (HydroSHEDS),LineString,OBSERVED HYDROGRAPHIC NETWORK · WWF / HydroSHEDS
40665429,40665613,41067217,2.62,0.218,8.9,5,HydroRIVERS v1.0 (HydroSHEDS),LineString,OBSERVED HYDROGRAPHIC NETWORK · WWF / HydroSHEDS
40665430,40665237,41067217,0.61,19.853,650.0,4,HydroRIVERS v1.0 (HydroSHEDS),LineString,OBSERVED HYDROGRAPHIC NETWORK · WWF / HydroSHEDS
40665431,40665430,41067217,1.2,17.061,549.5,4,HydroRIVERS v1.0 (HydroSHEDS),LineString,OBSERVED HYDROGRAPHIC NETWORK · WWF / HydroSHEDS
40665432,40665431,41067217,1.61,0.128,4.3,5,HydroRIVERS v1.0 (HydroSHEDS),LineString,OBSERVED HYDROGRAPHIC NETWORK · WWF / HydroSHEDS
40665609,40665082,41067217,1.39,0.487,22.8,6,HydroRIVERS v1.0 (HydroSHEDS),LineString,OBSERVED HYDROGRAPHIC NETWORK · WWF / HydroSHEDS
40665610,40666745,41067217,2.15,10.403,471.1,6,HydroRIVERS v1.0 (HydroSHEDS),LineString,OBSERVED HYDROGRAPHIC NETWORK · WWF / HydroSHEDS
40665611,40666745,41067217,2.39,0.215,10.7,7,HydroRIVERS v1.0 (HydroSHEDS),LineString,OBSERVED HYDROGRAPHIC NETWORK · WWF / HydroSHEDS
40665612,40666942,41067217,9.66,2.298,95.8,5,HydroRIVERS v1.0 (HydroSHEDS),LineString,OBSERVED HYDROGRAPHIC NETWORK · WWF / HydroSHEDS
40665613,40666942,41067217,1.83,33.529,1034.4,4,HydroRIVERS v1.0 (HydroSHEDS),LineString,OBSERVED HYDROGRAPHIC NETWORK · WWF / HydroSHEDS
40665614,40666080,41067217,1.22,1.956,67.9,4,HydroRIVERS v1.0 (HydroSHEDS),LineString,OBSERVED HYDROGRAPHIC NETWORK · WWF / HydroSHEDS
40665615,40666080,41067217,2.91,0.954,33.8,5,HydroRIVERS v1.0 (HydroSHEDS),LineString,OBSERVED HYDROGRAPHIC NETWORK · WWF / HydroSHEDS
40665768,40667078,41067217,0.93,126.262,5701.7,4,HydroRIVERS v1.0 (HydroSHEDS),LineString,OBSERVED HYDROGRAPHIC NETWORK · WWF / HydroSHEDS
40665769,40664245,41067217,4.7,0.409,14.4,4,HydroRIVERS v1.0 (HydroSHEDS),LineString,OBSERVED HYDROGRAPHIC NETWORK · WWF / HydroSHEDS
40665770,40665900,41067217,2.6,0.333,10.9,5,HydroRIVERS v1.0 (HydroSHEDS),LineString,OBSERVED HYDROGRAPHIC NETWORK · WWF / HydroSHEDS
40665897,40666743,41067217,2.0,3.552,223.6,3,HydroRIVERS v1.0 (HydroSHEDS),LineString,OBSERVED HYDROGRAPHIC NETWORK · WWF / HydroSHEDS
40665898,40667078,41067217,1.06,0.124,5.9,5,HydroRIVERS v1.0 (HydroSHEDS),LineString,OBSERVED HYDROGRAPHIC NETWORK · WWF / HydroSHEDS
40665899,40666746,41067217,2.93,14.427,583.8,5,HydroRIVERS v1.0 (HydroSHEDS),LineString,OBSERVED HYDROGRAPHIC NETWORK · WWF / HydroSHEDS
40665900,40665431,41067217,5.64,16.802,540.8,4,HydroRIVERS v1.0 (HydroSHEDS),LineString,OBSERVED HYDROGRAPHIC NETWORK · WWF / HydroSHEDS
40666075,40666743,41067217,7.86,0.396,22.9,4,HydroRIVERS v1.0 (HydroSHEDS),LineString,OBSERVED HYDROGRAPHIC NETWORK · WWF / HydroSHEDS
40666076,40666399,41067217,6.15,41.436,2616.1,3,HydroRIVERS v1.0 (HydroSHEDS),LineString,OBSERVED HYDROGRAPHIC NETWORK · WWF / HydroSHEDS
40666077,40666399,41067217,5.46,142.916,7609.9,2,HydroRIVERS v1.0 (HydroSHEDS),LineString,OBSERVED HYDROGRAPHIC NETWORK · WWF / HydroSHEDS
40666078,40665609,41067217,2.94,0.222,10.4,6,HydroRIVERS v1.0 (HydroSHEDS),LineString,OBSERVED HYDROGRAPHIC NETWORK · WWF / HydroSHEDS
40666079,40665609,41067217,1.77,0.17,8.0,7,HydroRIVERS v1.0 (HydroSHEDS),LineString,OBSERVED HYDROGRAPHIC NETWORK · WWF / HydroSHEDS
40666080,40667268,41067217,1.69,3.056,107.3,4,HydroRIVERS v1.0 (HydroSHEDS),LineString,OBSERVED HYDROGRAPHIC NETWORK · WWF / HydroSHEDS
40666081,40664422,41067217,5.16,0.426,15.0,4,HydroRIVERS v1.0 (HydroSHEDS),LineString,OBSERVED HYDROGRAPHIC NETWORK · WWF / HydroSHEDS
40666082,40665085,41067217,3.31,0.241,8.5,5,HydroRIVERS v1.0 (HydroSHEDS),LineString,OBSERVED HYDROGRAPHIC NETWORK · WWF / HydroSHEDS
40666229,40666564,41067217,2.94,0.185,9.3,6,HydroRIVERS v1.0 (HydroSHEDS),LineString,OBSERVED HYDROGRAPHIC NETWORK · WWF / HydroSHEDS
40666230,40665081,41067217,4.29,0.517,24.1,4,HydroRIVERS v1.0 (HydroSHEDS),LineString,OBSERVED HYDROGRAPHIC NETWORK · WWF / HydroSHEDS
40666231,40665425,41067217,2.99,0.461,21.5,5,HydroRIVERS v1.0 (HydroSHEDS),LineString,OBSERVED HYDROGRAPHIC NETWORK · WWF / HydroSHEDS
40666232,40667946,41067217,1.53,0.127,6.3,7,HydroRIVERS v1.0 (HydroSHEDS),LineString,OBSERVED HYDROGRAPHIC NETWORK · WWF / HydroSHEDS
40666233,40667946,41067217,1.38,0.145,7.2,6,HydroRIVERS v1.0 (HydroSHEDS),LineString,OBSERVED HYDROGRAPHIC NETWORK · WWF / HydroSHEDS
40666234,40667268,41067217,1.72,0.155,6.1,5,HydroRIVERS v1.0 (HydroSHEDS),LineString,OBSERVED HYDROGRAPHIC NETWORK · WWF / HydroSHEDS
40666235,40664939,41067217,4.24,0.525,19.2,5,HydroRIVERS v1.0 (HydroSHEDS),LineString,OBSERVED HYDROGRAPHIC NETWORK · WWF / HydroSHEDS
40666398,40667075,41067217,6.09,0.35,19.8,4,HydroRIVERS v1.0 (HydroSHEDS),LineString,OBSERVED HYDROGRAPHIC NETWORK · WWF / HydroSHEDS
40666399,40667075,41067217,3.62,184.98,10233.9,2,HydroRIVERS v1.0 (HydroSHEDS),LineString,OBSERVED HYDROGRAPHIC NETWORK · WWF / HydroSHEDS
40666400,40666564,41067217,6.13,0.257,12.8,5,HydroRIVERS v1.0 (HydroSHEDS),LineString,OBSERVED HYDROGRAPHIC NETWORK · WWF / HydroSHEDS
40666401,40667615,41067217,1.32,0.175,7.0,5,HydroRIVERS v1.0 (HydroSHEDS),LineString,OBSERVED HYDROGRAPHIC NETWORK · WWF / HydroSHEDS
40666402,40667615,41067217,2.46,0.327,12.6,4,HydroRIVERS v1.0 (HydroSHEDS),LineString,OBSERVED HYDROGRAPHIC NETWORK · WWF / HydroSHEDS
40666403,40664596,41067217,5.63,0.729,26.3,4,HydroRIVERS v1.0 (HydroSHEDS),LineString,OBSERVED HYDROGRAPHIC NETWORK · WWF / HydroSHEDS
40666404,40665430,41067217,2.93,2.786,100.4,5,HydroRIVERS v1.0 (HydroSHEDS),LineString,OBSERVED HYDROGRAPHIC NETWORK · WWF / HydroSHEDS
40666405,40666404,41067217,1.0,0.227,8.0,6,HydroRIVERS v1.0 (HydroSHEDS),LineString,OBSERVED HYDROGRAPHIC NETWORK · WWF / HydroSHEDS
40666564,40667792,41067217,2.42,0.541,27.0,5,HydroRIVERS v1.0 (HydroSHEDS),LineString,OBSERVED HYDROGRAPHIC NETWORK · WWF / HydroSHEDS
40666565,40665768,41067217,7.24,0.47,22.2,5,HydroRIVERS v1.0 (HydroSHEDS),LineString,OBSERVED HYDROGRAPHIC NETWORK · WWF / HydroSHEDS
40666742,40667074,41067217,1.4,0.212,13.3,4,HydroRIVERS v1.0 (HydroSHEDS),LineString,OBSERVED HYDROGRAPHIC NETWORK · WWF / HydroSHEDS
40666743,40667074,41067217,2.61,4.103,255.6,3,HydroRIVERS v1.0 (HydroSHEDS),LineString,OBSERVED HYDROGRAPHIC NETWORK · WWF / HydroSHEDS
40666744,40667792,41067217,9.44,0.365,18.1,4,HydroRIVERS v1.0 (HydroSHEDS),LineString,OBSERVED HYDROGRAPHIC NETWORK · WWF / HydroSHEDS
40666745,40667266,41067217,3.39,10.843,493.3,6,HydroRIVERS v1.0 (HydroSHEDS),LineString,OBSERVED HYDROGRAPHIC NETWORK · WWF / HydroSHEDS
40666746,40666939,41067217,5.06,16.6,693.4,5,HydroRIVERS v1.0 (HydroSHEDS),LineString,OBSERVED HYDROGRAPHIC NETWORK · WWF / HydroSHEDS
40666747,40666746,41067217,6.25,1.793,90.1,6,HydroRIVERS v1.0 (HydroSHEDS),LineString,OBSERVED HYDROGRAPHIC NETWORK · WWF / HydroSHEDS
40666748,40666747,41067217,3.98,0.385,19.1,7,HydroRIVERS v1.0 (HydroSHEDS),LineString,OBSERVED HYDROGRAPHIC NETWORK · WWF / HydroSHEDS
40666749,40666940,41067217,4.01,0.382,18.7,6,HydroRIVERS v1.0 (HydroSHEDS),LineString,OBSERVED HYDROGRAPHIC NETWORK · WWF / HydroSHEDS
40666750,40669254,41067217,2.01,0.203,9.8,6,HydroRIVERS v1.0 (HydroSHEDS),LineString,OBSERVED HYDROGRAPHIC NETWORK · WWF / HydroSHEDS
40666751,40669254,41067217,4.3,3.441,149.8,5,HydroRIVERS v1.0 (HydroSHEDS),LineString,OBSERVED HYDROGRAPHIC NETWORK · WWF / HydroSHEDS
40666752,40664768,41067217,8.96,0.745,27.6,4,HydroRIVERS v1.0 (HydroSHEDS),LineString,OBSERVED HYDROGRAPHIC NETWORK · WWF / HydroSHEDS
40666938,40667075,41067217,8.28,13.576,678.9,3,HydroRIVERS v1.0 (HydroSHEDS),LineString,OBSERVED HYDROGRAPHIC NETWORK · WWF / HydroSHEDS
40666939,40667266,41067217,2.42,18.399,789.3,5,HydroRIVERS v1.0 (HydroSHEDS),LineString,OBSERVED HYDROGRAPHIC NETWORK · WWF / HydroSHEDS
40666940,40666747,41067217,4.42,0.944,47.4,6,HydroRIVERS v1.0 (HydroSHEDS),LineString,OBSERVED HYDROGRAPHIC NETWORK · WWF / HydroSHEDS
40666941,40666940,41067217,3.02,0.285,14.4,7,HydroRIVERS v1.0 (HydroSHEDS),LineString,OBSERVED HYDROGRAPHIC NETWORK · WWF / HydroSHEDS
40666942,40667613,41067217,4.15,36.163,1143.9,4,HydroRIVERS v1.0 (HydroSHEDS),LineString,OBSERVED HYDROGRAPHIC NETWORK · WWF / HydroSHEDS
40666943,40667613,41067217,2.8,1.482,63.9,5,HydroRIVERS v1.0 (HydroSHEDS),LineString,OBSERVED HYDROGRAPHIC NETWORK · WWF / HydroSHEDS
40666944,40665900,41067217,5.33,15.767,506.0,4,HydroRIVERS v1.0 (HydroSHEDS),LineString,OBSERVED HYDROGRAPHIC NETWORK · WWF / HydroSHEDS
40667074,40669251,41067217,1.07,4.327,269.5,3,HydroRIVERS v1.0 (HydroSHEDS),LineString,OBSERVED HYDROGRAPHIC NETWORK · WWF / HydroSHEDS
40667075,40669251,41067217,8.09,200.5,10964.6,2,HydroRIVERS v1.0 (HydroSHEDS),LineString,OBSERVED HYDROGRAPHIC NETWORK · WWF / HydroSHEDS
40667076,40666938,41067217,1.81,12.833,641.7,3,HydroRIVERS v1.0 (HydroSHEDS),LineString,OBSERVED HYDROGRAPHIC NETWORK · WWF / HydroSHEDS
40667077,40667076,41067217,7.89,0.401,20.9,4,HydroRIVERS v1.0 (HydroSHEDS),LineString,OBSERVED HYDROGRAPHIC NETWORK · WWF / HydroSHEDS
40667078,40667264,41067217,5.54,126.857,5733.3,4,HydroRIVERS v1.0 (HydroSHEDS),LineString,OBSERVED HYDROGRAPHIC NETWORK · WWF / HydroSHEDS
40667079,40666943,41067217,2.61,1.153,49.4,5,HydroRIVERS v1.0 (HydroSHEDS),LineString,OBSERVED HYDROGRAPHIC NETWORK · WWF / HydroSHEDS
40667080,40667079,41067217,3.02,0.378,15.7,6,HydroRIVERS v1.0 (HydroSHEDS),LineString,OBSERVED HYDROGRAPHIC NETWORK · WWF / HydroSHEDS
40667081,40667621,41067217,7.38,173.899,5072.8,3,HydroRIVERS v1.0 (HydroSHEDS),LineString,OBSERVED HYDROGRAPHIC NETWORK · WWF / HydroSHEDS
40667082,40667083,41067217,1.0,0.128,4.6,6,HydroRIVERS v1.0 (HydroSHEDS),LineString,OBSERVED HYDROGRAPHIC NETWORK · WWF / HydroSHEDS
40667083,40666404,41067217,2.15,2.193,79.6,5,HydroRIVERS v1.0 (HydroSHEDS),LineString,OBSERVED HYDROGRAPHIC NETWORK · WWF / HydroSHEDS
40667264,40668756,41067217,1.01,127.826,5780.7,4,HydroRIVERS v1.0 (HydroSHEDS),LineString,OBSERVED HYDROGRAPHIC NETWORK · WWF / HydroSHEDS
40667265,40668756,41067217,1.38,0.14,6.8,5,HydroRIVERS v1.0 (HydroSHEDS),LineString,OBSERVED HYDROGRAPHIC NETWORK · WWF / HydroSHEDS
40667266,40667793,41067217,1.54,29.27,1284.1,5,HydroRIVERS v1.0 (HydroSHEDS),LineString,OBSERVED HYDROGRAPHIC NETWORK · WWF / HydroSHEDS
40667267,40666943,41067217,1.38,0.187,8.3,6,HydroRIVERS v1.0 (HydroSHEDS),LineString,OBSERVED HYDROGRAPHIC NETWORK · WWF / HydroSHEDS
40667268,40667618,41067217,4.13,3.477,123.7,4,HydroRIVERS v1.0 (HydroSHEDS),LineString,OBSERVED HYDROGRAPHIC NETWORK · WWF / HydroSHEDS
40667269,40667618,41067217,4.54,0.494,18.7,5,HydroRIVERS v1.0 (HydroSHEDS),LineString,OBSERVED HYDROGRAPHIC NETWORK · WWF / HydroSHEDS
40667441,40667083,41067217,0.93,1.851,67.4,5,HydroRIVERS v1.0 (HydroSHEDS),LineString,OBSERVED HYDROGRAPHIC NETWORK · WWF / HydroSHEDS
40667607,40666938,41067217,2.08,0.138,7.6,4,HydroRIVERS v1.0 (HydroSHEDS),LineString,OBSERVED HYDROGRAPHIC NETWORK · WWF / HydroSHEDS
40667608,40667076,41067217,2.63,12.205,609.3,3,HydroRIVERS v1.0 (HydroSHEDS),LineString,OBSERVED HYDROGRAPHIC NETWORK · WWF / HydroSHEDS
40667609,40667608,41067217,0.8,11.616,578.6,3,HydroRIVERS v1.0 (HydroSHEDS),LineString,OBSERVED HYDROGRAPHIC NETWORK · WWF / HydroSHEDS
40667610,40669738,41067217,3.07,0.22,10.5,4,HydroRIVERS v1.0 (HydroSHEDS),LineString,OBSERVED HYDROGRAPHIC NETWORK · WWF / HydroSHEDS
40667611,40669738,41067217,3.86,0.283,13.5,3,HydroRIVERS v1.0 (HydroSHEDS),LineString,OBSERVED HYDROGRAPHIC NETWORK · WWF / HydroSHEDS
40667612,40668597,41067217,8.33,0.595,26.6,5,HydroRIVERS v1.0 (HydroSHEDS),LineString,OBSERVED HYDROGRAPHIC NETWORK · WWF / HydroSHEDS
40667613,40668597,41067217,2.3,37.748,1212.0,4,HydroRIVERS v1.0 (HydroSHEDS),LineString,OBSERVED HYDROGRAPHIC NETWORK · WWF / HydroSHEDS
40667614,40668263,41067217,1.0,0.118,5.0,6,HydroRIVERS v1.0 (HydroSHEDS),LineString,OBSERVED HYDROGRAPHIC NETWORK · WWF / HydroSHEDS
40667615,40668263,41067217,3.24,0.858,34.0,4,HydroRIVERS v1.0 (HydroSHEDS),LineString,OBSERVED HYDROGRAPHIC NETWORK · WWF / HydroSHEDS
40667616,40668263,41067217,2.44,0.303,12.4,5,HydroRIVERS v1.0 (HydroSHEDS),LineString,OBSERVED HYDROGRAPHIC NETWORK · WWF / HydroSHEDS
40667617,40668456,41067217,3.53,0.264,10.7,5,HydroRIVERS v1.0 (HydroSHEDS),LineString,OBSERVED HYDROGRAPHIC NETWORK · WWF / HydroSHEDS
40667618,40668456,41067217,1.22,4.023,144.5,4,HydroRIVERS v1.0 (HydroSHEDS),LineString,OBSERVED HYDROGRAPHIC NETWORK · WWF / HydroSHEDS
40667619,40667795,41067217,3.99,0.5,18.9,4,HydroRIVERS v1.0 (HydroSHEDS),LineString,OBSERVED HYDROGRAPHIC NETWORK · WWF / HydroSHEDS
40667620,40667795,41067217,2.82,182.539,5406.5,3,HydroRIVERS v1.0 (HydroSHEDS),LineString,OBSERVED HYDROGRAPHIC NETWORK · WWF / HydroSHEDS
40667621,40667620,41067217,3.43,174.716,5101.9,3,HydroRIVERS v1.0 (HydroSHEDS),LineString,OBSERVED HYDROGRAPHIC NETWORK · WWF / HydroSHEDS
40667622,40667621,41067217,4.03,0.425,16.5,4,HydroRIVERS v1.0 (HydroSHEDS),LineString,OBSERVED HYDROGRAPHIC NETWORK · WWF / HydroSHEDS
40667623,40667441,41067217,0.92,0.178,6.5,6,HydroRIVERS v1.0 (HydroSHEDS),LineString,OBSERVED HYDROGRAPHIC NETWORK · WWF / HydroSHEDS
40667624,40667441,41067217,0.61,1.611,58.7,5,HydroRIVERS v1.0 (HydroSHEDS),LineString,OBSERVED HYDROGRAPHIC NETWORK · WWF / HydroSHEDS
40667790,40667608,41067217,0.46,0.408,22.2,4,HydroRIVERS v1.0 (HydroSHEDS),LineString,OBSERVED HYDROGRAPHIC NETWORK · WWF / HydroSHEDS
40667791,40667609,41067217,1.01,11.29,561.5,3,HydroRIVERS v1.0 (HydroSHEDS),LineString,OBSERVED HYDROGRAPHIC NETWORK · WWF / HydroSHEDS
40667792,40667791,41067217,8.28,1.24,62.2,4,HydroRIVERS v1.0 (HydroSHEDS),LineString,OBSERVED HYDROGRAPHIC NETWORK · WWF / HydroSHEDS
40667793,40667947,41067217,3.29,29.802,1312.2,5,HydroRIVERS v1.0 (HydroSHEDS),LineString,OBSERVED HYDROGRAPHIC NETWORK · WWF / HydroSHEDS
40667794,40667793,41067217,4.03,0.351,18.7,6,HydroRIVERS v1.0 (HydroSHEDS),LineString,OBSERVED HYDROGRAPHIC NETWORK · WWF / HydroSHEDS
40667795,40668457,41067217,1.01,183.11,5427.5,3,HydroRIVERS v1.0 (HydroSHEDS),LineString,OBSERVED HYDROGRAPHIC NETWORK · WWF / HydroSHEDS
40667943,40667791,41067217,0.61,10.011,497.7,3,HydroRIVERS v1.0 (HydroSHEDS),LineString,OBSERVED HYDROGRAPHIC NETWORK · WWF / HydroSHEDS
40667944,40670419,41067217,4.32,0.349,16.5,6,HydroRIVERS v1.0 (HydroSHEDS),LineString,OBSERVED HYDROGRAPHIC NETWORK · WWF / HydroSHEDS
40667945,40670419,41067217,3.68,0.371,17.4,5,HydroRIVERS v1.0 (HydroSHEDS),LineString,OBSERVED HYDROGRAPHIC NETWORK · WWF / HydroSHEDS
40667946,40669087,41067217,6.22,0.847,42.8,6,HydroRIVERS v1.0 (HydroSHEDS),LineString,OBSERVED HYDROGRAPHIC NETWORK · WWF / HydroSHEDS
40667947,40669087,41067217,1.01,29.977,1321.5,5,HydroRIVERS v1.0 (HydroSHEDS),LineString,OBSERVED HYDROGRAPHIC NETWORK · WWF / HydroSHEDS
40667948,40668595,41067217,2.41,0.205,9.8,6,HydroRIVERS v1.0 (HydroSHEDS),LineString,OBSERVED HYDROGRAPHIC NETWORK · WWF / HydroSHEDS
40667949,40668595,41067217,2.69,0.306,14.3,5,HydroRIVERS v1.0 (HydroSHEDS),LineString,OBSERVED HYDROGRAPHIC NETWORK · WWF / HydroSHEDS
40667950,40667624,41067217,1.38,0.181,6.7,6,HydroRIVERS v1.0 (HydroSHEDS),LineString,OBSERVED HYDROGRAPHIC NETWORK · WWF / HydroSHEDS
40668107,40667947,41067217,1.82,0.135,7.2,6,HydroRIVERS v1.0 (HydroSHEDS),LineString,OBSERVED HYDROGRAPHIC NETWORK · WWF / HydroSHEDS
40668108,40668594,41067217,2.33,0.251,12.8,7,HydroRIVERS v1.0 (HydroSHEDS),LineString,OBSERVED HYDROGRAPHIC NETWORK · WWF / HydroSHEDS
40668109,40668594,41067217,3.92,0.285,14.1,6,HydroRIVERS v1.0 (HydroSHEDS),LineString,OBSERVED HYDROGRAPHIC NETWORK · WWF / HydroSHEDS
40668110,40667079,41067217,3.61,0.517,22.8,5,HydroRIVERS v1.0 (HydroSHEDS),LineString,OBSERVED HYDROGRAPHIC NETWORK · WWF / HydroSHEDS
40668111,40668457,41067217,1.53,0.19,7.8,4,HydroRIVERS v1.0 (HydroSHEDS),LineString,OBSERVED HYDROGRAPHIC NETWORK · WWF / HydroSHEDS
40668257,40667943,41067217,1.62,9.548,473.2,3,HydroRIVERS v1.0 (HydroSHEDS),LineString,OBSERVED HYDROGRAPHIC NETWORK · WWF / HydroSHEDS
40668258,40668257,41067217,3.85,0.255,13.1,4,HydroRIVERS v1.0 (HydroSHEDS),LineString,OBSERVED HYDROGRAPHIC NETWORK · WWF / HydroSHEDS
40668259,40668453,41067217,3.83,0.372,17.4,6,HydroRIVERS v1.0 (HydroSHEDS),LineString,OBSERVED HYDROGRAPHIC NETWORK · WWF / HydroSHEDS
40668260,40668453,41067217,4.43,0.472,22.0,5,HydroRIVERS v1.0 (HydroSHEDS),LineString,OBSERVED HYDROGRAPHIC NETWORK · WWF / HydroSHEDS
40668261,40667264,41067217,5.61,0.948,45.7,5,HydroRIVERS v1.0 (HydroSHEDS),LineString,OBSERVED HYDROGRAPHIC NETWORK · WWF / HydroSHEDS
40668262,40668597,41067217,2.6,0.248,11.5,6,HydroRIVERS v1.0 (HydroSHEDS),LineString,OBSERVED HYDROGRAPHIC NETWORK · WWF / HydroSHEDS
40668263,40669575,41067217,2.0,1.366,55.2,4,HydroRIVERS v1.0 (HydroSHEDS),LineString,OBSERVED HYDROGRAPHIC NETWORK · WWF / HydroSHEDS
40668451,40667790,41067217,2.75,0.194,10.6,5,HydroRIVERS v1.0 (HydroSHEDS),LineString,OBSERVED HYDROGRAPHIC NETWORK · WWF / HydroSHEDS
40668452,40667943,41067217,1.69,0.452,24.1,4,HydroRIVERS v1.0 (HydroSHEDS),LineString,OBSERVED HYDROGRAPHIC NETWORK · WWF / HydroSHEDS
40668453,40669420,41067217,0.61,0.899,42.0,5,HydroRIVERS v1.0 (HydroSHEDS),LineString,OBSERVED HYDROGRAPHIC NETWORK · WWF / HydroSHEDS
40668454,40668261,41067217,2.94,0.178,8.5,6,HydroRIVERS v1.0 (HydroSHEDS),LineString,OBSERVED HYDROGRAPHIC NETWORK · WWF / HydroSHEDS
40668455,40669575,41067217,1.61,0.199,8.7,5,HydroRIVERS v1.0 (HydroSHEDS),LineString,OBSERVED HYDROGRAPHIC NETWORK · WWF / HydroSHEDS
40668456,40668598,41067217,3.16,4.464,162.4,4,HydroRIVERS v1.0 (HydroSHEDS),LineString,OBSERVED HYDROGRAPHIC NETWORK · WWF / HydroSHEDS
40668457,40668598,41067217,4.3,183.761,5450.0,3,HydroRIVERS v1.0 (HydroSHEDS),LineString,OBSERVED HYDROGRAPHIC NETWORK · WWF / HydroSHEDS
40668593,40668757,41067217,3.68,0.308,15.4,6,HydroRIVERS v1.0 (HydroSHEDS),LineString,OBSERVED HYDROGRAPHIC NETWORK · WWF / HydroSHEDS
40668594,40669574,41067217,1.54,0.598,30.0,6,HydroRIVERS v1.0 (HydroSHEDS),LineString,OBSERVED HYDROGRAPHIC NETWORK · WWF / HydroSHEDS
40668595,40669422,41067217,2.3,0.61,28.7,5,HydroRIVERS v1.0 (HydroSHEDS),LineString,OBSERVED HYDROGRAPHIC NETWORK · WWF / HydroSHEDS
40668596,40669422,41067217,0.4,39.589,1296.2,4,HydroRIVERS v1.0 (HydroSHEDS),LineString,OBSERVED HYDROGRAPHIC NETWORK · WWF / HydroSHEDS
40668597,40668596,41067217,5.52,38.999,1267.9,4,HydroRIVERS v1.0 (HydroSHEDS),LineString,OBSERVED HYDROGRAPHIC NETWORK · WWF / HydroSHEDS
40668598,40669578,41067217,0.46,188.249,5613.0,3,HydroRIVERS v1.0 (HydroSHEDS),LineString,OBSERVED HYDROGRAPHIC NETWORK · WWF / HydroSHEDS
40668599,40667620,41067217,4.07,7.457,292.8,4,HydroRIVERS v1.0 (HydroSHEDS),LineString,OBSERVED HYDROGRAPHIC NETWORK · WWF / HydroSHEDS
40668600,40667624,41067217,4.07,1.415,51.5,5,HydroRIVERS v1.0 (HydroSHEDS),LineString,OBSERVED HYDROGRAPHIC NETWORK · WWF / HydroSHEDS
40668753,40668257,41067217,2.49,9.245,458.0,3,HydroRIVERS v1.0 (HydroSHEDS),LineString,OBSERVED HYDROGRAPHIC NETWORK · WWF / HydroSHEDS
40668754,40668753,41067217,7.47,0.393,20.0,4,HydroRIVERS v1.0 (HydroSHEDS),LineString,OBSERVED HYDROGRAPHIC NETWORK · WWF / HydroSHEDS
40668755,40669420,41067217,2.33,0.209,9.8,6,HydroRIVERS v1.0 (HydroSHEDS),LineString,OBSERVED HYDROGRAPHIC NETWORK · WWF / HydroSHEDS
40668756,40669084,41067217,4.76,128.305,5807.2,4,HydroRIVERS v1.0 (HydroSHEDS),LineString,OBSERVED HYDROGRAPHIC NETWORK · WWF / HydroSHEDS
40668757,40669084,41067217,1.01,33.062,1481.3,5,HydroRIVERS v1.0 (HydroSHEDS),LineString,OBSERVED HYDROGRAPHIC NETWORK · WWF / HydroSHEDS
40668758,40669574,41067217,1.61,0.271,14.3,7,HydroRIVERS v1.0 (HydroSHEDS),LineString,OBSERVED HYDROGRAPHIC NETWORK · WWF / HydroSHEDS
40668759,40668599,41067217,0.69,0.134,5.6,5,HydroRIVERS v1.0 (HydroSHEDS),LineString,OBSERVED HYDROGRAPHIC NETWORK · WWF / HydroSHEDS
40668760,40668599,41067217,1.41,7.048,276.3,4,HydroRIVERS v1.0 (HydroSHEDS),LineString,OBSERVED HYDROGRAPHIC NETWORK · WWF / HydroSHEDS
40668761,40669092,41067217,0.4,0.875,32.8,4,HydroRIVERS v1.0 (HydroSHEDS),LineString,OBSERVED HYDROGRAPHIC NETWORK · WWF / HydroSHEDS
40668762,40668761,41067217,0.69,0.145,5.4,5,HydroRIVERS v1.0 (HydroSHEDS),LineString,OBSERVED HYDROGRAPHIC NETWORK · WWF / HydroSHEDS
40668933,40669578,41067217,2.22,0.292,12.2,4,HydroRIVERS v1.0 (HydroSHEDS),LineString,OBSERVED HYDROGRAPHIC NETWORK · WWF / HydroSHEDS
40668934,40669258,41067217,1.2,4.839,186.7,4,HydroRIVERS v1.0 (HydroSHEDS),LineString,OBSERVED HYDROGRAPHIC NETWORK · WWF / HydroSHEDS
40668935,40668934,41067217,7.01,0.705,26.5,5,HydroRIVERS v1.0 (HydroSHEDS),LineString,OBSERVED HYDROGRAPHIC NETWORK · WWF / HydroSHEDS
40669081,40667609,41067217,5.22,0.269,14.4,4,HydroRIVERS v1.0 (HydroSHEDS),LineString,OBSERVED HYDROGRAPHIC NETWORK · WWF / HydroSHEDS
40669082,40668452,41067217,2.23,0.166,8.9,5,HydroRIVERS v1.0 (HydroSHEDS),LineString,OBSERVED HYDROGRAPHIC NETWORK · WWF / HydroSHEDS
40669083,40670748,41067217,1.61,0.237,11.7,5,HydroRIVERS v1.0 (HydroSHEDS),LineString,OBSERVED HYDROGRAPHIC NETWORK · WWF / HydroSHEDS
40669084,40670748,41067217,1.07,161.366,7289.2,4,HydroRIVERS v1.0 (HydroSHEDS),LineString,OBSERVED HYDROGRAPHIC NETWORK · WWF / HydroSHEDS
40669085,40669253,41067217,3.86,0.322,16.5,6,HydroRIVERS v1.0 (HydroSHEDS),LineString,OBSERVED HYDROGRAPHIC NETWORK · WWF / HydroSHEDS
40669086,40669253,41067217,2.02,31.814,1417.2,5,HydroRIVERS v1.0 (HydroSHEDS),LineString,OBSERVED HYDROGRAPHIC NETWORK · WWF / HydroSHEDS
40669087,40669086,41067217,4.53,31.224,1385.3,5,HydroRIVERS v1.0 (HydroSHEDS),LineString,OBSERVED HYDROGRAPHIC NETWORK · WWF / HydroSHEDS
40669088,40666939,41067217,17.77,1.72,91.8,6,HydroRIVERS v1.0 (HydroSHEDS),LineString,OBSERVED HYDROGRAPHIC NETWORK · WWF / HydroSHEDS
40669089,40668934,41067217,1.41,4.01,155.4,4,HydroRIVERS v1.0 (HydroSHEDS),LineString,OBSERVED HYDROGRAPHIC NETWORK · WWF / HydroSHEDS
40669090,40669089,41067217,1.16,0.179,6.8,5,HydroRIVERS v1.0 (HydroSHEDS),LineString,OBSERVED HYDROGRAPHIC NETWORK · WWF / HydroSHEDS
40669091,40669425,41067217,0.92,0.16,6.1,5,HydroRIVERS v1.0 (HydroSHEDS),LineString,OBSERVED HYDROGRAPHIC NETWORK · WWF / HydroSHEDS
40669092,40669425,41067217,6.04,2.344,89.1,4,HydroRIVERS v1.0 (HydroSHEDS),LineString,OBSERVED HYDROGRAPHIC NETWORK · WWF / HydroSHEDS
40669251,40669734,41067217,6.47,206.087,11258.1,2,HydroRIVERS v1.0 (HydroSHEDS),LineString,OBSERVED HYDROGRAPHIC NETWORK · WWF / HydroSHEDS
40669252,40668261,41067217,4.51,0.518,25.0,5,HydroRIVERS v1.0 (HydroSHEDS),LineString,OBSERVED HYDROGRAPHIC NETWORK · WWF / HydroSHEDS
40669253,40668757,41067217,7.88,32.731,1464.6,5,HydroRIVERS v1.0 (HydroSHEDS),LineString,OBSERVED HYDROGRAPHIC NETWORK · WWF / HydroSHEDS
40669254,40669901,41067217,7.69,4.28,190.9,5,HydroRIVERS v1.0 (HydroSHEDS),LineString,OBSERVED HYDROGRAPHIC NETWORK · WWF / HydroSHEDS
40669255,40668760,41067217,1.62,0.2,8.3,5,HydroRIVERS v1.0 (HydroSHEDS),LineString,OBSERVED HYDROGRAPHIC NETWORK · WWF / HydroSHEDS
40669256,40668760,41067217,3.83,6.792,265.8,4,HydroRIVERS v1.0 (HydroSHEDS),LineString,OBSERVED HYDROGRAPHIC NETWORK · WWF / HydroSHEDS
40669257,40669256,41067217,2.0,6.158,239.6,4,HydroRIVERS v1.0 (HydroSHEDS),LineString,OBSERVED HYDROGRAPHIC NETWORK · WWF / HydroSHEDS
40669258,40669257,41067217,4.85,5.583,216.1,4,HydroRIVERS v1.0 (HydroSHEDS),LineString,OBSERVED HYDROGRAPHIC NETWORK · WWF / HydroSHEDS
40669259,40669258,41067217,1.16,0.155,6.3,5,HydroRIVERS v1.0 (HydroSHEDS),LineString,OBSERVED HYDROGRAPHIC NETWORK · WWF / HydroSHEDS
40669260,40668761,41067217,5.63,0.725,27.2,4,HydroRIVERS v1.0 (HydroSHEDS),LineString,OBSERVED HYDROGRAPHIC NETWORK · WWF / HydroSHEDS
40669418,40669734,41067217,8.82,0.463,29.8,3,HydroRIVERS v1.0 (HydroSHEDS),LineString,OBSERVED HYDROGRAPHIC NETWORK · WWF / HydroSHEDS
40669419,40667790,41067217,5.98,0.211,11.5,4,HydroRIVERS v1.0 (HydroSHEDS),LineString,OBSERVED HYDROGRAPHIC NETWORK · WWF / HydroSHEDS
40669420,40670257,41067217,5.7,1.474,69.1,5,HydroRIVERS v1.0 (HydroSHEDS),LineString,OBSERVED HYDROGRAPHIC NETWORK · WWF / HydroSHEDS
40669421,40669902,41067217,1.38,0.151,7.4,5,HydroRIVERS v1.0 (HydroSHEDS),LineString,OBSERVED HYDROGRAPHIC NETWORK · WWF / HydroSHEDS
40669422,40669902,41067217,4.11,40.479,1338.4,4,HydroRIVERS v1.0 (HydroSHEDS),LineString,OBSERVED HYDROGRAPHIC NETWORK · WWF / HydroSHEDS
40669423,40669089,41067217,1.22,3.719,144.1,4,HydroRIVERS v1.0 (HydroSHEDS),LineString,OBSERVED HYDROGRAPHIC NETWORK · WWF / HydroSHEDS
40669424,40669423,41067217,1.6,3.447,133.0,4,HydroRIVERS v1.0 (HydroSHEDS),LineString,OBSERVED HYDROGRAPHIC NETWORK · WWF / HydroSHEDS
40669425,40669424,41067217,1.22,2.561,97.4,4,HydroRIVERS v1.0 (HydroSHEDS),LineString,OBSERVED HYDROGRAPHIC NETWORK · WWF / HydroSHEDS
40669426,40668600,41067217,2.92,0.286,10.6,6,HydroRIVERS v1.0 (HydroSHEDS),LineString,OBSERVED HYDROGRAPHIC NETWORK · WWF / HydroSHEDS
40669569,40668753,41067217,2.91,8.714,431.6,3,HydroRIVERS v1.0 (HydroSHEDS),LineString,OBSERVED HYDROGRAPHIC NETWORK · WWF / HydroSHEDS
40669570,40669899,41067217,10.61,0.855,41.5,4,HydroRIVERS v1.0 (HydroSHEDS),LineString,OBSERVED HYDROGRAPHIC NETWORK · WWF / HydroSHEDS
40669571,40670257,41067217,0.92,0.13,6.1,6,HydroRIVERS v1.0 (HydroSHEDS),LineString,OBSERVED HYDROGRAPHIC NETWORK · WWF / HydroSHEDS
40669572,40672000,41067217,4.9,0.329,15.4,4,HydroRIVERS v1.0 (HydroSHEDS),LineString,OBSERVED HYDROGRAPHIC NETWORK · WWF / HydroSHEDS
40669573,40672000,41067217,3.79,0.371,17.4,5,HydroRIVERS v1.0 (HydroSHEDS),LineString,OBSERVED HYDROGRAPHIC NETWORK · WWF / HydroSHEDS
40669574,40669901,41067217,6.89,1.362,70.0,6,HydroRIVERS v1.0 (HydroSHEDS),LineString,OBSERVED HYDROGRAPHIC NETWORK · WWF / HydroSHEDS
40669575,40669739,41067217,4.45,1.93,79.8,4,HydroRIVERS v1.0 (HydroSHEDS),LineString,OBSERVED HYDROGRAPHIC NETWORK · WWF / HydroSHEDS
40669576,40669739,41067217,2.85,0.217,9.3,5,HydroRIVERS v1.0 (HydroSHEDS),LineString,OBSERVED HYDROGRAPHIC NETWORK · WWF / HydroSHEDS
40669577,40670749,41067217,4.22,0.422,18.1,4,HydroRIVERS v1.0 (HydroSHEDS),LineString,OBSERVED HYDROGRAPHIC NETWORK · WWF / HydroSHEDS
40669578,40670749,41067217,3.37,188.81,5633.9,3,HydroRIVERS v1.0 (HydroSHEDS),LineString,OBSERVED HYDROGRAPHIC NETWORK · WWF / HydroSHEDS
40669579,40669424,41067217,0.69,0.119,4.8,6,HydroRIVERS v1.0 (HydroSHEDS),LineString,OBSERVED HYDROGRAPHIC NETWORK · WWF / HydroSHEDS
40669734,40670582,41067217,1.54,206.785,11290.0,2,HydroRIVERS v1.0 (HydroSHEDS),LineString,OBSERVED HYDROGRAPHIC NETWORK · WWF / HydroSHEDS
40669735,40670582,41067217,7.53,0.608,35.6,3,HydroRIVERS v1.0 (HydroSHEDS),LineString,OBSERVED HYDROGRAPHIC NETWORK · WWF / HydroSHEDS
40669736,40668452,41067217,4.49,0.264,14.1,4,HydroRIVERS v1.0 (HydroSHEDS),LineString,OBSERVED HYDROGRAPHIC NETWORK · WWF / HydroSHEDS
40669737,40669569,41067217,1.41,8.213,406.0,3,HydroRIVERS v1.0 (HydroSHEDS),LineString,OBSERVED HYDROGRAPHIC NETWORK · WWF / HydroSHEDS
40669738,40669899,41067217,11.02,1.148,55.2,3,HydroRIVERS v1.0 (HydroSHEDS),LineString,OBSERVED HYDROGRAPHIC NETWORK · WWF / HydroSHEDS
40669739,40671201,41067217,1.01,2.318,96.8,4,HydroRIVERS v1.0 (HydroSHEDS),LineString,OBSERVED HYDROGRAPHIC NETWORK · WWF / HydroSHEDS
40669740,40669256,41067217,1.69,0.369,15.6,5,HydroRIVERS v1.0 (HydroSHEDS),LineString,OBSERVED HYDROGRAPHIC NETWORK · WWF / HydroSHEDS
40669896,40669737,41067217,1.01,7.989,394.7,3,HydroRIVERS v1.0 (HydroSHEDS),LineString,OBSERVED HYDROGRAPHIC NETWORK · WWF / HydroSHEDS
40669897,40669896,41067217,17.86,1.071,52.9,4,HydroRIVERS v1.0 (HydroSHEDS),LineString,OBSERVED HYDROGRAPHIC NETWORK · WWF / HydroSHEDS
40669898,40670256,41067217,7.67,0.436,21.3,4,HydroRIVERS v1.0 (HydroSHEDS),LineString,OBSERVED HYDROGRAPHIC NETWORK · WWF / HydroSHEDS
40669899,40670256,41067217,2.67,2.112,101.8,3,HydroRIVERS v1.0 (HydroSHEDS),LineString,OBSERVED HYDROGRAPHIC NETWORK · WWF / HydroSHEDS
40669900,40669086,41067217,7.85,0.53,28.7,6,HydroRIVERS v1.0 (HydroSHEDS),LineString,OBSERVED HYDROGRAPHIC NETWORK · WWF / HydroSHEDS
40669901,40670422,41067217,5.67,5.904,274.2,5,HydroRIVERS v1.0 (HydroSHEDS),LineString,OBSERVED HYDROGRAPHIC NETWORK · WWF / HydroSHEDS
40669902,40670422,41067217,1.54,40.685,1348.6,4,HydroRIVERS v1.0 (HydroSHEDS),LineString,OBSERVED HYDROGRAPHIC NETWORK · WWF / HydroSHEDS
40669903,40668596,41067217,9.6,0.546,26.3,5,HydroRIVERS v1.0 (HydroSHEDS),LineString,OBSERVED HYDROGRAPHIC NETWORK · WWF / HydroSHEDS
40669904,40669740,41067217,0.69,0.127,5.4,6,HydroRIVERS v1.0 (HydroSHEDS),LineString,OBSERVED HYDROGRAPHIC NETWORK · WWF / HydroSHEDS
40669905,40669092,41067217,4.74,0.463,18.0,5,HydroRIVERS v1.0 (HydroSHEDS),LineString,OBSERVED HYDROGRAPHIC NETWORK · WWF / HydroSHEDS
40669906,40668600,41067217,4.3,0.712,25.9,5,HydroRIVERS v1.0 (HydroSHEDS),LineString,OBSERVED HYDROGRAPHIC NETWORK · WWF / HydroSHEDS
40670077,40669569,41067217,2.17,0.241,12.8,4,HydroRIVERS v1.0 (HydroSHEDS),LineString,OBSERVED HYDROGRAPHIC NETWORK · WWF / HydroSHEDS
40670078,40669896,41067217,0.61,6.885,340.3,3,HydroRIVERS v1.0 (HydroSHEDS),LineString,OBSERVED HYDROGRAPHIC NETWORK · WWF / HydroSHEDS
40670079,40670907,41067217,1.0,0.174,8.3,6,HydroRIVERS v1.0 (HydroSHEDS),LineString,OBSERVED HYDROGRAPHIC NETWORK · WWF / HydroSHEDS
40670080,40670907,41067217,1.31,0.184,8.5,5,HydroRIVERS v1.0 (HydroSHEDS),LineString,OBSERVED HYDROGRAPHIC NETWORK · WWF / HydroSHEDS
40670081,40671201,41067217,1.53,0.14,6.5,5,HydroRIVERS v1.0 (HydroSHEDS),LineString,OBSERVED HYDROGRAPHIC NETWORK · WWF / HydroSHEDS
40670082,40669740,41067217,1.53,0.197,8.3,5,HydroRIVERS v1.0 (HydroSHEDS),LineString,OBSERVED HYDROGRAPHIC NETWORK · WWF / HydroSHEDS
40670083,40669423,41067217,2.23,0.23,9.4,5,HydroRIVERS v1.0 (HydroSHEDS),LineString,OBSERVED HYDROGRAPHIC NETWORK · WWF / HydroSHEDS
40670084,40669906,41067217,1.32,0.139,5.2,5,HydroRIVERS v1.0 (HydroSHEDS),LineString,OBSERVED HYDROGRAPHIC NETWORK · WWF / HydroSHEDS
40670085,40669906,41067217,0.69,0.116,4.3,6,HydroRIVERS v1.0 (HydroSHEDS),LineString,OBSERVED HYDROGRAPHIC NETWORK · WWF / HydroSHEDS
40670251,40674372,41067217,0.69,0.108,6.1,4,HydroRIVERS v1.0 (HydroSHEDS),LineString,OBSERVED HYDROGRAPHIC NETWORK · WWF / HydroSHEDS
40670252,40674372,41067217,0.6,0.125,7.0,5,HydroRIVERS v1.0 (HydroSHEDS),LineString,OBSERVED HYDROGRAPHIC NETWORK · WWF / HydroSHEDS
40670253,40670078,41067217,1.41,6.638,327.5,3,HydroRIVERS v1.0 (HydroSHEDS),LineString,OBSERVED HYDROGRAPHIC NETWORK · WWF / HydroSHEDS
40670254,40670253,41067217,4.02,0.283,14.3,4,HydroRIVERS v1.0 (HydroSHEDS),LineString,OBSERVED HYDROGRAPHIC NETWORK · WWF / HydroSHEDS
40670255,40670418,41067217,1.99,0.151,7.4,4,HydroRIVERS v1.0 (HydroSHEDS),LineString,OBSERVED HYDROGRAPHIC NETWORK · WWF / HydroSHEDS
40670256,40670418,41067217,1.22,2.588,125.0,3,HydroRIVERS v1.0 (HydroSHEDS),LineString,OBSERVED HYDROGRAPHIC NETWORK · WWF / HydroSHEDS
40670257,40670420,41067217,2.61,1.74,81.7,5,HydroRIVERS v1.0 (HydroSHEDS),LineString,OBSERVED HYDROGRAPHIC NETWORK · WWF / HydroSHEDS
40670258,40670908,41067217,2.6,0.28,12.8,4,HydroRIVERS v1.0 (HydroSHEDS),LineString,OBSERVED HYDROGRAPHIC NETWORK · WWF / HydroSHEDS
40670259,40670908,41067217,0.6,0.115,5.4,5,HydroRIVERS v1.0 (HydroSHEDS),LineString,OBSERVED HYDROGRAPHIC NETWORK · WWF / HydroSHEDS
40670260,40669257,41067217,4.22,0.357,14.8,5,HydroRIVERS v1.0 (HydroSHEDS),LineString,OBSERVED HYDROGRAPHIC NETWORK · WWF / HydroSHEDS
40670416,40669737,41067217,2.23,0.137,7.2,4,HydroRIVERS v1.0 (HydroSHEDS),LineString,OBSERVED HYDROGRAPHIC NETWORK · WWF / HydroSHEDS
40670417,40670745,41067217,5.53,0.352,17.4,4,HydroRIVERS v1.0 (HydroSHEDS),LineString,OBSERVED HYDROGRAPHIC NETWORK · WWF / HydroSHEDS
40670418,40670745,41067217,4.26,2.928,141.4,3,HydroRIVERS v1.0 (HydroSHEDS),LineString,OBSERVED HYDROGRAPHIC NETWORK · WWF / HydroSHEDS
40670419,40672683,41067217,8.39,1.129,53.3,5,HydroRIVERS v1.0 (HydroSHEDS),LineString,OBSERVED HYDROGRAPHIC NETWORK · WWF / HydroSHEDS
40670420,40672683,41067217,1.81,4.639,218.7,4,HydroRIVERS v1.0 (HydroSHEDS),LineString,OBSERVED HYDROGRAPHIC NETWORK · WWF / HydroSHEDS
40670421,40670587,41067217,2.12,0.179,9.4,5,HydroRIVERS v1.0 (HydroSHEDS),LineString,OBSERVED HYDROGRAPHIC NETWORK · WWF / HydroSHEDS
40670422,40670587,41067217,1.69,46.651,1626.0,4,HydroRIVERS v1.0 (HydroSHEDS),LineString,OBSERVED HYDROGRAPHIC NETWORK · WWF / HydroSHEDS
40670423,40669424,41067217,6.27,0.647,25.9,5,HydroRIVERS v1.0 (HydroSHEDS),LineString,OBSERVED HYDROGRAPHIC NETWORK · WWF / HydroSHEDS
40670582,40672207,41067217,2.46,207.811,11330.5,2,HydroRIVERS v1.0 (HydroSHEDS),LineString,OBSERVED HYDROGRAPHIC NETWORK · WWF / HydroSHEDS
40670583,40670253,41067217,2.42,6.089,299.7,3,HydroRIVERS v1.0 (HydroSHEDS),LineString,OBSERVED HYDROGRAPHIC NETWORK · WWF / HydroSHEDS
40670584,40670744,41067217,5.08,0.256,12.8,4,HydroRIVERS v1.0 (HydroSHEDS),LineString,OBSERVED HYDROGRAPHIC NETWORK · WWF / HydroSHEDS
40670585,40670746,41067217,2.69,0.242,11.5,5,HydroRIVERS v1.0 (HydroSHEDS),LineString,OBSERVED HYDROGRAPHIC NETWORK · WWF / HydroSHEDS
40670586,40670746,41067217,9.48,0.959,45.4,4,HydroRIVERS v1.0 (HydroSHEDS),LineString,OBSERVED HYDROGRAPHIC NETWORK · WWF / HydroSHEDS
40670587,40671200,41067217,0.46,46.848,1636.4,4,HydroRIVERS v1.0 (HydroSHEDS),LineString,OBSERVED HYDROGRAPHIC NETWORK · WWF / HydroSHEDS
40670588,40671200,41067217,0.6,0.111,5.7,5,HydroRIVERS v1.0 (HydroSHEDS),LineString,OBSERVED HYDROGRAPHIC NETWORK · WWF / HydroSHEDS
40670742,40672207,41067217,6.44,0.324,19.5,3,HydroRIVERS v1.0 (HydroSHEDS),LineString,OBSERVED HYDROGRAPHIC NETWORK · WWF / HydroSHEDS
40670743,40670583,41067217,1.01,5.814,286.0,3,HydroRIVERS v1.0 (HydroSHEDS),LineString,OBSERVED HYDROGRAPHIC NETWORK · WWF / HydroSHEDS
40670744,40670743,41067217,0.61,3.811,184.8,3,HydroRIVERS v1.0 (HydroSHEDS),LineString,OBSERVED HYDROGRAPHIC NETWORK · WWF / HydroSHEDS
40670745,40670744,41067217,5.04,3.55,171.8,3,HydroRIVERS v1.0 (HydroSHEDS),LineString,OBSERVED HYDROGRAPHIC NETWORK · WWF / HydroSHEDS
40670746,40671522,41067217,0.46,1.209,57.2,4,HydroRIVERS v1.0 (HydroSHEDS),LineString,OBSERVED HYDROGRAPHIC NETWORK · WWF / HydroSHEDS
40670747,40671522,41067217,2.2,0.255,12.4,5,HydroRIVERS v1.0 (HydroSHEDS),LineString,OBSERVED HYDROGRAPHIC NETWORK · WWF / HydroSHEDS
40670748,40672208,41067217,5.38,161.944,7322.4,4,HydroRIVERS v1.0 (HydroSHEDS),LineString,OBSERVED HYDROGRAPHIC NETWORK · WWF / HydroSHEDS
40670749,40671202,41067217,3.84,189.606,5665.3,3,HydroRIVERS v1.0 (HydroSHEDS),LineString,OBSERVED HYDROGRAPHIC NETWORK · WWF / HydroSHEDS
40670906,40672208,41067217,6.01,0.617,30.8,5,HydroRIVERS v1.0 (HydroSHEDS),LineString,OBSERVED HYDROGRAPHIC NETWORK · WWF / HydroSHEDS
40670907,40672211,41067217,3.46,0.603,28.5,5,HydroRIVERS v1.0 (HydroSHEDS),LineString,OBSERVED HYDROGRAPHIC NETWORK · WWF / HydroSHEDS
40670908,40672211,41067217,2.95,0.578,26.9,4,HydroRIVERS v1.0 (HydroSHEDS),LineString,OBSERVED HYDROGRAPHIC NETWORK · WWF / HydroSHEDS
40671049,40670743,41067217,1.62,1.919,97.1,4,HydroRIVERS v1.0 (HydroSHEDS),LineString,OBSERVED HYDROGRAPHIC NETWORK · WWF / HydroSHEDS
40671194,40670078,41067217,3.92,0.226,11.9,4,HydroRIVERS v1.0 (HydroSHEDS),LineString,OBSERVED HYDROGRAPHIC NETWORK · WWF / HydroSHEDS
40671195,40670253,41067217,3.83,0.231,12.0,5,HydroRIVERS v1.0 (HydroSHEDS),LineString,OBSERVED HYDROGRAPHIC NETWORK · WWF / HydroSHEDS
40671196,40670583,41067217,2.08,0.128,6.7,4,HydroRIVERS v1.0 (HydroSHEDS),LineString,OBSERVED HYDROGRAPHIC NETWORK · WWF / HydroSHEDS
40671197,40672685,41067217,0.69,0.15,8.3,5,HydroRIVERS v1.0 (HydroSHEDS),LineString,OBSERVED HYDROGRAPHIC NETWORK · WWF / HydroSHEDS
40671198,40672685,41067217,2.33,0.212,11.7,4,HydroRIVERS v1.0 (HydroSHEDS),LineString,OBSERVED HYDROGRAPHIC NETWORK · WWF / HydroSHEDS
40671199,40672353,41067217,1.21,0.125,6.7,5,HydroRIVERS v1.0 (HydroSHEDS),LineString,OBSERVED HYDROGRAPHIC NETWORK · WWF / HydroSHEDS
40671200,40672353,41067217,1.85,46.998,1644.1,4,HydroRIVERS v1.0 (HydroSHEDS),LineString,OBSERVED HYDROGRAPHIC NETWORK · WWF / HydroSHEDS
40671201,40672215,41067217,8.41,2.984,127.0,4,HydroRIVERS v1.0 (HydroSHEDS),LineString,OBSERVED HYDROGRAPHIC NETWORK · WWF / HydroSHEDS
40671202,40672215,41067217,2.09,202.49,6219.7,3,HydroRIVERS v1.0 (HydroSHEDS),LineString,OBSERVED HYDROGRAPHIC NETWORK · WWF / HydroSHEDS
40671203,40672217,41067217,0.69,0.2,7.6,5,HydroRIVERS v1.0 (HydroSHEDS),LineString,OBSERVED HYDROGRAPHIC NETWORK · WWF / HydroSHEDS
40671204,40672217,41067217,0.92,0.108,4.1,4,HydroRIVERS v1.0 (HydroSHEDS),LineString,OBSERVED HYDROGRAPHIC NETWORK · WWF / HydroSHEDS
40671362,40671521,41067217,4.02,0.32,15.2,5,HydroRIVERS v1.0 (HydroSHEDS),LineString,OBSERVED HYDROGRAPHIC NETWORK · WWF / HydroSHEDS
40671363,40672010,41067217,1.38,0.205,8.9,6,HydroRIVERS v1.0 (HydroSHEDS),LineString,OBSERVED HYDROGRAPHIC NETWORK · WWF / HydroSHEDS
40671364,40672010,41067217,3.0,0.357,15.6,5,HydroRIVERS v1.0 (HydroSHEDS),LineString,OBSERVED HYDROGRAPHIC NETWORK · WWF / HydroSHEDS
40671517,40671049,41067217,1.69,1.71,86.4,4,HydroRIVERS v1.0 (HydroSHEDS),LineString,OBSERVED HYDROGRAPHIC NETWORK · WWF / HydroSHEDS
40671518,40673684,41067217,14.28,0.612,29.3,5,HydroRIVERS v1.0 (HydroSHEDS),LineString,OBSERVED HYDROGRAPHIC NETWORK · WWF / HydroSHEDS
40671519,40673684,41067217,4.44,0.293,14.1,6,HydroRIVERS v1.0 (HydroSHEDS),LineString,OBSERVED HYDROGRAPHIC NETWORK · WWF / HydroSHEDS
40671520,40671521,41067217,0.92,0.171,8.2,6,HydroRIVERS v1.0 (HydroSHEDS),LineString,OBSERVED HYDROGRAPHIC NETWORK · WWF / HydroSHEDS
40671521,40672505,41067217,1.41,0.526,25.0,5,HydroRIVERS v1.0 (HydroSHEDS),LineString,OBSERVED HYDROGRAPHIC NETWORK · WWF / HydroSHEDS
40671522,40672505,41067217,2.91,1.621,77.2,4,HydroRIVERS v1.0 (HydroSHEDS),LineString,OBSERVED HYDROGRAPHIC NETWORK · WWF / HydroSHEDS
40671523,40672994,41067217,6.01,0.54,30.0,5,HydroRIVERS v1.0 (HydroSHEDS),LineString,OBSERVED HYDROGRAPHIC NETWORK · WWF / HydroSHEDS
40671524,40672994,41067217,3.46,0.351,19.6,6,HydroRIVERS v1.0 (HydroSHEDS),LineString,OBSERVED HYDROGRAPHIC NETWORK · WWF / HydroSHEDS
40671525,40672354,41067217,1.31,0.325,16.5,4,HydroRIVERS v1.0 (HydroSHEDS),LineString,OBSERVED HYDROGRAPHIC NETWORK · WWF / HydroSHEDS
40671526,40671202,41067217,3.01,12.736,549.8,4,HydroRIVERS v1.0 (HydroSHEDS),LineString,OBSERVED HYDROGRAPHIC NETWORK · WWF / HydroSHEDS
40671527,40671526,41067217,6.61,0.499,21.7,5,HydroRIVERS v1.0 (HydroSHEDS),LineString,OBSERVED HYDROGRAPHIC NETWORK · WWF / HydroSHEDS
40671665,40670420,41067217,6.81,2.81,132.8,4,HydroRIVERS v1.0 (HydroSHEDS),LineString,OBSERVED HYDROGRAPHIC NETWORK · WWF / HydroSHEDS
40671666,40671665,41067217,7.33,0.601,28.3,5,HydroRIVERS v1.0 (HydroSHEDS),LineString,OBSERVED HYDROGRAPHIC NETWORK · WWF / HydroSHEDS
40671839,40672205,41067217,6.19,0.34,23.2,5,HydroRIVERS v1.0 (HydroSHEDS),LineString,OBSERVED HYDROGRAPHIC NETWORK · WWF / HydroSHEDS
40671840,40671049,41067217,3.14,0.153,8.0,5,HydroRIVERS v1.0 (HydroSHEDS),LineString,OBSERVED HYDROGRAPHIC NETWORK · WWF / HydroSHEDS
40671841,40671517,41067217,3.22,1.309,65.8,4,HydroRIVERS v1.0 (HydroSHEDS),LineString,OBSERVED HYDROGRAPHIC NETWORK · WWF / HydroSHEDS
40671842,40671841,41067217,1.32,0.13,6.5,5,HydroRIVERS v1.0 (HydroSHEDS),LineString,OBSERVED HYDROGRAPHIC NETWORK · WWF / HydroSHEDS
40671843,40672354,41067217,2.27,259.249,8597.0,3,HydroRIVERS v1.0 (HydroSHEDS),LineString,OBSERVED HYDROGRAPHIC NETWORK · WWF / HydroSHEDS
40672000,40671665,41067217,17.08,1.805,85.2,4,HydroRIVERS v1.0 (HydroSHEDS),LineString,OBSERVED HYDROGRAPHIC NETWORK · WWF / HydroSHEDS
40672001,40672209,41067217,2.31,0.183,9.6,6,HydroRIVERS v1.0 (HydroSHEDS),LineString,OBSERVED HYDROGRAPHIC NETWORK · WWF / HydroSHEDS
40672002,40672209,41067217,0.8,0.95,51.7,5,HydroRIVERS v1.0 (HydroSHEDS),LineString,OBSERVED HYDROGRAPHIC NETWORK · WWF / HydroSHEDS
40672003,40672002,41067217,1.77,0.181,9.6,6,HydroRIVERS v1.0 (HydroSHEDS),LineString,OBSERVED HYDROGRAPHIC NETWORK · WWF / HydroSHEDS
40672004,40672210,41067217,1.38,0.167,9.1,6,HydroRIVERS v1.0 (HydroSHEDS),LineString,OBSERVED HYDROGRAPHIC NETWORK · WWF / HydroSHEDS
40672005,40672210,41067217,1.4,0.281,15.6,5,HydroRIVERS v1.0 (HydroSHEDS),LineString,OBSERVED HYDROGRAPHIC NETWORK · WWF / HydroSHEDS
40672006,40671843,41067217,4.24,258.762,8575.5,3,HydroRIVERS v1.0 (HydroSHEDS),LineString,OBSERVED HYDROGRAPHIC NETWORK · WWF / HydroSHEDS
40672007,40672006,41067217,0.69,0.126,6.3,5,HydroRIVERS v1.0 (HydroSHEDS),LineString,OBSERVED HYDROGRAPHIC NETWORK · WWF / HydroSHEDS
40672008,40672213,41067217,2.84,0.151,7.0,4,HydroRIVERS v1.0 (HydroSHEDS),LineString,OBSERVED HYDROGRAPHIC NETWORK · WWF / HydroSHEDS
40672009,40671526,41067217,4.64,12.073,520.9,4,HydroRIVERS v1.0 (HydroSHEDS),LineString,OBSERVED HYDROGRAPHIC NETWORK · WWF / HydroSHEDS
40672010,40672009,41067217,3.65,0.754,33.0,5,HydroRIVERS v1.0 (HydroSHEDS),LineString,OBSERVED HYDROGRAPHIC NETWORK · WWF / HydroSHEDS
40672206,40678444,41067217,1.38,0.132,8.7,3,HydroRIVERS v1.0 (HydroSHEDS),LineString,OBSERVED HYDROGRAPHIC NETWORK · WWF / HydroSHEDS
40672207,40678444,41067217,6.58,209.375,11373.0,2,HydroRIVERS v1.0 (HydroSHEDS),LineString,OBSERVED HYDROGRAPHIC NETWORK · WWF / HydroSHEDS
40672208,40672508,41067217,4.32,162.739,7366.1,4,HydroRIVERS v1.0 (HydroSHEDS),LineString,OBSERVED HYDROGRAPHIC NETWORK · WWF / HydroSHEDS
40672209,40672508,41067217,2.61,1.224,66.2,5,HydroRIVERS v1.0 (HydroSHEDS),LineString,OBSERVED HYDROGRAPHIC NETWORK · WWF / HydroSHEDS
40672210,40672002,41067217,4.03,0.727,39.8,5,HydroRIVERS v1.0 (HydroSHEDS),LineString,OBSERVED HYDROGRAPHIC NETWORK · WWF / HydroSHEDS
40672211,40672510,41067217,4.7,1.401,66.1,4,HydroRIVERS v1.0 (HydroSHEDS),LineString,OBSERVED HYDROGRAPHIC NETWORK · WWF / HydroSHEDS
40672212,40672510,41067217,0.4,255.426,8427.5,3,HydroRIVERS v1.0 (HydroSHEDS),LineString,OBSERVED HYDROGRAPHIC NETWORK · WWF / HydroSHEDS
40672213,40672691,41067217,0.61,206.196,6375.3,3,HydroRIVERS v1.0 (HydroSHEDS),LineString,OBSERVED HYDROGRAPHIC NETWORK · WWF / HydroSHEDS
40672214,40672213,41067217,1.41,206.014,6367.3,3,HydroRIVERS v1.0 (HydroSHEDS),LineString,OBSERVED HYDROGRAPHIC NETWORK · WWF / HydroSHEDS
40672215,40672214,41067217,3.08,205.679,6353.0,3,HydroRIVERS v1.0 (HydroSHEDS),LineString,OBSERVED HYDROGRAPHIC NETWORK · WWF / HydroSHEDS
40672216,40673001,41067217,3.16,0.385,15.0,5,HydroRIVERS v1.0 (HydroSHEDS),LineString,OBSERVED HYDROGRAPHIC NETWORK · WWF / HydroSHEDS
40672217,40672515,41067217,3.08,0.565,21.5,4,HydroRIVERS v1.0 (HydroSHEDS),LineString,OBSERVED HYDROGRAPHIC NETWORK · WWF / HydroSHEDS
40672349,40671517,41067217,2.7,0.248,12.8,5,HydroRIVERS v1.0 (HydroSHEDS),LineString,OBSERVED HYDROGRAPHIC NETWORK · WWF / HydroSHEDS
40672350,40671841,41067217,3.04,0.867,43.6,4,HydroRIVERS v1.0 (HydroSHEDS),LineString,OBSERVED HYDROGRAPHIC NETWORK · WWF / HydroSHEDS
40672351,40672350,41067217,1.38,0.112,5.6,5,HydroRIVERS v1.0 (HydroSHEDS),LineString,OBSERVED HYDROGRAPHIC NETWORK · WWF / HydroSHEDS
40672352,40672350,41067217,2.73,0.432,21.7,4,HydroRIVERS v1.0 (HydroSHEDS),LineString,OBSERVED HYDROGRAPHIC NETWORK · WWF / HydroSHEDS
40672353,40672509,41067217,4.91,47.341,1662.5,4,HydroRIVERS v1.0 (HydroSHEDS),LineString,OBSERVED HYDROGRAPHIC NETWORK · WWF / HydroSHEDS
40672354,40672509,41067217,6.51,260.179,8638.7,3,HydroRIVERS v1.0 (HydroSHEDS),LineString,OBSERVED HYDROGRAPHIC NETWORK · WWF / HydroSHEDS
40672505,40673156,41067217,3.92,2.38,113.6,4,HydroRIVERS v1.0 (HydroSHEDS),LineString,OBSERVED HYDROGRAPHIC NETWORK · WWF / HydroSHEDS
40672506,40673156,41067217,1.53,0.233,11.5,5,HydroRIVERS v1.0 (HydroSHEDS),LineString,OBSERVED HYDROGRAPHIC NETWORK · WWF / HydroSHEDS
40672507,40673157,41067217,4.84,0.31,15.8,5,HydroRIVERS v1.0 (HydroSHEDS),LineString,OBSERVED HYDROGRAPHIC NETWORK · WWF / HydroSHEDS
40672508,40673157,41067217,1.07,163.986,7434.3,4,HydroRIVERS v1.0 (HydroSHEDS),LineString,OBSERVED HYDROGRAPHIC NETWORK · WWF / HydroSHEDS
40672509,40673520,41067217,0.61,307.523,10301.4,3,HydroRIVERS v1.0 (HydroSHEDS),LineString,OBSERVED HYDROGRAPHIC NETWORK · WWF / HydroSHEDS
40672510,40672006,41067217,8.44,257.625,8522.3,3,HydroRIVERS v1.0 (HydroSHEDS),LineString,OBSERVED HYDROGRAPHIC NETWORK · WWF / HydroSHEDS
40672511,40672009,41067217,2.64,10.895,468.9,4,HydroRIVERS v1.0 (HydroSHEDS),LineString,OBSERVED HYDROGRAPHIC NETWORK · WWF / HydroSHEDS
40672512,40673523,41067217,2.23,0.282,12.0,5,HydroRIVERS v1.0 (HydroSHEDS),LineString,OBSERVED HYDROGRAPHIC NETWORK · WWF / HydroSHEDS
40672513,40673523,41067217,2.0,6.373,262.5,4,HydroRIVERS v1.0 (HydroSHEDS),LineString,OBSERVED HYDROGRAPHIC NETWORK · WWF / HydroSHEDS
40672514,40672513,41067217,2.46,0.223,9.5,5,HydroRIVERS v1.0 (HydroSHEDS),LineString,OBSERVED HYDROGRAPHIC NETWORK · WWF / HydroSHEDS
40672515,40673001,41067217,4.85,1.445,55.8,4,HydroRIVERS v1.0 (HydroSHEDS),LineString,OBSERVED HYDROGRAPHIC NETWORK · WWF / HydroSHEDS
40672681,40672842,41067217,9.56,0.542,26.5,6,HydroRIVERS v1.0 (HydroSHEDS),LineString,OBSERVED HYDROGRAPHIC NETWORK · WWF / HydroSHEDS
40672682,40672842,41067217,2.54,0.147,7.2,7,HydroRIVERS v1.0 (HydroSHEDS),LineString,OBSERVED HYDROGRAPHIC NETWORK · WWF / HydroSHEDS
40672683,40675063,41067217,7.38,6.199,293.0,4,HydroRIVERS v1.0 (HydroSHEDS),LineString,OBSERVED HYDROGRAPHIC NETWORK · WWF / HydroSHEDS
40672684,40675063,41067217,0.69,0.119,5.7,5,HydroRIVERS v1.0 (HydroSHEDS),LineString,OBSERVED HYDROGRAPHIC NETWORK · WWF / HydroSHEDS
40672685,40673518,41067217,8.26,0.759,42.6,4,HydroRIVERS v1.0 (HydroSHEDS),LineString,OBSERVED HYDROGRAPHIC NETWORK · WWF / HydroSHEDS
40672686,40673518,41067217,2.61,0.352,19.6,5,HydroRIVERS v1.0 (HydroSHEDS),LineString,OBSERVED HYDROGRAPHIC NETWORK · WWF / HydroSHEDS
40672687,40671843,41067217,2.85,0.181,9.6,4,HydroRIVERS v1.0 (HydroSHEDS),LineString,OBSERVED HYDROGRAPHIC NETWORK · WWF / HydroSHEDS
40672688,40672212,41067217,2.89,254.722,8390.7,3,HydroRIVERS v1.0 (HydroSHEDS),LineString,OBSERVED HYDROGRAPHIC NETWORK · WWF / HydroSHEDS
40672689,40672688,41067217,2.61,0.289,14.1,4,HydroRIVERS v1.0 (HydroSHEDS),LineString,OBSERVED HYDROGRAPHIC NETWORK · WWF / HydroSHEDS
40672690,40673326,41067217,2.38,0.259,12.4,4,HydroRIVERS v1.0 (HydroSHEDS),LineString,OBSERVED HYDROGRAPHIC NETWORK · WWF / HydroSHEDS
40672691,40673326,41067217,4.64,207.12,6414.4,3,HydroRIVERS v1.0 (HydroSHEDS),LineString,OBSERVED HYDROGRAPHIC NETWORK · WWF / HydroSHEDS
40672692,40672513,41067217,1.81,6.032,247.8,4,HydroRIVERS v1.0 (HydroSHEDS),LineString,OBSERVED HYDROGRAPHIC NETWORK · WWF / HydroSHEDS
40672693,40672692,41067217,1.38,0.131,5.6,5,HydroRIVERS v1.0 (HydroSHEDS),LineString,OBSERVED HYDROGRAPHIC NETWORK · WWF / HydroSHEDS
40672694,40672515,41067217,2.14,0.47,18.2,5,HydroRIVERS v1.0 (HydroSHEDS),LineString,OBSERVED HYDROGRAPHIC NETWORK · WWF / HydroSHEDS
40672842,40673683,41067217,0.46,0.7,34.3,6,HydroRIVERS v1.0 (HydroSHEDS),LineString,OBSERVED HYDROGRAPHIC NETWORK · WWF / HydroSHEDS
40672843,40672214,41067217,4.93,0.27,12.8,4,HydroRIVERS v1.0 (HydroSHEDS),LineString,OBSERVED HYDROGRAPHIC NETWORK · WWF / HydroSHEDS
40672844,40672511,41067217,1.78,0.201,9.5,5,HydroRIVERS v1.0 (HydroSHEDS),LineString,OBSERVED HYDROGRAPHIC NETWORK · WWF / HydroSHEDS
40672845,40672692,41067217,1.81,5.727,234.7,4,HydroRIVERS v1.0 (HydroSHEDS),LineString,OBSERVED HYDROGRAPHIC NETWORK · WWF / HydroSHEDS
40672846,40673162,41067217,2.31,0.299,12.4,5,HydroRIVERS v1.0 (HydroSHEDS),LineString,OBSERVED HYDROGRAPHIC NETWORK · WWF / HydroSHEDS
40672991,40673683,41067217,0.92,0.132,6.7,7,HydroRIVERS v1.0 (HydroSHEDS),LineString,OBSERVED HYDROGRAPHIC NETWORK · WWF / HydroSHEDS
40672992,40674211,41067217,2.31,0.348,16.7,5,HydroRIVERS v1.0 (HydroSHEDS),LineString,OBSERVED HYDROGRAPHIC NETWORK · WWF / HydroSHEDS
40672993,40674540,41067217,11.78,0.941,53.2,4,HydroRIVERS v1.0 (HydroSHEDS),LineString,OBSERVED HYDROGRAPHIC NETWORK · WWF / HydroSHEDS
40672994,40674540,41067217,4.87,1.14,64.1,5,HydroRIVERS v1.0 (HydroSHEDS),LineString,OBSERVED HYDROGRAPHIC NETWORK · WWF / HydroSHEDS
40672995,40672511,41067217,3.04,10.557,453.3,4,HydroRIVERS v1.0 (HydroSHEDS),LineString,OBSERVED HYDROGRAPHIC NETWORK · WWF / HydroSHEDS
40672996,40672845,41067217,0.61,5.473,223.6,4,HydroRIVERS v1.0 (HydroSHEDS),LineString,OBSERVED HYDROGRAPHIC NETWORK · WWF / HydroSHEDS
40672997,40672996,41067217,3.31,0.292,12.2,5,HydroRIVERS v1.0 (HydroSHEDS),LineString,OBSERVED HYDROGRAPHIC NETWORK · WWF / HydroSHEDS
40672998,40672996,41067217,1.6,5.13,209.1,4,HydroRIVERS v1.0 (HydroSHEDS),LineString,OBSERVED HYDROGRAPHIC NETWORK · WWF / HydroSHEDS
40672999,40673163,41067217,2.92,0.307,12.6,5,HydroRIVERS v1.0 (HydroSHEDS),LineString,OBSERVED HYDROGRAPHIC NETWORK · WWF / HydroSHEDS
40673000,40673163,41067217,0.4,3.295,130.7,4,HydroRIVERS v1.0 (HydroSHEDS),LineString,OBSERVED HYDROGRAPHIC NETWORK · WWF / HydroSHEDS
40673001,40673000,41067217,7.06,2.509,98.2,4,HydroRIVERS v1.0 (HydroSHEDS),LineString,OBSERVED HYDROGRAPHIC NETWORK · WWF / HydroSHEDS
40673156,40673513,41067217,1.85,2.681,128.4,4,HydroRIVERS v1.0 (HydroSHEDS),LineString,OBSERVED HYDROGRAPHIC NETWORK · WWF / HydroSHEDS
40673157,40673515,41067217,2.15,164.432,7459.0,4,HydroRIVERS v1.0 (HydroSHEDS),LineString,OBSERVED HYDROGRAPHIC NETWORK · WWF / HydroSHEDS
40673158,40672688,41067217,1.69,254.217,8370.2,3,HydroRIVERS v1.0 (HydroSHEDS),LineString,OBSERVED HYDROGRAPHIC NETWORK · WWF / HydroSHEDS
40673159,40672691,41067217,5.21,0.447,21.7,4,HydroRIVERS v1.0 (HydroSHEDS),LineString,OBSERVED HYDROGRAPHIC NETWORK · WWF / HydroSHEDS
40673160,40672995,41067217,2.61,9.866,421.0,4,HydroRIVERS v1.0 (HydroSHEDS),LineString,OBSERVED HYDROGRAPHIC NETWORK · WWF / HydroSHEDS
40673161,40673160,41067217,4.84,0.452,19.8,5,HydroRIVERS v1.0 (HydroSHEDS),LineString,OBSERVED HYDROGRAPHIC NETWORK · WWF / HydroSHEDS
40673162,40672998,41067217,2.64,4.294,172.4,4,HydroRIVERS v1.0 (HydroSHEDS),LineString,OBSERVED HYDROGRAPHIC NETWORK · WWF / HydroSHEDS
40673163,40673162,41067217,3.44,3.873,154.8,4,HydroRIVERS v1.0 (HydroSHEDS),LineString,OBSERVED HYDROGRAPHIC NETWORK · WWF / HydroSHEDS
40673319,40676047,41067217,3.62,0.244,13.7,5,HydroRIVERS v1.0 (HydroSHEDS),LineString,OBSERVED HYDROGRAPHIC NETWORK · WWF / HydroSHEDS
40673320,40676047,41067217,2.97,0.181,10.2,4,HydroRIVERS v1.0 (HydroSHEDS),LineString,OBSERVED HYDROGRAPHIC NETWORK · WWF / HydroSHEDS
40673321,40674211,41067217,1.93,0.199,9.6,6,HydroRIVERS v1.0 (HydroSHEDS),LineString,OBSERVED HYDROGRAPHIC NETWORK · WWF / HydroSHEDS
40673322,40673324,41067217,0.6,0.125,6.1,6,HydroRIVERS v1.0 (HydroSHEDS),LineString,OBSERVED HYDROGRAPHIC NETWORK · WWF / HydroSHEDS
40673323,40673324,41067217,2.44,0.241,11.7,5,HydroRIVERS v1.0 (HydroSHEDS),LineString,OBSERVED HYDROGRAPHIC NETWORK · WWF / HydroSHEDS
40673324,40673513,41067217,1.01,0.389,18.9,5,HydroRIVERS v1.0 (HydroSHEDS),LineString,OBSERVED HYDROGRAPHIC NETWORK · WWF / HydroSHEDS
40673325,40673158,41067217,4.61,253.762,8348.5,3,HydroRIVERS v1.0 (HydroSHEDS),LineString,OBSERVED HYDROGRAPHIC NETWORK · WWF / HydroSHEDS
40673326,40673325,41067217,2.45,207.59,6435.0,3,HydroRIVERS v1.0 (HydroSHEDS),LineString,OBSERVED HYDROGRAPHIC NETWORK · WWF / HydroSHEDS
40673327,40672845,41067217,1.77,0.163,7.2,5,HydroRIVERS v1.0 (HydroSHEDS),LineString,OBSERVED HYDROGRAPHIC NETWORK · WWF / HydroSHEDS
40673511,40676591,41067217,2.31,0.231,12.6,3,HydroRIVERS v1.0 (HydroSHEDS),LineString,OBSERVED HYDROGRAPHIC NETWORK · WWF / HydroSHEDS
40673512,40676591,41067217,1.61,0.174,9.5,4,HydroRIVERS v1.0 (HydroSHEDS),LineString,OBSERVED HYDROGRAPHIC NETWORK · WWF / HydroSHEDS
40673513,40674375,41067217,1.22,3.107,149.1,4,HydroRIVERS v1.0 (HydroSHEDS),LineString,OBSERVED HYDROGRAPHIC NETWORK · WWF / HydroSHEDS
40673514,40674375,41067217,2.41,0.252,12.6,5,HydroRIVERS v1.0 (HydroSHEDS),LineString,OBSERVED HYDROGRAPHIC NETWORK · WWF / HydroSHEDS
40673515,40674045,41067217,1.22,164.891,7483.4,4,HydroRIVERS v1.0 (HydroSHEDS),LineString,OBSERVED HYDROGRAPHIC NETWORK · WWF / HydroSHEDS
40673516,40674213,41067217,3.77,0.288,16.5,4,HydroRIVERS v1.0 (HydroSHEDS),LineString,OBSERVED HYDROGRAPHIC NETWORK · WWF / HydroSHEDS
40673517,40674213,41067217,1.77,0.145,8.3,5,HydroRIVERS v1.0 (HydroSHEDS),LineString,OBSERVED HYDROGRAPHIC NETWORK · WWF / HydroSHEDS
40673518,40674048,41067217,5.96,1.358,76.2,4,HydroRIVERS v1.0 (HydroSHEDS),LineString,OBSERVED HYDROGRAPHIC NETWORK · WWF / HydroSHEDS
40673519,40673689,41067217,9.75,0.577,31.5,4,HydroRIVERS v1.0 (HydroSHEDS),LineString,OBSERVED HYDROGRAPHIC NETWORK · WWF / HydroSHEDS
40673520,40673689,41067217,6.35,308.511,10356.3,3,HydroRIVERS v1.0 (HydroSHEDS),LineString,OBSERVED HYDROGRAPHIC NETWORK · WWF / HydroSHEDS
40673521,40673160,41067217,1.22,9.178,390.6,4,HydroRIVERS v1.0 (HydroSHEDS),LineString,OBSERVED HYDROGRAPHIC NETWORK · WWF / HydroSHEDS
40673522,40673521,41067217,2.8,7.659,319.6,4,HydroRIVERS v1.0 (HydroSHEDS),LineString,OBSERVED HYDROGRAPHIC NETWORK · WWF / HydroSHEDS
40673523,40673522,41067217,3.67,6.883,284.5,4,HydroRIVERS v1.0 (HydroSHEDS),LineString,OBSERVED HYDROGRAPHIC NETWORK · WWF / HydroSHEDS
40673524,40672998,41067217,1.69,0.789,34.7,5,HydroRIVERS v1.0 (HydroSHEDS),LineString,OBSERVED HYDROGRAPHIC NETWORK · WWF / HydroSHEDS
40673681,40676412,41067217,7.71,0.393,22.6,4,HydroRIVERS v1.0 (HydroSHEDS),LineString,OBSERVED HYDROGRAPHIC NETWORK · WWF / HydroSHEDS
40673682,40676412,41067217,1.21,0.136,8.0,5,HydroRIVERS v1.0 (HydroSHEDS),LineString,OBSERVED HYDROGRAPHIC NETWORK · WWF / HydroSHEDS
40673683,40674537,41067217,2.76,1.013,50.0,6,HydroRIVERS v1.0 (HydroSHEDS),LineString,OBSERVED HYDROGRAPHIC NETWORK · WWF / HydroSHEDS
40673684,40674537,41067217,8.16,1.282,62.1,5,HydroRIVERS v1.0 (HydroSHEDS),LineString,OBSERVED HYDROGRAPHIC NETWORK · WWF / HydroSHEDS
40673685,40675065,41067217,1.53,0.131,6.3,7,HydroRIVERS v1.0 (HydroSHEDS),LineString,OBSERVED HYDROGRAPHIC NETWORK · WWF / HydroSHEDS
40673686,40675065,41067217,1.93,0.236,11.3,6,HydroRIVERS v1.0 (HydroSHEDS),LineString,OBSERVED HYDROGRAPHIC NETWORK · WWF / HydroSHEDS
40673687,40673515,41067217,6.04,0.448,23.0,5,HydroRIVERS v1.0 (HydroSHEDS),LineString,OBSERVED HYDROGRAPHIC NETWORK · WWF / HydroSHEDS
40673688,40674048,41067217,1.01,309.31,10400.4,3,HydroRIVERS v1.0 (HydroSHEDS),LineString,OBSERVED HYDROGRAPHIC NETWORK · WWF / HydroSHEDS
40673689,40673688,41067217,0.61,309.105,10388.7,3,HydroRIVERS v1.0 (HydroSHEDS),LineString,OBSERVED HYDROGRAPHIC NETWORK · WWF / HydroSHEDS
40673690,40673325,41067217,0.93,45.738,1899.4,4,HydroRIVERS v1.0 (HydroSHEDS),LineString,OBSERVED HYDROGRAPHIC NETWORK · WWF / HydroSHEDS
40673691,40673000,41067217,3.65,0.781,32.3,5,HydroRIVERS v1.0 (HydroSHEDS),LineString,OBSERVED HYDROGRAPHIC NETWORK · WWF / HydroSHEDS
40673692,40673691,41067217,5.74,0.357,14.5,5,HydroRIVERS v1.0 (HydroSHEDS),LineString,OBSERVED HYDROGRAPHIC NETWORK · WWF / HydroSHEDS
40673693,40673691,41067217,1.0,0.187,7.8,6,HydroRIVERS v1.0 (HydroSHEDS),LineString,OBSERVED HYDROGRAPHIC NETWORK · WWF / HydroSHEDS
40673878,40674209,41067217,2.85,0.173,8.3,5,HydroRIVERS v1.0 (HydroSHEDS),LineString,OBSERVED HYDROGRAPHIC NETWORK · WWF / HydroSHEDS
40673879,40674209,41067217,2.94,0.231,11.1,6,HydroRIVERS v1.0 (HydroSHEDS),LineString,OBSERVED HYDROGRAPHIC NETWORK · WWF / HydroSHEDS
40673880,40673688,41067217,2.41,0.16,9.1,4,HydroRIVERS v1.0 (HydroSHEDS),LineString,OBSERVED HYDROGRAPHIC NETWORK · WWF / HydroSHEDS
40673881,40673520,41067217,4.45,0.663,36.9,4,HydroRIVERS v1.0 (HydroSHEDS),LineString,OBSERVED HYDROGRAPHIC NETWORK · WWF / HydroSHEDS
40673882,40673883,41067217,0.6,0.113,5.0,7,HydroRIVERS v1.0 (HydroSHEDS),LineString,OBSERVED HYDROGRAPHIC NETWORK · WWF / HydroSHEDS
40673883,40673524,41067217,0.93,0.468,20.8,6,HydroRIVERS v1.0 (HydroSHEDS),LineString,OBSERVED HYDROGRAPHIC NETWORK · WWF / HydroSHEDS
40674043,40674537,41067217,4.36,0.203,10.4,7,HydroRIVERS v1.0 (HydroSHEDS),LineString,OBSERVED HYDROGRAPHIC NETWORK · WWF / HydroSHEDS
40674044,40674045,41067217,4.71,0.296,15.6,5,HydroRIVERS v1.0 (HydroSHEDS),LineString,OBSERVED HYDROGRAPHIC NETWORK · WWF / HydroSHEDS
40674045,40674903,41067217,5.19,165.43,7512.5,4,HydroRIVERS v1.0 (HydroSHEDS),LineString,OBSERVED HYDROGRAPHIC NETWORK · WWF / HydroSHEDS
40674046,40674377,41067217,1.31,0.174,9.8,5,HydroRIVERS v1.0 (HydroSHEDS),LineString,OBSERVED HYDROGRAPHIC NETWORK · WWF / HydroSHEDS
40674047,40674377,41067217,0.6,0.145,8.3,6,HydroRIVERS v1.0 (HydroSHEDS),LineString,OBSERVED HYDROGRAPHIC NETWORK · WWF / HydroSHEDS
40674048,40674215,41067217,1.94,310.707,10478.8,3,HydroRIVERS v1.0 (HydroSHEDS),LineString,OBSERVED HYDROGRAPHIC NETWORK · WWF / HydroSHEDS
40674049,40672212,41067217,7.09,0.667,35.6,4,HydroRIVERS v1.0 (HydroSHEDS),LineString,OBSERVED HYDROGRAPHIC NETWORK · WWF / HydroSHEDS
40674050,40673524,41067217,2.54,0.286,12.4,5,HydroRIVERS v1.0 (HydroSHEDS),LineString,OBSERVED HYDROGRAPHIC NETWORK · WWF / HydroSHEDS
40674209,40675064,41067217,0.93,0.434,20.9,5,HydroRIVERS v1.0 (HydroSHEDS),LineString,OBSERVED HYDROGRAPHIC NETWORK · WWF / HydroSHEDS
40674210,40675064,41067217,3.53,0.222,10.8,6,HydroRIVERS v1.0 (HydroSHEDS),LineString,OBSERVED HYDROGRAPHIC NETWORK · WWF / HydroSHEDS
40674211,40675066,41067217,4.54,0.813,39.1,5,HydroRIVERS v1.0 (HydroSHEDS),LineString,OBSERVED HYDROGRAPHIC NETWORK · WWF / HydroSHEDS
40674212,40675069,41067217,0.6,0.117,6.9,5,HydroRIVERS v1.0 (HydroSHEDS),LineString,OBSERVED HYDROGRAPHIC NETWORK · WWF / HydroSHEDS
40674213,40675069,41067217,2.15,0.509,29.3,4,HydroRIVERS v1.0 (HydroSHEDS),LineString,OBSERVED HYDROGRAPHIC NETWORK · WWF / HydroSHEDS
40674214,40675242,41067217,1.01,312.312,10572.3,3,HydroRIVERS v1.0 (HydroSHEDS),LineString,OBSERVED HYDROGRAPHIC NETWORK · WWF / HydroSHEDS
40674215,40674214,41067217,5.7,311.919,10549.1,3,HydroRIVERS v1.0 (HydroSHEDS),LineString,OBSERVED HYDROGRAPHIC NETWORK · WWF / HydroSHEDS
40674216,40672006,41067217,7.92,0.658,35.4,4,HydroRIVERS v1.0 (HydroSHEDS),LineString,OBSERVED HYDROGRAPHIC NETWORK · WWF / HydroSHEDS
40674217,40674049,41067217,1.72,0.167,9.1,4,HydroRIVERS v1.0 (HydroSHEDS),LineString,OBSERVED HYDROGRAPHIC NETWORK · WWF / HydroSHEDS
40674218,40672995,41067217,3.92,0.5,23.7,5,HydroRIVERS v1.0 (HydroSHEDS),LineString,OBSERVED HYDROGRAPHIC NETWORK · WWF / HydroSHEDS
40674372,40675062,41067217,18.79,0.929,55.8,4,HydroRIVERS v1.0 (HydroSHEDS),LineString,OBSERVED HYDROGRAPHIC NETWORK · WWF / HydroSHEDS
40674373,40675062,41067217,14.37,0.63,38.4,5,HydroRIVERS v1.0 (HydroSHEDS),LineString,OBSERVED HYDROGRAPHIC NETWORK · WWF / HydroSHEDS
40674374,40675066,41067217,1.61,0.216,10.6,6,HydroRIVERS v1.0 (HydroSHEDS),LineString,OBSERVED HYDROGRAPHIC NETWORK · WWF / HydroSHEDS
40674375,40675068,41067217,2.76,3.471,167.3,4,HydroRIVERS v1.0 (HydroSHEDS),LineString,OBSERVED HYDROGRAPHIC NETWORK · WWF / HydroSHEDS
40674376,40674904,41067217,1.99,0.173,9.6,6,HydroRIVERS v1.0 (HydroSHEDS),LineString,OBSERVED HYDROGRAPHIC NETWORK · WWF / HydroSHEDS
40674377,40674904,41067217,2.02,0.378,21.5,5,HydroRIVERS v1.0 (HydroSHEDS),LineString,OBSERVED HYDROGRAPHIC NETWORK · WWF / HydroSHEDS
40674378,40673881,41067217,1.99,0.21,11.9,4,HydroRIVERS v1.0 (HydroSHEDS),LineString,OBSERVED HYDROGRAPHIC NETWORK · WWF / HydroSHEDS
40674379,40673881,41067217,2.29,0.15,8.3,5,HydroRIVERS v1.0 (HydroSHEDS),LineString,OBSERVED HYDROGRAPHIC NETWORK · WWF / HydroSHEDS
40674380,40673690,41067217,2.38,0.192,10.0,5,HydroRIVERS v1.0 (HydroSHEDS),LineString,OBSERVED HYDROGRAPHIC NETWORK · WWF / HydroSHEDS
40674537,40675891,41067217,2.32,2.622,128.8,5,HydroRIVERS v1.0 (HydroSHEDS),LineString,OBSERVED HYDROGRAPHIC NETWORK · WWF / HydroSHEDS
40674538,40675068,41067217,2.92,0.223,11.3,5,HydroRIVERS v1.0 (HydroSHEDS),LineString,OBSERVED HYDROGRAPHIC NETWORK · WWF / HydroSHEDS
40674539,40675070,41067217,1.71,0.126,7.4,4,HydroRIVERS v1.0 (HydroSHEDS),LineString,OBSERVED HYDROGRAPHIC NETWORK · WWF / HydroSHEDS
40674540,40674726,41067217,4.62,2.288,129.5,4,HydroRIVERS v1.0 (HydroSHEDS),LineString,OBSERVED HYDROGRAPHIC NETWORK · WWF / HydroSHEDS
40674541,40674049,41067217,1.62,0.192,10.4,5,HydroRIVERS v1.0 (HydroSHEDS),LineString,OBSERVED HYDROGRAPHIC NETWORK · WWF / HydroSHEDS
40674542,40673158,41067217,4.76,0.305,16.1,4,HydroRIVERS v1.0 (HydroSHEDS),LineString,OBSERVED HYDROGRAPHIC NETWORK · WWF / HydroSHEDS
40674543,40673883,41067217,2.08,0.334,14.8,6,HydroRIVERS v1.0 (HydroSHEDS),LineString,OBSERVED HYDROGRAPHIC NETWORK · WWF / HydroSHEDS
40674724,40675891,41067217,2.23,0.158,8.2,6,HydroRIVERS v1.0 (HydroSHEDS),LineString,OBSERVED HYDROGRAPHIC NETWORK · WWF / HydroSHEDS
40674725,40674903,41067217,4.1,0.355,19.3,5,HydroRIVERS v1.0 (HydroSHEDS),LineString,OBSERVED HYDROGRAPHIC NETWORK · WWF / HydroSHEDS
40674726,40675070,41067217,1.63,318.969,10964.1,3,HydroRIVERS v1.0 (HydroSHEDS),LineString,OBSERVED HYDROGRAPHIC NETWORK · WWF / HydroSHEDS
40674727,40673690,41067217,5.38,45.497,1887.1,4,HydroRIVERS v1.0 (HydroSHEDS),LineString,OBSERVED HYDROGRAPHIC NETWORK · WWF / HydroSHEDS
40674903,40675892,41067217,4.11,166.015,7544.6,4,HydroRIVERS v1.0 (HydroSHEDS),LineString,OBSERVED HYDROGRAPHIC NETWORK · WWF / HydroSHEDS
40674904,40675892,41067217,1.94,0.6,33.9,5,HydroRIVERS v1.0 (HydroSHEDS),LineString,OBSERVED HYDROGRAPHIC NETWORK · WWF / HydroSHEDS
40674905,40675409,41067217,5.4,0.323,18.9,4,HydroRIVERS v1.0 (HydroSHEDS),LineString,OBSERVED HYDROGRAPHIC NETWORK · WWF / HydroSHEDS
40674906,40674727,41067217,1.01,41.584,1676.9,4,HydroRIVERS v1.0 (HydroSHEDS),LineString,OBSERVED HYDROGRAPHIC NETWORK · WWF / HydroSHEDS
40674907,40674906,41067217,1.38,0.111,5.6,5,HydroRIVERS v1.0 (HydroSHEDS),LineString,OBSERVED HYDROGRAPHIC NETWORK · WWF / HydroSHEDS
40674908,40673521,41067217,4.0,1.49,69.8,5,HydroRIVERS v1.0 (HydroSHEDS),LineString,OBSERVED HYDROGRAPHIC NETWORK · WWF / HydroSHEDS
40674909,40673522,41067217,6.8,0.556,25.2,5,HydroRIVERS v1.0 (HydroSHEDS),LineString,OBSERVED HYDROGRAPHIC NETWORK · WWF / HydroSHEDS
40675062,40676410,41067217,2.15,1.599,96.7,4,HydroRIVERS v1.0 (HydroSHEDS),LineString,OBSERVED HYDROGRAPHIC NETWORK · WWF / HydroSHEDS
40675063,40675407,41067217,6.93,6.538,309.7,4,HydroRIVERS v1.0 (HydroSHEDS),LineString,OBSERVED HYDROGRAPHIC NETWORK · WWF / HydroSHEDS
40675064,40675407,41067217,3.02,0.78,37.8,5,HydroRIVERS v1.0 (HydroSHEDS),LineString,OBSERVED HYDROGRAPHIC NETWORK · WWF / HydroSHEDS
40675065,40679407,41067217,4.3,0.516,24.8,6,HydroRIVERS v1.0 (HydroSHEDS),LineString,OBSERVED HYDROGRAPHIC NETWORK · WWF / HydroSHEDS
40675066,40679407,41067217,3.06,1.208,58.4,5,HydroRIVERS v1.0 (HydroSHEDS),LineString,OBSERVED HYDROGRAPHIC NETWORK · WWF / HydroSHEDS
40675067,40675560,41067217,0.6,0.127,6.3,5,HydroRIVERS v1.0 (HydroSHEDS),LineString,OBSERVED HYDROGRAPHIC NETWORK · WWF / HydroSHEDS
40675068,40675560,41067217,2.15,3.831,185.5,4,HydroRIVERS v1.0 (HydroSHEDS),LineString,OBSERVED HYDROGRAPHIC NETWORK · WWF / HydroSHEDS
40675069,40676417,41067217,3.96,0.757,43.9,4,HydroRIVERS v1.0 (HydroSHEDS),LineString,OBSERVED HYDROGRAPHIC NETWORK · WWF / HydroSHEDS
40675070,40676417,41067217,3.42,319.335,10985.8,3,HydroRIVERS v1.0 (HydroSHEDS),LineString,OBSERVED HYDROGRAPHIC NETWORK · WWF / HydroSHEDS
40675071,40674215,41067217,3.78,1.023,59.4,4,HydroRIVERS v1.0 (HydroSHEDS),LineString,OBSERVED HYDROGRAPHIC NETWORK · WWF / HydroSHEDS
40675072,40676425,41067217,0.92,0.275,13.4,6,HydroRIVERS v1.0 (HydroSHEDS),LineString,OBSERVED HYDROGRAPHIC NETWORK · WWF / HydroSHEDS
40675073,40676425,41067217,0.6,0.132,6.5,5,HydroRIVERS v1.0 (HydroSHEDS),LineString,OBSERVED HYDROGRAPHIC NETWORK · WWF / HydroSHEDS
40675074,40674908,41067217,0.92,0.108,5.0,6,HydroRIVERS v1.0 (HydroSHEDS),LineString,OBSERVED HYDROGRAPHIC NETWORK · WWF / HydroSHEDS
40675239,40676410,41067217,3.16,0.183,12.2,5,HydroRIVERS v1.0 (HydroSHEDS),LineString,OBSERVED HYDROGRAPHIC NETWORK · WWF / HydroSHEDS
40675240,40674726,41067217,4.05,316.643,10832.4,3,HydroRIVERS v1.0 (HydroSHEDS),LineString,OBSERVED HYDROGRAPHIC NETWORK · WWF / HydroSHEDS
40675241,40675240,41067217,14.59,0.833,48.0,4,HydroRIVERS v1.0 (HydroSHEDS),LineString,OBSERVED HYDROGRAPHIC NETWORK · WWF / HydroSHEDS
40675242,40675409,41067217,10.42,313.278,10630.0,3,HydroRIVERS v1.0 (HydroSHEDS),LineString,OBSERVED HYDROGRAPHIC NETWORK · WWF / HydroSHEDS
40675243,40675071,41067217,0.69,0.104,6.1,5,HydroRIVERS v1.0 (HydroSHEDS),LineString,OBSERVED HYDROGRAPHIC NETWORK · WWF / HydroSHEDS
40675404,40678291,41067217,4.53,0.261,14.1,6,HydroRIVERS v1.0 (HydroSHEDS),LineString,OBSERVED HYDROGRAPHIC NETWORK · WWF / HydroSHEDS
40675405,40678291,41067217,4.76,0.291,15.8,5,HydroRIVERS v1.0 (HydroSHEDS),LineString,OBSERVED HYDROGRAPHIC NETWORK · WWF / HydroSHEDS
40675406,40676928,41067217,10.59,0.922,45.4,5,HydroRIVERS v1.0 (HydroSHEDS),LineString,OBSERVED HYDROGRAPHIC NETWORK · WWF / HydroSHEDS
40675407,40676928,41067217,0.93,7.35,349.2,4,HydroRIVERS v1.0 (HydroSHEDS),LineString,OBSERVED HYDROGRAPHIC NETWORK · WWF / HydroSHEDS
40675408,40676928,41067217,3.62,0.241,11.9,6,HydroRIVERS v1.0 (HydroSHEDS),LineString,OBSERVED HYDROGRAPHIC NETWORK · WWF / HydroSHEDS
40675409,40675240,41067217,5.65,313.918,10668.0,3,HydroRIVERS v1.0 (HydroSHEDS),LineString,OBSERVED HYDROGRAPHIC NETWORK · WWF / HydroSHEDS
40675410,40674214,41067217,5.99,0.352,20.8,4,HydroRIVERS v1.0 (HydroSHEDS),LineString,OBSERVED HYDROGRAPHIC NETWORK · WWF / HydroSHEDS
40675560,40676931,41067217,1.54,4.005,194.2,4,HydroRIVERS v1.0 (HydroSHEDS),LineString,OBSERVED HYDROGRAPHIC NETWORK · WWF / HydroSHEDS
40675561,40676931,41067217,1.0,0.199,10.2,5,HydroRIVERS v1.0 (HydroSHEDS),LineString,OBSERVED HYDROGRAPHIC NETWORK · WWF / HydroSHEDS
40675562,40675240,41067217,1.08,1.711,105.4,5,HydroRIVERS v1.0 (HydroSHEDS),LineString,OBSERVED HYDROGRAPHIC NETWORK · WWF / HydroSHEDS
40675563,40674906,41067217,2.55,41.45,1670.4,4,HydroRIVERS v1.0 (HydroSHEDS),LineString,OBSERVED HYDROGRAPHIC NETWORK · WWF / HydroSHEDS
40675564,40675563,41067217,2.4,0.2,10.0,5,HydroRIVERS v1.0 (HydroSHEDS),LineString,OBSERVED HYDROGRAPHIC NETWORK · WWF / HydroSHEDS
40675565,40674908,41067217,2.3,1.123,52.7,5,HydroRIVERS v1.0 (HydroSHEDS),LineString,OBSERVED HYDROGRAPHIC NETWORK · WWF / HydroSHEDS
40675566,40675895,41067217,1.38,0.207,8.5,7,HydroRIVERS v1.0 (HydroSHEDS),LineString,OBSERVED HYDROGRAPHIC NETWORK · WWF / HydroSHEDS
40675567,40675895,41067217,2.14,0.382,15.4,6,HydroRIVERS v1.0 (HydroSHEDS),LineString,OBSERVED HYDROGRAPHIC NETWORK · WWF / HydroSHEDS
40675729,40675563,41067217,0.46,41.126,1654.6,4,HydroRIVERS v1.0 (HydroSHEDS),LineString,OBSERVED HYDROGRAPHIC NETWORK · WWF / HydroSHEDS
40675730,40675565,41067217,0.61,0.643,29.9,5,HydroRIVERS v1.0 (HydroSHEDS),LineString,OBSERVED HYDROGRAPHIC NETWORK · WWF / HydroSHEDS
40675731,40675730,41067217,1.0,0.12,5.6,6,HydroRIVERS v1.0 (HydroSHEDS),LineString,OBSERVED HYDROGRAPHIC NETWORK · WWF / HydroSHEDS
40675891,40676414,41067217,4.75,3.138,155.3,5,HydroRIVERS v1.0 (HydroSHEDS),LineString,OBSERVED HYDROGRAPHIC NETWORK · WWF / HydroSHEDS
40675892,40676415,41067217,3.08,166.811,7589.7,4,HydroRIVERS v1.0 (HydroSHEDS),LineString,OBSERVED HYDROGRAPHIC NETWORK · WWF / HydroSHEDS
40675893,40675242,41067217,5.16,0.414,24.9,4,HydroRIVERS v1.0 (HydroSHEDS),LineString,OBSERVED HYDROGRAPHIC NETWORK · WWF / HydroSHEDS
40675894,40676935,41067217,0.6,0.115,4.8,7,HydroRIVERS v1.0 (HydroSHEDS),LineString,OBSERVED HYDROGRAPHIC NETWORK · WWF / HydroSHEDS
40675895,40676935,41067217,1.08,0.62,25.2,6,HydroRIVERS v1.0 (HydroSHEDS),LineString,OBSERVED HYDROGRAPHIC NETWORK · WWF / HydroSHEDS
40676047,40676413,41067217,11.6,0.805,46.9,4,HydroRIVERS v1.0 (HydroSHEDS),LineString,OBSERVED HYDROGRAPHIC NETWORK · WWF / HydroSHEDS
40676048,40676414,41067217,2.41,0.216,11.3,6,HydroRIVERS v1.0 (HydroSHEDS),LineString,OBSERVED HYDROGRAPHIC NETWORK · WWF / HydroSHEDS
40676049,40676415,41067217,2.81,0.231,13.0,5,HydroRIVERS v1.0 (HydroSHEDS),LineString,OBSERVED HYDROGRAPHIC NETWORK · WWF / HydroSHEDS
40676050,40675071,41067217,7.88,0.743,43.0,4,HydroRIVERS v1.0 (HydroSHEDS),LineString,OBSERVED HYDROGRAPHIC NETWORK · WWF / HydroSHEDS
40676051,40675729,41067217,2.43,40.833,1639.4,4,HydroRIVERS v1.0 (HydroSHEDS),LineString,OBSERVED HYDROGRAPHIC NETWORK · WWF / HydroSHEDS
40676052,40676222,41067217,5.46,0.727,28.0,5,HydroRIVERS v1.0 (HydroSHEDS),LineString,OBSERVED HYDROGRAPHIC NETWORK · WWF / HydroSHEDS
40676053,40676222,41067217,1.53,0.251,9.6,6,HydroRIVERS v1.0 (HydroSHEDS),LineString,OBSERVED HYDROGRAPHIC NETWORK · WWF / HydroSHEDS
40676215,40676413,41067217,18.09,0.662,38.6,3,HydroRIVERS v1.0 (HydroSHEDS),LineString,OBSERVED HYDROGRAPHIC NETWORK · WWF / HydroSHEDS
40676216,40675562,41067217,2.0,0.429,26.3,6,HydroRIVERS v1.0 (HydroSHEDS),LineString,OBSERVED HYDROGRAPHIC NETWORK · WWF / HydroSHEDS
40676217,40675562,41067217,4.7,1.267,78.1,5,HydroRIVERS v1.0 (HydroSHEDS),LineString,OBSERVED HYDROGRAPHIC NETWORK · WWF / HydroSHEDS
40676218,40675565,41067217,2.23,0.269,12.8,6,HydroRIVERS v1.0 (HydroSHEDS),LineString,OBSERVED HYDROGRAPHIC NETWORK · WWF / HydroSHEDS
40676219,40675730,41067217,5.24,0.519,24.1,5,HydroRIVERS v1.0 (HydroSHEDS),LineString,OBSERVED HYDROGRAPHIC NETWORK · WWF / HydroSHEDS
40676220,40676761,41067217,0.6,0.117,5.2,8,HydroRIVERS v1.0 (HydroSHEDS),LineString,OBSERVED HYDROGRAPHIC NETWORK · WWF / HydroSHEDS
40676221,40676761,41067217,2.54,0.308,13.5,7,HydroRIVERS v1.0 (HydroSHEDS),LineString,OBSERVED HYDROGRAPHIC NETWORK · WWF / HydroSHEDS
40676222,40676936,41067217,0.61,0.992,38.2,5,HydroRIVERS v1.0 (HydroSHEDS),LineString,OBSERVED HYDROGRAPHIC NETWORK · WWF / HydroSHEDS
40676223,40676936,41067217,1.0,0.2,7.8,6,HydroRIVERS v1.0 (HydroSHEDS),LineString,OBSERVED HYDROGRAPHIC NETWORK · WWF / HydroSHEDS
40676410,40677095,41067217,5.25,1.961,121.4,4,HydroRIVERS v1.0 (HydroSHEDS),LineString,OBSERVED HYDROGRAPHIC NETWORK · WWF / HydroSHEDS
40676411,40677095,41067217,3.43,0.172,12.2,5,HydroRIVERS v1.0 (HydroSHEDS),LineString,OBSERVED HYDROGRAPHIC NETWORK · WWF / HydroSHEDS
40676412,40677260,41067217,9.85,0.908,54.5,4,HydroRIVERS v1.0 (HydroSHEDS),LineString,OBSERVED HYDROGRAPHIC NETWORK · WWF / HydroSHEDS
40676413,40677260,41067217,2.03,1.52,88.8,3,HydroRIVERS v1.0 (HydroSHEDS),LineString,OBSERVED HYDROGRAPHIC NETWORK · WWF / HydroSHEDS
40676414,40677096,41067217,1.69,3.404,169.2,5,HydroRIVERS v1.0 (HydroSHEDS),LineString,OBSERVED HYDROGRAPHIC NETWORK · WWF / HydroSHEDS
40676415,40678445,41067217,2.64,167.157,7609.4,4,HydroRIVERS v1.0 (HydroSHEDS),LineString,OBSERVED HYDROGRAPHIC NETWORK · WWF / HydroSHEDS
40676416,40676592,41067217,3.41,0.272,16.0,4,HydroRIVERS v1.0 (HydroSHEDS),LineString,OBSERVED HYDROGRAPHIC NETWORK · WWF / HydroSHEDS
40676417,40676592,41067217,7.13,320.486,11053.5,3,HydroRIVERS v1.0 (HydroSHEDS),LineString,OBSERVED HYDROGRAPHIC NETWORK · WWF / HydroSHEDS
40676418,40676216,41067217,1.61,0.124,7.6,7,HydroRIVERS v1.0 (HydroSHEDS),LineString,OBSERVED HYDROGRAPHIC NETWORK · WWF / HydroSHEDS
40676419,40676217,41067217,0.69,0.111,6.9,6,HydroRIVERS v1.0 (HydroSHEDS),LineString,OBSERVED HYDROGRAPHIC NETWORK · WWF / HydroSHEDS
40676420,40676217,41067217,0.61,0.964,59.6,5,HydroRIVERS v1.0 (HydroSHEDS),LineString,OBSERVED HYDROGRAPHIC NETWORK · WWF / HydroSHEDS
40676421,40676420,41067217,1.2,0.481,29.5,6,HydroRIVERS v1.0 (HydroSHEDS),LineString,OBSERVED HYDROGRAPHIC NETWORK · WWF / HydroSHEDS
40676422,40676423,41067217,3.13,0.244,13.0,6,HydroRIVERS v1.0 (HydroSHEDS),LineString,OBSERVED HYDROGRAPHIC NETWORK · WWF / HydroSHEDS
40676423,40674727,41067217,6.58,3.509,191.2,5,HydroRIVERS v1.0 (HydroSHEDS),LineString,OBSERVED HYDROGRAPHIC NETWORK · WWF / HydroSHEDS
40676424,40676051,41067217,3.25,40.384,1616.6,4,HydroRIVERS v1.0 (HydroSHEDS),LineString,OBSERVED HYDROGRAPHIC NETWORK · WWF / HydroSHEDS
40676425,40676424,41067217,4.45,0.701,34.5,5,HydroRIVERS v1.0 (HydroSHEDS),LineString,OBSERVED HYDROGRAPHIC NETWORK · WWF / HydroSHEDS
40676591,40676927,41067217,10.93,0.76,42.5,3,HydroRIVERS v1.0 (HydroSHEDS),LineString,OBSERVED HYDROGRAPHIC NETWORK · WWF / HydroSHEDS
40676592,40677963,41067217,0.61,320.767,11070.0,3,HydroRIVERS v1.0 (HydroSHEDS),LineString,OBSERVED HYDROGRAPHIC NETWORK · WWF / HydroSHEDS
40676593,40676421,41067217,0.92,0.108,6.7,7,HydroRIVERS v1.0 (HydroSHEDS),LineString,OBSERVED HYDROGRAPHIC NETWORK · WWF / HydroSHEDS
40676594,40676421,41067217,2.81,0.346,21.2,6,HydroRIVERS v1.0 (HydroSHEDS),LineString,OBSERVED HYDROGRAPHIC NETWORK · WWF / HydroSHEDS
40676595,40675729,41067217,3.47,0.272,14.3,5,HydroRIVERS v1.0 (HydroSHEDS),LineString,OBSERVED HYDROGRAPHIC NETWORK · WWF / HydroSHEDS
40676753,40676927,41067217,0.69,0.113,6.9,4,HydroRIVERS v1.0 (HydroSHEDS),LineString,OBSERVED HYDROGRAPHIC NETWORK · WWF / HydroSHEDS
40676754,40677096,41067217,3.03,0.377,20.0,6,HydroRIVERS v1.0 (HydroSHEDS),LineString,OBSERVED HYDROGRAPHIC NETWORK · WWF / HydroSHEDS
40676755,40678445,41067217,3.03,0.248,14.3,5,HydroRIVERS v1.0 (HydroSHEDS),LineString,OBSERVED HYDROGRAPHIC NETWORK · WWF / HydroSHEDS
40676756,40676216,41067217,1.77,0.177,10.9,6,HydroRIVERS v1.0 (HydroSHEDS),LineString,OBSERVED HYDROGRAPHIC NETWORK · WWF / HydroSHEDS
40676757,40677265,41067217,0.92,0.151,8.5,8,HydroRIVERS v1.0 (HydroSHEDS),LineString,OBSERVED HYDROGRAPHIC NETWORK · WWF / HydroSHEDS
40676758,40677265,41067217,2.32,0.219,12.2,7,HydroRIVERS v1.0 (HydroSHEDS),LineString,OBSERVED HYDROGRAPHIC NETWORK · WWF / HydroSHEDS
40676759,40677266,41067217,4.84,0.427,23.6,6,HydroRIVERS v1.0 (HydroSHEDS),LineString,OBSERVED HYDROGRAPHIC NETWORK · WWF / HydroSHEDS
40676760,40677266,41067217,0.69,0.144,7.8,7,HydroRIVERS v1.0 (HydroSHEDS),LineString,OBSERVED HYDROGRAPHIC NETWORK · WWF / HydroSHEDS
40676761,40679737,41067217,1.69,0.475,21.0,7,HydroRIVERS v1.0 (HydroSHEDS),LineString,OBSERVED HYDROGRAPHIC NETWORK · WWF / HydroSHEDS
40676762,40679737,41067217,5.92,0.592,25.4,6,HydroRIVERS v1.0 (HydroSHEDS),LineString,OBSERVED HYDROGRAPHIC NETWORK · WWF / HydroSHEDS
40676926,40680107,41067217,2.08,0.189,11.5,4,HydroRIVERS v1.0 (HydroSHEDS),LineString,OBSERVED HYDROGRAPHIC NETWORK · WWF / HydroSHEDS
40676927,40680107,41067217,3.23,1.044,59.7,3,HydroRIVERS v1.0 (HydroSHEDS),LineString,OBSERVED HYDROGRAPHIC NETWORK · WWF / HydroSHEDS
40676928,40678124,41067217,4.77,8.733,417.8,4,HydroRIVERS v1.0 (HydroSHEDS),LineString,OBSERVED HYDROGRAPHIC NETWORK · WWF / HydroSHEDS
40676929,40678124,41067217,4.25,0.227,11.3,5,HydroRIVERS v1.0 (HydroSHEDS),LineString,OBSERVED HYDROGRAPHIC NETWORK · WWF / HydroSHEDS
40676930,40678793,41067217,2.73,0.267,13.5,5,HydroRIVERS v1.0 (HydroSHEDS),LineString,OBSERVED HYDROGRAPHIC NETWORK · WWF / HydroSHEDS
40676931,40678793,41067217,4.15,4.523,220.7,4,HydroRIVERS v1.0 (HydroSHEDS),LineString,OBSERVED HYDROGRAPHIC NETWORK · WWF / HydroSHEDS
40676932,40677785,41067217,2.46,0.262,13.7,5,HydroRIVERS v1.0 (HydroSHEDS),LineString,OBSERVED HYDROGRAPHIC NETWORK · WWF / HydroSHEDS
40676933,40677785,41067217,3.01,0.309,16.5,4,HydroRIVERS v1.0 (HydroSHEDS),LineString,OBSERVED HYDROGRAPHIC NETWORK · WWF / HydroSHEDS
40676934,40676423,41067217,1.69,2.873,157.8,5,HydroRIVERS v1.0 (HydroSHEDS),LineString,OBSERVED HYDROGRAPHIC NETWORK · WWF / HydroSHEDS
40676935,40677617,41067217,3.08,0.934,38.2,6,HydroRIVERS v1.0 (HydroSHEDS),LineString,OBSERVED HYDROGRAPHIC NETWORK · WWF / HydroSHEDS
40676936,40677617,41067217,5.28,1.616,63.3,5,HydroRIVERS v1.0 (HydroSHEDS),LineString,OBSERVED HYDROGRAPHIC NETWORK · WWF / HydroSHEDS
40677095,40677259,41067217,2.15,2.177,136.8,4,HydroRIVERS v1.0 (HydroSHEDS),LineString,OBSERVED HYDROGRAPHIC NETWORK · WWF / HydroSHEDS
40677096,40677263,41067217,2.45,3.886,194.8,5,HydroRIVERS v1.0 (HydroSHEDS),LineString,OBSERVED HYDROGRAPHIC NETWORK · WWF / HydroSHEDS
40677097,40677263,41067217,3.07,0.371,18.9,6,HydroRIVERS v1.0 (HydroSHEDS),LineString,OBSERVED HYDROGRAPHIC NETWORK · WWF / HydroSHEDS
40677098,40677963,41067217,3.75,0.288,17.6,4,HydroRIVERS v1.0 (HydroSHEDS),LineString,OBSERVED HYDROGRAPHIC NETWORK · WWF / HydroSHEDS
40677099,40676934,41067217,0.46,1.619,88.7,5,HydroRIVERS v1.0 (HydroSHEDS),LineString,OBSERVED HYDROGRAPHIC NETWORK · WWF / HydroSHEDS
40677100,40676424,41067217,2.7,39.531,1575.0,4,HydroRIVERS v1.0 (HydroSHEDS),LineString,OBSERVED HYDROGRAPHIC NETWORK · WWF / HydroSHEDS
40677101,40677100,41067217,1.2,39.214,1559.2,4,HydroRIVERS v1.0 (HydroSHEDS),LineString,OBSERVED HYDROGRAPHIC NETWORK · WWF / HydroSHEDS
40677102,40677101,41067217,7.0,0.609,29.9,5,HydroRIVERS v1.0 (HydroSHEDS),LineString,OBSERVED HYDROGRAPHIC NETWORK · WWF / HydroSHEDS
40677259,40678616,41067217,0.61,5.089,313.0,3,HydroRIVERS v1.0 (HydroSHEDS),LineString,OBSERVED HYDROGRAPHIC NETWORK · WWF / HydroSHEDS
40677260,40677259,41067217,11.73,2.908,176.0,3,HydroRIVERS v1.0 (HydroSHEDS),LineString,OBSERVED HYDROGRAPHIC NETWORK · WWF / HydroSHEDS
40677261,40678292,41067217,1.77,0.181,10.2,5,HydroRIVERS v1.0 (HydroSHEDS),LineString,OBSERVED HYDROGRAPHIC NETWORK · WWF / HydroSHEDS
40677262,40678292,41067217,13.13,0.721,39.0,4,HydroRIVERS v1.0 (HydroSHEDS),LineString,OBSERVED HYDROGRAPHIC NETWORK · WWF / HydroSHEDS
40677263,40677444,41067217,1.01,4.303,216.2,5,HydroRIVERS v1.0 (HydroSHEDS),LineString,OBSERVED HYDROGRAPHIC NETWORK · WWF / HydroSHEDS
40677264,40677444,41067217,1.53,0.124,6.3,6,HydroRIVERS v1.0 (HydroSHEDS),LineString,OBSERVED HYDROGRAPHIC NETWORK · WWF / HydroSHEDS
40677265,40678127,41067217,1.54,0.403,22.6,7,HydroRIVERS v1.0 (HydroSHEDS),LineString,OBSERVED HYDROGRAPHIC NETWORK · WWF / HydroSHEDS
40677266,40677267,41067217,2.24,0.643,35.3,6,HydroRIVERS v1.0 (HydroSHEDS),LineString,OBSERVED HYDROGRAPHIC NETWORK · WWF / HydroSHEDS
40677267,40676934,41067217,3.23,1.212,66.8,6,HydroRIVERS v1.0 (HydroSHEDS),LineString,OBSERVED HYDROGRAPHIC NETWORK · WWF / HydroSHEDS
40677442,40683165,41067217,13.04,0.587,33.4,4,HydroRIVERS v1.0 (HydroSHEDS),LineString,OBSERVED HYDROGRAPHIC NETWORK · WWF / HydroSHEDS
40677443,40677962,41067217,1.4,0.217,11.7,6,HydroRIVERS v1.0 (HydroSHEDS),LineString,OBSERVED HYDROGRAPHIC NETWORK · WWF / HydroSHEDS
40677444,40677962,41067217,0.46,4.434,222.8,5,HydroRIVERS v1.0 (HydroSHEDS),LineString,OBSERVED HYDROGRAPHIC NETWORK · WWF / HydroSHEDS
40677445,40679733,41067217,0.69,0.104,5.2,5,HydroRIVERS v1.0 (HydroSHEDS),LineString,OBSERVED HYDROGRAPHIC NETWORK · WWF / HydroSHEDS
40677446,40679733,41067217,10.31,0.952,47.5,4,HydroRIVERS v1.0 (HydroSHEDS),LineString,OBSERVED HYDROGRAPHIC NETWORK · WWF / HydroSHEDS
40677447,40678295,41067217,2.33,0.296,16.3,5,HydroRIVERS v1.0 (HydroSHEDS),LineString,OBSERVED HYDROGRAPHIC NETWORK · WWF / HydroSHEDS
40677448,40677100,41067217,1.68,0.182,9.5,5,HydroRIVERS v1.0 (HydroSHEDS),LineString,OBSERVED HYDROGRAPHIC NETWORK · WWF / HydroSHEDS
40677613,40678616,41067217,2.63,0.141,10.6,4,HydroRIVERS v1.0 (HydroSHEDS),LineString,OBSERVED HYDROGRAPHIC NETWORK · WWF / HydroSHEDS
40677614,40683165,41067217,2.33,0.192,11.5,5,HydroRIVERS v1.0 (HydroSHEDS),LineString,OBSERVED HYDROGRAPHIC NETWORK · WWF / HydroSHEDS
40677615,40676051,41067217,4.92,0.364,19.1,5,HydroRIVERS v1.0 (HydroSHEDS),LineString,OBSERVED HYDROGRAPHIC NETWORK · WWF / HydroSHEDS
40677616,40678130,41067217,0.6,0.178,7.6,6,HydroRIVERS v1.0 (HydroSHEDS),LineString,OBSERVED HYDROGRAPHIC NETWORK · WWF / HydroSHEDS
40677617,40678130,41067217,2.3,2.727,108.9,5,HydroRIVERS v1.0 (HydroSHEDS),LineString,OBSERVED HYDROGRAPHIC NETWORK · WWF / HydroSHEDS
40677783,40678937,41067217,5.35,0.331,17.8,6,HydroRIVERS v1.0 (HydroSHEDS),LineString,OBSERVED HYDROGRAPHIC NETWORK · WWF / HydroSHEDS
40677784,40678294,41067217,1.38,0.179,9.5,5,HydroRIVERS v1.0 (HydroSHEDS),LineString,OBSERVED HYDROGRAPHIC NETWORK · WWF / HydroSHEDS
40677785,40678294,41067217,2.91,0.641,34.0,4,HydroRIVERS v1.0 (HydroSHEDS),LineString,OBSERVED HYDROGRAPHIC NETWORK · WWF / HydroSHEDS
40677786,40678295,41067217,2.23,0.199,11.1,6,HydroRIVERS v1.0 (HydroSHEDS),LineString,OBSERVED HYDROGRAPHIC NETWORK · WWF / HydroSHEDS
40677787,40678127,41067217,8.78,0.715,40.5,6,HydroRIVERS v1.0 (HydroSHEDS),LineString,OBSERVED HYDROGRAPHIC NETWORK · WWF / HydroSHEDS
40677960,40678937,41067217,3.03,0.174,9.5,7,HydroRIVERS v1.0 (HydroSHEDS),LineString,OBSERVED HYDROGRAPHIC NETWORK · WWF / HydroSHEDS
40677961,40678293,41067217,0.6,0.12,6.5,6,HydroRIVERS v1.0 (HydroSHEDS),LineString,OBSERVED HYDROGRAPHIC NETWORK · WWF / HydroSHEDS
40677962,40678293,41067217,1.94,4.829,243.8,5,HydroRIVERS v1.0 (HydroSHEDS),LineString,OBSERVED HYDROGRAPHIC NETWORK · WWF / HydroSHEDS
40677963,40678446,41067217,4.81,321.277,11101.0,3,HydroRIVERS v1.0 (HydroSHEDS),LineString,OBSERVED HYDROGRAPHIC NETWORK · WWF / HydroSHEDS
40677964,40678131,41067217,1.83,0.219,8.9,6,HydroRIVERS v1.0 (HydroSHEDS),LineString,OBSERVED HYDROGRAPHIC NETWORK · WWF / HydroSHEDS
40678124,40679930,41067217,3.54,9.061,434.5,4,HydroRIVERS v1.0 (HydroSHEDS),LineString,OBSERVED HYDROGRAPHIC NETWORK · WWF / HydroSHEDS
40678125,40679930,41067217,5.61,0.304,15.4,5,HydroRIVERS v1.0 (HydroSHEDS),LineString,OBSERVED HYDROGRAPHIC NETWORK · WWF / HydroSHEDS
40678126,40678446,41067217,2.33,0.172,10.6,4,HydroRIVERS v1.0 (HydroSHEDS),LineString,OBSERVED HYDROGRAPHIC NETWORK · WWF / HydroSHEDS
40678127,40678797,41067217,7.59,1.635,93.2,6,HydroRIVERS v1.0 (HydroSHEDS),LineString,OBSERVED HYDROGRAPHIC NETWORK · WWF / HydroSHEDS
40678128,40678619,41067217,1.31,0.191,8.9,6,HydroRIVERS v1.0 (HydroSHEDS),LineString,OBSERVED HYDROGRAPHIC NETWORK · WWF / HydroSHEDS
40678129,40678619,41067217,4.77,0.596,27.3,5,HydroRIVERS v1.0 (HydroSHEDS),LineString,OBSERVED HYDROGRAPHIC NETWORK · WWF / HydroSHEDS
40678130,40678450,41067217,1.39,2.957,118.7,5,HydroRIVERS v1.0 (HydroSHEDS),LineString,OBSERVED HYDROGRAPHIC NETWORK · WWF / HydroSHEDS
40678131,40678450,41067217,3.84,0.526,21.7,6,HydroRIVERS v1.0 (HydroSHEDS),LineString,OBSERVED HYDROGRAPHIC NETWORK · WWF / HydroSHEDS
40678132,40678131,41067217,0.69,0.121,5.0,7,HydroRIVERS v1.0 (HydroSHEDS),LineString,OBSERVED HYDROGRAPHIC NETWORK · WWF / HydroSHEDS
40678291,40679231,41067217,8.92,0.766,41.9,5,HydroRIVERS v1.0 (HydroSHEDS),LineString,OBSERVED HYDROGRAPHIC NETWORK · WWF / HydroSHEDS
40678292,40679231,41067217,3.38,0.983,53.8,4,HydroRIVERS v1.0 (HydroSHEDS),LineString,OBSERVED HYDROGRAPHIC NETWORK · WWF / HydroSHEDS
40678293,40679732,41067217,1.08,5.087,257.6,5,HydroRIVERS v1.0 (HydroSHEDS),LineString,OBSERVED HYDROGRAPHIC NETWORK · WWF / HydroSHEDS
40678294,40679410,41067217,1.54,0.854,45.3,4,HydroRIVERS v1.0 (HydroSHEDS),LineString,OBSERVED HYDROGRAPHIC NETWORK · WWF / HydroSHEDS
40678295,40679410,41067217,3.86,0.675,37.3,5,HydroRIVERS v1.0 (HydroSHEDS),LineString,OBSERVED HYDROGRAPHIC NETWORK · WWF / HydroSHEDS
40678296,40676420,41067217,5.92,0.48,29.9,5,HydroRIVERS v1.0 (HydroSHEDS),LineString,OBSERVED HYDROGRAPHIC NETWORK · WWF / HydroSHEDS
40678444,40678615,41067217,21.77,212.265,11452.0,2,HydroRIVERS v1.0 (HydroSHEDS),LineString,OBSERVED HYDROGRAPHIC NETWORK · WWF / HydroSHEDS
40678445,40679412,41067217,6.71,167.791,7646.5,4,HydroRIVERS v1.0 (HydroSHEDS),LineString,OBSERVED HYDROGRAPHIC NETWORK · WWF / HydroSHEDS
40678446,40679412,41067217,2.64,321.541,11117.1,3,HydroRIVERS v1.0 (HydroSHEDS),LineString,OBSERVED HYDROGRAPHIC NETWORK · WWF / HydroSHEDS
40678447,40677267,41067217,4.99,0.401,22.5,7,HydroRIVERS v1.0 (HydroSHEDS),LineString,OBSERVED HYDROGRAPHIC NETWORK · WWF / HydroSHEDS
40678448,40677099,41067217,4.6,1.061,57.7,5,HydroRIVERS v1.0 (HydroSHEDS),LineString,OBSERVED HYDROGRAPHIC NETWORK · WWF / HydroSHEDS
40678449,40677101,41067217,4.6,38.439,1521.4,4,HydroRIVERS v1.0 (HydroSHEDS),LineString,OBSERVED HYDROGRAPHIC NETWORK · WWF / HydroSHEDS
40678450,40679083,41067217,1.08,3.509,141.6,5,HydroRIVERS v1.0 (HydroSHEDS),LineString,OBSERVED HYDROGRAPHIC NETWORK · WWF / HydroSHEDS
40678616,40678615,41067217,7.37,5.646,357.5,3,HydroRIVERS v1.0 (HydroSHEDS),LineString,OBSERVED HYDROGRAPHIC NETWORK · WWF / HydroSHEDS
40678617,40679732,41067217,3.38,0.199,11.0,6,HydroRIVERS v1.0 (HydroSHEDS),LineString,OBSERVED HYDROGRAPHIC NETWORK · WWF / HydroSHEDS
40678618,40678449,41067217,2.21,0.863,45.1,5,HydroRIVERS v1.0 (HydroSHEDS),LineString,OBSERVED HYDROGRAPHIC NETWORK · WWF / HydroSHEDS
40678619,40679081,41067217,1.54,0.85,39.2,5,HydroRIVERS v1.0 (HydroSHEDS),LineString,OBSERVED HYDROGRAPHIC NETWORK · WWF / HydroSHEDS
40678793,40679235,41067217,5.99,5.192,255.4,4,HydroRIVERS v1.0 (HydroSHEDS),LineString,OBSERVED HYDROGRAPHIC NETWORK · WWF / HydroSHEDS
40678794,40679236,41067217,2.84,0.224,13.7,6,HydroRIVERS v1.0 (HydroSHEDS),LineString,OBSERVED HYDROGRAPHIC NETWORK · WWF / HydroSHEDS
40678795,40679236,41067217,2.31,0.168,10.2,7,HydroRIVERS v1.0 (HydroSHEDS),LineString,OBSERVED HYDROGRAPHIC NETWORK · WWF / HydroSHEDS
40678796,40679237,41067217,3.22,0.306,18.4,6,HydroRIVERS v1.0 (HydroSHEDS),LineString,OBSERVED HYDROGRAPHIC NETWORK · WWF / HydroSHEDS
40678797,40679237,41067217,4.05,3.95,228.3,5,HydroRIVERS v1.0 (HydroSHEDS),LineString,OBSERVED HYDROGRAPHIC NETWORK · WWF / HydroSHEDS
40678798,40678618,41067217,3.62,0.28,14.7,6,HydroRIVERS v1.0 (HydroSHEDS),LineString,OBSERVED HYDROGRAPHIC NETWORK · WWF / HydroSHEDS
40678799,40679081,41067217,2.02,0.278,13.0,6,HydroRIVERS v1.0 (HydroSHEDS),LineString,OBSERVED HYDROGRAPHIC NETWORK · WWF / HydroSHEDS
40678936,40681143,41067217,10.01,0.442,24.1,5,HydroRIVERS v1.0 (HydroSHEDS),LineString,OBSERVED HYDROGRAPHIC NETWORK · WWF / HydroSHEDS
40678937,40681143,41067217,5.09,0.664,36.2,6,HydroRIVERS v1.0 (HydroSHEDS),LineString,OBSERVED HYDROGRAPHIC NETWORK · WWF / HydroSHEDS
40678938,40679233,41067217,1.38,0.133,6.9,4,HydroRIVERS v1.0 (HydroSHEDS),LineString,OBSERVED HYDROGRAPHIC NETWORK · WWF / HydroSHEDS
40678939,40678448,41067217,3.75,0.308,16.5,6,HydroRIVERS v1.0 (HydroSHEDS),LineString,OBSERVED HYDROGRAPHIC NETWORK · WWF / HydroSHEDS
40678940,40679083,41067217,2.54,0.333,14.1,6,HydroRIVERS v1.0 (HydroSHEDS),LineString,OBSERVED HYDROGRAPHIC NETWORK · WWF / HydroSHEDS
40679077,40680976,41067217,4.24,0.203,10.4,6,HydroRIVERS v1.0 (HydroSHEDS),LineString,OBSERVED HYDROGRAPHIC NETWORK · WWF / HydroSHEDS
40679078,40680976,41067217,5.01,0.162,8.2,5,HydroRIVERS v1.0 (HydroSHEDS),LineString,OBSERVED HYDROGRAPHIC NETWORK · WWF / HydroSHEDS
40679079,40677099,41067217,7.35,0.544,30.3,6,HydroRIVERS v1.0 (HydroSHEDS),LineString,OBSERVED HYDROGRAPHIC NETWORK · WWF / HydroSHEDS
40679080,40680984,41067217,3.16,0.325,15.6,6,HydroRIVERS v1.0 (HydroSHEDS),LineString,OBSERVED HYDROGRAPHIC NETWORK · WWF / HydroSHEDS
40679081,40680984,41067217,2.09,1.233,57.2,5,HydroRIVERS v1.0 (HydroSHEDS),LineString,OBSERVED HYDROGRAPHIC NETWORK · WWF / HydroSHEDS
40679082,40679592,41067217,7.61,0.463,20.0,6,HydroRIVERS v1.0 (HydroSHEDS),LineString,OBSERVED HYDROGRAPHIC NETWORK · WWF / HydroSHEDS
40679083,40679592,41067217,2.85,4.035,164.0,5,HydroRIVERS v1.0 (HydroSHEDS),LineString,OBSERVED HYDROGRAPHIC NETWORK · WWF / HydroSHEDS
40679084,40680114,41067217,2.54,0.278,11.1,6,HydroRIVERS v1.0 (HydroSHEDS),LineString,OBSERVED HYDROGRAPHIC NETWORK · WWF / HydroSHEDS
40679230,40682217,41067217,1.31,0.177,10.8,5,HydroRIVERS v1.0 (HydroSHEDS),LineString,OBSERVED HYDROGRAPHIC NETWORK · WWF / HydroSHEDS
40679231,40682217,41067217,3.23,1.898,104.4,4,HydroRIVERS v1.0 (HydroSHEDS),LineString,OBSERVED HYDROGRAPHIC NETWORK · WWF / HydroSHEDS
40679232,40679734,41067217,1.78,0.132,6.9,4,HydroRIVERS v1.0 (HydroSHEDS),LineString,OBSERVED HYDROGRAPHIC NETWORK · WWF / HydroSHEDS
40679233,40679734,41067217,1.63,537.479,21734.3,3,HydroRIVERS v1.0 (HydroSHEDS),LineString,OBSERVED HYDROGRAPHIC NETWORK · WWF / HydroSHEDS
40679234,40679233,41067217,6.48,537.388,21725.6,3,HydroRIVERS v1.0 (HydroSHEDS),LineString,OBSERVED HYDROGRAPHIC NETWORK · WWF / HydroSHEDS
40679235,40679234,41067217,2.64,532.613,21418.3,3,HydroRIVERS v1.0 (HydroSHEDS),LineString,OBSERVED HYDROGRAPHIC NETWORK · WWF / HydroSHEDS
40679236,40680319,41067217,1.54,0.495,30.3,6,HydroRIVERS v1.0 (HydroSHEDS),LineString,OBSERVED HYDROGRAPHIC NETWORK · WWF / HydroSHEDS
40679237,40679591,41067217,3.69,4.521,262.7,5,HydroRIVERS v1.0 (HydroSHEDS),LineString,OBSERVED HYDROGRAPHIC NETWORK · WWF / HydroSHEDS
40679238,40678449,41067217,4.26,37.243,1460.3,4,HydroRIVERS v1.0 (HydroSHEDS),LineString,OBSERVED HYDROGRAPHIC NETWORK · WWF / HydroSHEDS
40679239,40679238,41067217,6.84,0.591,29.1,5,HydroRIVERS v1.0 (HydroSHEDS),LineString,OBSERVED HYDROGRAPHIC NETWORK · WWF / HydroSHEDS
40679405,40680659,41067217,7.67,0.414,22.8,5,HydroRIVERS v1.0 (HydroSHEDS),LineString,OBSERVED HYDROGRAPHIC NETWORK · WWF / HydroSHEDS
40679406,40680659,41067217,6.58,0.345,19.5,6,HydroRIVERS v1.0 (HydroSHEDS),LineString,OBSERVED HYDROGRAPHIC NETWORK · WWF / HydroSHEDS
40679407,40681146,41067217,16.48,2.406,118.1,5,HydroRIVERS v1.0 (HydroSHEDS),LineString,OBSERVED HYDROGRAPHIC NETWORK · WWF / HydroSHEDS
40679408,40681146,41067217,2.53,0.268,13.9,6,HydroRIVERS v1.0 (HydroSHEDS),LineString,OBSERVED HYDROGRAPHIC NETWORK · WWF / HydroSHEDS
40679409,40679235,41067217,6.35,527.422,21156.0,3,HydroRIVERS v1.0 (HydroSHEDS),LineString,OBSERVED HYDROGRAPHIC NETWORK · WWF / HydroSHEDS
40679410,40679409,41067217,3.84,1.63,88.1,4,HydroRIVERS v1.0 (HydroSHEDS),LineString,OBSERVED HYDROGRAPHIC NETWORK · WWF / HydroSHEDS
40679411,40679409,41067217,1.61,0.153,8.5,5,HydroRIVERS v1.0 (HydroSHEDS),LineString,OBSERVED HYDROGRAPHIC NETWORK · WWF / HydroSHEDS
40679412,40679932,41067217,3.08,489.551,18776.8,3,HydroRIVERS v1.0 (HydroSHEDS),LineString,OBSERVED HYDROGRAPHIC NETWORK · WWF / HydroSHEDS
40679413,40680319,41067217,0.61,5.925,347.6,5,HydroRIVERS v1.0 (HydroSHEDS),LineString,OBSERVED HYDROGRAPHIC NETWORK · WWF / HydroSHEDS
40679588,40679934,41067217,5.07,0.397,24.7,5,HydroRIVERS v1.0 (HydroSHEDS),LineString,OBSERVED HYDROGRAPHIC NETWORK · WWF / HydroSHEDS
40679589,40679934,41067217,0.4,0.725,45.5,4,HydroRIVERS v1.0 (HydroSHEDS),LineString,OBSERVED HYDROGRAPHIC NETWORK · WWF / HydroSHEDS
40679590,40679589,41067217,6.6,0.556,34.9,4,HydroRIVERS v1.0 (HydroSHEDS),LineString,OBSERVED HYDROGRAPHIC NETWORK · WWF / HydroSHEDS
40679591,40679413,41067217,2.64,5.311,310.2,5,HydroRIVERS v1.0 (HydroSHEDS),LineString,OBSERVED HYDROGRAPHIC NETWORK · WWF / HydroSHEDS
40679592,40679738,41067217,1.84,4.592,188.1,5,HydroRIVERS v1.0 (HydroSHEDS),LineString,OBSERVED HYDROGRAPHIC NETWORK · WWF / HydroSHEDS
40679731,40679924,41067217,4.91,0.221,17.5,4,HydroRIVERS v1.0 (HydroSHEDS),LineString,OBSERVED HYDROGRAPHIC NETWORK · WWF / HydroSHEDS
40679732,40679929,41067217,5.17,5.544,282.6,5,HydroRIVERS v1.0 (HydroSHEDS),LineString,OBSERVED HYDROGRAPHIC NETWORK · WWF / HydroSHEDS
40679733,40680978,41067217,10.13,1.584,80.2,4,HydroRIVERS v1.0 (HydroSHEDS),LineString,OBSERVED HYDROGRAPHIC NETWORK · WWF / HydroSHEDS
40679734,40680978,41067217,1.54,537.634,21746.6,3,HydroRIVERS v1.0 (HydroSHEDS),LineString,OBSERVED HYDROGRAPHIC NETWORK · WWF / HydroSHEDS
40679735,40678448,41067217,4.91,0.517,28.4,5,HydroRIVERS v1.0 (HydroSHEDS),LineString,OBSERVED HYDROGRAPHIC NETWORK · WWF / HydroSHEDS
40679736,40678618,41067217,5.1,0.442,23.2,5,HydroRIVERS v1.0 (HydroSHEDS),LineString,OBSERVED HYDROGRAPHIC NETWORK · WWF / HydroSHEDS
40679737,40680111,41067217,10.38,1.942,85.5,6,HydroRIVERS v1.0 (HydroSHEDS),LineString,OBSERVED HYDROGRAPHIC NETWORK · WWF / HydroSHEDS
40679738,40680111,41067217,0.61,4.903,201.7,5,HydroRIVERS v1.0 (HydroSHEDS),LineString,OBSERVED HYDROGRAPHIC NETWORK · WWF / HydroSHEDS
40679924,40679923,41067217,10.32,2.748,188.0,3,HydroRIVERS v1.0 (HydroSHEDS),LineString,OBSERVED HYDROGRAPHIC NETWORK · WWF / HydroSHEDS
40679925,40681670,41067217,22.44,1.032,59.9,3,HydroRIVERS v1.0 (HydroSHEDS),LineString,OBSERVED HYDROGRAPHIC NETWORK · WWF / HydroSHEDS
40679926,40681670,41067217,1.32,0.132,8.5,4,HydroRIVERS v1.0 (HydroSHEDS),LineString,OBSERVED HYDROGRAPHIC NETWORK · WWF / HydroSHEDS
40679927,40679928,41067217,3.03,0.239,13.4,6,HydroRIVERS v1.0 (HydroSHEDS),LineString,OBSERVED HYDROGRAPHIC NETWORK · WWF / HydroSHEDS
40679928,40679929,41067217,0.61,0.373,21.0,6,HydroRIVERS v1.0 (HydroSHEDS),LineString,OBSERVED HYDROGRAPHIC NETWORK · WWF / HydroSHEDS
40679929,40680472,41067217,0.61,5.927,304.2,5,HydroRIVERS v1.0 (HydroSHEDS),LineString,OBSERVED HYDROGRAPHIC NETWORK · WWF / HydroSHEDS
40679930,40680472,41067217,5.25,9.503,457.5,4,HydroRIVERS v1.0 (HydroSHEDS),LineString,OBSERVED HYDROGRAPHIC NETWORK · WWF / HydroSHEDS
40679931,40681350,41067217,5.9,0.418,24.5,4,HydroRIVERS v1.0 (HydroSHEDS),LineString,OBSERVED HYDROGRAPHIC NETWORK · WWF / HydroSHEDS
40679932,40681350,41067217,1.69,491.47,18896.4,3,HydroRIVERS v1.0 (HydroSHEDS),LineString,OBSERVED HYDROGRAPHIC NETWORK · WWF / HydroSHEDS
40679933,40679932,41067217,8.25,1.863,116.2,4,HydroRIVERS v1.0 (HydroSHEDS),LineString,OBSERVED HYDROGRAPHIC NETWORK · WWF / HydroSHEDS
40679934,40679933,41067217,2.43,1.202,75.2,4,HydroRIVERS v1.0 (HydroSHEDS),LineString,OBSERVED HYDROGRAPHIC NETWORK · WWF / HydroSHEDS
40679935,40679589,41067217,1.53,0.16,10.0,5,HydroRIVERS v1.0 (HydroSHEDS),LineString,OBSERVED HYDROGRAPHIC NETWORK · WWF / HydroSHEDS
40679936,40680109,41067217,5.65,0.405,23.4,6,HydroRIVERS v1.0 (HydroSHEDS),LineString,OBSERVED HYDROGRAPHIC NETWORK · WWF / HydroSHEDS
40679937,40679238,41067217,3.5,35.746,1385.5,4,HydroRIVERS v1.0 (HydroSHEDS),LineString,OBSERVED HYDROGRAPHIC NETWORK · WWF / HydroSHEDS
40679938,40679937,41067217,7.24,0.427,20.8,5,HydroRIVERS v1.0 (HydroSHEDS),LineString,OBSERVED HYDROGRAPHIC NETWORK · WWF / HydroSHEDS
40680107,40679924,41067217,23.0,2.176,137.9,3,HydroRIVERS v1.0 (HydroSHEDS),LineString,OBSERVED HYDROGRAPHIC NETWORK · WWF / HydroSHEDS
40680108,40678797,41067217,8.51,2.059,120.0,5,HydroRIVERS v1.0 (HydroSHEDS),LineString,OBSERVED HYDROGRAPHIC NETWORK · WWF / HydroSHEDS
40680109,40680108,41067217,0.61,1.269,73.4,5,HydroRIVERS v1.0 (HydroSHEDS),LineString,OBSERVED HYDROGRAPHIC NETWORK · WWF / HydroSHEDS
40680110,40679937,41067217,0.46,35.134,1356.2,4,HydroRIVERS v1.0 (HydroSHEDS),LineString,OBSERVED HYDROGRAPHIC NETWORK · WWF / HydroSHEDS
40680111,40680476,41067217,1.08,6.883,288.9,5,HydroRIVERS v1.0 (HydroSHEDS),LineString,OBSERVED HYDROGRAPHIC NETWORK · WWF / HydroSHEDS
40680112,40679738,41067217,3.89,0.295,12.8,6,HydroRIVERS v1.0 (HydroSHEDS),LineString,OBSERVED HYDROGRAPHIC NETWORK · WWF / HydroSHEDS
40680113,40680985,41067217,0.6,0.125,5.0,6,HydroRIVERS v1.0 (HydroSHEDS),LineString,OBSERVED HYDROGRAPHIC NETWORK · WWF / HydroSHEDS
40680316,40679928,41067217,1.53,0.128,7.2,7,HydroRIVERS v1.0 (HydroSHEDS),LineString,OBSERVED HYDROGRAPHIC NETWORK · WWF / HydroSHEDS
40680317,40679933,41067217,1.38,0.181,11.3,5,HydroRIVERS v1.0 (HydroSHEDS),LineString,OBSERVED HYDROGRAPHIC NETWORK · WWF / HydroSHEDS
40680318,40680660,41067217,4.38,0.326,20.2,6,HydroRIVERS v1.0 (HydroSHEDS),LineString,OBSERVED HYDROGRAPHIC NETWORK · WWF / HydroSHEDS
40680319,40680660,41067217,3.53,6.587,388.1,5,HydroRIVERS v1.0 (HydroSHEDS),LineString,OBSERVED HYDROGRAPHIC NETWORK · WWF / HydroSHEDS
40680320,40680476,41067217,1.32,0.16,7.1,6,HydroRIVERS v1.0 (HydroSHEDS),LineString,OBSERVED HYDROGRAPHIC NETWORK · WWF / HydroSHEDS
40680470,40681142,41067217,9.0,0.33,19.3,7,HydroRIVERS v1.0 (HydroSHEDS),LineString,OBSERVED HYDROGRAPHIC NETWORK · WWF / HydroSHEDS
40680471,40681142,41067217,18.03,0.773,42.9,6,HydroRIVERS v1.0 (HydroSHEDS),LineString,OBSERVED HYDROGRAPHIC NETWORK · WWF / HydroSHEDS
40680472,40681145,41067217,1.84,15.498,765.6,4,HydroRIVERS v1.0 (HydroSHEDS),LineString,OBSERVED HYDROGRAPHIC NETWORK · WWF / HydroSHEDS
40680473,40680108,41067217,1.31,0.173,10.2,6,HydroRIVERS v1.0 (HydroSHEDS),LineString,OBSERVED HYDROGRAPHIC NETWORK · WWF / HydroSHEDS
40680474,40680110,41067217,2.83,34.725,1335.5,4,HydroRIVERS v1.0 (HydroSHEDS),LineString,OBSERVED HYDROGRAPHIC NETWORK · WWF / HydroSHEDS
40680475,40681152,41067217,5.22,0.413,18.9,6,HydroRIVERS v1.0 (HydroSHEDS),LineString,OBSERVED HYDROGRAPHIC NETWORK · WWF / HydroSHEDS
40680476,40681152,41067217,5.66,7.416,312.9,5,HydroRIVERS v1.0 (HydroSHEDS),LineString,OBSERVED HYDROGRAPHIC NETWORK · WWF / HydroSHEDS
40680659,40681514,41067217,3.69,0.866,48.6,5,HydroRIVERS v1.0 (HydroSHEDS),LineString,OBSERVED HYDROGRAPHIC NETWORK · WWF / HydroSHEDS
40680660,40681353,41067217,0.93,6.952,410.7,5,HydroRIVERS v1.0 (HydroSHEDS),LineString,OBSERVED HYDROGRAPHIC NETWORK · WWF / HydroSHEDS
40680819,40681514,41067217,8.41,0.423,24.7,6,HydroRIVERS v1.0 (HydroSHEDS),LineString,OBSERVED HYDROGRAPHIC NETWORK · WWF / HydroSHEDS
40680820,40681353,41067217,2.63,0.161,10.0,6,HydroRIVERS v1.0 (HydroSHEDS),LineString,OBSERVED HYDROGRAPHIC NETWORK · WWF / HydroSHEDS
40680821,40680109,41067217,8.2,0.861,49.8,5,HydroRIVERS v1.0 (HydroSHEDS),LineString,OBSERVED HYDROGRAPHIC NETWORK · WWF / HydroSHEDS
40680822,40679238,41067217,6.72,0.674,34.7,6,HydroRIVERS v1.0 (HydroSHEDS),LineString,OBSERVED HYDROGRAPHIC NETWORK · WWF / HydroSHEDS
40680976,40681346,41067217,5.54,0.513,26.5,5,HydroRIVERS v1.0 (HydroSHEDS),LineString,OBSERVED HYDROGRAPHIC NETWORK · WWF / HydroSHEDS
40680977,40682219,41067217,1.21,0.198,10.6,4,HydroRIVERS v1.0 (HydroSHEDS),LineString,OBSERVED HYDROGRAPHIC NETWORK · WWF / HydroSHEDS
40680978,40682219,41067217,4.64,539.339,21846.0,3,HydroRIVERS v1.0 (HydroSHEDS),LineString,OBSERVED HYDROGRAPHIC NETWORK · WWF / HydroSHEDS
40680979,40680980,41067217,0.92,0.143,7.8,5,HydroRIVERS v1.0 (HydroSHEDS),LineString,OBSERVED HYDROGRAPHIC NETWORK · WWF / HydroSHEDS
40680980,40679234,41067217,5.63,4.585,279.4,4,HydroRIVERS v1.0 (HydroSHEDS),LineString,OBSERVED HYDROGRAPHIC NETWORK · WWF / HydroSHEDS
40680981,40680982,41067217,0.6,0.135,6.9,6,HydroRIVERS v1.0 (HydroSHEDS),LineString,OBSERVED HYDROGRAPHIC NETWORK · WWF / HydroSHEDS
40680982,40680110,41067217,2.62,0.377,19.1,5,HydroRIVERS v1.0 (HydroSHEDS),LineString,OBSERVED HYDROGRAPHIC NETWORK · WWF / HydroSHEDS
40680983,40680474,41067217,4.67,34.345,1317.1,4,HydroRIVERS v1.0 (HydroSHEDS),LineString,OBSERVED HYDROGRAPHIC NETWORK · WWF / HydroSHEDS
40680984,40680983,41067217,6.39,1.967,92.4,5,HydroRIVERS v1.0 (HydroSHEDS),LineString,OBSERVED HYDROGRAPHIC NETWORK · WWF / HydroSHEDS
40681142,40682218,41067217,3.35,1.261,72.0,6,HydroRIVERS v1.0 (HydroSHEDS),LineString,OBSERVED HYDROGRAPHIC NETWORK · WWF / HydroSHEDS
40681143,40682218,41067217,12.52,1.623,91.9,5,HydroRIVERS v1.0 (HydroSHEDS),LineString,OBSERVED HYDROGRAPHIC NETWORK · WWF / HydroSHEDS
40681144,40681145,41067217,3.81,0.391,22.5,5,HydroRIVERS v1.0 (HydroSHEDS),LineString,OBSERVED HYDROGRAPHIC NETWORK · WWF / HydroSHEDS
40681145,40681344,41067217,4.05,16.13,801.8,4,HydroRIVERS v1.0 (HydroSHEDS),LineString,OBSERVED HYDROGRAPHIC NETWORK · WWF / HydroSHEDS
40681146,40681344,41067217,5.08,2.784,138.2,5,HydroRIVERS v1.0 (HydroSHEDS),LineString,OBSERVED HYDROGRAPHIC NETWORK · WWF / HydroSHEDS
40681147,40681346,41067217,5.22,0.223,11.9,6,HydroRIVERS v1.0 (HydroSHEDS),LineString,OBSERVED HYDROGRAPHIC NETWORK · WWF / HydroSHEDS
40681148,40681349,41067217,4.39,0.286,16.3,5,HydroRIVERS v1.0 (HydroSHEDS),LineString,OBSERVED HYDROGRAPHIC NETWORK · WWF / HydroSHEDS
40681149,40681349,41067217,7.39,0.438,25.4,4,HydroRIVERS v1.0 (HydroSHEDS),LineString,OBSERVED HYDROGRAPHIC NETWORK · WWF / HydroSHEDS
40681150,40679591,41067217,10.12,0.729,43.8,6,HydroRIVERS v1.0 (HydroSHEDS),LineString,OBSERVED HYDROGRAPHIC NETWORK · WWF / HydroSHEDS
40681151,40682039,41067217,3.4,0.242,11.3,6,HydroRIVERS v1.0 (HydroSHEDS),LineString,OBSERVED HYDROGRAPHIC NETWORK · WWF / HydroSHEDS
40681152,40682039,41067217,2.95,8.107,344.6,5,HydroRIVERS v1.0 (HydroSHEDS),LineString,OBSERVED HYDROGRAPHIC NETWORK · WWF / HydroSHEDS
40681344,40682033,41067217,2.22,19.036,947.0,4,HydroRIVERS v1.0 (HydroSHEDS),LineString,OBSERVED HYDROGRAPHIC NETWORK · WWF / HydroSHEDS
40681345,40682033,41067217,2.85,0.203,11.0,5,HydroRIVERS v1.0 (HydroSHEDS),LineString,OBSERVED HYDROGRAPHIC NETWORK · WWF / HydroSHEDS
40681346,40682034,41067217,1.23,0.753,39.4,5,HydroRIVERS v1.0 (HydroSHEDS),LineString,OBSERVED HYDROGRAPHIC NETWORK · WWF / HydroSHEDS
40681347,40682034,41067217,12.1,0.475,24.7,6,HydroRIVERS v1.0 (HydroSHEDS),LineString,OBSERVED HYDROGRAPHIC NETWORK · WWF / HydroSHEDS
40681348,40680980,41067217,1.08,4.168,256.4,4,HydroRIVERS v1.0 (HydroSHEDS),LineString,OBSERVED HYDROGRAPHIC NETWORK · WWF / HydroSHEDS
40681349,40681673,41067217,0.46,0.734,42.3,4,HydroRIVERS v1.0 (HydroSHEDS),LineString,OBSERVED HYDROGRAPHIC NETWORK · WWF / HydroSHEDS
40681350,40681516,41067217,5.15,492.125,18935.4,3,HydroRIVERS v1.0 (HydroSHEDS),LineString,OBSERVED HYDROGRAPHIC NETWORK · WWF / HydroSHEDS
40681351,40681516,41067217,0.4,0.319,19.9,4,HydroRIVERS v1.0 (HydroSHEDS),LineString,OBSERVED HYDROGRAPHIC NETWORK · WWF / HydroSHEDS
40681352,40681351,41067217,2.21,0.17,10.6,5,HydroRIVERS v1.0 (HydroSHEDS),LineString,OBSERVED HYDROGRAPHIC NETWORK · WWF / HydroSHEDS
40681353,40681519,41067217,2.0,7.195,425.8,5,HydroRIVERS v1.0 (HydroSHEDS),LineString,OBSERVED HYDROGRAPHIC NETWORK · WWF / HydroSHEDS
40681354,40681858,41067217,6.18,0.417,23.0,4,HydroRIVERS v1.0 (HydroSHEDS),LineString,OBSERVED HYDROGRAPHIC NETWORK · WWF / HydroSHEDS
40681355,40681858,41067217,0.69,0.131,7.1,5,HydroRIVERS v1.0 (HydroSHEDS),LineString,OBSERVED HYDROGRAPHIC NETWORK · WWF / HydroSHEDS
40681356,40680982,41067217,1.16,0.157,8.0,5,HydroRIVERS v1.0 (HydroSHEDS),LineString,OBSERVED HYDROGRAPHIC NETWORK · WWF / HydroSHEDS
40681513,40682953,41067217,4.76,0.218,13.2,6,HydroRIVERS v1.0 (HydroSHEDS),LineString,OBSERVED HYDROGRAPHIC NETWORK · WWF / HydroSHEDS
40681514,40682953,41067217,2.77,1.348,76.9,5,HydroRIVERS v1.0 (HydroSHEDS),LineString,OBSERVED HYDROGRAPHIC NETWORK · WWF / HydroSHEDS
40681515,40681348,41067217,1.06,0.133,7.4,5,HydroRIVERS v1.0 (HydroSHEDS),LineString,OBSERVED HYDROGRAPHIC NETWORK · WWF / HydroSHEDS
40681516,40681855,41067217,0.61,492.451,18955.6,3,HydroRIVERS v1.0 (HydroSHEDS),LineString,OBSERVED HYDROGRAPHIC NETWORK · WWF / HydroSHEDS
40681517,40681676,41067217,4.15,0.234,14.7,7,HydroRIVERS v1.0 (HydroSHEDS),LineString,OBSERVED HYDROGRAPHIC NETWORK · WWF / HydroSHEDS
40681518,40681676,41067217,1.93,0.127,8.0,8,HydroRIVERS v1.0 (HydroSHEDS),LineString,OBSERVED HYDROGRAPHIC NETWORK · WWF / HydroSHEDS
40681519,40682038,41067217,1.42,7.4,438.4,5,HydroRIVERS v1.0 (HydroSHEDS),LineString,OBSERVED HYDROGRAPHIC NETWORK · WWF / HydroSHEDS
40681520,40681519,41067217,1.72,0.175,10.8,6,HydroRIVERS v1.0 (HydroSHEDS),LineString,OBSERVED HYDROGRAPHIC NETWORK · WWF / HydroSHEDS
40681521,40680474,41067217,3.31,0.256,12.8,5,HydroRIVERS v1.0 (HydroSHEDS),LineString,OBSERVED HYDROGRAPHIC NETWORK · WWF / HydroSHEDS
40681522,40680983,41067217,1.84,31.865,1200.4,4,HydroRIVERS v1.0 (HydroSHEDS),LineString,OBSERVED HYDROGRAPHIC NETWORK · WWF / HydroSHEDS
40681670,40686941,41067217,5.38,1.325,79.4,3,HydroRIVERS v1.0 (HydroSHEDS),LineString,OBSERVED HYDROGRAPHIC NETWORK · WWF / HydroSHEDS
40681671,40686941,41067217,3.37,0.226,15.2,4,HydroRIVERS v1.0 (HydroSHEDS),LineString,OBSERVED HYDROGRAPHIC NETWORK · WWF / HydroSHEDS
40681672,40681348,41067217,2.43,4.009,247.5,4,HydroRIVERS v1.0 (HydroSHEDS),LineString,OBSERVED HYDROGRAPHIC NETWORK · WWF / HydroSHEDS
40681673,40679409,41067217,11.1,525.659,21043.9,3,HydroRIVERS v1.0 (HydroSHEDS),LineString,OBSERVED HYDROGRAPHIC NETWORK · WWF / HydroSHEDS
40681674,40681351,41067217,2.63,0.137,8.5,4,HydroRIVERS v1.0 (HydroSHEDS),LineString,OBSERVED HYDROGRAPHIC NETWORK · WWF / HydroSHEDS
40681675,40683921,41067217,5.16,0.272,17.1,6,HydroRIVERS v1.0 (HydroSHEDS),LineString,OBSERVED HYDROGRAPHIC NETWORK · WWF / HydroSHEDS
40681676,40683921,41067217,0.46,0.37,23.2,7,HydroRIVERS v1.0 (HydroSHEDS),LineString,OBSERVED HYDROGRAPHIC NETWORK · WWF / HydroSHEDS
40681677,40681522,41067217,0.61,31.548,1184.8,4,HydroRIVERS v1.0 (HydroSHEDS),LineString,OBSERVED HYDROGRAPHIC NETWORK · WWF / HydroSHEDS
40681678,40681677,41067217,3.25,0.311,14.9,5,HydroRIVERS v1.0 (HydroSHEDS),LineString,OBSERVED HYDROGRAPHIC NETWORK · WWF / HydroSHEDS
40681851,40681672,41067217,0.69,0.145,8.4,5,HydroRIVERS v1.0 (HydroSHEDS),LineString,OBSERVED HYDROGRAPHIC NETWORK · WWF / HydroSHEDS
40681852,40681673,41067217,2.24,524.73,20958.5,3,HydroRIVERS v1.0 (HydroSHEDS),LineString,OBSERVED HYDROGRAPHIC NETWORK · WWF / HydroSHEDS
40681853,40681852,41067217,2.09,524.465,20941.0,3,HydroRIVERS v1.0 (HydroSHEDS),LineString,OBSERVED HYDROGRAPHIC NETWORK · WWF / HydroSHEDS
40681854,40681853,41067217,7.75,524.228,20926.7,3,HydroRIVERS v1.0 (HydroSHEDS),LineString,OBSERVED HYDROGRAPHIC NETWORK · WWF / HydroSHEDS
40681855,40681854,41067217,1.23,523.522,20883.6,3,HydroRIVERS v1.0 (HydroSHEDS),LineString,OBSERVED HYDROGRAPHIC NETWORK · WWF / HydroSHEDS
40681856,40684790,41067217,2.23,0.167,10.6,7,HydroRIVERS v1.0 (HydroSHEDS),LineString,OBSERVED HYDROGRAPHIC NETWORK · WWF / HydroSHEDS
40681857,40684790,41067217,1.77,0.138,8.7,6,HydroRIVERS v1.0 (HydroSHEDS),LineString,OBSERVED HYDROGRAPHIC NETWORK · WWF / HydroSHEDS
40681858,40682221,41067217,1.69,0.648,35.5,4,HydroRIVERS v1.0 (HydroSHEDS),LineString,OBSERVED HYDROGRAPHIC NETWORK · WWF / HydroSHEDS
40681859,40682221,41067217,1.93,0.16,8.5,5,HydroRIVERS v1.0 (HydroSHEDS),LineString,OBSERVED HYDROGRAPHIC NETWORK · WWF / HydroSHEDS
40682033,40682957,41067217,4.05,19.527,974.5,4,HydroRIVERS v1.0 (HydroSHEDS),LineString,OBSERVED HYDROGRAPHIC NETWORK · WWF / HydroSHEDS
40682034,40682957,41067217,2.15,1.314,68.9,5,HydroRIVERS v1.0 (HydroSHEDS),LineString,OBSERVED HYDROGRAPHIC NETWORK · WWF / HydroSHEDS
40682035,40681852,41067217,1.32,0.237,14.3,4,HydroRIVERS v1.0 (HydroSHEDS),LineString,OBSERVED HYDROGRAPHIC NETWORK · WWF / HydroSHEDS
40682036,40681853,41067217,2.61,0.184,11.1,4,HydroRIVERS v1.0 (HydroSHEDS),LineString,OBSERVED HYDROGRAPHIC NETWORK · WWF / HydroSHEDS
40682037,40682959,41067217,0.69,0.148,9.3,6,HydroRIVERS v1.0 (HydroSHEDS),LineString,OBSERVED HYDROGRAPHIC NETWORK · WWF / HydroSHEDS
40682038,40682959,41067217,2.24,7.976,473.9,5,HydroRIVERS v1.0 (HydroSHEDS),LineString,OBSERVED HYDROGRAPHIC NETWORK · WWF / HydroSHEDS
40682039,40682962,41067217,2.62,8.555,365.6,5,HydroRIVERS v1.0 (HydroSHEDS),LineString,OBSERVED HYDROGRAPHIC NETWORK · WWF / HydroSHEDS
40682216,40683379,41067217,8.07,0.369,29.2,4,HydroRIVERS v1.0 (HydroSHEDS),LineString,OBSERVED HYDROGRAPHIC NETWORK · WWF / HydroSHEDS
40682217,40683920,41067217,8.77,2.506,142.9,4,HydroRIVERS v1.0 (HydroSHEDS),LineString,OBSERVED HYDROGRAPHIC NETWORK · WWF / HydroSHEDS
40682218,40683920,41067217,3.63,2.978,169.8,5,HydroRIVERS v1.0 (HydroSHEDS),LineString,OBSERVED HYDROGRAPHIC NETWORK · WWF / HydroSHEDS
40682219,40682614,41067217,3.84,539.647,21872.8,3,HydroRIVERS v1.0 (HydroSHEDS),LineString,OBSERVED HYDROGRAPHIC NETWORK · WWF / HydroSHEDS
40682220,40682616,41067217,5.41,0.395,22.5,4,HydroRIVERS v1.0 (HydroSHEDS),LineString,OBSERVED HYDROGRAPHIC NETWORK · WWF / HydroSHEDS
40682221,40682784,41067217,0.93,0.821,44.8,4,HydroRIVERS v1.0 (HydroSHEDS),LineString,OBSERVED HYDROGRAPHIC NETWORK · WWF / HydroSHEDS
40682222,40682784,41067217,1.8,0.16,8.5,6,HydroRIVERS v1.0 (HydroSHEDS),LineString,OBSERVED HYDROGRAPHIC NETWORK · WWF / HydroSHEDS
40682223,40681522,41067217,2.38,0.222,11.0,5,HydroRIVERS v1.0 (HydroSHEDS),LineString,OBSERVED HYDROGRAPHIC NETWORK · WWF / HydroSHEDS
40682224,40681677,41067217,2.64,31.222,1169.2,4,HydroRIVERS v1.0 (HydroSHEDS),LineString,OBSERVED HYDROGRAPHIC NETWORK · WWF / HydroSHEDS
40682225,40683174,41067217,6.76,0.735,30.5,5,HydroRIVERS v1.0 (HydroSHEDS),LineString,OBSERVED HYDROGRAPHIC NETWORK · WWF / HydroSHEDS
40682226,40683174,41067217,0.4,18.054,597.7,4,HydroRIVERS v1.0 (HydroSHEDS),LineString,OBSERVED HYDROGRAPHIC NETWORK · WWF / HydroSHEDS
40682227,40682226,41067217,5.34,17.885,590.8,4,HydroRIVERS v1.0 (HydroSHEDS),LineString,OBSERVED HYDROGRAPHIC NETWORK · WWF / HydroSHEDS
40682418,40683379,41067217,2.84,0.18,14.7,5,HydroRIVERS v1.0 (HydroSHEDS),LineString,OBSERVED HYDROGRAPHIC NETWORK · WWF / HydroSHEDS
40682419,40682955,41067217,6.83,0.184,10.8,6,HydroRIVERS v1.0 (HydroSHEDS),LineString,OBSERVED HYDROGRAPHIC NETWORK · WWF / HydroSHEDS
40682420,40682955,41067217,2.15,0.16,9.7,7,HydroRIVERS v1.0 (HydroSHEDS),LineString,OBSERVED HYDROGRAPHIC NETWORK · WWF / HydroSHEDS
40682421,40682614,41067217,2.95,0.304,17.3,4,HydroRIVERS v1.0 (HydroSHEDS),LineString,OBSERVED HYDROGRAPHIC NETWORK · WWF / HydroSHEDS
40682422,40682616,41067217,2.73,0.219,12.4,5,HydroRIVERS v1.0 (HydroSHEDS),LineString,OBSERVED HYDROGRAPHIC NETWORK · WWF / HydroSHEDS
40682614,40682958,41067217,1.63,539.929,21893.2,3,HydroRIVERS v1.0 (HydroSHEDS),LineString,OBSERVED HYDROGRAPHIC NETWORK · WWF / HydroSHEDS
40682615,40679413,41067217,10.99,0.596,36.2,6,HydroRIVERS v1.0 (HydroSHEDS),LineString,OBSERVED HYDROGRAPHIC NETWORK · WWF / HydroSHEDS
40682616,40683172,41067217,2.03,0.685,39.0,4,HydroRIVERS v1.0 (HydroSHEDS),LineString,OBSERVED HYDROGRAPHIC NETWORK · WWF / HydroSHEDS
40682617,40682962,41067217,5.05,21.5,747.6,4,HydroRIVERS v1.0 (HydroSHEDS),LineString,OBSERVED HYDROGRAPHIC NETWORK · WWF / HydroSHEDS
40682618,40682617,41067217,0.6,0.147,6.7,5,HydroRIVERS v1.0 (HydroSHEDS),LineString,OBSERVED HYDROGRAPHIC NETWORK · WWF / HydroSHEDS
40682619,40682226,41067217,1.38,0.16,6.5,5,HydroRIVERS v1.0 (HydroSHEDS),LineString,OBSERVED HYDROGRAPHIC NETWORK · WWF / HydroSHEDS
40682780,40685147,41067217,3.64,0.289,16.9,4,HydroRIVERS v1.0 (HydroSHEDS),LineString,OBSERVED HYDROGRAPHIC NETWORK · WWF / HydroSHEDS
40682781,40683172,41067217,1.32,0.133,7.6,5,HydroRIVERS v1.0 (HydroSHEDS),LineString,OBSERVED HYDROGRAPHIC NETWORK · WWF / HydroSHEDS
40682782,40682784,41067217,8.71,0.578,32.1,5,HydroRIVERS v1.0 (HydroSHEDS),LineString,OBSERVED HYDROGRAPHIC NETWORK · WWF / HydroSHEDS
40682783,40684792,41067217,1.0,0.128,7.1,5,HydroRIVERS v1.0 (HydroSHEDS),LineString,OBSERVED HYDROGRAPHIC NETWORK · WWF / HydroSHEDS
40682784,40684792,41067217,1.39,1.582,86.8,4,HydroRIVERS v1.0 (HydroSHEDS),LineString,OBSERVED HYDROGRAPHIC NETWORK · WWF / HydroSHEDS
40682785,40682224,41067217,2.0,0.164,8.0,5,HydroRIVERS v1.0 (HydroSHEDS),LineString,OBSERVED HYDROGRAPHIC NETWORK · WWF / HydroSHEDS
40682953,40683749,41067217,4.0,1.697,98.2,5,HydroRIVERS v1.0 (HydroSHEDS),LineString,OBSERVED HYDROGRAPHIC NETWORK · WWF / HydroSHEDS
40682954,40683749,41067217,1.77,0.151,9.5,6,HydroRIVERS v1.0 (HydroSHEDS),LineString,OBSERVED HYDROGRAPHIC NETWORK · WWF / HydroSHEDS
40682955,40684262,41067217,1.69,0.382,22.8,6,HydroRIVERS v1.0 (HydroSHEDS),LineString,OBSERVED HYDROGRAPHIC NETWORK · WWF / HydroSHEDS
40682956,40684262,41067217,2.95,0.178,11.0,7,HydroRIVERS v1.0 (HydroSHEDS),LineString,OBSERVED HYDROGRAPHIC NETWORK · WWF / HydroSHEDS
40682957,40684427,41067217,3.46,20.94,1049.3,4,HydroRIVERS v1.0 (HydroSHEDS),LineString,OBSERVED HYDROGRAPHIC NETWORK · WWF / HydroSHEDS
40682958,40684427,41067217,1.23,541.777,22005.3,3,HydroRIVERS v1.0 (HydroSHEDS),LineString,OBSERVED HYDROGRAPHIC NETWORK · WWF / HydroSHEDS
40682959,40683751,41067217,2.77,8.252,491.2,5,HydroRIVERS v1.0 (HydroSHEDS),LineString,OBSERVED HYDROGRAPHIC NETWORK · WWF / HydroSHEDS
40682960,40682224,41067217,3.25,30.944,1155.6,4,HydroRIVERS v1.0 (HydroSHEDS),LineString,OBSERVED HYDROGRAPHIC NETWORK · WWF / HydroSHEDS
40682961,40682960,41067217,0.4,30.53,1135.7,4,HydroRIVERS v1.0 (HydroSHEDS),LineString,OBSERVED HYDROGRAPHIC NETWORK · WWF / HydroSHEDS
40682962,40682961,41067217,3.32,30.378,1128.5,4,HydroRIVERS v1.0 (HydroSHEDS),LineString,OBSERVED HYDROGRAPHIC NETWORK · WWF / HydroSHEDS
40682963,40682617,41067217,2.43,20.968,723.1,4,HydroRIVERS v1.0 (HydroSHEDS),LineString,OBSERVED HYDROGRAPHIC NETWORK · WWF / HydroSHEDS
40682964,40682963,41067217,0.92,0.136,6.1,5,HydroRIVERS v1.0 (HydroSHEDS),LineString,OBSERVED HYDROGRAPHIC NETWORK · WWF / HydroSHEDS
40683165,40684789,41067217,20.13,1.482,92.4,4,HydroRIVERS v1.0 (HydroSHEDS),LineString,OBSERVED HYDROGRAPHIC NETWORK · WWF / HydroSHEDS
40683166,40684789,41067217,8.34,0.307,22.9,5,HydroRIVERS v1.0 (HydroSHEDS),LineString,OBSERVED HYDROGRAPHIC NETWORK · WWF / HydroSHEDS
40683167,40685147,41067217,3.03,0.204,12.3,5,HydroRIVERS v1.0 (HydroSHEDS),LineString,OBSERVED HYDROGRAPHIC NETWORK · WWF / HydroSHEDS
40683168,40681672,41067217,7.18,3.766,233.6,4,HydroRIVERS v1.0 (HydroSHEDS),LineString,OBSERVED HYDROGRAPHIC NETWORK · WWF / HydroSHEDS
40683169,40681854,41067217,4.17,0.303,18.8,4,HydroRIVERS v1.0 (HydroSHEDS),LineString,OBSERVED HYDROGRAPHIC NETWORK · WWF / HydroSHEDS
40683170,40682038,41067217,7.53,0.493,30.3,6,HydroRIVERS v1.0 (HydroSHEDS),LineString,OBSERVED HYDROGRAPHIC NETWORK · WWF / HydroSHEDS
40683171,40683554,41067217,0.69,0.118,6.9,5,HydroRIVERS v1.0 (HydroSHEDS),LineString,OBSERVED HYDROGRAPHIC NETWORK · WWF / HydroSHEDS
40683172,40683554,41067217,3.04,1.02,58.3,4,HydroRIVERS v1.0 (HydroSHEDS),LineString,OBSERVED HYDROGRAPHIC NETWORK · WWF / HydroSHEDS
40683173,40682960,41067217,0.69,0.147,7.1,5,HydroRIVERS v1.0 (HydroSHEDS),LineString,OBSERVED HYDROGRAPHIC NETWORK · WWF / HydroSHEDS
40683174,40683386,41067217,3.72,19.073,640.0,4,HydroRIVERS v1.0 (HydroSHEDS),LineString,OBSERVED HYDROGRAPHIC NETWORK · WWF / HydroSHEDS
40683175,40683386,41067217,0.6,0.115,4.8,5,HydroRIVERS v1.0 (HydroSHEDS),LineString,OBSERVED HYDROGRAPHIC NETWORK · WWF / HydroSHEDS
40683378,40687657,41067217,5.24,0.322,29.5,5,HydroRIVERS v1.0 (HydroSHEDS),LineString,OBSERVED HYDROGRAPHIC NETWORK · WWF / HydroSHEDS
40683379,40687657,41067217,3.93,0.617,50.0,4,HydroRIVERS v1.0 (HydroSHEDS),LineString,OBSERVED HYDROGRAPHIC NETWORK · WWF / HydroSHEDS
40683380,40683751,41067217,3.05,0.261,16.2,6,HydroRIVERS v1.0 (HydroSHEDS),LineString,OBSERVED HYDROGRAPHIC NETWORK · WWF / HydroSHEDS
40683381,40683923,41067217,1.4,0.187,11.2,5,HydroRIVERS v1.0 (HydroSHEDS),LineString,OBSERVED HYDROGRAPHIC NETWORK · WWF / HydroSHEDS
40683382,40683923,41067217,1.38,0.254,15.1,6,HydroRIVERS v1.0 (HydroSHEDS),LineString,OBSERVED HYDROGRAPHIC NETWORK · WWF / HydroSHEDS
40683383,40682961,41067217,1.38,0.137,6.5,5,HydroRIVERS v1.0 (HydroSHEDS),LineString,OBSERVED HYDROGRAPHIC NETWORK · WWF / HydroSHEDS
40683384,40683555,41067217,2.23,0.205,9.1,5,HydroRIVERS v1.0 (HydroSHEDS),LineString,OBSERVED HYDROGRAPHIC NETWORK · WWF / HydroSHEDS
40683385,40683556,41067217,5.54,0.517,22.3,5,HydroRIVERS v1.0 (HydroSHEDS),LineString,OBSERVED HYDROGRAPHIC NETWORK · WWF / HydroSHEDS
40683386,40683556,41067217,2.62,19.418,654.7,4,HydroRIVERS v1.0 (HydroSHEDS),LineString,OBSERVED HYDROGRAPHIC NETWORK · WWF / HydroSHEDS
40683548,40684428,41067217,1.16,0.151,8.5,6,HydroRIVERS v1.0 (HydroSHEDS),LineString,OBSERVED HYDROGRAPHIC NETWORK · WWF / HydroSHEDS
40683549,40684428,41067217,0.4,0.449,26.2,5,HydroRIVERS v1.0 (HydroSHEDS),LineString,OBSERVED HYDROGRAPHIC NETWORK · WWF / HydroSHEDS
40683550,40683549,41067217,1.32,0.187,10.8,6,HydroRIVERS v1.0 (HydroSHEDS),LineString,OBSERVED HYDROGRAPHIC NETWORK · WWF / HydroSHEDS
40683551,40683168,41067217,1.83,0.189,11.2,5,HydroRIVERS v1.0 (HydroSHEDS),LineString,OBSERVED HYDROGRAPHIC NETWORK · WWF / HydroSHEDS
40683552,40681855,41067217,6.95,31.059,1927.3,4,HydroRIVERS v1.0 (HydroSHEDS),LineString,OBSERVED HYDROGRAPHIC NETWORK · WWF / HydroSHEDS
40683553,40683552,41067217,7.19,0.542,34.2,5,HydroRIVERS v1.0 (HydroSHEDS),LineString,OBSERVED HYDROGRAPHIC NETWORK · WWF / HydroSHEDS
40683554,40684101,41067217,2.03,1.234,70.8,4,HydroRIVERS v1.0 (HydroSHEDS),LineString,OBSERVED HYDROGRAPHIC NETWORK · WWF / HydroSHEDS
40683555,40682963,41067217,3.65,20.686,710.3,4,HydroRIVERS v1.0 (HydroSHEDS),LineString,OBSERVED HYDROGRAPHIC NETWORK · WWF / HydroSHEDS
40683556,40683555,41067217,4.43,20.299,693.0,4,HydroRIVERS v1.0 (HydroSHEDS),LineString,OBSERVED HYDROGRAPHIC NETWORK · WWF / HydroSHEDS
40683749,40684261,41067217,2.0,1.913,112.0,5,HydroRIVERS v1.0 (HydroSHEDS),LineString,OBSERVED HYDROGRAPHIC NETWORK · WWF / HydroSHEDS
40683750,40684261,41067217,8.33,0.405,25.1,6,HydroRIVERS v1.0 (HydroSHEDS),LineString,OBSERVED HYDROGRAPHIC NETWORK · WWF / HydroSHEDS
40683751,40683922,41067217,2.55,8.579,511.4,5,HydroRIVERS v1.0 (HydroSHEDS),LineString,OBSERVED HYDROGRAPHIC NETWORK · WWF / HydroSHEDS
40683919,40688713,41067217,0.92,0.13,9.7,5,HydroRIVERS v1.0 (HydroSHEDS),LineString,OBSERVED HYDROGRAPHIC NETWORK · WWF / HydroSHEDS
40683920,40688713,41067217,4.77,5.727,328.9,4,HydroRIVERS v1.0 (HydroSHEDS),LineString,OBSERVED HYDROGRAPHIC NETWORK · WWF / HydroSHEDS
40683921,40684616,41067217,7.46,0.926,58.1,6,HydroRIVERS v1.0 (HydroSHEDS),LineString,OBSERVED HYDROGRAPHIC NETWORK · WWF / HydroSHEDS
40683922,40684616,41067217,0.61,9.092,543.2,5,HydroRIVERS v1.0 (HydroSHEDS),LineString,OBSERVED HYDROGRAPHIC NETWORK · WWF / HydroSHEDS
40683923,40685709,41067217,1.39,0.473,28.1,5,HydroRIVERS v1.0 (HydroSHEDS),LineString,OBSERVED HYDROGRAPHIC NETWORK · WWF / HydroSHEDS
40684099,40683549,41067217,3.9,0.253,14.9,5,HydroRIVERS v1.0 (HydroSHEDS),LineString,OBSERVED HYDROGRAPHIC NETWORK · WWF / HydroSHEDS
40684100,40683168,41067217,3.72,3.183,199.6,4,HydroRIVERS v1.0 (HydroSHEDS),LineString,OBSERVED HYDROGRAPHIC NETWORK · WWF / HydroSHEDS
40684101,40685709,41067217,4.88,1.737,100.2,4,HydroRIVERS v1.0 (HydroSHEDS),LineString,OBSERVED HYDROGRAPHIC NETWORK · WWF / HydroSHEDS
40684261,40686060,41067217,1.54,2.368,140.4,5,HydroRIVERS v1.0 (HydroSHEDS),LineString,OBSERVED HYDROGRAPHIC NETWORK · WWF / HydroSHEDS
40684262,40686060,41067217,5.89,0.721,44.4,6,HydroRIVERS v1.0 (HydroSHEDS),LineString,OBSERVED HYDROGRAPHIC NETWORK · WWF / HydroSHEDS
40684263,40685883,41067217,8.69,0.481,28.8,6,HydroRIVERS v1.0 (HydroSHEDS),LineString,OBSERVED HYDROGRAPHIC NETWORK · WWF / HydroSHEDS
40684264,40684101,41067217,2.46,0.261,15.2,5,HydroRIVERS v1.0 (HydroSHEDS),LineString,OBSERVED HYDROGRAPHIC NETWORK · WWF / HydroSHEDS
40684426,40685883,41067217,5.61,0.281,17.5,7,HydroRIVERS v1.0 (HydroSHEDS),LineString,OBSERVED HYDROGRAPHIC NETWORK · WWF / HydroSHEDS
40684427,40685148,41067217,4.56,562.767,23071.8,3,HydroRIVERS v1.0 (HydroSHEDS),LineString,OBSERVED HYDROGRAPHIC NETWORK · WWF / HydroSHEDS
40684428,40684614,41067217,3.32,0.699,40.5,5,HydroRIVERS v1.0 (HydroSHEDS),LineString,OBSERVED HYDROGRAPHIC NETWORK · WWF / HydroSHEDS
40684429,40684793,41067217,5.07,0.49,25.8,5,HydroRIVERS v1.0 (HydroSHEDS),LineString,OBSERVED HYDROGRAPHIC NETWORK · WWF / HydroSHEDS
40684430,40684793,41067217,2.02,0.167,8.7,6,HydroRIVERS v1.0 (HydroSHEDS),LineString,OBSERVED HYDROGRAPHIC NETWORK · WWF / HydroSHEDS
40684614,40682958,41067217,9.21,1.756,104.1,4,HydroRIVERS v1.0 (HydroSHEDS),LineString,OBSERVED HYDROGRAPHIC NETWORK · WWF / HydroSHEDS
40684615,40684100,41067217,1.85,0.169,10.2,5,HydroRIVERS v1.0 (HydroSHEDS),LineString,OBSERVED HYDROGRAPHIC NETWORK · WWF / HydroSHEDS
40684616,40684791,41067217,2.7,10.129,608.8,5,HydroRIVERS v1.0 (HydroSHEDS),LineString,OBSERVED HYDROGRAPHIC NETWORK · WWF / HydroSHEDS
40684788,40686940,41067217,20.41,0.827,62.6,5,HydroRIVERS v1.0 (HydroSHEDS),LineString,OBSERVED HYDROGRAPHIC NETWORK · WWF / HydroSHEDS
40684789,40686940,41067217,6.02,1.911,125.9,4,HydroRIVERS v1.0 (HydroSHEDS),LineString,OBSERVED HYDROGRAPHIC NETWORK · WWF / HydroSHEDS
40684790,40685149,41067217,8.46,0.75,47.4,6,HydroRIVERS v1.0 (HydroSHEDS),LineString,OBSERVED HYDROGRAPHIC NETWORK · WWF / HydroSHEDS
40684791,40685149,41067217,1.82,10.347,623.3,5,HydroRIVERS v1.0 (HydroSHEDS),LineString,OBSERVED HYDROGRAPHIC NETWORK · WWF / HydroSHEDS
40684792,40685152,41067217,6.54,2.131,116.5,4,HydroRIVERS v1.0 (HydroSHEDS),LineString,OBSERVED HYDROGRAPHIC NETWORK · WWF / HydroSHEDS
40684793,40685153,41067217,1.08,0.695,36.6,5,HydroRIVERS v1.0 (HydroSHEDS),LineString,OBSERVED HYDROGRAPHIC NETWORK · WWF / HydroSHEDS
40684794,40685153,41067217,1.0,0.128,6.7,6,HydroRIVERS v1.0 (HydroSHEDS),LineString,OBSERVED HYDROGRAPHIC NETWORK · WWF / HydroSHEDS
40684795,40685524,41067217,5.4,0.507,26.0,6,HydroRIVERS v1.0 (HydroSHEDS),LineString,OBSERVED HYDROGRAPHIC NETWORK · WWF / HydroSHEDS
40684796,40685524,41067217,6.56,0.474,23.8,5,HydroRIVERS v1.0 (HydroSHEDS),LineString,OBSERVED HYDROGRAPHIC NETWORK · WWF / HydroSHEDS
40684952,40686415,41067217,6.94,0.357,25.3,6,HydroRIVERS v1.0 (HydroSHEDS),LineString,OBSERVED HYDROGRAPHIC NETWORK · WWF / HydroSHEDS
40684953,40686415,41067217,8.55,0.393,27.1,5,HydroRIVERS v1.0 (HydroSHEDS),LineString,OBSERVED HYDROGRAPHIC NETWORK · WWF / HydroSHEDS
40684954,40692670,41067217,2.0,0.142,8.9,6,HydroRIVERS v1.0 (HydroSHEDS),LineString,OBSERVED HYDROGRAPHIC NETWORK · WWF / HydroSHEDS
40684955,40692670,41067217,5.47,0.299,18.8,5,HydroRIVERS v1.0 (HydroSHEDS),LineString,OBSERVED HYDROGRAPHIC NETWORK · WWF / HydroSHEDS
40684956,40685148,41067217,6.05,0.296,17.7,4,HydroRIVERS v1.0 (HydroSHEDS),LineString,OBSERVED HYDROGRAPHIC NETWORK · WWF / HydroSHEDS
40684957,40683552,41067217,4.45,30.159,1870.8,4,HydroRIVERS v1.0 (HydroSHEDS),LineString,OBSERVED HYDROGRAPHIC NETWORK · WWF / HydroSHEDS
40684958,40683922,41067217,4.39,0.504,31.2,6,HydroRIVERS v1.0 (HydroSHEDS),LineString,OBSERVED HYDROGRAPHIC NETWORK · WWF / HydroSHEDS
40684959,40684958,41067217,0.92,0.12,7.4,7,HydroRIVERS v1.0 (HydroSHEDS),LineString,OBSERVED HYDROGRAPHIC NETWORK · WWF / HydroSHEDS
40684960,40685332,41067217,2.33,0.239,11.0,6,HydroRIVERS v1.0 (HydroSHEDS),LineString,OBSERVED HYDROGRAPHIC NETWORK · WWF / HydroSHEDS
40684961,40685332,41067217,0.69,0.125,5.6,7,HydroRIVERS v1.0 (HydroSHEDS),LineString,OBSERVED HYDROGRAPHIC NETWORK · WWF / HydroSHEDS
40685147,40685518,41067217,8.97,1.014,60.0,4,HydroRIVERS v1.0 (HydroSHEDS),LineString,OBSERVED HYDROGRAPHIC NETWORK · WWF / HydroSHEDS
40685148,40685518,41067217,3.91,563.227,23099.3,3,HydroRIVERS v1.0 (HydroSHEDS),LineString,OBSERVED HYDROGRAPHIC NETWORK · WWF / HydroSHEDS
40685149,40686067,41067217,1.08,11.11,672.0,5,HydroRIVERS v1.0 (HydroSHEDS),LineString,OBSERVED HYDROGRAPHIC NETWORK · WWF / HydroSHEDS
40685150,40684791,41067217,2.0,0.176,11.0,6,HydroRIVERS v1.0 (HydroSHEDS),LineString,OBSERVED HYDROGRAPHIC NETWORK · WWF / HydroSHEDS
40685151,40685152,41067217,10.36,0.81,44.6,5,HydroRIVERS v1.0 (HydroSHEDS),LineString,OBSERVED HYDROGRAPHIC NETWORK · WWF / HydroSHEDS
40685152,40686604,41067217,3.23,3.102,169.9,4,HydroRIVERS v1.0 (HydroSHEDS),LineString,OBSERVED HYDROGRAPHIC NETWORK · WWF / HydroSHEDS
40685153,40686604,41067217,0.93,0.847,44.6,5,HydroRIVERS v1.0 (HydroSHEDS),LineString,OBSERVED HYDROGRAPHIC NETWORK · WWF / HydroSHEDS
40685154,40685155,41067217,3.35,0.297,14.7,6,HydroRIVERS v1.0 (HydroSHEDS),LineString,OBSERVED HYDROGRAPHIC NETWORK · WWF / HydroSHEDS
40685155,40686771,41067217,0.4,0.488,24.2,6,HydroRIVERS v1.0 (HydroSHEDS),LineString,OBSERVED HYDROGRAPHIC NETWORK · WWF / HydroSHEDS
40685156,40686771,41067217,1.16,0.171,8.4,7,HydroRIVERS v1.0 (HydroSHEDS),LineString,OBSERVED HYDROGRAPHIC NETWORK · WWF / HydroSHEDS
40685328,40684100,41067217,6.42,2.797,176.3,4,HydroRIVERS v1.0 (HydroSHEDS),LineString,OBSERVED HYDROGRAPHIC NETWORK · WWF / HydroSHEDS
40685329,40685328,41067217,4.68,0.325,20.1,5,HydroRIVERS v1.0 (HydroSHEDS),LineString,OBSERVED HYDROGRAPHIC NETWORK · WWF / HydroSHEDS
40685330,40685331,41067217,1.0,0.136,8.6,5,HydroRIVERS v1.0 (HydroSHEDS),LineString,OBSERVED HYDROGRAPHIC NETWORK · WWF / HydroSHEDS
40685331,40684957,41067217,1.48,0.469,29.6,5,HydroRIVERS v1.0 (HydroSHEDS),LineString,OBSERVED HYDROGRAPHIC NETWORK · WWF / HydroSHEDS
40685332,40687098,41067217,1.48,0.417,19.0,6,HydroRIVERS v1.0 (HydroSHEDS),LineString,OBSERVED HYDROGRAPHIC NETWORK · WWF / HydroSHEDS
40685333,40687098,41067217,2.02,0.21,9.3,7,HydroRIVERS v1.0 (HydroSHEDS),LineString,OBSERVED HYDROGRAPHIC NETWORK · WWF / HydroSHEDS
40685334,40685886,41067217,2.23,0.21,8.6,6,HydroRIVERS v1.0 (HydroSHEDS),LineString,OBSERVED HYDROGRAPHIC NETWORK · WWF / HydroSHEDS
40685518,40686063,41067217,1.63,564.864,23197.8,3,HydroRIVERS v1.0 (HydroSHEDS),LineString,OBSERVED HYDROGRAPHIC NETWORK · WWF / HydroSHEDS
40685519,40685331,41067217,0.61,0.304,19.2,6,HydroRIVERS v1.0 (HydroSHEDS),LineString,OBSERVED HYDROGRAPHIC NETWORK · WWF / HydroSHEDS
40685520,40684958,41067217,2.44,0.214,13.2,6,HydroRIVERS v1.0 (HydroSHEDS),LineString,OBSERVED HYDROGRAPHIC NETWORK · WWF / HydroSHEDS
40685521,40687464,41067217,3.43,0.422,24.4,6,HydroRIVERS v1.0 (HydroSHEDS),LineString,OBSERVED HYDROGRAPHIC NETWORK · WWF / HydroSHEDS
40685522,40687464,41067217,3.01,0.274,15.6,5,HydroRIVERS v1.0 (HydroSHEDS),LineString,OBSERVED HYDROGRAPHIC NETWORK · WWF / HydroSHEDS
40685523,40686605,41067217,1.32,0.176,9.1,6,HydroRIVERS v1.0 (HydroSHEDS),LineString,OBSERVED HYDROGRAPHIC NETWORK · WWF / HydroSHEDS
40685524,40686605,41067217,2.55,1.163,59.1,5,HydroRIVERS v1.0 (HydroSHEDS),LineString,OBSERVED HYDROGRAPHIC NETWORK · WWF / HydroSHEDS
40685525,40685155,41067217,1.53,0.177,8.7,7,HydroRIVERS v1.0 (HydroSHEDS),LineString,OBSERVED HYDROGRAPHIC NETWORK · WWF / HydroSHEDS
40685705,40686061,41067217,6.57,0.395,26.4,7,HydroRIVERS v1.0 (HydroSHEDS),LineString,OBSERVED HYDROGRAPHIC NETWORK · WWF / HydroSHEDS
40685706,40685519,41067217,1.22,0.13,8.2,7,HydroRIVERS v1.0 (HydroSHEDS),LineString,OBSERVED HYDROGRAPHIC NETWORK · WWF / HydroSHEDS
40685707,40686067,41067217,2.4,0.173,10.8,6,HydroRIVERS v1.0 (HydroSHEDS),LineString,OBSERVED HYDROGRAPHIC NETWORK · WWF / HydroSHEDS
40685708,40686259,41067217,4.58,0.511,30.7,5,HydroRIVERS v1.0 (HydroSHEDS),LineString,OBSERVED HYDROGRAPHIC NETWORK · WWF / HydroSHEDS
40685709,40686259,41067217,6.18,2.597,151.3,4,HydroRIVERS v1.0 (HydroSHEDS),LineString,OBSERVED HYDROGRAPHIC NETWORK · WWF / HydroSHEDS
40685710,40685885,41067217,1.85,0.256,10.8,7,HydroRIVERS v1.0 (HydroSHEDS),LineString,OBSERVED HYDROGRAPHIC NETWORK · WWF / HydroSHEDS
40685883,40686061,41067217,8.79,0.976,61.3,6,HydroRIVERS v1.0 (HydroSHEDS),LineString,OBSERVED HYDROGRAPHIC NETWORK · WWF / HydroSHEDS
40685884,40687834,41067217,2.15,0.262,11.3,7,HydroRIVERS v1.0 (HydroSHEDS),LineString,OBSERVED HYDROGRAPHIC NETWORK · WWF / HydroSHEDS
40685885,40687834,41067217,0.61,1.118,45.9,6,HydroRIVERS v1.0 (HydroSHEDS),LineString,OBSERVED HYDROGRAPHIC NETWORK · WWF / HydroSHEDS
40685886,40685885,41067217,5.26,0.858,35.0,6,HydroRIVERS v1.0 (HydroSHEDS),LineString,OBSERVED HYDROGRAPHIC NETWORK · WWF / HydroSHEDS
40686060,40686418,41067217,5.08,3.2,193.4,5,HydroRIVERS v1.0 (HydroSHEDS),LineString,OBSERVED HYDROGRAPHIC NETWORK · WWF / HydroSHEDS
40686061,40686418,41067217,1.63,1.395,89.6,6,HydroRIVERS v1.0 (HydroSHEDS),LineString,OBSERVED HYDROGRAPHIC NETWORK · WWF / HydroSHEDS
40686062,40688569,41067217,3.65,0.248,15.4,4,HydroRIVERS v1.0 (HydroSHEDS),LineString,OBSERVED HYDROGRAPHIC NETWORK · WWF / HydroSHEDS
40686063,40688569,41067217,1.94,565.39,23230.9,3,HydroRIVERS v1.0 (HydroSHEDS),LineString,OBSERVED HYDROGRAPHIC NETWORK · WWF / HydroSHEDS
40686064,40685328,41067217,2.3,2.046,130.2,4,HydroRIVERS v1.0 (HydroSHEDS),LineString,OBSERVED HYDROGRAPHIC NETWORK · WWF / HydroSHEDS
40686065,40685519,41067217,1.62,0.168,10.6,6,HydroRIVERS v1.0 (HydroSHEDS),LineString,OBSERVED HYDROGRAPHIC NETWORK · WWF / HydroSHEDS
40686066,40687270,41067217,1.38,0.121,7.6,6,HydroRIVERS v1.0 (HydroSHEDS),LineString,OBSERVED HYDROGRAPHIC NETWORK · WWF / HydroSHEDS
40686067,40687270,41067217,3.32,11.406,692.1,5,HydroRIVERS v1.0 (HydroSHEDS),LineString,OBSERVED HYDROGRAPHIC NETWORK · WWF / HydroSHEDS
40686068,40686947,41067217,2.61,0.172,8.2,7,HydroRIVERS v1.0 (HydroSHEDS),LineString,OBSERVED HYDROGRAPHIC NETWORK · WWF / HydroSHEDS
40686069,40686947,41067217,2.23,0.205,9.7,8,HydroRIVERS v1.0 (HydroSHEDS),LineString,OBSERVED HYDROGRAPHIC NETWORK · WWF / HydroSHEDS
40686257,40684957,41067217,5.34,29.49,1825.8,4,HydroRIVERS v1.0 (HydroSHEDS),LineString,OBSERVED HYDROGRAPHIC NETWORK · WWF / HydroSHEDS
40686258,40688408,41067217,5.31,0.488,29.7,5,HydroRIVERS v1.0 (HydroSHEDS),LineString,OBSERVED HYDROGRAPHIC NETWORK · WWF / HydroSHEDS
40686259,40687461,41067217,1.54,3.151,184.6,4,HydroRIVERS v1.0 (HydroSHEDS),LineString,OBSERVED HYDROGRAPHIC NETWORK · WWF / HydroSHEDS
40686415,40688714,41067217,6.21,1.029,74.2,5,HydroRIVERS v1.0 (HydroSHEDS),LineString,OBSERVED HYDROGRAPHIC NETWORK · WWF / HydroSHEDS
40686416,40688714,41067217,9.09,0.461,33.1,6,HydroRIVERS v1.0 (HydroSHEDS),LineString,OBSERVED HYDROGRAPHIC NETWORK · WWF / HydroSHEDS
40686417,40687094,41067217,1.53,0.131,9.7,6,HydroRIVERS v1.0 (HydroSHEDS),LineString,OBSERVED HYDROGRAPHIC NETWORK · WWF / HydroSHEDS
40686418,40687094,41067217,0.93,4.612,284.4,5,HydroRIVERS v1.0 (HydroSHEDS),LineString,OBSERVED HYDROGRAPHIC NETWORK · WWF / HydroSHEDS
40686419,40684614,41067217,8.83,0.688,41.8,4,HydroRIVERS v1.0 (HydroSHEDS),LineString,OBSERVED HYDROGRAPHIC NETWORK · WWF / HydroSHEDS
40686420,40686064,41067217,2.03,0.633,39.8,5,HydroRIVERS v1.0 (HydroSHEDS),LineString,OBSERVED HYDROGRAPHIC NETWORK · WWF / HydroSHEDS
40686421,40686420,41067217,3.07,0.158,9.9,6,HydroRIVERS v1.0 (HydroSHEDS),LineString,OBSERVED HYDROGRAPHIC NETWORK · WWF / HydroSHEDS
40686422,40686420,41067217,3.43,0.402,25.3,5,HydroRIVERS v1.0 (HydroSHEDS),LineString,OBSERVED HYDROGRAPHIC NETWORK · WWF / HydroSHEDS
40686423,40688408,41067217,3.22,0.267,16.2,6,HydroRIVERS v1.0 (HydroSHEDS),LineString,OBSERVED HYDROGRAPHIC NETWORK · WWF / HydroSHEDS
40686424,40687461,41067217,3.43,0.241,14.1,5,HydroRIVERS v1.0 (HydroSHEDS),LineString,OBSERVED HYDROGRAPHIC NETWORK · WWF / HydroSHEDS
40686599,40691124,41067217,4.46,0.229,14.7,7,HydroRIVERS v1.0 (HydroSHEDS),LineString,OBSERVED HYDROGRAPHIC NETWORK · WWF / HydroSHEDS
40686600,40691124,41067217,4.39,0.325,21.0,6,HydroRIVERS v1.0 (HydroSHEDS),LineString,OBSERVED HYDROGRAPHIC NETWORK · WWF / HydroSHEDS
40686601,40686257,41067217,1.93,0.182,11.5,5,HydroRIVERS v1.0 (HydroSHEDS),LineString,OBSERVED HYDROGRAPHIC NETWORK · WWF / HydroSHEDS
40686602,40686257,41067217,1.63,29.102,1794.3,4,HydroRIVERS v1.0 (HydroSHEDS),LineString,OBSERVED HYDROGRAPHIC NETWORK · WWF / HydroSHEDS
40686603,40686602,41067217,10.56,0.554,35.1,5,HydroRIVERS v1.0 (HydroSHEDS),LineString,OBSERVED HYDROGRAPHIC NETWORK · WWF / HydroSHEDS
40686604,40687832,41067217,9.06,4.401,238.5,4,HydroRIVERS v1.0 (HydroSHEDS),LineString,OBSERVED HYDROGRAPHIC NETWORK · WWF / HydroSHEDS
40686605,40687832,41067217,3.08,1.538,78.4,5,HydroRIVERS v1.0 (HydroSHEDS),LineString,OBSERVED HYDROGRAPHIC NETWORK · WWF / HydroSHEDS
40686771,40686946,41067217,6.42,1.228,60.2,6,HydroRIVERS v1.0 (HydroSHEDS),LineString,OBSERVED HYDROGRAPHIC NETWORK · WWF / HydroSHEDS
40686772,40686946,41067217,1.62,0.17,8.2,7,HydroRIVERS v1.0 (HydroSHEDS),LineString,OBSERVED HYDROGRAPHIC NETWORK · WWF / HydroSHEDS
40686940,40690034,41067217,6.81,2.921,207.8,4,HydroRIVERS v1.0 (HydroSHEDS),LineString,OBSERVED HYDROGRAPHIC NETWORK · WWF / HydroSHEDS
40686941,40690034,41067217,21.27,2.443,169.2,3,HydroRIVERS v1.0 (HydroSHEDS),LineString,OBSERVED HYDROGRAPHIC NETWORK · WWF / HydroSHEDS
40686942,40686063,41067217,6.31,0.345,21.9,4,HydroRIVERS v1.0 (HydroSHEDS),LineString,OBSERVED HYDROGRAPHIC NETWORK · WWF / HydroSHEDS
40686943,40685518,41067217,13.43,0.595,36.8,5,HydroRIVERS v1.0 (HydroSHEDS),LineString,OBSERVED HYDROGRAPHIC NETWORK · WWF / HydroSHEDS
40686944,40687465,41067217,9.27,0.534,30.1,6,HydroRIVERS v1.0 (HydroSHEDS),LineString,OBSERVED HYDROGRAPHIC NETWORK · WWF / HydroSHEDS
40686945,40687465,41067217,1.53,0.2,11.2,7,HydroRIVERS v1.0 (HydroSHEDS),LineString,OBSERVED HYDROGRAPHIC NETWORK · WWF / HydroSHEDS
40686946,40687273,41067217,2.62,1.561,76.2,6,HydroRIVERS v1.0 (HydroSHEDS),LineString,OBSERVED HYDROGRAPHIC NETWORK · WWF / HydroSHEDS
40686947,40687273,41067217,3.17,0.459,21.8,7,HydroRIVERS v1.0 (HydroSHEDS),LineString,OBSERVED HYDROGRAPHIC NETWORK · WWF / HydroSHEDS
40687094,40691363,41067217,2.7,4.819,300.4,5,HydroRIVERS v1.0 (HydroSHEDS),LineString,OBSERVED HYDROGRAPHIC NETWORK · WWF / HydroSHEDS
40687095,40691363,41067217,3.96,0.205,14.7,6,HydroRIVERS v1.0 (HydroSHEDS),LineString,OBSERVED HYDROGRAPHIC NETWORK · WWF / HydroSHEDS
40687096,40686602,41067217,1.69,28.512,1754.9,4,HydroRIVERS v1.0 (HydroSHEDS),LineString,OBSERVED HYDROGRAPHIC NETWORK · WWF / HydroSHEDS
40687097,40689845,41067217,0.92,0.113,5.0,7,HydroRIVERS v1.0 (HydroSHEDS),LineString,OBSERVED HYDROGRAPHIC NETWORK · WWF / HydroSHEDS
40687098,40689845,41067217,8.91,1.274,57.1,6,HydroRIVERS v1.0 (HydroSHEDS),LineString,OBSERVED HYDROGRAPHIC NETWORK · WWF / HydroSHEDS
40687270,40687660,41067217,4.24,11.783,717.9,5,HydroRIVERS v1.0 (HydroSHEDS),LineString,OBSERVED HYDROGRAPHIC NETWORK · WWF / HydroSHEDS
40687271,40689099,41067217,3.65,0.361,19.5,5,HydroRIVERS v1.0 (HydroSHEDS),LineString,OBSERVED HYDROGRAPHIC NETWORK · WWF / HydroSHEDS
40687272,40689099,41067217,1.16,0.143,7.6,6,HydroRIVERS v1.0 (HydroSHEDS),LineString,OBSERVED HYDROGRAPHIC NETWORK · WWF / HydroSHEDS
40687273,40688411,41067217,1.63,2.082,101.0,6,HydroRIVERS v1.0 (HydroSHEDS),LineString,OBSERVED HYDROGRAPHIC NETWORK · WWF / HydroSHEDS
40687274,40688411,41067217,7.62,0.538,25.1,7,HydroRIVERS v1.0 (HydroSHEDS),LineString,OBSERVED HYDROGRAPHIC NETWORK · WWF / HydroSHEDS
40687459,40687096,41067217,2.43,12.337,755.3,5,HydroRIVERS v1.0 (HydroSHEDS),LineString,OBSERVED HYDROGRAPHIC NETWORK · WWF / HydroSHEDS
40687460,40687459,41067217,7.38,0.279,17.7,6,HydroRIVERS v1.0 (HydroSHEDS),LineString,OBSERVED HYDROGRAPHIC NETWORK · WWF / HydroSHEDS
40687461,40688410,41067217,4.54,3.638,213.4,4,HydroRIVERS v1.0 (HydroSHEDS),LineString,OBSERVED HYDROGRAPHIC NETWORK · WWF / HydroSHEDS
40687462,40687463,41067217,0.69,0.116,6.7,6,HydroRIVERS v1.0 (HydroSHEDS),LineString,OBSERVED HYDROGRAPHIC NETWORK · WWF / HydroSHEDS
40687463,40688574,41067217,2.83,0.379,21.8,6,HydroRIVERS v1.0 (HydroSHEDS),LineString,OBSERVED HYDROGRAPHIC NETWORK · WWF / HydroSHEDS
40687464,40688574,41067217,6.14,1.025,58.8,5,HydroRIVERS v1.0 (HydroSHEDS),LineString,OBSERVED HYDROGRAPHIC NETWORK · WWF / HydroSHEDS
40687465,40687831,41067217,2.24,0.793,44.6,6,HydroRIVERS v1.0 (HydroSHEDS),LineString,OBSERVED HYDROGRAPHIC NETWORK · WWF / HydroSHEDS
40687466,40687831,41067217,2.63,0.303,16.7,7,HydroRIVERS v1.0 (HydroSHEDS),LineString,OBSERVED HYDROGRAPHIC NETWORK · WWF / HydroSHEDS
40687467,40687833,41067217,3.88,0.429,21.6,5,HydroRIVERS v1.0 (HydroSHEDS),LineString,OBSERVED HYDROGRAPHIC NETWORK · WWF / HydroSHEDS
40687656,40688215,41067217,3.8,0.181,21.2,5,HydroRIVERS v1.0 (HydroSHEDS),LineString,OBSERVED HYDROGRAPHIC NETWORK · WWF / HydroSHEDS
40687657,40688215,41067217,13.57,1.225,110.4,4,HydroRIVERS v1.0 (HydroSHEDS),LineString,OBSERVED HYDROGRAPHIC NETWORK · WWF / HydroSHEDS
40687658,40687828,41067217,7.17,0.474,29.0,4,HydroRIVERS v1.0 (HydroSHEDS),LineString,OBSERVED HYDROGRAPHIC NETWORK · WWF / HydroSHEDS
40687659,40687828,41067217,1.72,0.294,18.4,5,HydroRIVERS v1.0 (HydroSHEDS),LineString,OBSERVED HYDROGRAPHIC NETWORK · WWF / HydroSHEDS
40687660,40687459,41067217,2.24,12.009,733.2,5,HydroRIVERS v1.0 (HydroSHEDS),LineString,OBSERVED HYDROGRAPHIC NETWORK · WWF / HydroSHEDS
40687661,40687660,41067217,3.03,0.178,11.2,6,HydroRIVERS v1.0 (HydroSHEDS),LineString,OBSERVED HYDROGRAPHIC NETWORK · WWF / HydroSHEDS
40687662,40687463,41067217,1.32,0.149,8.6,7,HydroRIVERS v1.0 (HydroSHEDS),LineString,OBSERVED HYDROGRAPHIC NETWORK · WWF / HydroSHEDS
40687663,40687833,41067217,0.92,0.15,7.6,7,HydroRIVERS v1.0 (HydroSHEDS),LineString,OBSERVED HYDROGRAPHIC NETWORK · WWF / HydroSHEDS
40687664,40687833,41067217,4.03,0.29,14.5,6,HydroRIVERS v1.0 (HydroSHEDS),LineString,OBSERVED HYDROGRAPHIC NETWORK · WWF / HydroSHEDS
40687828,40688916,41067217,0.61,0.771,47.6,4,HydroRIVERS v1.0 (HydroSHEDS),LineString,OBSERVED HYDROGRAPHIC NETWORK · WWF / HydroSHEDS
40687829,40688410,41067217,2.83,0.871,50.8,5,HydroRIVERS v1.0 (HydroSHEDS),LineString,OBSERVED HYDROGRAPHIC NETWORK · WWF / HydroSHEDS
40687830,40687829,41067217,0.92,0.124,7.3,6,HydroRIVERS v1.0 (HydroSHEDS),LineString,OBSERVED HYDROGRAPHIC NETWORK · WWF / HydroSHEDS
40687831,40688575,41067217,0.93,1.126,63.0,6,HydroRIVERS v1.0 (HydroSHEDS),LineString,OBSERVED HYDROGRAPHIC NETWORK · WWF / HydroSHEDS
40687832,40689276,41067217,3.99,6.148,327.9,4,HydroRIVERS v1.0 (HydroSHEDS),LineString,OBSERVED HYDROGRAPHIC NETWORK · WWF / HydroSHEDS
40687833,40689276,41067217,2.43,0.952,48.0,5,HydroRIVERS v1.0 (HydroSHEDS),LineString,OBSERVED HYDROGRAPHIC NETWORK · WWF / HydroSHEDS
40687834,40688223,41067217,8.15,2.017,84.2,6,HydroRIVERS v1.0 (HydroSHEDS),LineString,OBSERVED HYDROGRAPHIC NETWORK · WWF / HydroSHEDS
40688012,40687096,41067217,2.77,16.133,995.0,4,HydroRIVERS v1.0 (HydroSHEDS),LineString,OBSERVED HYDROGRAPHIC NETWORK · WWF / HydroSHEDS
40688013,40688219,41067217,2.92,0.16,9.3,6,HydroRIVERS v1.0 (HydroSHEDS),LineString,OBSERVED HYDROGRAPHIC NETWORK · WWF / HydroSHEDS
40688014,40688219,41067217,1.93,0.238,13.8,5,HydroRIVERS v1.0 (HydroSHEDS),LineString,OBSERVED HYDROGRAPHIC NETWORK · WWF / HydroSHEDS
40688015,40688575,41067217,1.83,0.158,8.7,7,HydroRIVERS v1.0 (HydroSHEDS),LineString,OBSERVED HYDROGRAPHIC NETWORK · WWF / HydroSHEDS
40688215,40690033,41067217,2.92,1.434,135.3,4,HydroRIVERS v1.0 (HydroSHEDS),LineString,OBSERVED HYDROGRAPHIC NETWORK · WWF / HydroSHEDS
40688216,40690033,41067217,13.88,0.55,54.3,5,HydroRIVERS v1.0 (HydroSHEDS),LineString,OBSERVED HYDROGRAPHIC NETWORK · WWF / HydroSHEDS
40688217,40690399,41067217,0.69,0.116,7.6,4,HydroRIVERS v1.0 (HydroSHEDS),LineString,OBSERVED HYDROGRAPHIC NETWORK · WWF / HydroSHEDS
40688218,40690399,41067217,0.6,0.104,6.9,5,HydroRIVERS v1.0 (HydroSHEDS),LineString,OBSERVED HYDROGRAPHIC NETWORK · WWF / HydroSHEDS
40688219,40687829,41067217,4.12,0.614,35.7,5,HydroRIVERS v1.0 (HydroSHEDS),LineString,OBSERVED HYDROGRAPHIC NETWORK · WWF / HydroSHEDS
40688220,40688725,41067217,1.72,0.181,8.9,8,HydroRIVERS v1.0 (HydroSHEDS),LineString,OBSERVED HYDROGRAPHIC NETWORK · WWF / HydroSHEDS
40688221,40688727,41067217,3.16,0.203,9.3,7,HydroRIVERS v1.0 (HydroSHEDS),LineString,OBSERVED HYDROGRAPHIC NETWORK · WWF / HydroSHEDS
40688222,40688727,41067217,1.68,0.144,6.5,8,HydroRIVERS v1.0 (HydroSHEDS),LineString,OBSERVED HYDROGRAPHIC NETWORK · WWF / HydroSHEDS
40688407,40688916,41067217,4.45,0.216,13.8,5,HydroRIVERS v1.0 (HydroSHEDS),LineString,OBSERVED HYDROGRAPHIC NETWORK · WWF / HydroSHEDS
40688408,40688720,41067217,6.61,1.138,69.6,5,HydroRIVERS v1.0 (HydroSHEDS),LineString,OBSERVED HYDROGRAPHIC NETWORK · WWF / HydroSHEDS
40688409,40691367,41067217,5.5,0.432,25.9,5,HydroRIVERS v1.0 (HydroSHEDS),LineString,OBSERVED HYDROGRAPHIC NETWORK · WWF / HydroSHEDS
40688410,40691367,41067217,2.77,4.586,268.8,4,HydroRIVERS v1.0 (HydroSHEDS),LineString,OBSERVED HYDROGRAPHIC NETWORK · WWF / HydroSHEDS
40688411,40688576,41067217,3.88,2.808,135.0,6,HydroRIVERS v1.0 (HydroSHEDS),LineString,OBSERVED HYDROGRAPHIC NETWORK · WWF / HydroSHEDS
40688412,40688576,41067217,4.39,0.344,16.0,7,HydroRIVERS v1.0 (HydroSHEDS),LineString,OBSERVED HYDROGRAPHIC NETWORK · WWF / HydroSHEDS
40688568,40690398,41067217,2.17,0.218,14.9,4,HydroRIVERS v1.0 (HydroSHEDS),LineString,OBSERVED HYDROGRAPHIC NETWORK · WWF / HydroSHEDS
40688569,40690398,41067217,7.83,566.129,23278.5,3,HydroRIVERS v1.0 (HydroSHEDS),LineString,OBSERVED HYDROGRAPHIC NETWORK · WWF / HydroSHEDS
40688570,40686064,41067217,7.83,1.29,82.6,4,HydroRIVERS v1.0 (HydroSHEDS),LineString,OBSERVED HYDROGRAPHIC NETWORK · WWF / HydroSHEDS
40688571,40689097,41067217,0.69,0.12,7.6,5,HydroRIVERS v1.0 (HydroSHEDS),LineString,OBSERVED HYDROGRAPHIC NETWORK · WWF / HydroSHEDS
40688572,40689097,41067217,3.93,0.278,17.7,4,HydroRIVERS v1.0 (HydroSHEDS),LineString,OBSERVED HYDROGRAPHIC NETWORK · WWF / HydroSHEDS
40688573,40688719,41067217,0.69,0.118,7.3,6,HydroRIVERS v1.0 (HydroSHEDS),LineString,OBSERVED HYDROGRAPHIC NETWORK · WWF / HydroSHEDS
40688574,40689275,41067217,5.69,1.689,96.7,5,HydroRIVERS v1.0 (HydroSHEDS),LineString,OBSERVED HYDROGRAPHIC NETWORK · WWF / HydroSHEDS
40688575,40689275,41067217,2.15,1.359,76.1,6,HydroRIVERS v1.0 (HydroSHEDS),LineString,OBSERVED HYDROGRAPHIC NETWORK · WWF / HydroSHEDS
40688576,40688920,41067217,1.01,3.168,151.7,6,HydroRIVERS v1.0 (HydroSHEDS),LineString,OBSERVED HYDROGRAPHIC NETWORK · WWF / HydroSHEDS
40688713,40689273,41067217,17.36,6.555,400.9,4,HydroRIVERS v1.0 (HydroSHEDS),LineString,OBSERVED HYDROGRAPHIC NETWORK · WWF / HydroSHEDS
40688714,40689273,41067217,6.77,1.649,120.8,5,HydroRIVERS v1.0 (HydroSHEDS),LineString,OBSERVED HYDROGRAPHIC NETWORK · WWF / HydroSHEDS
40688715,40688570,41067217,0.92,0.124,8.0,5,HydroRIVERS v1.0 (HydroSHEDS),LineString,OBSERVED HYDROGRAPHIC NETWORK · WWF / HydroSHEDS
40688716,40688717,41067217,1.31,0.197,12.5,6,HydroRIVERS v1.0 (HydroSHEDS),LineString,OBSERVED HYDROGRAPHIC NETWORK · WWF / HydroSHEDS
40688717,40688012,41067217,2.7,1.071,67.9,5,HydroRIVERS v1.0 (HydroSHEDS),LineString,OBSERVED HYDROGRAPHIC NETWORK · WWF / HydroSHEDS
40688718,40689636,41067217,5.46,0.39,24.2,6,HydroRIVERS v1.0 (HydroSHEDS),LineString,OBSERVED HYDROGRAPHIC NETWORK · WWF / HydroSHEDS
40688719,40689636,41067217,2.22,2.135,131.0,5,HydroRIVERS v1.0 (HydroSHEDS),LineString,OBSERVED HYDROGRAPHIC NETWORK · WWF / HydroSHEDS
40688720,40688719,41067217,4.65,1.975,120.9,5,HydroRIVERS v1.0 (HydroSHEDS),LineString,OBSERVED HYDROGRAPHIC NETWORK · WWF / HydroSHEDS
40688721,40688720,41067217,2.03,0.65,39.5,6,HydroRIVERS v1.0 (HydroSHEDS),LineString,OBSERVED HYDROGRAPHIC NETWORK · WWF / HydroSHEDS
40688722,40688721,41067217,0.92,0.129,7.8,7,HydroRIVERS v1.0 (HydroSHEDS),LineString,OBSERVED HYDROGRAPHIC NETWORK · WWF / HydroSHEDS
40688723,40691367,41067217,2.63,0.196,11.5,6,HydroRIVERS v1.0 (HydroSHEDS),LineString,OBSERVED HYDROGRAPHIC NETWORK · WWF / HydroSHEDS
40688724,40688725,41067217,2.4,0.181,8.9,7,HydroRIVERS v1.0 (HydroSHEDS),LineString,OBSERVED HYDROGRAPHIC NETWORK · WWF / HydroSHEDS
40688725,40688919,41067217,3.85,0.625,30.7,7,HydroRIVERS v1.0 (HydroSHEDS),LineString,OBSERVED HYDROGRAPHIC NETWORK · WWF / HydroSHEDS
40688726,40688920,41067217,1.42,1.706,82.6,7,HydroRIVERS v1.0 (HydroSHEDS),LineString,OBSERVED HYDROGRAPHIC NETWORK · WWF / HydroSHEDS
40688727,40688921,41067217,1.54,0.4,18.2,7,HydroRIVERS v1.0 (HydroSHEDS),LineString,OBSERVED HYDROGRAPHIC NETWORK · WWF / HydroSHEDS
40688728,40688921,41067217,1.62,0.144,6.5,8,HydroRIVERS v1.0 (HydroSHEDS),LineString,OBSERVED HYDROGRAPHIC NETWORK · WWF / HydroSHEDS
40688915,40690038,41067217,8.79,0.364,23.1,5,HydroRIVERS v1.0 (HydroSHEDS),LineString,OBSERVED HYDROGRAPHIC NETWORK · WWF / HydroSHEDS
40688916,40689634,41067217,3.53,1.169,72.9,4,HydroRIVERS v1.0 (HydroSHEDS),LineString,OBSERVED HYDROGRAPHIC NETWORK · WWF / HydroSHEDS
40688917,40689634,41067217,1.41,0.155,10.1,5,HydroRIVERS v1.0 (HydroSHEDS),LineString,OBSERVED HYDROGRAPHIC NETWORK · WWF / HydroSHEDS
40688918,40688012,41067217,4.67,15.022,922.6,4,HydroRIVERS v1.0 (HydroSHEDS),LineString,OBSERVED HYDROGRAPHIC NETWORK · WWF / HydroSHEDS
40688919,40688726,41067217,4.44,1.209,59.0,7,HydroRIVERS v1.0 (HydroSHEDS),LineString,OBSERVED HYDROGRAPHIC NETWORK · WWF / HydroSHEDS
40688920,40689638,41067217,3.64,5.13,246.3,6,HydroRIVERS v1.0 (HydroSHEDS),LineString,OBSERVED HYDROGRAPHIC NETWORK · WWF / HydroSHEDS
40688921,40689638,41067217,0.61,0.548,24.9,7,HydroRIVERS v1.0 (HydroSHEDS),LineString,OBSERVED HYDROGRAPHIC NETWORK · WWF / HydroSHEDS
40689096,40690038,41067217,9.44,0.504,32.6,4,HydroRIVERS v1.0 (HydroSHEDS),LineString,OBSERVED HYDROGRAPHIC NETWORK · WWF / HydroSHEDS
40689097,40688570,41067217,6.74,0.714,45.8,4,HydroRIVERS v1.0 (HydroSHEDS),LineString,OBSERVED HYDROGRAPHIC NETWORK · WWF / HydroSHEDS
40689098,40688721,41067217,2.95,0.354,21.4,6,HydroRIVERS v1.0 (HydroSHEDS),LineString,OBSERVED HYDROGRAPHIC NETWORK · WWF / HydroSHEDS
40689099,40689447,41067217,5.08,0.795,42.6,5,HydroRIVERS v1.0 (HydroSHEDS),LineString,OBSERVED HYDROGRAPHIC NETWORK · WWF / HydroSHEDS
40689273,40690035,41067217,2.24,8.311,532.5,4,HydroRIVERS v1.0 (HydroSHEDS),LineString,OBSERVED HYDROGRAPHIC NETWORK · WWF / HydroSHEDS
40689274,40690035,41067217,3.37,0.174,14.3,5,HydroRIVERS v1.0 (HydroSHEDS),LineString,OBSERVED HYDROGRAPHIC NETWORK · WWF / HydroSHEDS
40689275,40690407,41067217,1.85,3.131,177.4,5,HydroRIVERS v1.0 (HydroSHEDS),LineString,OBSERVED HYDROGRAPHIC NETWORK · WWF / HydroSHEDS
40689276,40689449,41067217,5.56,7.455,394.7,4,HydroRIVERS v1.0 (HydroSHEDS),LineString,OBSERVED HYDROGRAPHIC NETWORK · WWF / HydroSHEDS
40689442,40690768,41067217,8.91,0.509,36.6,7,HydroRIVERS v1.0 (HydroSHEDS),LineString,OBSERVED HYDROGRAPHIC NETWORK · WWF / HydroSHEDS
40689443,40690768,41067217,4.32,0.16,11.5,8,HydroRIVERS v1.0 (HydroSHEDS),LineString,OBSERVED HYDROGRAPHIC NETWORK · WWF / HydroSHEDS
40689444,40690407,41067217,3.06,0.262,14.5,6,HydroRIVERS v1.0 (HydroSHEDS),LineString,OBSERVED HYDROGRAPHIC NETWORK · WWF / HydroSHEDS
40689445,40689839,41067217,3.75,0.383,20.8,5,HydroRIVERS v1.0 (HydroSHEDS),LineString,OBSERVED HYDROGRAPHIC NETWORK · WWF / HydroSHEDS
40689446,40689839,41067217,3.16,0.197,10.6,6,HydroRIVERS v1.0 (HydroSHEDS),LineString,OBSERVED HYDROGRAPHIC NETWORK · WWF / HydroSHEDS
40689447,40689839,41067217,1.23,11.033,581.7,4,HydroRIVERS v1.0 (HydroSHEDS),LineString,OBSERVED HYDROGRAPHIC NETWORK · WWF / HydroSHEDS
40689448,40689447,41067217,2.03,10.212,537.7,4,HydroRIVERS v1.0 (HydroSHEDS),LineString,OBSERVED HYDROGRAPHIC NETWORK · WWF / HydroSHEDS
40689449,40689448,41067217,2.22,8.865,466.9,4,HydroRIVERS v1.0 (HydroSHEDS),LineString,OBSERVED HYDROGRAPHIC NETWORK · WWF / HydroSHEDS
40689450,40688919,41067217,3.31,0.309,15.1,8,HydroRIVERS v1.0 (HydroSHEDS),LineString,OBSERVED HYDROGRAPHIC NETWORK · WWF / HydroSHEDS
40689634,40690927,41067217,2.71,1.427,89.7,4,HydroRIVERS v1.0 (HydroSHEDS),LineString,OBSERVED HYDROGRAPHIC NETWORK · WWF / HydroSHEDS
40689635,40688918,41067217,10.52,14.392,879.9,4,HydroRIVERS v1.0 (HydroSHEDS),LineString,OBSERVED HYDROGRAPHIC NETWORK · WWF / HydroSHEDS
40689636,40689635,41067217,3.97,2.611,160.9,5,HydroRIVERS v1.0 (HydroSHEDS),LineString,OBSERVED HYDROGRAPHIC NETWORK · WWF / HydroSHEDS
40689637,40689449,41067217,6.09,1.339,68.3,5,HydroRIVERS v1.0 (HydroSHEDS),LineString,OBSERVED HYDROGRAPHIC NETWORK · WWF / HydroSHEDS
40689638,40690044,41067217,2.85,6.115,291.5,6,HydroRIVERS v1.0 (HydroSHEDS),LineString,OBSERVED HYDROGRAPHIC NETWORK · WWF / HydroSHEDS
40689639,40689846,41067217,5.01,14.342,518.1,5,HydroRIVERS v1.0 (HydroSHEDS),LineString,OBSERVED HYDROGRAPHIC NETWORK · WWF / HydroSHEDS
40689839,40691127,41067217,0.93,11.635,614.5,4,HydroRIVERS v1.0 (HydroSHEDS),LineString,OBSERVED HYDROGRAPHIC NETWORK · WWF / HydroSHEDS
40689840,40691127,41067217,0.6,0.119,6.3,5,HydroRIVERS v1.0 (HydroSHEDS),LineString,OBSERVED HYDROGRAPHIC NETWORK · WWF / HydroSHEDS
40689841,40689637,41067217,2.62,0.808,40.8,5,HydroRIVERS v1.0 (HydroSHEDS),LineString,OBSERVED HYDROGRAPHIC NETWORK · WWF / HydroSHEDS
40689842,40689841,41067217,2.02,0.233,11.7,6,HydroRIVERS v1.0 (HydroSHEDS),LineString,OBSERVED HYDROGRAPHIC NETWORK · WWF / HydroSHEDS
40689843,40689638,41067217,3.22,0.299,14.0,8,HydroRIVERS v1.0 (HydroSHEDS),LineString,OBSERVED HYDROGRAPHIC NETWORK · WWF / HydroSHEDS
40689844,40690770,41067217,1.16,0.183,8.2,7,HydroRIVERS v1.0 (HydroSHEDS),LineString,OBSERVED HYDROGRAPHIC NETWORK · WWF / HydroSHEDS
40689845,40690771,41067217,10.36,2.116,93.7,6,HydroRIVERS v1.0 (HydroSHEDS),LineString,OBSERVED HYDROGRAPHIC NETWORK · WWF / HydroSHEDS
40689846,40690771,41067217,0.61,18.282,666.1,5,HydroRIVERS v1.0 (HydroSHEDS),LineString,OBSERVED HYDROGRAPHIC NETWORK · WWF / HydroSHEDS
40690033,40692128,41067217,5.68,2.149,211.5,4,HydroRIVERS v1.0 (HydroSHEDS),LineString,OBSERVED HYDROGRAPHIC NETWORK · WWF / HydroSHEDS
40690034,40692128,41067217,9.93,5.688,418.3,3,HydroRIVERS v1.0 (HydroSHEDS),LineString,OBSERVED HYDROGRAPHIC NETWORK · WWF / HydroSHEDS
40690035,40691362,41067217,3.66,8.56,555.4,4,HydroRIVERS v1.0 (HydroSHEDS),LineString,OBSERVED HYDROGRAPHIC NETWORK · WWF / HydroSHEDS
40690036,40691362,41067217,1.62,0.133,11.2,5,HydroRIVERS v1.0 (HydroSHEDS),LineString,OBSERVED HYDROGRAPHIC NETWORK · WWF / HydroSHEDS
40690037,40691544,41067217,1.31,0.127,8.6,6,HydroRIVERS v1.0 (HydroSHEDS),LineString,OBSERVED HYDROGRAPHIC NETWORK · WWF / HydroSHEDS
40690038,40691544,41067217,4.03,1.095,70.5,4,HydroRIVERS v1.0 (HydroSHEDS),LineString,OBSERVED HYDROGRAPHIC NETWORK · WWF / HydroSHEDS
40690039,40691544,41067217,5.76,0.322,21.6,5,HydroRIVERS v1.0 (HydroSHEDS),LineString,OBSERVED HYDROGRAPHIC NETWORK · WWF / HydroSHEDS
40690040,40690927,41067217,2.11,0.189,12.5,5,HydroRIVERS v1.0 (HydroSHEDS),LineString,OBSERVED HYDROGRAPHIC NETWORK · WWF / HydroSHEDS
40690041,40690404,41067217,2.7,0.175,11.2,6,HydroRIVERS v1.0 (HydroSHEDS),LineString,OBSERVED HYDROGRAPHIC NETWORK · WWF / HydroSHEDS
40690042,40690404,41067217,3.9,0.443,28.3,5,HydroRIVERS v1.0 (HydroSHEDS),LineString,OBSERVED HYDROGRAPHIC NETWORK · WWF / HydroSHEDS
40690043,40688726,41067217,4.3,0.465,22.2,8,HydroRIVERS v1.0 (HydroSHEDS),LineString,OBSERVED HYDROGRAPHIC NETWORK · WWF / HydroSHEDS
40690044,40690045,41067217,3.66,6.433,306.0,6,HydroRIVERS v1.0 (HydroSHEDS),LineString,OBSERVED HYDROGRAPHIC NETWORK · WWF / HydroSHEDS
40690045,40690770,41067217,0.61,6.653,316.1,6,HydroRIVERS v1.0 (HydroSHEDS),LineString,OBSERVED HYDROGRAPHIC NETWORK · WWF / HydroSHEDS
40690225,40690931,41067217,1.68,0.136,8.2,5,HydroRIVERS v1.0 (HydroSHEDS),LineString,OBSERVED HYDROGRAPHIC NETWORK · WWF / HydroSHEDS
40690226,40690931,41067217,0.92,0.143,8.6,6,HydroRIVERS v1.0 (HydroSHEDS),LineString,OBSERVED HYDROGRAPHIC NETWORK · WWF / HydroSHEDS
40690227,40689637,41067217,1.62,0.195,10.1,6,HydroRIVERS v1.0 (HydroSHEDS),LineString,OBSERVED HYDROGRAPHIC NETWORK · WWF / HydroSHEDS
40690228,40690044,41067217,1.85,0.174,8.0,7,HydroRIVERS v1.0 (HydroSHEDS),LineString,OBSERVED HYDROGRAPHIC NETWORK · WWF / HydroSHEDS
40690398,40690595,41067217,5.53,566.547,23307.5,3,HydroRIVERS v1.0 (HydroSHEDS),LineString,OBSERVED HYDROGRAPHIC NETWORK · WWF / HydroSHEDS
40690399,40690595,41067217,9.19,0.515,34.8,4,HydroRIVERS v1.0 (HydroSHEDS),LineString,OBSERVED HYDROGRAPHIC NETWORK · WWF / HydroSHEDS
40690400,40693739,41067217,5.25,0.263,17.1,5,HydroRIVERS v1.0 (HydroSHEDS),LineString,OBSERVED HYDROGRAPHIC NETWORK · WWF / HydroSHEDS
40690401,40690928,41067217,1.62,0.132,8.6,5,HydroRIVERS v1.0 (HydroSHEDS),LineString,OBSERVED HYDROGRAPHIC NETWORK · WWF / HydroSHEDS
40690402,40690928,41067217,7.88,0.445,29.0,4,HydroRIVERS v1.0 (HydroSHEDS),LineString,OBSERVED HYDROGRAPHIC NETWORK · WWF / HydroSHEDS
40690403,40692847,41067217,1.77,0.188,12.1,6,HydroRIVERS v1.0 (HydroSHEDS),LineString,OBSERVED HYDROGRAPHIC NETWORK · WWF / HydroSHEDS
40690404,40692847,41067217,1.23,0.641,40.9,5,HydroRIVERS v1.0 (HydroSHEDS),LineString,OBSERVED HYDROGRAPHIC NETWORK · WWF / HydroSHEDS
40690405,40688918,41067217,5.17,0.476,29.8,5,HydroRIVERS v1.0 (HydroSHEDS),LineString,OBSERVED HYDROGRAPHIC NETWORK · WWF / HydroSHEDS
40690406,40690932,41067217,9.31,0.556,31.8,6,HydroRIVERS v1.0 (HydroSHEDS),LineString,OBSERVED HYDROGRAPHIC NETWORK · WWF / HydroSHEDS
40690407,40690932,41067217,3.23,3.573,202.2,5,HydroRIVERS v1.0 (HydroSHEDS),LineString,OBSERVED HYDROGRAPHIC NETWORK · WWF / HydroSHEDS
40690408,40689846,41067217,6.49,3.922,147.2,6,HydroRIVERS v1.0 (HydroSHEDS),LineString,OBSERVED HYDROGRAPHIC NETWORK · WWF / HydroSHEDS
40690593,40694830,41067217,17.05,0.693,65.5,4,HydroRIVERS v1.0 (HydroSHEDS),LineString,OBSERVED HYDROGRAPHIC NETWORK · WWF / HydroSHEDS
40690594,40694830,41067217,14.39,0.511,47.1,5,HydroRIVERS v1.0 (HydroSHEDS),LineString,OBSERVED HYDROGRAPHIC NETWORK · WWF / HydroSHEDS
40690595,40691543,41067217,0.61,567.074,23343.3,3,HydroRIVERS v1.0 (HydroSHEDS),LineString,OBSERVED HYDROGRAPHIC NETWORK · WWF / HydroSHEDS
40690596,40691543,41067217,2.08,0.113,7.8,4,HydroRIVERS v1.0 (HydroSHEDS),LineString,OBSERVED HYDROGRAPHIC NETWORK · WWF / HydroSHEDS
40690597,40689635,41067217,4.95,11.266,680.1,4,HydroRIVERS v1.0 (HydroSHEDS),LineString,OBSERVED HYDROGRAPHIC NETWORK · WWF / HydroSHEDS
40690598,40690597,41067217,1.16,0.134,8.2,5,HydroRIVERS v1.0 (HydroSHEDS),LineString,OBSERVED HYDROGRAPHIC NETWORK · WWF / HydroSHEDS
40690599,40689841,41067217,4.11,0.41,20.7,5,HydroRIVERS v1.0 (HydroSHEDS),LineString,OBSERVED HYDROGRAPHIC NETWORK · WWF / HydroSHEDS
40690600,40690045,41067217,2.55,0.212,9.7,7,HydroRIVERS v1.0 (HydroSHEDS),LineString,OBSERVED HYDROGRAPHIC NETWORK · WWF / HydroSHEDS
40690766,40694829,41067217,2.55,0.157,18.2,6,HydroRIVERS v1.0 (HydroSHEDS),LineString,OBSERVED HYDROGRAPHIC NETWORK · WWF / HydroSHEDS
40690767,40694829,41067217,11.34,0.431,44.8,5,HydroRIVERS v1.0 (HydroSHEDS),LineString,OBSERVED HYDROGRAPHIC NETWORK · WWF / HydroSHEDS
40690768,40692302,41067217,3.39,0.72,52.3,7,HydroRIVERS v1.0 (HydroSHEDS),LineString,OBSERVED HYDROGRAPHIC NETWORK · WWF / HydroSHEDS
40690769,40692302,41067217,2.32,0.257,19.9,8,HydroRIVERS v1.0 (HydroSHEDS),LineString,OBSERVED HYDROGRAPHIC NETWORK · WWF / HydroSHEDS
40690770,40691370,41067217,4.8,7.216,341.0,6,HydroRIVERS v1.0 (HydroSHEDS),LineString,OBSERVED HYDROGRAPHIC NETWORK · WWF / HydroSHEDS
40690771,40691372,41067217,2.77,20.498,764.1,5,HydroRIVERS v1.0 (HydroSHEDS),LineString,OBSERVED HYDROGRAPHIC NETWORK · WWF / HydroSHEDS
40690772,40691372,41067217,1.0,0.173,7.3,6,HydroRIVERS v1.0 (HydroSHEDS),LineString,OBSERVED HYDROGRAPHIC NETWORK · WWF / HydroSHEDS
40690927,40693739,41067217,7.34,1.859,118.3,4,HydroRIVERS v1.0 (HydroSHEDS),LineString,OBSERVED HYDROGRAPHIC NETWORK · WWF / HydroSHEDS
40690928,40698826,41067217,3.04,0.696,45.4,4,HydroRIVERS v1.0 (HydroSHEDS),LineString,OBSERVED HYDROGRAPHIC NETWORK · WWF / HydroSHEDS
40690929,40698826,41067217,2.61,0.189,12.5,5,HydroRIVERS v1.0 (HydroSHEDS),LineString,OBSERVED HYDROGRAPHIC NETWORK · WWF / HydroSHEDS
40690930,40691366,41067217,1.81,0.201,12.1,6,HydroRIVERS v1.0 (HydroSHEDS),LineString,OBSERVED HYDROGRAPHIC NETWORK · WWF / HydroSHEDS
40690931,40691366,41067217,2.15,0.348,20.8,5,HydroRIVERS v1.0 (HydroSHEDS),LineString,OBSERVED HYDROGRAPHIC NETWORK · WWF / HydroSHEDS
40690932,40693915,41067217,2.09,4.234,240.0,5,HydroRIVERS v1.0 (HydroSHEDS),LineString,OBSERVED HYDROGRAPHIC NETWORK · WWF / HydroSHEDS
40691124,40692303,41067217,13.08,0.882,59.5,6,HydroRIVERS v1.0 (HydroSHEDS),LineString,OBSERVED HYDROGRAPHIC NETWORK · WWF / HydroSHEDS
40691125,40692303,41067217,8.57,0.334,24.2,7,HydroRIVERS v1.0 (HydroSHEDS),LineString,OBSERVED HYDROGRAPHIC NETWORK · WWF / HydroSHEDS
40691126,40693915,41067217,5.68,0.458,26.3,6,HydroRIVERS v1.0 (HydroSHEDS),LineString,OBSERVED HYDROGRAPHIC NETWORK · WWF / HydroSHEDS
40691127,40692133,41067217,6.15,12.153,643.2,4,HydroRIVERS v1.0 (HydroSHEDS),LineString,OBSERVED HYDROGRAPHIC NETWORK · WWF / HydroSHEDS
40691128,40691370,41067217,2.48,0.228,10.2,7,HydroRIVERS v1.0 (HydroSHEDS),LineString,OBSERVED HYDROGRAPHIC NETWORK · WWF / HydroSHEDS
40691362,40696592,41067217,4.8,8.884,586.5,4,HydroRIVERS v1.0 (HydroSHEDS),LineString,OBSERVED HYDROGRAPHIC NETWORK · WWF / HydroSHEDS
40691363,40696592,41067217,12.41,5.434,352.1,5,HydroRIVERS v1.0 (HydroSHEDS),LineString,OBSERVED HYDROGRAPHIC NETWORK · WWF / HydroSHEDS
40691364,40690597,41067217,2.15,10.907,655.8,4,HydroRIVERS v1.0 (HydroSHEDS),LineString,OBSERVED HYDROGRAPHIC NETWORK · WWF / HydroSHEDS
40691365,40691545,41067217,1.94,0.178,10.8,5,HydroRIVERS v1.0 (HydroSHEDS),LineString,OBSERVED HYDROGRAPHIC NETWORK · WWF / HydroSHEDS
40691366,40691546,41067217,1.48,0.573,34.4,5,HydroRIVERS v1.0 (HydroSHEDS),LineString,OBSERVED HYDROGRAPHIC NETWORK · WWF / HydroSHEDS
40691367,40691546,41067217,12.0,5.86,345.3,4,HydroRIVERS v1.0 (HydroSHEDS),LineString,OBSERVED HYDROGRAPHIC NETWORK · WWF / HydroSHEDS
40691368,40689448,41067217,5.53,1.29,67.6,5,HydroRIVERS v1.0 (HydroSHEDS),LineString,OBSERVED HYDROGRAPHIC NETWORK · WWF / HydroSHEDS
40691369,40692851,41067217,4.42,0.251,12.3,5,HydroRIVERS v1.0 (HydroSHEDS),LineString,OBSERVED HYDROGRAPHIC NETWORK · WWF / HydroSHEDS
40691370,40691371,41067217,1.84,7.52,354.6,6,HydroRIVERS v1.0 (HydroSHEDS),LineString,OBSERVED HYDROGRAPHIC NETWORK · WWF / HydroSHEDS
40691371,40692494,41067217,1.61,8.088,380.1,6,HydroRIVERS v1.0 (HydroSHEDS),LineString,OBSERVED HYDROGRAPHIC NETWORK · WWF / HydroSHEDS
40691372,40692494,41067217,2.09,20.824,777.9,5,HydroRIVERS v1.0 (HydroSHEDS),LineString,OBSERVED HYDROGRAPHIC NETWORK · WWF / HydroSHEDS
40691543,40691744,41067217,2.62,567.338,23361.9,3,HydroRIVERS v1.0 (HydroSHEDS),LineString,OBSERVED HYDROGRAPHIC NETWORK · WWF / HydroSHEDS
40691544,40691744,41067217,9.33,1.95,129.3,4,HydroRIVERS v1.0 (HydroSHEDS),LineString,OBSERVED HYDROGRAPHIC NETWORK · WWF / HydroSHEDS
40691545,40691364,41067217,2.43,10.112,605.5,4,HydroRIVERS v1.0 (HydroSHEDS),LineString,OBSERVED HYDROGRAPHIC NETWORK · WWF / HydroSHEDS
40691546,40692674,41067217,0.61,6.437,380.1,4,HydroRIVERS v1.0 (HydroSHEDS),LineString,OBSERVED HYDROGRAPHIC NETWORK · WWF / HydroSHEDS
40691547,40692133,41067217,3.44,0.265,14.3,5,HydroRIVERS v1.0 (HydroSHEDS),LineString,OBSERVED HYDROGRAPHIC NETWORK · WWF / HydroSHEDS
40691548,40691368,41067217,0.69,0.134,7.1,6,HydroRIVERS v1.0 (HydroSHEDS),LineString,OBSERVED HYDROGRAPHIC NETWORK · WWF / HydroSHEDS
40691549,40692851,41067217,3.23,0.215,10.6,6,HydroRIVERS v1.0 (HydroSHEDS),LineString,OBSERVED HYDROGRAPHIC NETWORK · WWF / HydroSHEDS
40691743,40693913,41067217,4.45,0.298,22.2,4,HydroRIVERS v1.0 (HydroSHEDS),LineString,OBSERVED HYDROGRAPHIC NETWORK · WWF / HydroSHEDS
40691744,40693913,41067217,0.61,569.29,23491.4,3,HydroRIVERS v1.0 (HydroSHEDS),LineString,OBSERVED HYDROGRAPHIC NETWORK · WWF / HydroSHEDS
40691940,40693362,41067217,5.04,0.225,23.1,6,HydroRIVERS v1.0 (HydroSHEDS),LineString,OBSERVED HYDROGRAPHIC NETWORK · WWF / HydroSHEDS
40691941,40693362,41067217,15.37,0.53,49.9,5,HydroRIVERS v1.0 (HydroSHEDS),LineString,OBSERVED HYDROGRAPHIC NETWORK · WWF / HydroSHEDS
40691942,40692131,41067217,1.93,0.169,9.9,6,HydroRIVERS v1.0 (HydroSHEDS),LineString,OBSERVED HYDROGRAPHIC NETWORK · WWF / HydroSHEDS
40692127,40693222,41067217,2.02,0.099,14.5,4,HydroRIVERS v1.0 (HydroSHEDS),LineString,OBSERVED HYDROGRAPHIC NETWORK · WWF / HydroSHEDS
40692128,40693222,41067217,5.85,7.915,645.1,3,HydroRIVERS v1.0 (HydroSHEDS),LineString,OBSERVED HYDROGRAPHIC NETWORK · WWF / HydroSHEDS
40692129,40691364,41067217,2.56,0.701,43.6,5,HydroRIVERS v1.0 (HydroSHEDS),LineString,OBSERVED HYDROGRAPHIC NETWORK · WWF / HydroSHEDS
40692130,40692674,41067217,6.28,2.041,119.9,5,HydroRIVERS v1.0 (HydroSHEDS),LineString,OBSERVED HYDROGRAPHIC NETWORK · WWF / HydroSHEDS
40692131,40692130,41067217,4.25,1.518,88.6,5,HydroRIVERS v1.0 (HydroSHEDS),LineString,OBSERVED HYDROGRAPHIC NETWORK · WWF / HydroSHEDS
40692132,40693547,41067217,1.07,0.124,6.9,5,HydroRIVERS v1.0 (HydroSHEDS),LineString,OBSERVED HYDROGRAPHIC NETWORK · WWF / HydroSHEDS
40692133,40693547,41067217,2.77,12.673,671.8,4,HydroRIVERS v1.0 (HydroSHEDS),LineString,OBSERVED HYDROGRAPHIC NETWORK · WWF / HydroSHEDS
40692134,40691368,41067217,2.85,0.78,40.6,5,HydroRIVERS v1.0 (HydroSHEDS),LineString,OBSERVED HYDROGRAPHIC NETWORK · WWF / HydroSHEDS
40692135,40692134,41067217,0.6,0.112,5.8,6,HydroRIVERS v1.0 (HydroSHEDS),LineString,OBSERVED HYDROGRAPHIC NETWORK · WWF / HydroSHEDS
40692302,40693364,41067217,4.16,1.08,80.8,7,HydroRIVERS v1.0 (HydroSHEDS),LineString,OBSERVED HYDROGRAPHIC NETWORK · WWF / HydroSHEDS
40692303,40693364,41067217,7.42,1.42,100.3,6,HydroRIVERS v1.0 (HydroSHEDS),LineString,OBSERVED HYDROGRAPHIC NETWORK · WWF / HydroSHEDS
40692304,40692848,41067217,4.91,0.314,20.1,6,HydroRIVERS v1.0 (HydroSHEDS),LineString,OBSERVED HYDROGRAPHIC NETWORK · WWF / HydroSHEDS
40692305,40688717,41067217,10.71,0.799,50.6,5,HydroRIVERS v1.0 (HydroSHEDS),LineString,OBSERVED HYDROGRAPHIC NETWORK · WWF / HydroSHEDS
40692489,40692129,41067217,5.83,0.371,23.1,5,HydroRIVERS v1.0 (HydroSHEDS),LineString,OBSERVED HYDROGRAPHIC NETWORK · WWF / HydroSHEDS
40692490,40691545,41067217,3.53,9.855,588.7,4,HydroRIVERS v1.0 (HydroSHEDS),LineString,OBSERVED HYDROGRAPHIC NETWORK · WWF / HydroSHEDS
40692491,40692493,41067217,0.6,0.119,5.4,8,HydroRIVERS v1.0 (HydroSHEDS),LineString,OBSERVED HYDROGRAPHIC NETWORK · WWF / HydroSHEDS
40692492,40692493,41067217,1.62,0.159,7.3,7,HydroRIVERS v1.0 (HydroSHEDS),LineString,OBSERVED HYDROGRAPHIC NETWORK · WWF / HydroSHEDS
40692493,40691371,41067217,4.08,0.491,22.2,7,HydroRIVERS v1.0 (HydroSHEDS),LineString,OBSERVED HYDROGRAPHIC NETWORK · WWF / HydroSHEDS
40692494,40693060,41067217,3.23,29.084,1165.5,5,HydroRIVERS v1.0 (HydroSHEDS),LineString,OBSERVED HYDROGRAPHIC NETWORK · WWF / HydroSHEDS
40692669,40693363,41067217,1.53,0.128,11.2,6,HydroRIVERS v1.0 (HydroSHEDS),LineString,OBSERVED HYDROGRAPHIC NETWORK · WWF / HydroSHEDS
40692670,40693363,41067217,24.66,1.102,78.9,5,HydroRIVERS v1.0 (HydroSHEDS),LineString,OBSERVED HYDROGRAPHIC NETWORK · WWF / HydroSHEDS
40692671,40693365,41067217,1.22,0.129,8.8,5,HydroRIVERS v1.0 (HydroSHEDS),LineString,OBSERVED HYDROGRAPHIC NETWORK · WWF / HydroSHEDS
40692672,40693365,41067217,1.31,0.176,11.9,6,HydroRIVERS v1.0 (HydroSHEDS),LineString,OBSERVED HYDROGRAPHIC NETWORK · WWF / HydroSHEDS
40692673,40692490,41067217,3.05,9.307,553.9,4,HydroRIVERS v1.0 (HydroSHEDS),LineString,OBSERVED HYDROGRAPHIC NETWORK · WWF / HydroSHEDS
40692674,40692673,41067217,6.49,8.95,531.0,4,HydroRIVERS v1.0 (HydroSHEDS),LineString,OBSERVED HYDROGRAPHIC NETWORK · WWF / HydroSHEDS
40692675,40692130,41067217,2.55,0.176,10.4,6,HydroRIVERS v1.0 (HydroSHEDS),LineString,OBSERVED HYDROGRAPHIC NETWORK · WWF / HydroSHEDS
40692676,40692131,41067217,4.06,0.986,57.4,5,HydroRIVERS v1.0 (HydroSHEDS),LineString,OBSERVED HYDROGRAPHIC NETWORK · WWF / HydroSHEDS
40692677,40692676,41067217,10.36,0.603,35.0,5,HydroRIVERS v1.0 (HydroSHEDS),LineString,OBSERVED HYDROGRAPHIC NETWORK · WWF / HydroSHEDS
40692845,40695195,41067217,0.69,0.113,7.5,6,HydroRIVERS v1.0 (HydroSHEDS),LineString,OBSERVED HYDROGRAPHIC NETWORK · WWF / HydroSHEDS
40692846,40695195,41067217,0.8,1.939,125.3,5,HydroRIVERS v1.0 (HydroSHEDS),LineString,OBSERVED HYDROGRAPHIC NETWORK · WWF / HydroSHEDS
40692847,40692846,41067217,7.07,1.183,76.3,5,HydroRIVERS v1.0 (HydroSHEDS),LineString,OBSERVED HYDROGRAPHIC NETWORK · WWF / HydroSHEDS
40692848,40692846,41067217,3.57,0.738,47.7,6,HydroRIVERS v1.0 (HydroSHEDS),LineString,OBSERVED HYDROGRAPHIC NETWORK · WWF / HydroSHEDS
40692849,40692848,41067217,3.65,0.294,19.0,7,HydroRIVERS v1.0 (HydroSHEDS),LineString,OBSERVED HYDROGRAPHIC NETWORK · WWF / HydroSHEDS
40692850,40694319,41067217,4.15,0.348,19.9,6,HydroRIVERS v1.0 (HydroSHEDS),LineString,OBSERVED HYDROGRAPHIC NETWORK · WWF / HydroSHEDS
40692851,40693921,41067217,6.32,0.886,43.2,5,HydroRIVERS v1.0 (HydroSHEDS),LineString,OBSERVED HYDROGRAPHIC NETWORK · WWF / HydroSHEDS
40692852,40693921,41067217,5.28,0.402,19.0,6,HydroRIVERS v1.0 (HydroSHEDS),LineString,OBSERVED HYDROGRAPHIC NETWORK · WWF / HydroSHEDS
40693055,40695003,41067217,10.51,0.217,31.6,5,HydroRIVERS v1.0 (HydroSHEDS),LineString,OBSERVED HYDROGRAPHIC NETWORK · WWF / HydroSHEDS
40693056,40694316,41067217,3.0,0.23,15.8,6,HydroRIVERS v1.0 (HydroSHEDS),LineString,OBSERVED HYDROGRAPHIC NETWORK · WWF / HydroSHEDS
40693057,40692129,41067217,3.1,0.286,17.7,6,HydroRIVERS v1.0 (HydroSHEDS),LineString,OBSERVED HYDROGRAPHIC NETWORK · WWF / HydroSHEDS
40693058,40692676,41067217,1.16,0.195,11.4,6,HydroRIVERS v1.0 (HydroSHEDS),LineString,OBSERVED HYDROGRAPHIC NETWORK · WWF / HydroSHEDS
40693059,40693060,41067217,2.85,0.343,15.3,6,HydroRIVERS v1.0 (HydroSHEDS),LineString,OBSERVED HYDROGRAPHIC NETWORK · WWF / HydroSHEDS
40693060,40693922,41067217,2.09,29.538,1185.6,5,HydroRIVERS v1.0 (HydroSHEDS),LineString,OBSERVED HYDROGRAPHIC NETWORK · WWF / HydroSHEDS
40693061,40693922,41067217,8.11,0.618,25.7,6,HydroRIVERS v1.0 (HydroSHEDS),LineString,OBSERVED HYDROGRAPHIC NETWORK · WWF / HydroSHEDS
40693222,40695832,41067217,3.08,8.046,667.1,3,HydroRIVERS v1.0 (HydroSHEDS),LineString,OBSERVED HYDROGRAPHIC NETWORK · WWF / HydroSHEDS
40693223,40695832,41067217,11.1,0.377,49.3,4,HydroRIVERS v1.0 (HydroSHEDS),LineString,OBSERVED HYDROGRAPHIC NETWORK · WWF / HydroSHEDS
40693361,40694658,41067217,12.69,0.488,50.8,6,HydroRIVERS v1.0 (HydroSHEDS),LineString,OBSERVED HYDROGRAPHIC NETWORK · WWF / HydroSHEDS
40693362,40694658,41067217,4.16,0.824,81.0,5,HydroRIVERS v1.0 (HydroSHEDS),LineString,OBSERVED HYDROGRAPHIC NETWORK · WWF / HydroSHEDS
40693363,40697839,41067217,2.0,1.259,92.6,5,HydroRIVERS v1.0 (HydroSHEDS),LineString,OBSERVED HYDROGRAPHIC NETWORK · WWF / HydroSHEDS
40693364,40697839,41067217,3.78,2.565,186.8,6,HydroRIVERS v1.0 (HydroSHEDS),LineString,OBSERVED HYDROGRAPHIC NETWORK · WWF / HydroSHEDS
40693365,40694316,41067217,7.55,0.598,41.2,5,HydroRIVERS v1.0 (HydroSHEDS),LineString,OBSERVED HYDROGRAPHIC NETWORK · WWF / HydroSHEDS
40693545,40692490,41067217,3.46,0.389,23.8,5,HydroRIVERS v1.0 (HydroSHEDS),LineString,OBSERVED HYDROGRAPHIC NETWORK · WWF / HydroSHEDS
40693546,40694319,41067217,5.29,0.386,22.2,5,HydroRIVERS v1.0 (HydroSHEDS),LineString,OBSERVED HYDROGRAPHIC NETWORK · WWF / HydroSHEDS
40693547,40693916,41067217,4.31,13.086,695.1,4,HydroRIVERS v1.0 (HydroSHEDS),LineString,OBSERVED HYDROGRAPHIC NETWORK · WWF / HydroSHEDS
40693548,40694322,41067217,1.22,0.249,11.5,6,HydroRIVERS v1.0 (HydroSHEDS),LineString,OBSERVED HYDROGRAPHIC NETWORK · WWF / HydroSHEDS
40693549,40694322,41067217,0.6,0.136,6.3,7,HydroRIVERS v1.0 (HydroSHEDS),LineString,OBSERVED HYDROGRAPHIC NETWORK · WWF / HydroSHEDS
40693739,40694128,41067217,16.19,2.582,167.9,4,HydroRIVERS v1.0 (HydroSHEDS),LineString,OBSERVED HYDROGRAPHIC NETWORK · WWF / HydroSHEDS
40693740,40694128,41067217,2.55,0.179,13.0,5,HydroRIVERS v1.0 (HydroSHEDS),LineString,OBSERVED HYDROGRAPHIC NETWORK · WWF / HydroSHEDS
40693741,40694317,41067217,2.34,0.211,13.6,6,HydroRIVERS v1.0 (HydroSHEDS),LineString,OBSERVED HYDROGRAPHIC NETWORK · WWF / HydroSHEDS
40693742,40694317,41067217,1.68,0.239,15.3,5,HydroRIVERS v1.0 (HydroSHEDS),LineString,OBSERVED HYDROGRAPHIC NETWORK · WWF / HydroSHEDS
40693743,40692673,41067217,3.69,0.273,16.6,5,HydroRIVERS v1.0 (HydroSHEDS),LineString,OBSERVED HYDROGRAPHIC NETWORK · WWF / HydroSHEDS
40693744,40692134,41067217,5.23,0.484,25.1,5,HydroRIVERS v1.0 (HydroSHEDS),LineString,OBSERVED HYDROGRAPHIC NETWORK · WWF / HydroSHEDS
40693913,40695625,41067217,6.41,569.979,23543.4,3,HydroRIVERS v1.0 (HydroSHEDS),LineString,OBSERVED HYDROGRAPHIC NETWORK · WWF / HydroSHEDS
40693914,40695625,41067217,2.38,0.227,16.9,4,HydroRIVERS v1.0 (HydroSHEDS),LineString,OBSERVED HYDROGRAPHIC NETWORK · WWF / HydroSHEDS
40693915,40694320,41067217,9.92,5.277,299.5,5,HydroRIVERS v1.0 (HydroSHEDS),LineString,OBSERVED HYDROGRAPHIC NETWORK · WWF / HydroSHEDS
40693916,40694320,41067217,3.24,13.469,716.7,4,HydroRIVERS v1.0 (HydroSHEDS),LineString,OBSERVED HYDROGRAPHIC NETWORK · WWF / HydroSHEDS
40693917,40696035,41067217,1.0,0.113,5.8,7,HydroRIVERS v1.0 (HydroSHEDS),LineString,OBSERVED HYDROGRAPHIC NETWORK · WWF / HydroSHEDS
40693918,40696035,41067217,6.08,0.549,27.9,5,HydroRIVERS v1.0 (HydroSHEDS),LineString,OBSERVED HYDROGRAPHIC NETWORK · WWF / HydroSHEDS
40693919,40696035,41067217,4.82,0.297,14.9,6,HydroRIVERS v1.0 (HydroSHEDS),LineString,OBSERVED HYDROGRAPHIC NETWORK · WWF / HydroSHEDS
40693920,40694321,41067217,9.13,0.774,38.2,6,HydroRIVERS v1.0 (HydroSHEDS),LineString,OBSERVED HYDROGRAPHIC NETWORK · WWF / HydroSHEDS
40693921,40694321,41067217,3.08,1.466,70.8,5,HydroRIVERS v1.0 (HydroSHEDS),LineString,OBSERVED HYDROGRAPHIC NETWORK · WWF / HydroSHEDS
40693922,40694323,41067217,4.27,30.418,1222.5,5,HydroRIVERS v1.0 (HydroSHEDS),LineString,OBSERVED HYDROGRAPHIC NETWORK · WWF / HydroSHEDS
40694128,40695627,41067217,1.23,2.786,182.8,4,HydroRIVERS v1.0 (HydroSHEDS),LineString,OBSERVED HYDROGRAPHIC NETWORK · WWF / HydroSHEDS
40694129,40694315,41067217,1.77,0.123,8.8,7,HydroRIVERS v1.0 (HydroSHEDS),LineString,OBSERVED HYDROGRAPHIC NETWORK · WWF / HydroSHEDS
40694130,40694315,41067217,4.3,0.281,19.7,6,HydroRIVERS v1.0 (HydroSHEDS),LineString,OBSERVED HYDROGRAPHIC NETWORK · WWF / HydroSHEDS
40694131,40693916,41067217,3.25,0.23,12.7,5,HydroRIVERS v1.0 (HydroSHEDS),LineString,OBSERVED HYDROGRAPHIC NETWORK · WWF / HydroSHEDS
40694315,40694478,41067217,0.61,0.409,28.9,6,HydroRIVERS v1.0 (HydroSHEDS),LineString,OBSERVED HYDROGRAPHIC NETWORK · WWF / HydroSHEDS
40694316,40694478,41067217,5.5,1.018,70.6,5,HydroRIVERS v1.0 (HydroSHEDS),LineString,OBSERVED HYDROGRAPHIC NETWORK · WWF / HydroSHEDS
40694317,40695424,41067217,1.84,0.491,31.5,5,HydroRIVERS v1.0 (HydroSHEDS),LineString,OBSERVED HYDROGRAPHIC NETWORK · WWF / HydroSHEDS
40694318,40695424,41067217,2.34,0.167,10.6,6,HydroRIVERS v1.0 (HydroSHEDS),LineString,OBSERVED HYDROGRAPHIC NETWORK · WWF / HydroSHEDS
40694319,40694479,41067217,5.56,0.973,55.7,5,HydroRIVERS v1.0 (HydroSHEDS),LineString,OBSERVED HYDROGRAPHIC NETWORK · WWF / HydroSHEDS
40694320,40694479,41067217,1.08,18.786,1018.7,4,HydroRIVERS v1.0 (HydroSHEDS),LineString,OBSERVED HYDROGRAPHIC NETWORK · WWF / HydroSHEDS
40694321,40694832,41067217,1.88,2.388,116.2,5,HydroRIVERS v1.0 (HydroSHEDS),LineString,OBSERVED HYDROGRAPHIC NETWORK · WWF / HydroSHEDS
40694322,40694832,41067217,5.27,0.651,30.6,6,HydroRIVERS v1.0 (HydroSHEDS),LineString,OBSERVED HYDROGRAPHIC NETWORK · WWF / HydroSHEDS
40694477,40695627,41067217,4.18,0.159,11.7,5,HydroRIVERS v1.0 (HydroSHEDS),LineString,OBSERVED HYDROGRAPHIC NETWORK · WWF / HydroSHEDS
40694478,40694831,41067217,0.61,1.433,99.8,5,HydroRIVERS v1.0 (HydroSHEDS),LineString,OBSERVED HYDROGRAPHIC NETWORK · WWF / HydroSHEDS
40694479,40695009,41067217,0.46,19.774,1075.3,4,HydroRIVERS v1.0 (HydroSHEDS),LineString,OBSERVED HYDROGRAPHIC NETWORK · WWF / HydroSHEDS
40694480,40697843,41067217,1.85,0.215,11.4,6,HydroRIVERS v1.0 (HydroSHEDS),LineString,OBSERVED HYDROGRAPHIC NETWORK · WWF / HydroSHEDS
40694481,40697843,41067217,1.32,0.152,8.0,7,HydroRIVERS v1.0 (HydroSHEDS),LineString,OBSERVED HYDROGRAPHIC NETWORK · WWF / HydroSHEDS
40694658,40695007,41067217,4.25,1.373,139.4,5,HydroRIVERS v1.0 (HydroSHEDS),LineString,OBSERVED HYDROGRAPHIC NETWORK · WWF / HydroSHEDS
40694659,40695007,41067217,6.21,0.312,34.1,6,HydroRIVERS v1.0 (HydroSHEDS),LineString,OBSERVED HYDROGRAPHIC NETWORK · WWF / HydroSHEDS
40694660,40694831,41067217,6.08,0.226,16.2,6,HydroRIVERS v1.0 (HydroSHEDS),LineString,OBSERVED HYDROGRAPHIC NETWORK · WWF / HydroSHEDS
40694661,40695009,41067217,1.32,0.128,7.3,5,HydroRIVERS v1.0 (HydroSHEDS),LineString,OBSERVED HYDROGRAPHIC NETWORK · WWF / HydroSHEDS
40694662,40697281,41067217,4.59,0.345,15.1,6,HydroRIVERS v1.0 (HydroSHEDS),LineString,OBSERVED HYDROGRAPHIC NETWORK · WWF / HydroSHEDS
40694829,40697673,41067217,12.95,1.017,119.5,5,HydroRIVERS v1.0 (HydroSHEDS),LineString,OBSERVED HYDROGRAPHIC NETWORK · WWF / HydroSHEDS
40694830,40697673,41067217,13.36,1.469,146.8,4,HydroRIVERS v1.0 (HydroSHEDS),LineString,OBSERVED HYDROGRAPHIC NETWORK · WWF / HydroSHEDS
40694831,40696031,41067217,1.63,1.709,119.8,5,HydroRIVERS v1.0 (HydroSHEDS),LineString,OBSERVED HYDROGRAPHIC NETWORK · WWF / HydroSHEDS
40694832,40695199,41067217,1.84,3.093,149.4,5,HydroRIVERS v1.0 (HydroSHEDS),LineString,OBSERVED HYDROGRAPHIC NETWORK · WWF / HydroSHEDS
40694833,40695199,41067217,1.87,0.204,9.7,6,HydroRIVERS v1.0 (HydroSHEDS),LineString,OBSERVED HYDROGRAPHIC NETWORK · WWF / HydroSHEDS
40695003,40700819,41067217,6.7,0.733,111.5,4,HydroRIVERS v1.0 (HydroSHEDS),LineString,OBSERVED HYDROGRAPHIC NETWORK · WWF / HydroSHEDS
40695004,40700819,41067217,6.33,0.179,29.4,5,HydroRIVERS v1.0 (HydroSHEDS),LineString,OBSERVED HYDROGRAPHIC NETWORK · WWF / HydroSHEDS
40695005,40697674,41067217,2.02,0.122,15.8,5,HydroRIVERS v1.0 (HydroSHEDS),LineString,OBSERVED HYDROGRAPHIC NETWORK · WWF / HydroSHEDS
40695006,40697674,41067217,4.08,0.148,18.3,6,HydroRIVERS v1.0 (HydroSHEDS),LineString,OBSERVED HYDROGRAPHIC NETWORK · WWF / HydroSHEDS
40695007,40696028,41067217,1.08,1.691,174.4,5,HydroRIVERS v1.0 (HydroSHEDS),LineString,OBSERVED HYDROGRAPHIC NETWORK · WWF / HydroSHEDS
40695008,40696028,41067217,1.32,0.114,13.2,6,HydroRIVERS v1.0 (HydroSHEDS),LineString,OBSERVED HYDROGRAPHIC NETWORK · WWF / HydroSHEDS
40695009,40696033,41067217,1.69,19.966,1086.5,4,HydroRIVERS v1.0 (HydroSHEDS),LineString,OBSERVED HYDROGRAPHIC NETWORK · WWF / HydroSHEDS
40695192,40702117,41067217,1.16,0.141,9.7,7,HydroRIVERS v1.0 (HydroSHEDS),LineString,OBSERVED HYDROGRAPHIC NETWORK · WWF / HydroSHEDS
40695193,40702117,41067217,7.57,0.415,28.1,6,HydroRIVERS v1.0 (HydroSHEDS),LineString,OBSERVED HYDROGRAPHIC NETWORK · WWF / HydroSHEDS
40695194,40698031,41067217,4.24,0.219,14.7,6,HydroRIVERS v1.0 (HydroSHEDS),LineString,OBSERVED HYDROGRAPHIC NETWORK · WWF / HydroSHEDS
40695195,40698031,41067217,10.19,2.517,164.8,5,HydroRIVERS v1.0 (HydroSHEDS),LineString,OBSERVED HYDROGRAPHIC NETWORK · WWF / HydroSHEDS
40695196,40696033,41067217,1.32,0.138,7.8,5,HydroRIVERS v1.0 (HydroSHEDS),LineString,OBSERVED HYDROGRAPHIC NETWORK · WWF / HydroSHEDS
40695197,40697277,41067217,6.33,0.432,23.5,6,HydroRIVERS v1.0 (HydroSHEDS),LineString,OBSERVED HYDROGRAPHIC NETWORK · WWF / HydroSHEDS
40695198,40697277,41067217,4.84,0.34,18.3,7,HydroRIVERS v1.0 (HydroSHEDS),LineString,OBSERVED HYDROGRAPHIC NETWORK · WWF / HydroSHEDS
40695199,40696401,41067217,0.93,3.32,160.2,5,HydroRIVERS v1.0 (HydroSHEDS),LineString,OBSERVED HYDROGRAPHIC NETWORK · WWF / HydroSHEDS
40695200,40696401,41067217,1.01,0.136,6.5,6,HydroRIVERS v1.0 (HydroSHEDS),LineString,OBSERVED HYDROGRAPHIC NETWORK · WWF / HydroSHEDS
40695424,40696395,41067217,5.29,0.933,60.0,5,HydroRIVERS v1.0 (HydroSHEDS),LineString,OBSERVED HYDROGRAPHIC NETWORK · WWF / HydroSHEDS
40695425,40696395,41067217,5.31,0.383,24.2,6,HydroRIVERS v1.0 (HydroSHEDS),LineString,OBSERVED HYDROGRAPHIC NETWORK · WWF / HydroSHEDS
40695426,40696397,41067217,0.69,0.108,6.7,7,HydroRIVERS v1.0 (HydroSHEDS),LineString,OBSERVED HYDROGRAPHIC NETWORK · WWF / HydroSHEDS
40695427,40696397,41067217,1.83,0.172,10.6,6,HydroRIVERS v1.0 (HydroSHEDS),LineString,OBSERVED HYDROGRAPHIC NETWORK · WWF / HydroSHEDS
40695428,40699697,41067217,3.25,0.239,14.2,5,HydroRIVERS v1.0 (HydroSHEDS),LineString,OBSERVED HYDROGRAPHIC NETWORK · WWF / HydroSHEDS
40695429,40699697,41067217,0.92,0.123,7.3,6,HydroRIVERS v1.0 (HydroSHEDS),LineString,OBSERVED HYDROGRAPHIC NETWORK · WWF / HydroSHEDS
40695430,40696217,41067217,4.7,0.529,24.2,6,HydroRIVERS v1.0 (HydroSHEDS),LineString,OBSERVED HYDROGRAPHIC NETWORK · WWF / HydroSHEDS
40695623,40697112,41067217,8.99,0.491,41.4,5,HydroRIVERS v1.0 (HydroSHEDS),LineString,OBSERVED HYDROGRAPHIC NETWORK · WWF / HydroSHEDS
40695624,40697112,41067217,3.57,0.146,12.1,6,HydroRIVERS v1.0 (HydroSHEDS),LineString,OBSERVED HYDROGRAPHIC NETWORK · WWF / HydroSHEDS
40695625,40697675,41067217,4.77,570.374,23573.7,3,HydroRIVERS v1.0 (HydroSHEDS),LineString,OBSERVED HYDROGRAPHIC NETWORK · WWF / HydroSHEDS
40695626,40697675,41067217,0.4,5.679,392.5,4,HydroRIVERS v1.0 (HydroSHEDS),LineString,OBSERVED HYDROGRAPHIC NETWORK · WWF / HydroSHEDS
40695627,40695626,41067217,5.66,3.103,206.8,4,HydroRIVERS v1.0 (HydroSHEDS),LineString,OBSERVED HYDROGRAPHIC NETWORK · WWF / HydroSHEDS
40695628,40696031,41067217,6.67,0.243,17.9,6,HydroRIVERS v1.0 (HydroSHEDS),LineString,OBSERVED HYDROGRAPHIC NETWORK · WWF / HydroSHEDS
40695629,40696395,41067217,1.62,0.141,8.9,7,HydroRIVERS v1.0 (HydroSHEDS),LineString,OBSERVED HYDROGRAPHIC NETWORK · WWF / HydroSHEDS
40695630,40696217,41067217,0.69,0.118,5.4,7,HydroRIVERS v1.0 (HydroSHEDS),LineString,OBSERVED HYDROGRAPHIC NETWORK · WWF / HydroSHEDS
40695832,40698627,41067217,7.24,8.525,740.1,3,HydroRIVERS v1.0 (HydroSHEDS),LineString,OBSERVED HYDROGRAPHIC NETWORK · WWF / HydroSHEDS
40695833,40698627,41067217,9.98,0.264,39.9,4,HydroRIVERS v1.0 (HydroSHEDS),LineString,OBSERVED HYDROGRAPHIC NETWORK · WWF / HydroSHEDS
40696027,40697111,41067217,1.62,0.11,14.3,6,HydroRIVERS v1.0 (HydroSHEDS),LineString,OBSERVED HYDROGRAPHIC NETWORK · WWF / HydroSHEDS
40696028,40697111,41067217,2.77,1.887,198.3,5,HydroRIVERS v1.0 (HydroSHEDS),LineString,OBSERVED HYDROGRAPHIC NETWORK · WWF / HydroSHEDS
40696029,40697113,41067217,6.62,0.299,24.4,6,HydroRIVERS v1.0 (HydroSHEDS),LineString,OBSERVED HYDROGRAPHIC NETWORK · WWF / HydroSHEDS
40696030,40695626,41067217,5.67,2.571,185.4,5,HydroRIVERS v1.0 (HydroSHEDS),LineString,OBSERVED HYDROGRAPHIC NETWORK · WWF / HydroSHEDS
40696031,40696030,41067217,5.29,2.143,152.0,5,HydroRIVERS v1.0 (HydroSHEDS),LineString,OBSERVED HYDROGRAPHIC NETWORK · WWF / HydroSHEDS
40696032,40696030,41067217,1.41,0.163,12.7,6,HydroRIVERS v1.0 (HydroSHEDS),LineString,OBSERVED HYDROGRAPHIC NETWORK · WWF / HydroSHEDS
40696033,40697276,41067217,3.17,20.267,1104.0,4,HydroRIVERS v1.0 (HydroSHEDS),LineString,OBSERVED HYDROGRAPHIC NETWORK · WWF / HydroSHEDS
40696034,40697276,41067217,2.08,0.229,12.7,5,HydroRIVERS v1.0 (HydroSHEDS),LineString,OBSERVED HYDROGRAPHIC NETWORK · WWF / HydroSHEDS
40696035,40696754,41067217,5.7,1.232,62.6,5,HydroRIVERS v1.0 (HydroSHEDS),LineString,OBSERVED HYDROGRAPHIC NETWORK · WWF / HydroSHEDS
40696036,40696754,41067217,3.92,0.287,14.5,6,HydroRIVERS v1.0 (HydroSHEDS),LineString,OBSERVED HYDROGRAPHIC NETWORK · WWF / HydroSHEDS
40696213,40697113,41067217,5.37,0.237,19.8,7,HydroRIVERS v1.0 (HydroSHEDS),LineString,OBSERVED HYDROGRAPHIC NETWORK · WWF / HydroSHEDS
40696214,40696396,41067217,7.69,0.429,27.0,5,HydroRIVERS v1.0 (HydroSHEDS),LineString,OBSERVED HYDROGRAPHIC NETWORK · WWF / HydroSHEDS
40696215,40696396,41067217,1.38,0.137,8.6,6,HydroRIVERS v1.0 (HydroSHEDS),LineString,OBSERVED HYDROGRAPHIC NETWORK · WWF / HydroSHEDS
40696216,40697115,41067217,0.6,0.16,7.3,7,HydroRIVERS v1.0 (HydroSHEDS),LineString,OBSERVED HYDROGRAPHIC NETWORK · WWF / HydroSHEDS
40696217,40697115,41067217,4.06,0.917,41.7,6,HydroRIVERS v1.0 (HydroSHEDS),LineString,OBSERVED HYDROGRAPHIC NETWORK · WWF / HydroSHEDS
40696395,40696940,41067217,2.77,1.562,100.0,5,HydroRIVERS v1.0 (HydroSHEDS),LineString,OBSERVED HYDROGRAPHIC NETWORK · WWF / HydroSHEDS
40696396,40698831,41067217,0.61,0.575,36.2,5,HydroRIVERS v1.0 (HydroSHEDS),LineString,OBSERVED HYDROGRAPHIC NETWORK · WWF / HydroSHEDS
40696397,40698831,41067217,4.13,0.412,25.5,6,HydroRIVERS v1.0 (HydroSHEDS),LineString,OBSERVED HYDROGRAPHIC NETWORK · WWF / HydroSHEDS
40696398,40698432,41067217,2.7,0.287,16.8,7,HydroRIVERS v1.0 (HydroSHEDS),LineString,OBSERVED HYDROGRAPHIC NETWORK · WWF / HydroSHEDS
40696399,40698432,41067217,4.33,0.328,19.0,6,HydroRIVERS v1.0 (HydroSHEDS),LineString,OBSERVED HYDROGRAPHIC NETWORK · WWF / HydroSHEDS
40696400,40697468,41067217,2.13,0.295,14.5,6,HydroRIVERS v1.0 (HydroSHEDS),LineString,OBSERVED HYDROGRAPHIC NETWORK · WWF / HydroSHEDS
40696401,40697468,41067217,3.23,3.632,175.3,5,HydroRIVERS v1.0 (HydroSHEDS),LineString,OBSERVED HYDROGRAPHIC NETWORK · WWF / HydroSHEDS
40696591,40697272,41067217,2.94,0.162,17.7,5,HydroRIVERS v1.0 (HydroSHEDS),LineString,OBSERVED HYDROGRAPHIC NETWORK · WWF / HydroSHEDS
40696592,40697272,41067217,15.78,14.718,992.6,4,HydroRIVERS v1.0 (HydroSHEDS),LineString,OBSERVED HYDROGRAPHIC NETWORK · WWF / HydroSHEDS
40696593,40696940,41067217,1.73,0.131,8.4,6,HydroRIVERS v1.0 (HydroSHEDS),LineString,OBSERVED HYDROGRAPHIC NETWORK · WWF / HydroSHEDS
40696754,40697846,41067217,2.15,1.645,83.6,5,HydroRIVERS v1.0 (HydroSHEDS),LineString,OBSERVED HYDROGRAPHIC NETWORK · WWF / HydroSHEDS
40696933,40700081,41067217,1.38,0.126,9.3,6,HydroRIVERS v1.0 (HydroSHEDS),LineString,OBSERVED HYDROGRAPHIC NETWORK · WWF / HydroSHEDS
40696934,40700081,41067217,8.52,0.351,25.2,5,HydroRIVERS v1.0 (HydroSHEDS),LineString,OBSERVED HYDROGRAPHIC NETWORK · WWF / HydroSHEDS
40696935,40698032,41067217,3.61,0.203,13.8,7,HydroRIVERS v1.0 (HydroSHEDS),LineString,OBSERVED HYDROGRAPHIC NETWORK · WWF / HydroSHEDS
40696936,40697274,41067217,1.38,0.114,7.6,7,HydroRIVERS v1.0 (HydroSHEDS),LineString,OBSERVED HYDROGRAPHIC NETWORK · WWF / HydroSHEDS
40696937,40697114,41067217,8.24,0.47,31.1,6,HydroRIVERS v1.0 (HydroSHEDS),LineString,OBSERVED HYDROGRAPHIC NETWORK · WWF / HydroSHEDS
40696938,40697114,41067217,2.64,0.396,26.3,7,HydroRIVERS v1.0 (HydroSHEDS),LineString,OBSERVED HYDROGRAPHIC NETWORK · WWF / HydroSHEDS
40696939,40697463,41067217,6.39,0.406,26.5,6,HydroRIVERS v1.0 (HydroSHEDS),LineString,OBSERVED HYDROGRAPHIC NETWORK · WWF / HydroSHEDS
40696940,40697463,41067217,1.69,1.732,111.0,5,HydroRIVERS v1.0 (HydroSHEDS),LineString,OBSERVED HYDROGRAPHIC NETWORK · WWF / HydroSHEDS
40697111,40701178,41067217,2.93,2.041,219.0,5,HydroRIVERS v1.0 (HydroSHEDS),LineString,OBSERVED HYDROGRAPHIC NETWORK · WWF / HydroSHEDS
40697112,40699881,41067217,4.01,0.762,65.0,5,HydroRIVERS v1.0 (HydroSHEDS),LineString,OBSERVED HYDROGRAPHIC NETWORK · WWF / HydroSHEDS
40697113,40699881,41067217,4.74,0.748,63.0,6,HydroRIVERS v1.0 (HydroSHEDS),LineString,OBSERVED HYDROGRAPHIC NETWORK · WWF / HydroSHEDS
40697114,40697274,41067217,2.84,0.947,63.0,6,HydroRIVERS v1.0 (HydroSHEDS),LineString,OBSERVED HYDROGRAPHIC NETWORK · WWF / HydroSHEDS
40697115,40697116,41067217,3.87,1.385,62.6,6,HydroRIVERS v1.0 (HydroSHEDS),LineString,OBSERVED HYDROGRAPHIC NETWORK · WWF / HydroSHEDS
40697271,40700269,41067217,1.01,0.108,12.5,5,HydroRIVERS v1.0 (HydroSHEDS),LineString,OBSERVED HYDROGRAPHIC NETWORK · WWF / HydroSHEDS
40697272,40700269,41067217,1.85,14.973,1022.5,4,HydroRIVERS v1.0 (HydroSHEDS),LineString,OBSERVED HYDROGRAPHIC NETWORK · WWF / HydroSHEDS
40697273,40698032,41067217,1.63,1.692,114.5,6,HydroRIVERS v1.0 (HydroSHEDS),LineString,OBSERVED HYDROGRAPHIC NETWORK · WWF / HydroSHEDS
40697274,40697273,41067217,3.64,1.275,85.4,6,HydroRIVERS v1.0 (HydroSHEDS),LineString,OBSERVED HYDROGRAPHIC NETWORK · WWF / HydroSHEDS
40697275,40697678,41067217,0.6,0.113,6.3,5,HydroRIVERS v1.0 (HydroSHEDS),LineString,OBSERVED HYDROGRAPHIC NETWORK · WWF / HydroSHEDS
40697276,40697678,41067217,3.39,20.665,1126.8,4,HydroRIVERS v1.0 (HydroSHEDS),LineString,OBSERVED HYDROGRAPHIC NETWORK · WWF / HydroSHEDS
40697277,40697464,41067217,5.85,1.16,62.8,6,HydroRIVERS v1.0 (HydroSHEDS),LineString,OBSERVED HYDROGRAPHIC NETWORK · WWF / HydroSHEDS
40697278,40697465,41067217,5.02,0.467,23.5,6,HydroRIVERS v1.0 (HydroSHEDS),LineString,OBSERVED HYDROGRAPHIC NETWORK · WWF / HydroSHEDS
40697279,40698251,41067217,4.09,0.437,20.5,6,HydroRIVERS v1.0 (HydroSHEDS),LineString,OBSERVED HYDROGRAPHIC NETWORK · WWF / HydroSHEDS
40697462,40701178,41067217,2.23,0.159,20.3,6,HydroRIVERS v1.0 (HydroSHEDS),LineString,OBSERVED HYDROGRAPHIC NETWORK · WWF / HydroSHEDS
40697463,40698829,41067217,1.84,2.199,141.6,5,HydroRIVERS v1.0 (HydroSHEDS),LineString,OBSERVED HYDROGRAPHIC NETWORK · WWF / HydroSHEDS
40697464,40698036,41067217,3.45,8.022,420.9,5,HydroRIVERS v1.0 (HydroSHEDS),LineString,OBSERVED HYDROGRAPHIC NETWORK · WWF / HydroSHEDS
40697465,40697846,41067217,3.87,0.918,46.4,6,HydroRIVERS v1.0 (HydroSHEDS),LineString,OBSERVED HYDROGRAPHIC NETWORK · WWF / HydroSHEDS
40697466,40697465,41067217,0.92,0.232,11.7,7,HydroRIVERS v1.0 (HydroSHEDS),LineString,OBSERVED HYDROGRAPHIC NETWORK · WWF / HydroSHEDS
40697467,40697847,41067217,0.6,0.125,6.2,6,HydroRIVERS v1.0 (HydroSHEDS),LineString,OBSERVED HYDROGRAPHIC NETWORK · WWF / HydroSHEDS
40697468,40697847,41067217,3.23,4.115,199.0,5,HydroRIVERS v1.0 (HydroSHEDS),LineString,OBSERVED HYDROGRAPHIC NETWORK · WWF / HydroSHEDS
40697469,40698251,41067217,2.64,0.356,16.6,7,HydroRIVERS v1.0 (HydroSHEDS),LineString,OBSERVED HYDROGRAPHIC NETWORK · WWF / HydroSHEDS
40697673,40698823,41067217,9.41,2.664,294.8,4,HydroRIVERS v1.0 (HydroSHEDS),LineString,OBSERVED HYDROGRAPHIC NETWORK · WWF / HydroSHEDS
40697674,40698823,41067217,7.09,0.391,51.4,5,HydroRIVERS v1.0 (HydroSHEDS),LineString,OBSERVED HYDROGRAPHIC NETWORK · WWF / HydroSHEDS
40697675,40698431,41067217,5.55,576.437,23998.0,3,HydroRIVERS v1.0 (HydroSHEDS),LineString,OBSERVED HYDROGRAPHIC NETWORK · WWF / HydroSHEDS
40697676,40699887,41067217,2.85,0.214,13.2,7,HydroRIVERS v1.0 (HydroSHEDS),LineString,OBSERVED HYDROGRAPHIC NETWORK · WWF / HydroSHEDS
40697677,40699887,41067217,4.58,0.423,25.9,6,HydroRIVERS v1.0 (HydroSHEDS),LineString,OBSERVED HYDROGRAPHIC NETWORK · WWF / HydroSHEDS
40697678,40699888,41067217,1.23,20.791,1134.0,4,HydroRIVERS v1.0 (HydroSHEDS),LineString,OBSERVED HYDROGRAPHIC NETWORK · WWF / HydroSHEDS
40697679,40698249,41067217,6.3,0.319,16.8,6,HydroRIVERS v1.0 (HydroSHEDS),LineString,OBSERVED HYDROGRAPHIC NETWORK · WWF / HydroSHEDS
40697837,40698630,41067217,5.38,0.131,21.1,6,HydroRIVERS v1.0 (HydroSHEDS),LineString,OBSERVED HYDROGRAPHIC NETWORK · WWF / HydroSHEDS
40697838,40698630,41067217,9.09,0.17,25.9,5,HydroRIVERS v1.0 (HydroSHEDS),LineString,OBSERVED HYDROGRAPHIC NETWORK · WWF / HydroSHEDS
40697839,40699158,41067217,12.77,4.265,321.6,5,HydroRIVERS v1.0 (HydroSHEDS),LineString,OBSERVED HYDROGRAPHIC NETWORK · WWF / HydroSHEDS
40697840,40699158,41067217,11.16,0.292,26.6,6,HydroRIVERS v1.0 (HydroSHEDS),LineString,OBSERVED HYDROGRAPHIC NETWORK · WWF / HydroSHEDS
40697841,40698829,41067217,5.88,0.403,25.7,6,HydroRIVERS v1.0 (HydroSHEDS),LineString,OBSERVED HYDROGRAPHIC NETWORK · WWF / HydroSHEDS
40697842,40697464,41067217,4.13,6.685,348.2,5,HydroRIVERS v1.0 (HydroSHEDS),LineString,OBSERVED HYDROGRAPHIC NETWORK · WWF / HydroSHEDS
40697843,40697842,41067217,10.55,0.922,49.0,6,HydroRIVERS v1.0 (HydroSHEDS),LineString,OBSERVED HYDROGRAPHIC NETWORK · WWF / HydroSHEDS
40697844,40698249,41067217,1.82,4.163,213.6,5,HydroRIVERS v1.0 (HydroSHEDS),LineString,OBSERVED HYDROGRAPHIC NETWORK · WWF / HydroSHEDS
40697845,40697844,41067217,6.3,0.516,26.8,6,HydroRIVERS v1.0 (HydroSHEDS),LineString,OBSERVED HYDROGRAPHIC NETWORK · WWF / HydroSHEDS
40697846,40698038,41067217,4.59,2.879,146.5,5,HydroRIVERS v1.0 (HydroSHEDS),LineString,OBSERVED HYDROGRAPHIC NETWORK · WWF / HydroSHEDS
40697847,40698250,41067217,1.23,4.274,206.8,5,HydroRIVERS v1.0 (HydroSHEDS),LineString,OBSERVED HYDROGRAPHIC NETWORK · WWF / HydroSHEDS
40697848,40698250,41067217,1.38,0.128,6.2,6,HydroRIVERS v1.0 (HydroSHEDS),LineString,OBSERVED HYDROGRAPHIC NETWORK · WWF / HydroSHEDS
40698030,40698431,41067217,4.05,0.219,18.1,4,HydroRIVERS v1.0 (HydroSHEDS),LineString,OBSERVED HYDROGRAPHIC NETWORK · WWF / HydroSHEDS
40698031,40698828,41067217,7.85,3.082,204.7,5,HydroRIVERS v1.0 (HydroSHEDS),LineString,OBSERVED HYDROGRAPHIC NETWORK · WWF / HydroSHEDS
40698032,40698828,41067217,4.99,2.024,137.8,6,HydroRIVERS v1.0 (HydroSHEDS),LineString,OBSERVED HYDROGRAPHIC NETWORK · WWF / HydroSHEDS
40698033,40698833,41067217,6.63,0.418,25.4,7,HydroRIVERS v1.0 (HydroSHEDS),LineString,OBSERVED HYDROGRAPHIC NETWORK · WWF / HydroSHEDS
40698034,40698833,41067217,11.0,0.877,52.7,6,HydroRIVERS v1.0 (HydroSHEDS),LineString,OBSERVED HYDROGRAPHIC NETWORK · WWF / HydroSHEDS
40698035,40699888,41067217,1.23,9.732,515.1,5,HydroRIVERS v1.0 (HydroSHEDS),LineString,OBSERVED HYDROGRAPHIC NETWORK · WWF / HydroSHEDS
40698036,40698035,41067217,5.08,8.655,455.9,5,HydroRIVERS v1.0 (HydroSHEDS),LineString,OBSERVED HYDROGRAPHIC NETWORK · WWF / HydroSHEDS
40698037,40697844,41067217,0.61,3.581,183.2,5,HydroRIVERS v1.0 (HydroSHEDS),LineString,OBSERVED HYDROGRAPHIC NETWORK · WWF / HydroSHEDS
40698038,40698037,41067217,2.63,3.215,164.0,5,HydroRIVERS v1.0 (HydroSHEDS),LineString,OBSERVED HYDROGRAPHIC NETWORK · WWF / HydroSHEDS
40698039,40698038,41067217,1.1,0.144,7.5,6,HydroRIVERS v1.0 (HydroSHEDS),LineString,OBSERVED HYDROGRAPHIC NETWORK · WWF / HydroSHEDS
40698248,40697842,41067217,1.08,5.604,290.4,5,HydroRIVERS v1.0 (HydroSHEDS),LineString,OBSERVED HYDROGRAPHIC NETWORK · WWF / HydroSHEDS
40698249,40698248,41067217,4.66,4.717,243.1,5,HydroRIVERS v1.0 (HydroSHEDS),LineString,OBSERVED HYDROGRAPHIC NETWORK · WWF / HydroSHEDS
40698250,40698834,41067217,1.23,4.448,215.2,5,HydroRIVERS v1.0 (HydroSHEDS),LineString,OBSERVED HYDROGRAPHIC NETWORK · WWF / HydroSHEDS
40698251,40698834,41067217,6.71,1.176,55.4,6,HydroRIVERS v1.0 (HydroSHEDS),LineString,OBSERVED HYDROGRAPHIC NETWORK · WWF / HydroSHEDS
40698252,40697116,41067217,3.99,0.328,14.7,7,HydroRIVERS v1.0 (HydroSHEDS),LineString,OBSERVED HYDROGRAPHIC NETWORK · WWF / HydroSHEDS
40698431,40700079,41067217,2.86,576.787,24027.2,3,HydroRIVERS v1.0 (HydroSHEDS),LineString,OBSERVED HYDROGRAPHIC NETWORK · WWF / HydroSHEDS
40698432,40699499,41067217,6.45,0.9,52.4,6,HydroRIVERS v1.0 (HydroSHEDS),LineString,OBSERVED HYDROGRAPHIC NETWORK · WWF / HydroSHEDS
40698433,40699499,41067217,0.92,0.19,11.0,7,HydroRIVERS v1.0 (HydroSHEDS),LineString,OBSERVED HYDROGRAPHIC NETWORK · WWF / HydroSHEDS
40698627,40700820,41067217,7.7,8.927,814.1,3,HydroRIVERS v1.0 (HydroSHEDS),LineString,OBSERVED HYDROGRAPHIC NETWORK · WWF / HydroSHEDS
40698628,40700820,41067217,4.85,0.15,26.8,4,HydroRIVERS v1.0 (HydroSHEDS),LineString,OBSERVED HYDROGRAPHIC NETWORK · WWF / HydroSHEDS
40698629,40702114,41067217,3.57,0.146,25.4,6,HydroRIVERS v1.0 (HydroSHEDS),LineString,OBSERVED HYDROGRAPHIC NETWORK · WWF / HydroSHEDS
40698630,40702114,41067217,2.15,0.32,50.3,5,HydroRIVERS v1.0 (HydroSHEDS),LineString,OBSERVED HYDROGRAPHIC NETWORK · WWF / HydroSHEDS
40698631,40697273,41067217,5.32,0.381,26.5,7,HydroRIVERS v1.0 (HydroSHEDS),LineString,OBSERVED HYDROGRAPHIC NETWORK · WWF / HydroSHEDS
40698632,40700827,41067217,3.76,0.283,16.2,6,HydroRIVERS v1.0 (HydroSHEDS),LineString,OBSERVED HYDROGRAPHIC NETWORK · WWF / HydroSHEDS
40698633,40700827,41067217,7.38,0.575,32.8,5,HydroRIVERS v1.0 (HydroSHEDS),LineString,OBSERVED HYDROGRAPHIC NETWORK · WWF / HydroSHEDS
40698634,40698036,41067217,3.79,0.298,16.2,6,HydroRIVERS v1.0 (HydroSHEDS),LineString,OBSERVED HYDROGRAPHIC NETWORK · WWF / HydroSHEDS
40698822,40700625,41067217,0.69,0.073,11.6,5,HydroRIVERS v1.0 (HydroSHEDS),LineString,OBSERVED HYDROGRAPHIC NETWORK · WWF / HydroSHEDS
40698823,40700625,41067217,3.93,3.104,355.0,4,HydroRIVERS v1.0 (HydroSHEDS),LineString,OBSERVED HYDROGRAPHIC NETWORK · WWF / HydroSHEDS
40698824,40700079,41067217,2.11,0.16,13.8,4,HydroRIVERS v1.0 (HydroSHEDS),LineString,OBSERVED HYDROGRAPHIC NETWORK · WWF / HydroSHEDS
40698825,40699883,41067217,4.3,0.276,20.3,5,HydroRIVERS v1.0 (HydroSHEDS),LineString,OBSERVED HYDROGRAPHIC NETWORK · WWF / HydroSHEDS
40698826,40699883,41067217,23.52,1.701,114.7,4,HydroRIVERS v1.0 (HydroSHEDS),LineString,OBSERVED HYDROGRAPHIC NETWORK · WWF / HydroSHEDS
40698827,40701735,41067217,1.53,0.118,8.4,6,HydroRIVERS v1.0 (HydroSHEDS),LineString,OBSERVED HYDROGRAPHIC NETWORK · WWF / HydroSHEDS
40698828,40701735,41067217,2.31,5.228,351.6,5,HydroRIVERS v1.0 (HydroSHEDS),LineString,OBSERVED HYDROGRAPHIC NETWORK · WWF / HydroSHEDS
40698829,40699885,41067217,3.85,2.708,174.6,5,HydroRIVERS v1.0 (HydroSHEDS),LineString,OBSERVED HYDROGRAPHIC NETWORK · WWF / HydroSHEDS
40698830,40699886,41067217,1.01,0.118,7.5,6,HydroRIVERS v1.0 (HydroSHEDS),LineString,OBSERVED HYDROGRAPHIC NETWORK · WWF / HydroSHEDS
40698831,40699886,41067217,7.48,1.476,92.6,5,HydroRIVERS v1.0 (HydroSHEDS),LineString,OBSERVED HYDROGRAPHIC NETWORK · WWF / HydroSHEDS
40698832,40700275,41067217,1.94,0.171,10.4,7,HydroRIVERS v1.0 (HydroSHEDS),LineString,OBSERVED HYDROGRAPHIC NETWORK · WWF / HydroSHEDS
40698833,40700275,41067217,3.11,1.512,91.3,6,HydroRIVERS v1.0 (HydroSHEDS),LineString,OBSERVED HYDROGRAPHIC NETWORK · WWF / HydroSHEDS
40698834,40699504,41067217,1.54,5.674,273.0,5,HydroRIVERS v1.0 (HydroSHEDS),LineString,OBSERVED HYDROGRAPHIC NETWORK · WWF / HydroSHEDS
40698835,40699504,41067217,4.05,0.335,16.0,6,HydroRIVERS v1.0 (HydroSHEDS),LineString,OBSERVED HYDROGRAPHIC NETWORK · WWF / HydroSHEDS
40699015,40700276,41067217,3.48,0.481,24.2,6,HydroRIVERS v1.0 (HydroSHEDS),LineString,OBSERVED HYDROGRAPHIC NETWORK · WWF / HydroSHEDS
40699016,40700276,41067217,1.38,0.218,10.8,7,HydroRIVERS v1.0 (HydroSHEDS),LineString,OBSERVED HYDROGRAPHIC NETWORK · WWF / HydroSHEDS
40699157,40702527,41067217,2.7,0.19,19.6,6,HydroRIVERS v1.0 (HydroSHEDS),LineString,OBSERVED HYDROGRAPHIC NETWORK · WWF / HydroSHEDS
40699158,40702527,41067217,4.0,4.667,359.0,5,HydroRIVERS v1.0 (HydroSHEDS),LineString,OBSERVED HYDROGRAPHIC NETWORK · WWF / HydroSHEDS
40699332,40698037,41067217,3.85,0.356,18.7,6,HydroRIVERS v1.0 (HydroSHEDS),LineString,OBSERVED HYDROGRAPHIC NETWORK · WWF / HydroSHEDS
40699499,40701387,41067217,2.78,1.244,72.3,6,HydroRIVERS v1.0 (HydroSHEDS),LineString,OBSERVED HYDROGRAPHIC NETWORK · WWF / HydroSHEDS
40699500,40698035,41067217,4.16,1.062,58.2,6,HydroRIVERS v1.0 (HydroSHEDS),LineString,OBSERVED HYDROGRAPHIC NETWORK · WWF / HydroSHEDS
40699501,40699500,41067217,0.6,0.116,6.3,7,HydroRIVERS v1.0 (HydroSHEDS),LineString,OBSERVED HYDROGRAPHIC NETWORK · WWF / HydroSHEDS
40699502,40698248,41067217,4.4,0.821,43.8,6,HydroRIVERS v1.0 (HydroSHEDS),LineString,OBSERVED HYDROGRAPHIC NETWORK · WWF / HydroSHEDS
40699503,40700277,41067217,2.4,0.2,9.9,6,HydroRIVERS v1.0 (HydroSHEDS),LineString,OBSERVED HYDROGRAPHIC NETWORK · WWF / HydroSHEDS
40699504,40700277,41067217,2.15,6.142,295.5,5,HydroRIVERS v1.0 (HydroSHEDS),LineString,OBSERVED HYDROGRAPHIC NETWORK · WWF / HydroSHEDS
40699505,40699891,41067217,1.62,0.149,6.9,7,HydroRIVERS v1.0 (HydroSHEDS),LineString,OBSERVED HYDROGRAPHIC NETWORK · WWF / HydroSHEDS
40699695,40699885,41067217,6.89,0.349,22.4,6,HydroRIVERS v1.0 (HydroSHEDS),LineString,OBSERVED HYDROGRAPHIC NETWORK · WWF / HydroSHEDS
40699696,40700446,41067217,11.12,0.736,43.6,6,HydroRIVERS v1.0 (HydroSHEDS),LineString,OBSERVED HYDROGRAPHIC NETWORK · WWF / HydroSHEDS
40699697,40700446,41067217,12.86,0.92,54.2,5,HydroRIVERS v1.0 (HydroSHEDS),LineString,OBSERVED HYDROGRAPHIC NETWORK · WWF / HydroSHEDS
40699698,40701387,41067217,1.62,0.123,7.1,7,HydroRIVERS v1.0 (HydroSHEDS),LineString,OBSERVED HYDROGRAPHIC NETWORK · WWF / HydroSHEDS
40699699,40699502,41067217,2.23,0.172,9.1,7,HydroRIVERS v1.0 (HydroSHEDS),LineString,OBSERVED HYDROGRAPHIC NETWORK · WWF / HydroSHEDS
40699700,40699891,41067217,7.02,0.469,21.3,6,HydroRIVERS v1.0 (HydroSHEDS),LineString,OBSERVED HYDROGRAPHIC NETWORK · WWF / HydroSHEDS
40699881,40702884,41067217,8.4,1.679,144.4,5,HydroRIVERS v1.0 (HydroSHEDS),LineString,OBSERVED HYDROGRAPHIC NETWORK · WWF / HydroSHEDS
40699882,40702884,41067217,1.01,0.124,11.9,6,HydroRIVERS v1.0 (HydroSHEDS),LineString,OBSERVED HYDROGRAPHIC NETWORK · WWF / HydroSHEDS
40699883,40701385,41067217,3.78,2.093,144.0,4,HydroRIVERS v1.0 (HydroSHEDS),LineString,OBSERVED HYDROGRAPHIC NETWORK · WWF / HydroSHEDS
40699884,40701932,41067217,6.64,0.516,34.1,6,HydroRIVERS v1.0 (HydroSHEDS),LineString,OBSERVED HYDROGRAPHIC NETWORK · WWF / HydroSHEDS
40699885,40701932,41067217,3.78,3.172,205.0,5,HydroRIVERS v1.0 (HydroSHEDS),LineString,OBSERVED HYDROGRAPHIC NETWORK · WWF / HydroSHEDS
40699886,40700274,41067217,8.11,1.899,119.7,5,HydroRIVERS v1.0 (HydroSHEDS),LineString,OBSERVED HYDROGRAPHIC NETWORK · WWF / HydroSHEDS
40699887,40700274,41067217,6.76,0.961,59.3,6,HydroRIVERS v1.0 (HydroSHEDS),LineString,OBSERVED HYDROGRAPHIC NETWORK · WWF / HydroSHEDS
40699888,40700828,41067217,7.17,30.953,1675.1,4,HydroRIVERS v1.0 (HydroSHEDS),LineString,OBSERVED HYDROGRAPHIC NETWORK · WWF / HydroSHEDS
40699889,40700828,41067217,1.01,0.127,7.1,5,HydroRIVERS v1.0 (HydroSHEDS),LineString,OBSERVED HYDROGRAPHIC NETWORK · WWF / HydroSHEDS
40699890,40700448,41067217,1.38,0.131,6.2,7,HydroRIVERS v1.0 (HydroSHEDS),LineString,OBSERVED HYDROGRAPHIC NETWORK · WWF / HydroSHEDS
40699891,40700448,41067217,1.08,0.65,29.7,6,HydroRIVERS v1.0 (HydroSHEDS),LineString,OBSERVED HYDROGRAPHIC NETWORK · WWF / HydroSHEDS
40700078,40700821,41067217,3.23,0.233,21.3,4,HydroRIVERS v1.0 (HydroSHEDS),LineString,OBSERVED HYDROGRAPHIC NETWORK · WWF / HydroSHEDS
40700079,40700821,41067217,6.58,577.377,24079.6,3,HydroRIVERS v1.0 (HydroSHEDS),LineString,OBSERVED HYDROGRAPHIC NETWORK · WWF / HydroSHEDS
40700080,40701930,41067217,9.39,0.371,29.3,6,HydroRIVERS v1.0 (HydroSHEDS),LineString,OBSERVED HYDROGRAPHIC NETWORK · WWF / HydroSHEDS
40700081,40701930,41067217,11.59,0.833,62.4,5,HydroRIVERS v1.0 (HydroSHEDS),LineString,OBSERVED HYDROGRAPHIC NETWORK · WWF / HydroSHEDS
40700082,40701385,41067217,8.68,0.364,27.4,5,HydroRIVERS v1.0 (HydroSHEDS),LineString,OBSERVED HYDROGRAPHIC NETWORK · WWF / HydroSHEDS
40700083,40700272,41067217,0.6,0.124,8.6,7,HydroRIVERS v1.0 (HydroSHEDS),LineString,OBSERVED HYDROGRAPHIC NETWORK · WWF / HydroSHEDS
40700084,40700272,41067217,2.85,0.266,18.3,5,HydroRIVERS v1.0 (HydroSHEDS),LineString,OBSERVED HYDROGRAPHIC NETWORK · WWF / HydroSHEDS
40700085,40700272,41067217,2.15,0.221,14.9,6,HydroRIVERS v1.0 (HydroSHEDS),LineString,OBSERVED HYDROGRAPHIC NETWORK · WWF / HydroSHEDS
40700086,40700448,41067217,1.32,0.148,6.9,8,HydroRIVERS v1.0 (HydroSHEDS),LineString,OBSERVED HYDROGRAPHIC NETWORK · WWF / HydroSHEDS
40700266,40701929,41067217,2.92,0.109,14.7,5,HydroRIVERS v1.0 (HydroSHEDS),LineString,OBSERVED HYDROGRAPHIC NETWORK · WWF / HydroSHEDS
40700267,40701929,41067217,0.6,0.081,11.0,6,HydroRIVERS v1.0 (HydroSHEDS),LineString,OBSERVED HYDROGRAPHIC NETWORK · WWF / HydroSHEDS
40700268,40701732,41067217,30.91,1.037,117.2,5,HydroRIVERS v1.0 (HydroSHEDS),LineString,OBSERVED HYDROGRAPHIC NETWORK · WWF / HydroSHEDS
40700269,40701732,41067217,7.86,15.226,1061.4,4,HydroRIVERS v1.0 (HydroSHEDS),LineString,OBSERVED HYDROGRAPHIC NETWORK · WWF / HydroSHEDS
40700270,40701004,41067217,11.71,0.405,31.0,5,HydroRIVERS v1.0 (HydroSHEDS),LineString,OBSERVED HYDROGRAPHIC NETWORK · WWF / HydroSHEDS
40700271,40701004,41067217,0.6,0.134,10.6,6,HydroRIVERS v1.0 (HydroSHEDS),LineString,OBSERVED HYDROGRAPHIC NETWORK · WWF / HydroSHEDS
40700272,40701005,41067217,1.42,0.656,45.0,5,HydroRIVERS v1.0 (HydroSHEDS),LineString,OBSERVED HYDROGRAPHIC NETWORK · WWF / HydroSHEDS
40700273,40701005,41067217,0.6,0.136,9.1,6,HydroRIVERS v1.0 (HydroSHEDS),LineString,OBSERVED HYDROGRAPHIC NETWORK · WWF / HydroSHEDS
40700274,40701936,41067217,3.24,2.973,186.4,5,HydroRIVERS v1.0 (HydroSHEDS),LineString,OBSERVED HYDROGRAPHIC NETWORK · WWF / HydroSHEDS
40700275,40701936,41067217,5.11,1.898,115.2,6,HydroRIVERS v1.0 (HydroSHEDS),LineString,OBSERVED HYDROGRAPHIC NETWORK · WWF / HydroSHEDS
40700276,40700627,41067217,6.31,1.179,59.1,6,HydroRIVERS v1.0 (HydroSHEDS),LineString,OBSERVED HYDROGRAPHIC NETWORK · WWF / HydroSHEDS
40700277,40700627,41067217,2.15,6.429,309.7,5,HydroRIVERS v1.0 (HydroSHEDS),LineString,OBSERVED HYDROGRAPHIC NETWORK · WWF / HydroSHEDS
40700446,40701386,41067217,2.15,1.814,107.2,5,HydroRIVERS v1.0 (HydroSHEDS),LineString,OBSERVED HYDROGRAPHIC NETWORK · WWF / HydroSHEDS
40700447,40701182,41067217,2.02,0.188,9.0,7,HydroRIVERS v1.0 (HydroSHEDS),LineString,OBSERVED HYDROGRAPHIC NETWORK · WWF / HydroSHEDS
40700448,40701182,41067217,1.84,1.045,48.1,6,HydroRIVERS v1.0 (HydroSHEDS),LineString,OBSERVED HYDROGRAPHIC NETWORK · WWF / HydroSHEDS
40700624,40701177,41067217,1.38,0.061,10.6,5,HydroRIVERS v1.0 (HydroSHEDS),LineString,OBSERVED HYDROGRAPHIC NETWORK · WWF / HydroSHEDS
40700625,40701177,41067217,4.93,3.278,385.0,4,HydroRIVERS v1.0 (HydroSHEDS),LineString,OBSERVED HYDROGRAPHIC NETWORK · WWF / HydroSHEDS
40700626,40699502,41067217,3.99,0.413,22.0,6,HydroRIVERS v1.0 (HydroSHEDS),LineString,OBSERVED HYDROGRAPHIC NETWORK · WWF / HydroSHEDS
40700627,40701556,41067217,0.93,7.639,370.3,5,HydroRIVERS v1.0 (HydroSHEDS),LineString,OBSERVED HYDROGRAPHIC NETWORK · WWF / HydroSHEDS
40700628,40701556,41067217,2.02,0.209,10.3,6,HydroRIVERS v1.0 (HydroSHEDS),LineString,OBSERVED HYDROGRAPHIC NETWORK · WWF / HydroSHEDS
40700818,40701730,41067217,0.6,0.068,14.9,5,HydroRIVERS v1.0 (HydroSHEDS),LineString,OBSERVED HYDROGRAPHIC NETWORK · WWF / HydroSHEDS
40700819,40701730,41067217,16.57,1.189,197.6,4,HydroRIVERS v1.0 (HydroSHEDS),LineString,OBSERVED HYDROGRAPHIC NETWORK · WWF / HydroSHEDS
40700820,40701731,41067217,6.01,9.133,860.1,3,HydroRIVERS v1.0 (HydroSHEDS),LineString,OBSERVED HYDROGRAPHIC NETWORK · WWF / HydroSHEDS
40700821,40702715,41067217,3.11,577.765,24115.8,3,HydroRIVERS v1.0 (HydroSHEDS),LineString,OBSERVED HYDROGRAPHIC NETWORK · WWF / HydroSHEDS
40700822,40702715,41067217,0.6,0.105,10.1,4,HydroRIVERS v1.0 (HydroSHEDS),LineString,OBSERVED HYDROGRAPHIC NETWORK · WWF / HydroSHEDS
40700823,40701934,41067217,1.31,0.151,9.5,6,HydroRIVERS v1.0 (HydroSHEDS),LineString,OBSERVED HYDROGRAPHIC NETWORK · WWF / HydroSHEDS
40700824,40701937,41067217,1.31,0.19,11.4,7,HydroRIVERS v1.0 (HydroSHEDS),LineString,OBSERVED HYDROGRAPHIC NETWORK · WWF / HydroSHEDS
40700825,40701937,41067217,2.86,0.216,12.9,6,HydroRIVERS v1.0 (HydroSHEDS),LineString,OBSERVED HYDROGRAPHIC NETWORK · WWF / HydroSHEDS
40700826,40701386,41067217,1.38,0.123,7.3,6,HydroRIVERS v1.0 (HydroSHEDS),LineString,OBSERVED HYDROGRAPHIC NETWORK · WWF / HydroSHEDS
40700827,40701008,41067217,6.31,1.179,67.3,5,HydroRIVERS v1.0 (HydroSHEDS),LineString,OBSERVED HYDROGRAPHIC NETWORK · WWF / HydroSHEDS
40700828,40701179,41067217,2.62,31.151,1686.8,4,HydroRIVERS v1.0 (HydroSHEDS),LineString,OBSERVED HYDROGRAPHIC NETWORK · WWF / HydroSHEDS
40700829,40701738,41067217,3.87,0.414,21.5,6,HydroRIVERS v1.0 (HydroSHEDS),LineString,OBSERVED HYDROGRAPHIC NETWORK · WWF / HydroSHEDS
40700830,40701738,41067217,2.08,0.178,9.1,7,HydroRIVERS v1.0 (HydroSHEDS),LineString,OBSERVED HYDROGRAPHIC NETWORK · WWF / HydroSHEDS
40701003,40701731,41067217,2.02,0.105,20.7,4,HydroRIVERS v1.0 (HydroSHEDS),LineString,OBSERVED HYDROGRAPHIC NETWORK · WWF / HydroSHEDS
40701004,40702116,41067217,2.46,0.587,45.5,5,HydroRIVERS v1.0 (HydroSHEDS),LineString,OBSERVED HYDROGRAPHIC NETWORK · WWF / HydroSHEDS
40701005,40701931,41067217,2.96,0.906,61.9,5,HydroRIVERS v1.0 (HydroSHEDS),LineString,OBSERVED HYDROGRAPHIC NETWORK · WWF / HydroSHEDS
40701006,40701931,41067217,0.6,0.12,8.0,6,HydroRIVERS v1.0 (HydroSHEDS),LineString,OBSERVED HYDROGRAPHIC NETWORK · WWF / HydroSHEDS
40701007,40701934,41067217,2.85,0.184,11.6,5,HydroRIVERS v1.0 (HydroSHEDS),LineString,OBSERVED HYDROGRAPHIC NETWORK · WWF / HydroSHEDS
40701008,40702119,41067217,0.61,32.638,1772.4,4,HydroRIVERS v1.0 (HydroSHEDS),LineString,OBSERVED HYDROGRAPHIC NETWORK · WWF / HydroSHEDS
40701177,40704697,41067217,1.54,3.35,398.3,4,HydroRIVERS v1.0 (HydroSHEDS),LineString,OBSERVED HYDROGRAPHIC NETWORK · WWF / HydroSHEDS
40701178,40704697,41067217,14.61,2.531,293.4,5,HydroRIVERS v1.0 (HydroSHEDS),LineString,OBSERVED HYDROGRAPHIC NETWORK · WWF / HydroSHEDS
40701179,40701008,41067217,3.51,31.452,1704.5,4,HydroRIVERS v1.0 (HydroSHEDS),LineString,OBSERVED HYDROGRAPHIC NETWORK · WWF / HydroSHEDS
40701180,40701179,41067217,2.34,0.212,11.8,5,HydroRIVERS v1.0 (HydroSHEDS),LineString,OBSERVED HYDROGRAPHIC NETWORK · WWF / HydroSHEDS
40701181,40701391,41067217,6.04,0.34,16.4,7,HydroRIVERS v1.0 (HydroSHEDS),LineString,OBSERVED HYDROGRAPHIC NETWORK · WWF / HydroSHEDS
40701182,40701391,41067217,1.85,1.335,61.9,6,HydroRIVERS v1.0 (HydroSHEDS),LineString,OBSERVED HYDROGRAPHIC NETWORK · WWF / HydroSHEDS
40701385,40702116,41067217,9.06,2.78,197.4,4,HydroRIVERS v1.0 (HydroSHEDS),LineString,OBSERVED HYDROGRAPHIC NETWORK · WWF / HydroSHEDS
40701386,40701737,41067217,3.17,2.046,120.8,5,HydroRIVERS v1.0 (HydroSHEDS),LineString,OBSERVED HYDROGRAPHIC NETWORK · WWF / HydroSHEDS
40701387,40701737,41067217,5.94,1.584,92.1,6,HydroRIVERS v1.0 (HydroSHEDS),LineString,OBSERVED HYDROGRAPHIC NETWORK · WWF / HydroSHEDS
40701388,40699500,41067217,6.29,0.713,39.0,6,HydroRIVERS v1.0 (HydroSHEDS),LineString,OBSERVED HYDROGRAPHIC NETWORK · WWF / HydroSHEDS
40701389,40701555,41067217,1.81,0.297,15.1,6,HydroRIVERS v1.0 (HydroSHEDS),LineString,OBSERVED HYDROGRAPHIC NETWORK · WWF / HydroSHEDS
40701390,40701555,41067217,0.69,0.129,6.5,7,HydroRIVERS v1.0 (HydroSHEDS),LineString,OBSERVED HYDROGRAPHIC NETWORK · WWF / HydroSHEDS
40701391,40701940,41067217,0.46,1.683,78.7,6,HydroRIVERS v1.0 (HydroSHEDS),LineString,OBSERVED HYDROGRAPHIC NETWORK · WWF / HydroSHEDS
40701392,40701940,41067217,0.6,0.107,5.0,7,HydroRIVERS v1.0 (HydroSHEDS),LineString,OBSERVED HYDROGRAPHIC NETWORK · WWF / HydroSHEDS
40701555,40701938,41067217,4.28,0.708,35.8,6,HydroRIVERS v1.0 (HydroSHEDS),LineString,OBSERVED HYDROGRAPHIC NETWORK · WWF / HydroSHEDS
40701556,40701938,41067217,2.77,7.99,387.7,5,HydroRIVERS v1.0 (HydroSHEDS),LineString,OBSERVED HYDROGRAPHIC NETWORK · WWF / HydroSHEDS
40701730,40703994,41067217,3.32,1.285,219.3,4,HydroRIVERS v1.0 (HydroSHEDS),LineString,OBSERVED HYDROGRAPHIC NETWORK · WWF / HydroSHEDS
40701731,40703994,41067217,3.47,9.257,889.1,3,HydroRIVERS v1.0 (HydroSHEDS),LineString,OBSERVED HYDROGRAPHIC NETWORK · WWF / HydroSHEDS
40701732,40701733,41067217,4.96,16.286,1188.5,4,HydroRIVERS v1.0 (HydroSHEDS),LineString,OBSERVED HYDROGRAPHIC NETWORK · WWF / HydroSHEDS
40701733,40702526,41067217,0.81,16.757,1251.3,4,HydroRIVERS v1.0 (HydroSHEDS),LineString,OBSERVED HYDROGRAPHIC NETWORK · WWF / HydroSHEDS
40701734,40702526,41067217,6.5,0.276,31.0,5,HydroRIVERS v1.0 (HydroSHEDS),LineString,OBSERVED HYDROGRAPHIC NETWORK · WWF / HydroSHEDS
40701735,40702118,41067217,8.87,5.597,379.9,5,HydroRIVERS v1.0 (HydroSHEDS),LineString,OBSERVED HYDROGRAPHIC NETWORK · WWF / HydroSHEDS
40701736,40702118,41067217,4.63,0.383,27.8,6,HydroRIVERS v1.0 (HydroSHEDS),LineString,OBSERVED HYDROGRAPHIC NETWORK · WWF / HydroSHEDS
40701737,40702889,41067217,0.93,3.642,213.7,5,HydroRIVERS v1.0 (HydroSHEDS),LineString,OBSERVED HYDROGRAPHIC NETWORK · WWF / HydroSHEDS
40701738,40704158,41067217,2.62,0.693,35.8,6,HydroRIVERS v1.0 (HydroSHEDS),LineString,OBSERVED HYDROGRAPHIC NETWORK · WWF / HydroSHEDS
40701739,40704158,41067217,4.33,0.397,20.3,7,HydroRIVERS v1.0 (HydroSHEDS),LineString,OBSERVED HYDROGRAPHIC NETWORK · WWF / HydroSHEDS
40701928,40704698,41067217,6.7,0.218,32.3,6,HydroRIVERS v1.0 (HydroSHEDS),LineString,OBSERVED HYDROGRAPHIC NETWORK · WWF / HydroSHEDS
40701929,40704698,41067217,7.26,0.283,39.7,5,HydroRIVERS v1.0 (HydroSHEDS),LineString,OBSERVED HYDROGRAPHIC NETWORK · WWF / HydroSHEDS
40701930,40702529,41067217,6.64,1.34,103.3,5,HydroRIVERS v1.0 (HydroSHEDS),LineString,OBSERVED HYDROGRAPHIC NETWORK · WWF / HydroSHEDS
40701931,40704880,41067217,2.77,1.185,81.0,5,HydroRIVERS v1.0 (HydroSHEDS),LineString,OBSERVED HYDROGRAPHIC NETWORK · WWF / HydroSHEDS
40701932,40703091,41067217,6.4,4.087,266.6,5,HydroRIVERS v1.0 (HydroSHEDS),LineString,OBSERVED HYDROGRAPHIC NETWORK · WWF / HydroSHEDS
40701933,40703091,41067217,2.02,0.333,21.6,6,HydroRIVERS v1.0 (HydroSHEDS),LineString,OBSERVED HYDROGRAPHIC NETWORK · WWF / HydroSHEDS
40701934,40702885,41067217,3.79,0.51,32.3,5,HydroRIVERS v1.0 (HydroSHEDS),LineString,OBSERVED HYDROGRAPHIC NETWORK · WWF / HydroSHEDS
40701935,40702885,41067217,2.42,46.01,2633.6,4,HydroRIVERS v1.0 (HydroSHEDS),LineString,OBSERVED HYDROGRAPHIC NETWORK · WWF / HydroSHEDS
40701936,40702888,41067217,6.83,5.186,322.2,5,HydroRIVERS v1.0 (HydroSHEDS),LineString,OBSERVED HYDROGRAPHIC NETWORK · WWF / HydroSHEDS
40701937,40702888,41067217,5.25,0.577,34.5,6,HydroRIVERS v1.0 (HydroSHEDS),LineString,OBSERVED HYDROGRAPHIC NETWORK · WWF / HydroSHEDS
40701938,40702121,41067217,0.93,8.721,424.6,5,HydroRIVERS v1.0 (HydroSHEDS),LineString,OBSERVED HYDROGRAPHIC NETWORK · WWF / HydroSHEDS
40701939,40702121,41067217,2.83,0.173,8.6,6,HydroRIVERS v1.0 (HydroSHEDS),LineString,OBSERVED HYDROGRAPHIC NETWORK · WWF / HydroSHEDS
40701940,40702122,41067217,1.54,1.856,86.9,6,HydroRIVERS v1.0 (HydroSHEDS),LineString,OBSERVED HYDROGRAPHIC NETWORK · WWF / HydroSHEDS
40701941,40702534,41067217,0.69,0.219,10.1,9,HydroRIVERS v1.0 (HydroSHEDS),LineString,OBSERVED HYDROGRAPHIC NETWORK · WWF / HydroSHEDS
40701942,40702534,41067217,2.46,0.417,18.8,8,HydroRIVERS v1.0 (HydroSHEDS),LineString,OBSERVED HYDROGRAPHIC NETWORK · WWF / HydroSHEDS
40702114,40703288,41067217,11.52,0.603,101.6,5,HydroRIVERS v1.0 (HydroSHEDS),LineString,OBSERVED HYDROGRAPHIC NETWORK · WWF / HydroSHEDS
40702115,40703288,41067217,2.85,0.077,14.0,6,HydroRIVERS v1.0 (HydroSHEDS),LineString,OBSERVED HYDROGRAPHIC NETWORK · WWF / HydroSHEDS
40702116,40702529,41067217,7.39,3.606,263.2,4,HydroRIVERS v1.0 (HydroSHEDS),LineString,OBSERVED HYDROGRAPHIC NETWORK · WWF / HydroSHEDS
40702117,40703089,41067217,18.8,1.111,77.9,6,HydroRIVERS v1.0 (HydroSHEDS),LineString,OBSERVED HYDROGRAPHIC NETWORK · WWF / HydroSHEDS
40702118,40703089,41067217,2.03,6.02,410.9,5,HydroRIVERS v1.0 (HydroSHEDS),LineString,OBSERVED HYDROGRAPHIC NETWORK · WWF / HydroSHEDS
40702119,40702889,41067217,14.75,33.766,1840.7,4,HydroRIVERS v1.0 (HydroSHEDS),LineString,OBSERVED HYDROGRAPHIC NETWORK · WWF / HydroSHEDS
40702120,40702119,41067217,4.02,0.317,17.7,5,HydroRIVERS v1.0 (HydroSHEDS),LineString,OBSERVED HYDROGRAPHIC NETWORK · WWF / HydroSHEDS
40702121,40704160,41067217,0.46,8.917,434.3,5,HydroRIVERS v1.0 (HydroSHEDS),LineString,OBSERVED HYDROGRAPHIC NETWORK · WWF / HydroSHEDS
40702122,40702316,41067217,0.61,3.892,181.2,6,HydroRIVERS v1.0 (HydroSHEDS),LineString,OBSERVED HYDROGRAPHIC NETWORK · WWF / HydroSHEDS
40702312,40704880,41067217,1.53,0.157,10.8,6,HydroRIVERS v1.0 (HydroSHEDS),LineString,OBSERVED HYDROGRAPHIC NETWORK · WWF / HydroSHEDS
40702313,40701935,41067217,2.86,45.806,2614.0,4,HydroRIVERS v1.0 (HydroSHEDS),LineString,OBSERVED HYDROGRAPHIC NETWORK · WWF / HydroSHEDS
40702314,40702313,41067217,1.53,0.117,7.3,5,HydroRIVERS v1.0 (HydroSHEDS),LineString,OBSERVED HYDROGRAPHIC NETWORK · WWF / HydroSHEDS
40702315,40704160,41067217,0.92,0.167,8.4,6,HydroRIVERS v1.0 (HydroSHEDS),LineString,OBSERVED HYDROGRAPHIC NETWORK · WWF / HydroSHEDS
40702316,40703095,41067217,2.23,4.242,198.0,6,HydroRIVERS v1.0 (HydroSHEDS),LineString,OBSERVED HYDROGRAPHIC NETWORK · WWF / HydroSHEDS
40702317,40702122,41067217,4.05,2.032,94.1,7,HydroRIVERS v1.0 (HydroSHEDS),LineString,OBSERVED HYDROGRAPHIC NETWORK · WWF / HydroSHEDS
40702526,40702883,41067217,3.66,17.052,1289.5,4,HydroRIVERS v1.0 (HydroSHEDS),LineString,OBSERVED HYDROGRAPHIC NETWORK · WWF / HydroSHEDS
40702527,40702883,41067217,11.1,5.126,408.1,5,HydroRIVERS v1.0 (HydroSHEDS),LineString,OBSERVED HYDROGRAPHIC NETWORK · WWF / HydroSHEDS
40702528,40702717,41067217,13.96,0.492,41.8,5,HydroRIVERS v1.0 (HydroSHEDS),LineString,OBSERVED HYDROGRAPHIC NETWORK · WWF / HydroSHEDS
40702529,40702717,41067217,4.68,5.049,375.6,4,HydroRIVERS v1.0 (HydroSHEDS),LineString,OBSERVED HYDROGRAPHIC NETWORK · WWF / HydroSHEDS
40702530,40701935,41067217,2.0,0.213,13.6,5,HydroRIVERS v1.0 (HydroSHEDS),LineString,OBSERVED HYDROGRAPHIC NETWORK · WWF / HydroSHEDS
40702531,40703643,41067217,8.82,0.64,34.0,6,HydroRIVERS v1.0 (HydroSHEDS),LineString,OBSERVED HYDROGRAPHIC NETWORK · WWF / HydroSHEDS
40702532,40703643,41067217,2.7,0.256,13.4,7,HydroRIVERS v1.0 (HydroSHEDS),LineString,OBSERVED HYDROGRAPHIC NETWORK · WWF / HydroSHEDS
40702533,40702317,41067217,1.82,1.666,76.7,7,HydroRIVERS v1.0 (HydroSHEDS),LineString,OBSERVED HYDROGRAPHIC NETWORK · WWF / HydroSHEDS
40702534,40702533,41067217,1.54,0.717,32.7,8,HydroRIVERS v1.0 (HydroSHEDS),LineString,OBSERVED HYDROGRAPHIC NETWORK · WWF / HydroSHEDS
40702715,40705801,41067217,6.24,578.094,24148.5,3,HydroRIVERS v1.0 (HydroSHEDS),LineString,OBSERVED HYDROGRAPHIC NETWORK · WWF / HydroSHEDS
40702716,40705081,41067217,3.23,0.186,16.8,5,HydroRIVERS v1.0 (HydroSHEDS),LineString,OBSERVED HYDROGRAPHIC NETWORK · WWF / HydroSHEDS
40702717,40705081,41067217,2.63,5.609,423.6,4,HydroRIVERS v1.0 (HydroSHEDS),LineString,OBSERVED HYDROGRAPHIC NETWORK · WWF / HydroSHEDS
40702883,40705607,41067217,0.93,22.175,1699.1,4,HydroRIVERS v1.0 (HydroSHEDS),LineString,OBSERVED HYDROGRAPHIC NETWORK · WWF / HydroSHEDS
40702884,40705607,41067217,10.93,2.166,194.8,5,HydroRIVERS v1.0 (HydroSHEDS),LineString,OBSERVED HYDROGRAPHIC NETWORK · WWF / HydroSHEDS
40702885,40703092,41067217,5.89,46.652,2688.1,4,HydroRIVERS v1.0 (HydroSHEDS),LineString,OBSERVED HYDROGRAPHIC NETWORK · WWF / HydroSHEDS
40702886,40702313,41067217,3.05,45.615,2596.6,4,HydroRIVERS v1.0 (HydroSHEDS),LineString,OBSERVED HYDROGRAPHIC NETWORK · WWF / HydroSHEDS
40702887,40702886,41067217,3.25,0.168,10.5,5,HydroRIVERS v1.0 (HydroSHEDS),LineString,OBSERVED HYDROGRAPHIC NETWORK · WWF / HydroSHEDS
40702888,40703995,41067217,3.32,5.934,367.5,5,HydroRIVERS v1.0 (HydroSHEDS),LineString,OBSERVED HYDROGRAPHIC NETWORK · WWF / HydroSHEDS
40702889,40703995,41067217,13.15,38.013,2094.5,4,HydroRIVERS v1.0 (HydroSHEDS),LineString,OBSERVED HYDROGRAPHIC NETWORK · WWF / HydroSHEDS
40702890,40703095,41067217,2.17,0.262,12.7,7,HydroRIVERS v1.0 (HydroSHEDS),LineString,OBSERVED HYDROGRAPHIC NETWORK · WWF / HydroSHEDS
40702891,40702316,41067217,2.79,0.21,10.1,7,HydroRIVERS v1.0 (HydroSHEDS),LineString,OBSERVED HYDROGRAPHIC NETWORK · WWF / HydroSHEDS
40702892,40702317,41067217,1.85,0.153,7.3,8,HydroRIVERS v1.0 (HydroSHEDS),LineString,OBSERVED HYDROGRAPHIC NETWORK · WWF / HydroSHEDS
40702893,40702533,41067217,1.08,0.901,41.8,7,HydroRIVERS v1.0 (HydroSHEDS),LineString,OBSERVED HYDROGRAPHIC NETWORK · WWF / HydroSHEDS
40703086,40705801,41067217,10.69,0.308,30.4,4,HydroRIVERS v1.0 (HydroSHEDS),LineString,OBSERVED HYDROGRAPHIC NETWORK · WWF / HydroSHEDS
40703087,40704701,41067217,7.17,0.314,24.4,6,HydroRIVERS v1.0 (HydroSHEDS),LineString,OBSERVED HYDROGRAPHIC NETWORK · WWF / HydroSHEDS
40703088,40704701,41067217,17.52,0.651,48.7,5,HydroRIVERS v1.0 (HydroSHEDS),LineString,OBSERVED HYDROGRAPHIC NETWORK · WWF / HydroSHEDS
40703089,40705436,41067217,2.77,7.25,497.8,5,HydroRIVERS v1.0 (HydroSHEDS),LineString,OBSERVED HYDROGRAPHIC NETWORK · WWF / HydroSHEDS
40703090,40705436,41067217,2.64,0.157,11.8,6,HydroRIVERS v1.0 (HydroSHEDS),LineString,OBSERVED HYDROGRAPHIC NETWORK · WWF / HydroSHEDS
40703091,40704881,41067217,3.48,4.485,293.3,5,HydroRIVERS v1.0 (HydroSHEDS),LineString,OBSERVED HYDROGRAPHIC NETWORK · WWF / HydroSHEDS
40703092,40704881,41067217,0.61,46.841,2701.7,4,HydroRIVERS v1.0 (HydroSHEDS),LineString,OBSERVED HYDROGRAPHIC NETWORK · WWF / HydroSHEDS
40703093,40702886,41067217,0.61,45.389,2576.1,4,HydroRIVERS v1.0 (HydroSHEDS),LineString,OBSERVED HYDROGRAPHIC NETWORK · WWF / HydroSHEDS
40703094,40703093,41067217,2.8,0.145,9.0,5,HydroRIVERS v1.0 (HydroSHEDS),LineString,OBSERVED HYDROGRAPHIC NETWORK · WWF / HydroSHEDS
40703095,40704162,41067217,5.7,4.843,227.3,6,HydroRIVERS v1.0 (HydroSHEDS),LineString,OBSERVED HYDROGRAPHIC NETWORK · WWF / HydroSHEDS
40703287,40706369,41067217,2.7,0.112,22.4,6,HydroRIVERS v1.0 (HydroSHEDS),LineString,OBSERVED HYDROGRAPHIC NETWORK · WWF / HydroSHEDS
40703288,40706369,41067217,3.23,0.765,131.8,5,HydroRIVERS v1.0 (HydroSHEDS),LineString,OBSERVED HYDROGRAPHIC NETWORK · WWF / HydroSHEDS
40703289,40705609,41067217,5.39,0.266,19.2,8,HydroRIVERS v1.0 (HydroSHEDS),LineString,OBSERVED HYDROGRAPHIC NETWORK · WWF / HydroSHEDS
40703290,40705609,41067217,6.63,0.265,19.0,7,HydroRIVERS v1.0 (HydroSHEDS),LineString,OBSERVED HYDROGRAPHIC NETWORK · WWF / HydroSHEDS
40703291,40704155,41067217,0.92,0.152,8.2,7,HydroRIVERS v1.0 (HydroSHEDS),LineString,OBSERVED HYDROGRAPHIC NETWORK · WWF / HydroSHEDS
40703292,40704155,41067217,1.31,0.125,6.7,6,HydroRIVERS v1.0 (HydroSHEDS),LineString,OBSERVED HYDROGRAPHIC NETWORK · WWF / HydroSHEDS
40703293,40704162,41067217,1.32,0.148,7.3,7,HydroRIVERS v1.0 (HydroSHEDS),LineString,OBSERVED HYDROGRAPHIC NETWORK · WWF / HydroSHEDS
40703294,40702893,41067217,4.86,0.486,22.2,7,HydroRIVERS v1.0 (HydroSHEDS),LineString,OBSERVED HYDROGRAPHIC NETWORK · WWF / HydroSHEDS
40703472,40703093,41067217,1.23,45.214,2564.2,4,HydroRIVERS v1.0 (HydroSHEDS),LineString,OBSERVED HYDROGRAPHIC NETWORK · WWF / HydroSHEDS
40703473,40703472,41067217,1.53,0.139,8.6,5,HydroRIVERS v1.0 (HydroSHEDS),LineString,OBSERVED HYDROGRAPHIC NETWORK · WWF / HydroSHEDS
40703643,40705977,41067217,4.19,1.146,60.5,6,HydroRIVERS v1.0 (HydroSHEDS),LineString,OBSERVED HYDROGRAPHIC NETWORK · WWF / HydroSHEDS
40703644,40705977,41067217,0.69,0.133,6.9,7,HydroRIVERS v1.0 (HydroSHEDS),LineString,OBSERVED HYDROGRAPHIC NETWORK · WWF / HydroSHEDS
40703839,40701733,41067217,12.48,0.476,61.8,5,HydroRIVERS v1.0 (HydroSHEDS),LineString,OBSERVED HYDROGRAPHIC NETWORK · WWF / HydroSHEDS
40703840,40703092,41067217,3.07,0.187,12.3,5,HydroRIVERS v1.0 (HydroSHEDS),LineString,OBSERVED HYDROGRAPHIC NETWORK · WWF / HydroSHEDS
40703994,40704696,41067217,6.46,10.619,1135.4,3,HydroRIVERS v1.0 (HydroSHEDS),LineString,OBSERVED HYDROGRAPHIC NETWORK · WWF / HydroSHEDS
40703995,40704703,41067217,3.23,44.084,2471.5,4,HydroRIVERS v1.0 (HydroSHEDS),LineString,OBSERVED HYDROGRAPHIC NETWORK · WWF / HydroSHEDS
40703996,40704156,41067217,0.69,0.105,5.6,6,HydroRIVERS v1.0 (HydroSHEDS),LineString,OBSERVED HYDROGRAPHIC NETWORK · WWF / HydroSHEDS
40703997,40704156,41067217,0.81,28.913,1443.4,5,HydroRIVERS v1.0 (HydroSHEDS),LineString,OBSERVED HYDROGRAPHIC NETWORK · WWF / HydroSHEDS
40704152,40703472,41067217,4.72,45.076,2553.5,4,HydroRIVERS v1.0 (HydroSHEDS),LineString,OBSERVED HYDROGRAPHIC NETWORK · WWF / HydroSHEDS
40704153,40704152,41067217,2.0,0.162,9.9,5,HydroRIVERS v1.0 (HydroSHEDS),LineString,OBSERVED HYDROGRAPHIC NETWORK · WWF / HydroSHEDS
40704154,40704327,41067217,0.81,29.436,1471.9,5,HydroRIVERS v1.0 (HydroSHEDS),LineString,OBSERVED HYDROGRAPHIC NETWORK · WWF / HydroSHEDS
40704155,40704154,41067217,2.47,0.344,18.5,6,HydroRIVERS v1.0 (HydroSHEDS),LineString,OBSERVED HYDROGRAPHIC NETWORK · WWF / HydroSHEDS
40704156,40704154,41067217,1.02,29.034,1450.1,5,HydroRIVERS v1.0 (HydroSHEDS),LineString,OBSERVED HYDROGRAPHIC NETWORK · WWF / HydroSHEDS
40704157,40703997,41067217,5.07,28.513,1422.1,5,HydroRIVERS v1.0 (HydroSHEDS),LineString,OBSERVED HYDROGRAPHIC NETWORK · WWF / HydroSHEDS
40704158,40704491,41067217,9.21,1.59,81.9,6,HydroRIVERS v1.0 (HydroSHEDS),LineString,OBSERVED HYDROGRAPHIC NETWORK · WWF / HydroSHEDS
40704159,40704491,41067217,1.16,0.149,7.7,7,HydroRIVERS v1.0 (HydroSHEDS),LineString,OBSERVED HYDROGRAPHIC NETWORK · WWF / HydroSHEDS
40704160,40704328,41067217,6.55,9.407,459.0,5,HydroRIVERS v1.0 (HydroSHEDS),LineString,OBSERVED HYDROGRAPHIC NETWORK · WWF / HydroSHEDS
40704161,40704328,41067217,2.44,8.18,393.4,6,HydroRIVERS v1.0 (HydroSHEDS),LineString,OBSERVED HYDROGRAPHIC NETWORK · WWF / HydroSHEDS
40704162,40704161,41067217,4.34,5.179,243.9,6,HydroRIVERS v1.0 (HydroSHEDS),LineString,OBSERVED HYDROGRAPHIC NETWORK · WWF / HydroSHEDS
40704163,40702893,41067217,3.63,0.363,17.2,8,HydroRIVERS v1.0 (HydroSHEDS),LineString,OBSERVED HYDROGRAPHIC NETWORK · WWF / HydroSHEDS
40704322,40704696,41067217,5.71,0.114,24.5,4,HydroRIVERS v1.0 (HydroSHEDS),LineString,OBSERVED HYDROGRAPHIC NETWORK · WWF / HydroSHEDS
40704323,40704703,41067217,3.87,0.371,22.0,5,HydroRIVERS v1.0 (HydroSHEDS),LineString,OBSERVED HYDROGRAPHIC NETWORK · WWF / HydroSHEDS
40704324,40705280,41067217,1.31,0.22,12.7,6,HydroRIVERS v1.0 (HydroSHEDS),LineString,OBSERVED HYDROGRAPHIC NETWORK · WWF / HydroSHEDS
40704325,40705437,41067217,0.4,30.521,1532.8,5,HydroRIVERS v1.0 (HydroSHEDS),LineString,OBSERVED HYDROGRAPHIC NETWORK · WWF / HydroSHEDS
40704326,40704325,41067217,3.72,0.286,15.7,6,HydroRIVERS v1.0 (HydroSHEDS),LineString,OBSERVED HYDROGRAPHIC NETWORK · WWF / HydroSHEDS
40704327,40704325,41067217,8.35,30.231,1516.7,5,HydroRIVERS v1.0 (HydroSHEDS),LineString,OBSERVED HYDROGRAPHIC NETWORK · WWF / HydroSHEDS
40704328,40704708,41067217,1.02,17.624,854.2,5,HydroRIVERS v1.0 (HydroSHEDS),LineString,OBSERVED HYDROGRAPHIC NETWORK · WWF / HydroSHEDS
40704491,40706159,41067217,0.93,1.758,90.5,6,HydroRIVERS v1.0 (HydroSHEDS),LineString,OBSERVED HYDROGRAPHIC NETWORK · WWF / HydroSHEDS
40704492,40704161,41067217,1.23,2.923,145.5,7,HydroRIVERS v1.0 (HydroSHEDS),LineString,OBSERVED HYDROGRAPHIC NETWORK · WWF / HydroSHEDS
40704695,40705434,41067217,6.49,0.164,38.8,4,HydroRIVERS v1.0 (HydroSHEDS),LineString,OBSERVED HYDROGRAPHIC NETWORK · WWF / HydroSHEDS
40704696,40705434,41067217,2.56,10.736,1165.1,3,HydroRIVERS v1.0 (HydroSHEDS),LineString,OBSERVED HYDROGRAPHIC NETWORK · WWF / HydroSHEDS
40704697,40706370,41067217,9.56,6.036,727.0,4,HydroRIVERS v1.0 (HydroSHEDS),LineString,OBSERVED HYDROGRAPHIC NETWORK · WWF / HydroSHEDS
40704698,40706370,41067217,12.99,0.787,121.5,5,HydroRIVERS v1.0 (HydroSHEDS),LineString,OBSERVED HYDROGRAPHIC NETWORK · WWF / HydroSHEDS
40704699,40705079,41067217,1.94,0.083,13.3,6,HydroRIVERS v1.0 (HydroSHEDS),LineString,OBSERVED HYDROGRAPHIC NETWORK · WWF / HydroSHEDS
40704700,40705079,41067217,7.25,0.222,32.3,5,HydroRIVERS v1.0 (HydroSHEDS),LineString,OBSERVED HYDROGRAPHIC NETWORK · WWF / HydroSHEDS
40704701,40708706,41067217,6.43,1.16,89.0,5,HydroRIVERS v1.0 (HydroSHEDS),LineString,OBSERVED HYDROGRAPHIC NETWORK · WWF / HydroSHEDS
40704702,40708706,41067217,9.12,0.337,26.7,6,HydroRIVERS v1.0 (HydroSHEDS),LineString,OBSERVED HYDROGRAPHIC NETWORK · WWF / HydroSHEDS
40704703,40704152,41067217,6.72,44.734,2522.0,4,HydroRIVERS v1.0 (HydroSHEDS),LineString,OBSERVED HYDROGRAPHIC NETWORK · WWF / HydroSHEDS
40704704,40705280,41067217,5.13,32.427,1643.0,5,HydroRIVERS v1.0 (HydroSHEDS),LineString,OBSERVED HYDROGRAPHIC NETWORK · WWF / HydroSHEDS
40704705,40704704,41067217,3.17,0.233,13.1,6,HydroRIVERS v1.0 (HydroSHEDS),LineString,OBSERVED HYDROGRAPHIC NETWORK · WWF / HydroSHEDS
40704706,40704327,41067217,1.62,0.137,7.3,6,HydroRIVERS v1.0 (HydroSHEDS),LineString,OBSERVED HYDROGRAPHIC NETWORK · WWF / HydroSHEDS
40704707,40706159,41067217,5.76,19.264,937.7,5,HydroRIVERS v1.0 (HydroSHEDS),LineString,OBSERVED HYDROGRAPHIC NETWORK · WWF / HydroSHEDS
40704708,40704707,41067217,3.67,18.089,877.8,5,HydroRIVERS v1.0 (HydroSHEDS),LineString,OBSERVED HYDROGRAPHIC NETWORK · WWF / HydroSHEDS
40704880,40705611,41067217,9.88,1.959,134.5,5,HydroRIVERS v1.0 (HydroSHEDS),LineString,OBSERVED HYDROGRAPHIC NETWORK · WWF / HydroSHEDS
40704881,40705611,41067217,5.69,51.457,3016.6,4,HydroRIVERS v1.0 (HydroSHEDS),LineString,OBSERVED HYDROGRAPHIC NETWORK · WWF / HydroSHEDS
40704882,40704492,41067217,1.31,0.145,7.3,8,HydroRIVERS v1.0 (HydroSHEDS),LineString,OBSERVED HYDROGRAPHIC NETWORK · WWF / HydroSHEDS
40704883,40704492,41067217,4.07,2.726,135.6,7,HydroRIVERS v1.0 (HydroSHEDS),LineString,OBSERVED HYDROGRAPHIC NETWORK · WWF / HydroSHEDS
40705079,40706751,41067217,0.93,0.311,46.5,5,HydroRIVERS v1.0 (HydroSHEDS),LineString,OBSERVED HYDROGRAPHIC NETWORK · WWF / HydroSHEDS
40705080,40706751,41067217,7.94,0.27,38.6,4,HydroRIVERS v1.0 (HydroSHEDS),LineString,OBSERVED HYDROGRAPHIC NETWORK · WWF / HydroSHEDS
40705081,40707508,41067217,7.23,6.02,461.7,4,HydroRIVERS v1.0 (HydroSHEDS),LineString,OBSERVED HYDROGRAPHIC NETWORK · WWF / HydroSHEDS
40705082,40707508,41067217,5.05,0.301,27.6,5,HydroRIVERS v1.0 (HydroSHEDS),LineString,OBSERVED HYDROGRAPHIC NETWORK · WWF / HydroSHEDS
40705083,40706952,41067217,4.3,0.203,17.7,5,HydroRIVERS v1.0 (HydroSHEDS),LineString,OBSERVED HYDROGRAPHIC NETWORK · WWF / HydroSHEDS
40705084,40706952,41067217,13.1,0.625,52.5,4,HydroRIVERS v1.0 (HydroSHEDS),LineString,OBSERVED HYDROGRAPHIC NETWORK · WWF / HydroSHEDS
40705085,40704708,41067217,2.39,0.207,10.5,6,HydroRIVERS v1.0 (HydroSHEDS),LineString,OBSERVED HYDROGRAPHIC NETWORK · WWF / HydroSHEDS
40705086,40704883,41067217,1.02,2.27,112.9,7,HydroRIVERS v1.0 (HydroSHEDS),LineString,OBSERVED HYDROGRAPHIC NETWORK · WWF / HydroSHEDS
40705278,40705805,41067217,3.45,0.311,20.2,5,HydroRIVERS v1.0 (HydroSHEDS),LineString,OBSERVED HYDROGRAPHIC NETWORK · WWF / HydroSHEDS
40705279,40705806,41067217,3.23,0.285,16.6,6,HydroRIVERS v1.0 (HydroSHEDS),LineString,OBSERVED HYDROGRAPHIC NETWORK · WWF / HydroSHEDS
40705280,40705806,41067217,2.62,32.838,1667.4,5,HydroRIVERS v1.0 (HydroSHEDS),LineString,OBSERVED HYDROGRAPHIC NETWORK · WWF / HydroSHEDS
40705434,40708291,41067217,2.0,10.905,1208.8,3,HydroRIVERS v1.0 (HydroSHEDS),LineString,OBSERVED HYDROGRAPHIC NETWORK · WWF / HydroSHEDS
40705435,40706753,41067217,1.92,0.208,16.4,6,HydroRIVERS v1.0 (HydroSHEDS),LineString,OBSERVED HYDROGRAPHIC NETWORK · WWF / HydroSHEDS
40705436,40706753,41067217,7.63,7.736,534.9,5,HydroRIVERS v1.0 (HydroSHEDS),LineString,OBSERVED HYDROGRAPHIC NETWORK · WWF / HydroSHEDS
40705437,40704704,41067217,13.03,31.871,1609.9,5,HydroRIVERS v1.0 (HydroSHEDS),LineString,OBSERVED HYDROGRAPHIC NETWORK · WWF / HydroSHEDS
40705438,40705086,41067217,1.08,1.605,80.4,7,HydroRIVERS v1.0 (HydroSHEDS),LineString,OBSERVED HYDROGRAPHIC NETWORK · WWF / HydroSHEDS
40705607,40707697,41067217,7.85,24.535,1933.7,4,HydroRIVERS v1.0 (HydroSHEDS),LineString,OBSERVED HYDROGRAPHIC NETWORK · WWF / HydroSHEDS
40705608,40706954,41067217,1.1,0.121,9.3,7,HydroRIVERS v1.0 (HydroSHEDS),LineString,OBSERVED HYDROGRAPHIC NETWORK · WWF / HydroSHEDS
40705609,40705804,41067217,7.08,0.691,50.6,7,HydroRIVERS v1.0 (HydroSHEDS),LineString,OBSERVED HYDROGRAPHIC NETWORK · WWF / HydroSHEDS
40705610,40705804,41067217,12.92,0.54,39.6,8,HydroRIVERS v1.0 (HydroSHEDS),LineString,OBSERVED HYDROGRAPHIC NETWORK · WWF / HydroSHEDS
40705611,40706955,41067217,2.31,53.406,3156.1,4,HydroRIVERS v1.0 (HydroSHEDS),LineString,OBSERVED HYDROGRAPHIC NETWORK · WWF / HydroSHEDS
40705612,40705805,41067217,2.24,0.171,11.2,6,HydroRIVERS v1.0 (HydroSHEDS),LineString,OBSERVED HYDROGRAPHIC NETWORK · WWF / HydroSHEDS
40705613,40704707,41067217,2.47,0.821,41.9,6,HydroRIVERS v1.0 (HydroSHEDS),LineString,OBSERVED HYDROGRAPHIC NETWORK · WWF / HydroSHEDS
40705800,40708291,41067217,5.2,0.098,22.0,4,HydroRIVERS v1.0 (HydroSHEDS),LineString,OBSERVED HYDROGRAPHIC NETWORK · WWF / HydroSHEDS
40705801,40707698,41067217,9.94,578.669,24208.4,3,HydroRIVERS v1.0 (HydroSHEDS),LineString,OBSERVED HYDROGRAPHIC NETWORK · WWF / HydroSHEDS
40705802,40706371,41067217,7.07,0.37,37.9,4,HydroRIVERS v1.0 (HydroSHEDS),LineString,OBSERVED HYDROGRAPHIC NETWORK · WWF / HydroSHEDS
40705803,40706371,41067217,0.92,0.104,10.6,5,HydroRIVERS v1.0 (HydroSHEDS),LineString,OBSERVED HYDROGRAPHIC NETWORK · WWF / HydroSHEDS
40705804,40706156,41067217,0.61,1.236,90.5,7,HydroRIVERS v1.0 (HydroSHEDS),LineString,OBSERVED HYDROGRAPHIC NETWORK · WWF / HydroSHEDS
40705805,40706955,41067217,7.33,0.809,53.4,5,HydroRIVERS v1.0 (HydroSHEDS),LineString,OBSERVED HYDROGRAPHIC NETWORK · WWF / HydroSHEDS
40705806,40706754,41067217,1.69,33.174,1687.4,5,HydroRIVERS v1.0 (HydroSHEDS),LineString,OBSERVED HYDROGRAPHIC NETWORK · WWF / HydroSHEDS
40705807,40703997,41067217,5.72,0.372,19.6,6,HydroRIVERS v1.0 (HydroSHEDS),LineString,OBSERVED HYDROGRAPHIC NETWORK · WWF / HydroSHEDS
40705808,40704157,41067217,4.93,0.293,15.3,6,HydroRIVERS v1.0 (HydroSHEDS),LineString,OBSERVED HYDROGRAPHIC NETWORK · WWF / HydroSHEDS
40705809,40705086,41067217,7.51,0.632,30.8,8,HydroRIVERS v1.0 (HydroSHEDS),LineString,OBSERVED HYDROGRAPHIC NETWORK · WWF / HydroSHEDS
40705973,40706156,41067217,15.94,0.674,49.1,6,HydroRIVERS v1.0 (HydroSHEDS),LineString,OBSERVED HYDROGRAPHIC NETWORK · WWF / HydroSHEDS
40705974,40706754,41067217,1.32,0.123,7.1,6,HydroRIVERS v1.0 (HydroSHEDS),LineString,OBSERVED HYDROGRAPHIC NETWORK · WWF / HydroSHEDS
40705975,40705437,41067217,5.63,0.356,19.1,6,HydroRIVERS v1.0 (HydroSHEDS),LineString,OBSERVED HYDROGRAPHIC NETWORK · WWF / HydroSHEDS
40705976,40704157,41067217,6.8,27.74,1380.0,5,HydroRIVERS v1.0 (HydroSHEDS),LineString,OBSERVED HYDROGRAPHIC NETWORK · WWF / HydroSHEDS
40705977,40706158,41067217,7.18,1.819,95.4,6,HydroRIVERS v1.0 (HydroSHEDS),LineString,OBSERVED HYDROGRAPHIC NETWORK · WWF / HydroSHEDS
40705978,40704883,41067217,3.46,0.261,13.1,8,HydroRIVERS v1.0 (HydroSHEDS),LineString,OBSERVED HYDROGRAPHIC NETWORK · WWF / HydroSHEDS
40705979,40706163,41067217,3.33,0.252,11.8,7,HydroRIVERS v1.0 (HydroSHEDS),LineString,OBSERVED HYDROGRAPHIC NETWORK · WWF / HydroSHEDS
40706156,40706954,41067217,4.28,2.007,147.7,6,HydroRIVERS v1.0 (HydroSHEDS),LineString,OBSERVED HYDROGRAPHIC NETWORK · WWF / HydroSHEDS
40706157,40705976,41067217,2.25,26.847,1332.2,5,HydroRIVERS v1.0 (HydroSHEDS),LineString,OBSERVED HYDROGRAPHIC NETWORK · WWF / HydroSHEDS
40706158,40706157,41067217,2.23,26.519,1314.8,5,HydroRIVERS v1.0 (HydroSHEDS),LineString,OBSERVED HYDROGRAPHIC NETWORK · WWF / HydroSHEDS
40706159,40706556,41067217,4.77,21.317,1043.4,5,HydroRIVERS v1.0 (HydroSHEDS),LineString,OBSERVED HYDROGRAPHIC NETWORK · WWF / HydroSHEDS
40706160,40706556,41067217,0.6,0.131,6.7,6,HydroRIVERS v1.0 (HydroSHEDS),LineString,OBSERVED HYDROGRAPHIC NETWORK · WWF / HydroSHEDS
40706161,40706162,41067217,2.02,0.278,13.3,7,HydroRIVERS v1.0 (HydroSHEDS),LineString,OBSERVED HYDROGRAPHIC NETWORK · WWF / HydroSHEDS
40706369,40712344,41067217,8.93,1.049,190.7,5,HydroRIVERS v1.0 (HydroSHEDS),LineString,OBSERVED HYDROGRAPHIC NETWORK · WWF / HydroSHEDS
40706370,40712344,41067217,6.74,6.934,875.7,4,HydroRIVERS v1.0 (HydroSHEDS),LineString,OBSERVED HYDROGRAPHIC NETWORK · WWF / HydroSHEDS
40706371,40707698,41067217,7.57,0.705,73.8,4,HydroRIVERS v1.0 (HydroSHEDS),LineString,OBSERVED HYDROGRAPHIC NETWORK · WWF / HydroSHEDS
40706372,40706158,41067217,1.08,24.634,1215.5,5,HydroRIVERS v1.0 (HydroSHEDS),LineString,OBSERVED HYDROGRAPHIC NETWORK · WWF / HydroSHEDS
40706373,40705613,41067217,2.64,0.3,15.3,7,HydroRIVERS v1.0 (HydroSHEDS),LineString,OBSERVED HYDROGRAPHIC NETWORK · WWF / HydroSHEDS
40706554,40707697,41067217,7.73,0.331,45.2,5,HydroRIVERS v1.0 (HydroSHEDS),LineString,OBSERVED HYDROGRAPHIC NETWORK · WWF / HydroSHEDS
40706555,40706372,41067217,2.65,21.717,1064.9,5,HydroRIVERS v1.0 (HydroSHEDS),LineString,OBSERVED HYDROGRAPHIC NETWORK · WWF / HydroSHEDS
40706556,40706555,41067217,1.23,21.485,1052.0,5,HydroRIVERS v1.0 (HydroSHEDS),LineString,OBSERVED HYDROGRAPHIC NETWORK · WWF / HydroSHEDS
40706557,40706555,41067217,0.6,0.149,7.7,6,HydroRIVERS v1.0 (HydroSHEDS),LineString,OBSERVED HYDROGRAPHIC NETWORK · WWF / HydroSHEDS
40706750,40714293,41067217,1.62,0.075,12.5,5,HydroRIVERS v1.0 (HydroSHEDS),LineString,OBSERVED HYDROGRAPHIC NETWORK · WWF / HydroSHEDS
40706751,40714293,41067217,5.73,0.651,96.9,4,HydroRIVERS v1.0 (HydroSHEDS),LineString,OBSERVED HYDROGRAPHIC NETWORK · WWF / HydroSHEDS
40706752,40706953,41067217,4.52,0.218,17.7,6,HydroRIVERS v1.0 (HydroSHEDS),LineString,OBSERVED HYDROGRAPHIC NETWORK · WWF / HydroSHEDS
40706753,40706953,41067217,3.39,8.017,557.3,5,HydroRIVERS v1.0 (HydroSHEDS),LineString,OBSERVED HYDROGRAPHIC NETWORK · WWF / HydroSHEDS
40706754,40707511,41067217,3.47,33.53,1708.5,5,HydroRIVERS v1.0 (HydroSHEDS),LineString,OBSERVED HYDROGRAPHIC NETWORK · WWF / HydroSHEDS
40706755,40707511,41067217,1.85,0.156,8.8,6,HydroRIVERS v1.0 (HydroSHEDS),LineString,OBSERVED HYDROGRAPHIC NETWORK · WWF / HydroSHEDS
40706756,40706757,41067217,1.41,0.185,9.0,7,HydroRIVERS v1.0 (HydroSHEDS),LineString,OBSERVED HYDROGRAPHIC NETWORK · WWF / HydroSHEDS
40706757,40706162,41067217,1.69,0.594,28.8,6,HydroRIVERS v1.0 (HydroSHEDS),LineString,OBSERVED HYDROGRAPHIC NETWORK · WWF / HydroSHEDS
40706951,40709453,41067217,0.69,0.109,10.1,6,HydroRIVERS v1.0 (HydroSHEDS),LineString,OBSERVED HYDROGRAPHIC NETWORK · WWF / HydroSHEDS
40706952,40709453,41067217,5.24,0.938,80.3,4,HydroRIVERS v1.0 (HydroSHEDS),LineString,OBSERVED HYDROGRAPHIC NETWORK · WWF / HydroSHEDS
40706953,40708496,41067217,0.61,8.239,575.4,5,HydroRIVERS v1.0 (HydroSHEDS),LineString,OBSERVED HYDROGRAPHIC NETWORK · WWF / HydroSHEDS
40706954,40708496,41067217,4.65,2.255,167.1,6,HydroRIVERS v1.0 (HydroSHEDS),LineString,OBSERVED HYDROGRAPHIC NETWORK · WWF / HydroSHEDS
40706955,40707120,41067217,3.7,54.173,3216.0,4,HydroRIVERS v1.0 (HydroSHEDS),LineString,OBSERVED HYDROGRAPHIC NETWORK · WWF / HydroSHEDS
40706956,40705976,41067217,3.37,0.407,21.1,6,HydroRIVERS v1.0 (HydroSHEDS),LineString,OBSERVED HYDROGRAPHIC NETWORK · WWF / HydroSHEDS
40706957,40705438,41067217,6.17,0.462,22.8,8,HydroRIVERS v1.0 (HydroSHEDS),LineString,OBSERVED HYDROGRAPHIC NETWORK · WWF / HydroSHEDS
40707118,40709453,41067217,2.85,0.17,15.3,5,HydroRIVERS v1.0 (HydroSHEDS),LineString,OBSERVED HYDROGRAPHIC NETWORK · WWF / HydroSHEDS
40707119,40707312,41067217,2.39,0.166,11.8,5,HydroRIVERS v1.0 (HydroSHEDS),LineString,OBSERVED HYDROGRAPHIC NETWORK · WWF / HydroSHEDS
40707120,40707312,41067217,9.1,54.776,3284.2,4,HydroRIVERS v1.0 (HydroSHEDS),LineString,OBSERVED HYDROGRAPHIC NETWORK · WWF / HydroSHEDS
40707121,40705613,41067217,5.47,0.452,23.0,6,HydroRIVERS v1.0 (HydroSHEDS),LineString,OBSERVED HYDROGRAPHIC NETWORK · WWF / HydroSHEDS
40707311,40707510,41067217,8.7,0.521,37.4,5,HydroRIVERS v1.0 (HydroSHEDS),LineString,OBSERVED HYDROGRAPHIC NETWORK · WWF / HydroSHEDS
40707312,40707510,41067217,2.23,54.911,3300.3,4,HydroRIVERS v1.0 (HydroSHEDS),LineString,OBSERVED HYDROGRAPHIC NETWORK · WWF / HydroSHEDS
40707313,40707120,41067217,5.18,0.32,21.7,5,HydroRIVERS v1.0 (HydroSHEDS),LineString,OBSERVED HYDROGRAPHIC NETWORK · WWF / HydroSHEDS
40707506,40709451,41067217,0.69,0.057,10.8,6,HydroRIVERS v1.0 (HydroSHEDS),LineString,OBSERVED HYDROGRAPHIC NETWORK · WWF / HydroSHEDS
40707507,40709451,41067217,4.64,0.183,32.7,5,HydroRIVERS v1.0 (HydroSHEDS),LineString,OBSERVED HYDROGRAPHIC NETWORK · WWF / HydroSHEDS
40707508,40710827,41067217,7.63,6.654,522.7,4,HydroRIVERS v1.0 (HydroSHEDS),LineString,OBSERVED HYDROGRAPHIC NETWORK · WWF / HydroSHEDS
40707509,40708709,41067217,2.0,0.21,15.5,5,HydroRIVERS v1.0 (HydroSHEDS),LineString,OBSERVED HYDROGRAPHIC NETWORK · WWF / HydroSHEDS
40707510,40708709,41067217,1.02,55.41,3338.7,4,HydroRIVERS v1.0 (HydroSHEDS),LineString,OBSERVED HYDROGRAPHIC NETWORK · WWF / HydroSHEDS
40707511,40707917,41067217,2.31,33.82,1724.8,5,HydroRIVERS v1.0 (HydroSHEDS),LineString,OBSERVED HYDROGRAPHIC NETWORK · WWF / HydroSHEDS
40707512,40707917,41067217,2.64,0.158,8.8,6,HydroRIVERS v1.0 (HydroSHEDS),LineString,OBSERVED HYDROGRAPHIC NETWORK · WWF / HydroSHEDS
40707513,40707918,41067217,5.67,0.477,26.0,6,HydroRIVERS v1.0 (HydroSHEDS),LineString,OBSERVED HYDROGRAPHIC NETWORK · WWF / HydroSHEDS
40707514,40706157,41067217,3.7,0.21,10.8,6,HydroRIVERS v1.0 (HydroSHEDS),LineString,OBSERVED HYDROGRAPHIC NETWORK · WWF / HydroSHEDS
40707697,40708292,41067217,7.11,25.046,2009.3,4,HydroRIVERS v1.0 (HydroSHEDS),LineString,OBSERVED HYDROGRAPHIC NETWORK · WWF / HydroSHEDS
40707698,40708292,41067217,4.78,578.929,24291.5,3,HydroRIVERS v1.0 (HydroSHEDS),LineString,OBSERVED HYDROGRAPHIC NETWORK · WWF / HydroSHEDS
40707699,40711470,41067217,2.7,0.256,16.1,7,HydroRIVERS v1.0 (HydroSHEDS),LineString,OBSERVED HYDROGRAPHIC NETWORK · WWF / HydroSHEDS
40707700,40711470,41067217,2.94,0.227,14.0,6,HydroRIVERS v1.0 (HydroSHEDS),LineString,OBSERVED HYDROGRAPHIC NETWORK · WWF / HydroSHEDS
40707701,40706757,41067217,3.23,0.359,17.4,6,HydroRIVERS v1.0 (HydroSHEDS),LineString,OBSERVED HYDROGRAPHIC NETWORK · WWF / HydroSHEDS
40707917,40710266,41067217,1.08,33.998,1734.7,5,HydroRIVERS v1.0 (HydroSHEDS),LineString,OBSERVED HYDROGRAPHIC NETWORK · WWF / HydroSHEDS
40707918,40710266,41067217,2.04,0.824,44.8,6,HydroRIVERS v1.0 (HydroSHEDS),LineString,OBSERVED HYDROGRAPHIC NETWORK · WWF / HydroSHEDS
40708093,40710827,41067217,7.73,0.276,27.3,5,HydroRIVERS v1.0 (HydroSHEDS),LineString,OBSERVED HYDROGRAPHIC NETWORK · WWF / HydroSHEDS
40708094,40707918,41067217,3.25,0.272,14.8,7,HydroRIVERS v1.0 (HydroSHEDS),LineString,OBSERVED HYDROGRAPHIC NETWORK · WWF / HydroSHEDS
40708290,40710824,41067217,8.15,0.124,31.9,4,HydroRIVERS v1.0 (HydroSHEDS),LineString,OBSERVED HYDROGRAPHIC NETWORK · WWF / HydroSHEDS
40708291,40710824,41067217,7.7,11.013,1272.5,3,HydroRIVERS v1.0 (HydroSHEDS),LineString,OBSERVED HYDROGRAPHIC NETWORK · WWF / HydroSHEDS
40708292,40708878,41067217,1.39,603.712,26302.2,3,HydroRIVERS v1.0 (HydroSHEDS),LineString,OBSERVED HYDROGRAPHIC NETWORK · WWF / HydroSHEDS
40708293,40706372,41067217,4.93,2.896,149.4,6,HydroRIVERS v1.0 (HydroSHEDS),LineString,OBSERVED HYDROGRAPHIC NETWORK · WWF / HydroSHEDS
40708496,40711129,41067217,4.16,10.603,752.4,5,HydroRIVERS v1.0 (HydroSHEDS),LineString,OBSERVED HYDROGRAPHIC NETWORK · WWF / HydroSHEDS
40708497,40711129,41067217,11.56,0.462,36.2,6,HydroRIVERS v1.0 (HydroSHEDS),LineString,OBSERVED HYDROGRAPHIC NETWORK · WWF / HydroSHEDS
40708706,40711635,41067217,11.59,1.81,143.2,5,HydroRIVERS v1.0 (HydroSHEDS),LineString,OBSERVED HYDROGRAPHIC NETWORK · WWF / HydroSHEDS
40708707,40711635,41067217,5.85,0.399,33.8,6,HydroRIVERS v1.0 (HydroSHEDS),LineString,OBSERVED HYDROGRAPHIC NETWORK · WWF / HydroSHEDS
40708708,40710067,41067217,1.39,0.111,8.4,5,HydroRIVERS v1.0 (HydroSHEDS),LineString,OBSERVED HYDROGRAPHIC NETWORK · WWF / HydroSHEDS
40708709,40710067,41067217,3.79,55.665,3367.3,4,HydroRIVERS v1.0 (HydroSHEDS),LineString,OBSERVED HYDROGRAPHIC NETWORK · WWF / HydroSHEDS
40708710,40708293,41067217,1.08,1.1,56.7,7,HydroRIVERS v1.0 (HydroSHEDS),LineString,OBSERVED HYDROGRAPHIC NETWORK · WWF / HydroSHEDS
40708878,40710065,41067217,1.54,603.734,26339.8,3,HydroRIVERS v1.0 (HydroSHEDS),LineString,OBSERVED HYDROGRAPHIC NETWORK · WWF / HydroSHEDS
40708879,40710065,41067217,5.45,0.204,23.2,4,HydroRIVERS v1.0 (HydroSHEDS),LineString,OBSERVED HYDROGRAPHIC NETWORK · WWF / HydroSHEDS
40708880,40711799,41067217,3.77,0.338,17.8,7,HydroRIVERS v1.0 (HydroSHEDS),LineString,OBSERVED HYDROGRAPHIC NETWORK · WWF / HydroSHEDS
40708881,40711799,41067217,5.46,0.613,31.8,6,HydroRIVERS v1.0 (HydroSHEDS),LineString,OBSERVED HYDROGRAPHIC NETWORK · WWF / HydroSHEDS
40708882,40709075,41067217,9.24,0.758,38.9,6,HydroRIVERS v1.0 (HydroSHEDS),LineString,OBSERVED HYDROGRAPHIC NETWORK · WWF / HydroSHEDS
40709073,40709654,41067217,5.78,0.179,28.0,6,HydroRIVERS v1.0 (HydroSHEDS),LineString,OBSERVED HYDROGRAPHIC NETWORK · WWF / HydroSHEDS
40709074,40708878,41067217,4.83,0.212,27.7,4,HydroRIVERS v1.0 (HydroSHEDS),LineString,OBSERVED HYDROGRAPHIC NETWORK · WWF / HydroSHEDS
40709075,40708293,41067217,9.14,1.458,75.3,6,HydroRIVERS v1.0 (HydroSHEDS),LineString,OBSERVED HYDROGRAPHIC NETWORK · WWF / HydroSHEDS
40709076,40709075,41067217,0.69,0.113,5.8,7,HydroRIVERS v1.0 (HydroSHEDS),LineString,OBSERVED HYDROGRAPHIC NETWORK · WWF / HydroSHEDS
40709251,40709654,41067217,0.69,0.069,11.6,7,HydroRIVERS v1.0 (HydroSHEDS),LineString,OBSERVED HYDROGRAPHIC NETWORK · WWF / HydroSHEDS
40709451,40712345,41067217,4.93,0.286,53.1,5,HydroRIVERS v1.0 (HydroSHEDS),LineString,OBSERVED HYDROGRAPHIC NETWORK · WWF / HydroSHEDS
40709452,40712345,41067217,6.05,0.16,29.7,6,HydroRIVERS v1.0 (HydroSHEDS),LineString,OBSERVED HYDROGRAPHIC NETWORK · WWF / HydroSHEDS
40709453,40713550,41067217,7.18,1.38,121.8,4,HydroRIVERS v1.0 (HydroSHEDS),LineString,OBSERVED HYDROGRAPHIC NETWORK · WWF / HydroSHEDS
40709454,40713550,41067217,4.98,0.251,23.7,5,HydroRIVERS v1.0 (HydroSHEDS),LineString,OBSERVED HYDROGRAPHIC NETWORK · WWF / HydroSHEDS
40709455,40709456,41067217,1.82,0.193,9.9,8,HydroRIVERS v1.0 (HydroSHEDS),LineString,OBSERVED HYDROGRAPHIC NETWORK · WWF / HydroSHEDS
40709456,40708710,41067217,2.15,0.487,25.1,8,HydroRIVERS v1.0 (HydroSHEDS),LineString,OBSERVED HYDROGRAPHIC NETWORK · WWF / HydroSHEDS
40709654,40710455,41067217,3.48,0.281,45.2,6,HydroRIVERS v1.0 (HydroSHEDS),LineString,OBSERVED HYDROGRAPHIC NETWORK · WWF / HydroSHEDS
40709655,40710455,41067217,12.4,0.286,42.4,5,HydroRIVERS v1.0 (HydroSHEDS),LineString,OBSERVED HYDROGRAPHIC NETWORK · WWF / HydroSHEDS
40709656,40710265,41067217,0.69,0.126,9.3,6,HydroRIVERS v1.0 (HydroSHEDS),LineString,OBSERVED HYDROGRAPHIC NETWORK · WWF / HydroSHEDS
40709657,40710265,41067217,11.25,0.743,53.6,5,HydroRIVERS v1.0 (HydroSHEDS),LineString,OBSERVED HYDROGRAPHIC NETWORK · WWF / HydroSHEDS
40709658,40710069,41067217,7.0,0.335,19.4,5,HydroRIVERS v1.0 (HydroSHEDS),LineString,OBSERVED HYDROGRAPHIC NETWORK · WWF / HydroSHEDS
40709659,40710069,41067217,5.04,0.418,23.7,6,HydroRIVERS v1.0 (HydroSHEDS),LineString,OBSERVED HYDROGRAPHIC NETWORK · WWF / HydroSHEDS
40709660,40710269,41067217,2.61,0.225,12.0,8,HydroRIVERS v1.0 (HydroSHEDS),LineString,OBSERVED HYDROGRAPHIC NETWORK · WWF / HydroSHEDS
40709661,40711311,41067217,0.69,0.154,7.7,6,HydroRIVERS v1.0 (HydroSHEDS),LineString,OBSERVED HYDROGRAPHIC NETWORK · WWF / HydroSHEDS
40709662,40711311,41067217,2.24,0.212,10.5,5,HydroRIVERS v1.0 (HydroSHEDS),LineString,OBSERVED HYDROGRAPHIC NETWORK · WWF / HydroSHEDS
40709878,40710269,41067217,7.28,0.417,22.1,7,HydroRIVERS v1.0 (HydroSHEDS),LineString,OBSERVED HYDROGRAPHIC NETWORK · WWF / HydroSHEDS
40709879,40705438,41067217,12.1,1.128,56.8,7,HydroRIVERS v1.0 (HydroSHEDS),LineString,OBSERVED HYDROGRAPHIC NETWORK · WWF / HydroSHEDS
40710065,40710826,41067217,3.38,603.476,26373.6,3,HydroRIVERS v1.0 (HydroSHEDS),LineString,OBSERVED HYDROGRAPHIC NETWORK · WWF / HydroSHEDS
40710066,40710826,41067217,1.32,0.106,12.2,4,HydroRIVERS v1.0 (HydroSHEDS),LineString,OBSERVED HYDROGRAPHIC NETWORK · WWF / HydroSHEDS
40710067,40710642,41067217,3.7,55.795,3387.1,4,HydroRIVERS v1.0 (HydroSHEDS),LineString,OBSERVED HYDROGRAPHIC NETWORK · WWF / HydroSHEDS
40710068,40713139,41067217,3.93,0.24,14.0,6,HydroRIVERS v1.0 (HydroSHEDS),LineString,OBSERVED HYDROGRAPHIC NETWORK · WWF / HydroSHEDS
40710069,40713139,41067217,1.63,0.806,46.2,5,HydroRIVERS v1.0 (HydroSHEDS),LineString,OBSERVED HYDROGRAPHIC NETWORK · WWF / HydroSHEDS
40710070,40709456,41067217,1.77,0.207,10.7,9,HydroRIVERS v1.0 (HydroSHEDS),LineString,OBSERVED HYDROGRAPHIC NETWORK · WWF / HydroSHEDS
40710263,40713137,41067217,7.93,0.138,32.3,5,HydroRIVERS v1.0 (HydroSHEDS),LineString,OBSERVED HYDROGRAPHIC NETWORK · WWF / HydroSHEDS
40710264,40713137,41067217,0.92,0.053,12.2,6,HydroRIVERS v1.0 (HydroSHEDS),LineString,OBSERVED HYDROGRAPHIC NETWORK · WWF / HydroSHEDS
40710265,40710642,41067217,4.9,1.045,76.5,5,HydroRIVERS v1.0 (HydroSHEDS),LineString,OBSERVED HYDROGRAPHIC NETWORK · WWF / HydroSHEDS
40710266,40718216,41067217,6.32,35.267,1804.2,5,HydroRIVERS v1.0 (HydroSHEDS),LineString,OBSERVED HYDROGRAPHIC NETWORK · WWF / HydroSHEDS
40710267,40718216,41067217,4.25,0.277,15.1,6,HydroRIVERS v1.0 (HydroSHEDS),LineString,OBSERVED HYDROGRAPHIC NETWORK · WWF / HydroSHEDS
40710268,40710829,41067217,7.54,0.3,16.1,8,HydroRIVERS v1.0 (HydroSHEDS),LineString,OBSERVED HYDROGRAPHIC NETWORK · WWF / HydroSHEDS
40710269,40710829,41067217,1.84,0.691,36.6,7,HydroRIVERS v1.0 (HydroSHEDS),LineString,OBSERVED HYDROGRAPHIC NETWORK · WWF / HydroSHEDS
40710455,40712947,41067217,2.0,0.586,91.0,5,HydroRIVERS v1.0 (HydroSHEDS),LineString,OBSERVED HYDROGRAPHIC NETWORK · WWF / HydroSHEDS
40710456,40712947,41067217,1.73,0.138,20.4,6,HydroRIVERS v1.0 (HydroSHEDS),LineString,OBSERVED HYDROGRAPHIC NETWORK · WWF / HydroSHEDS
40710641,40710987,41067217,5.58,0.239,18.7,5,HydroRIVERS v1.0 (HydroSHEDS),LineString,OBSERVED HYDROGRAPHIC NETWORK · WWF / HydroSHEDS
40710642,40710987,41067217,1.84,56.829,3467.1,4,HydroRIVERS v1.0 (HydroSHEDS),LineString,OBSERVED HYDROGRAPHIC NETWORK · WWF / HydroSHEDS
40710643,40708710,41067217,7.36,0.584,30.1,7,HydroRIVERS v1.0 (HydroSHEDS),LineString,OBSERVED HYDROGRAPHIC NETWORK · WWF / HydroSHEDS
40710824,40712343,41067217,6.63,11.046,1332.3,3,HydroRIVERS v1.0 (HydroSHEDS),LineString,OBSERVED HYDROGRAPHIC NETWORK · WWF / HydroSHEDS
40710825,40712343,41067217,7.02,0.118,29.2,4,HydroRIVERS v1.0 (HydroSHEDS),LineString,OBSERVED HYDROGRAPHIC NETWORK · WWF / HydroSHEDS
40710826,40711634,41067217,2.16,603.245,26389.3,3,HydroRIVERS v1.0 (HydroSHEDS),LineString,OBSERVED HYDROGRAPHIC NETWORK · WWF / HydroSHEDS
40710827,40711634,41067217,13.64,7.41,605.2,4,HydroRIVERS v1.0 (HydroSHEDS),LineString,OBSERVED HYDROGRAPHIC NETWORK · WWF / HydroSHEDS
40710828,40711307,41067217,21.07,1.044,70.6,5,HydroRIVERS v1.0 (HydroSHEDS),LineString,OBSERVED HYDROGRAPHIC NETWORK · WWF / HydroSHEDS
40710829,40712724,41067217,1.54,1.12,59.6,7,HydroRIVERS v1.0 (HydroSHEDS),LineString,OBSERVED HYDROGRAPHIC NETWORK · WWF / HydroSHEDS
40710830,40712725,41067217,1.22,0.265,13.6,6,HydroRIVERS v1.0 (HydroSHEDS),LineString,OBSERVED HYDROGRAPHIC NETWORK · WWF / HydroSHEDS
40710987,40713556,41067217,1.08,57.059,3488.1,4,HydroRIVERS v1.0 (HydroSHEDS),LineString,OBSERVED HYDROGRAPHIC NETWORK · WWF / HydroSHEDS
40710988,40712724,41067217,4.26,0.389,20.6,8,HydroRIVERS v1.0 (HydroSHEDS),LineString,OBSERVED HYDROGRAPHIC NETWORK · WWF / HydroSHEDS
40710989,40712725,41067217,1.62,0.163,8.4,7,HydroRIVERS v1.0 (HydroSHEDS),LineString,OBSERVED HYDROGRAPHIC NETWORK · WWF / HydroSHEDS
40710990,40711802,41067217,1.31,0.186,9.5,7,HydroRIVERS v1.0 (HydroSHEDS),LineString,OBSERVED HYDROGRAPHIC NETWORK · WWF / HydroSHEDS
40710991,40711802,41067217,2.24,0.249,12.7,6,HydroRIVERS v1.0 (HydroSHEDS),LineString,OBSERVED HYDROGRAPHIC NETWORK · WWF / HydroSHEDS
40711129,40711468,41067217,9.06,11.346,814.7,5,HydroRIVERS v1.0 (HydroSHEDS),LineString,OBSERVED HYDROGRAPHIC NETWORK · WWF / HydroSHEDS
40711130,40711468,41067217,7.24,0.366,29.3,6,HydroRIVERS v1.0 (HydroSHEDS),LineString,OBSERVED HYDROGRAPHIC NETWORK · WWF / HydroSHEDS
40711131,40713556,41067217,1.32,0.118,9.3,5,HydroRIVERS v1.0 (HydroSHEDS),LineString,OBSERVED HYDROGRAPHIC NETWORK · WWF / HydroSHEDS
40711132,40712162,41067217,0.69,0.112,8.2,6,HydroRIVERS v1.0 (HydroSHEDS),LineString,OBSERVED HYDROGRAPHIC NETWORK · WWF / HydroSHEDS
40711133,40711307,41067217,11.38,0.376,26.2,6,HydroRIVERS v1.0 (HydroSHEDS),LineString,OBSERVED HYDROGRAPHIC NETWORK · WWF / HydroSHEDS
40711307,40712162,41067217,4.48,1.537,105.8,5,HydroRIVERS v1.0 (HydroSHEDS),LineString,OBSERVED HYDROGRAPHIC NETWORK · WWF / HydroSHEDS
40711308,40713138,41067217,11.87,0.646,38.7,6,HydroRIVERS v1.0 (HydroSHEDS),LineString,OBSERVED HYDROGRAPHIC NETWORK · WWF / HydroSHEDS
40711309,40713138,41067217,7.19,0.386,22.8,7,HydroRIVERS v1.0 (HydroSHEDS),LineString,OBSERVED HYDROGRAPHIC NETWORK · WWF / HydroSHEDS
40711310,40711471,41067217,0.61,0.122,6.2,6,HydroRIVERS v1.0 (HydroSHEDS),LineString,OBSERVED HYDROGRAPHIC NETWORK · WWF / HydroSHEDS
40711311,40711471,41067217,4.47,0.704,35.1,5,HydroRIVERS v1.0 (HydroSHEDS),LineString,OBSERVED HYDROGRAPHIC NETWORK · WWF / HydroSHEDS
40711468,40712346,41067217,1.23,11.756,848.3,5,HydroRIVERS v1.0 (HydroSHEDS),LineString,OBSERVED HYDROGRAPHIC NETWORK · WWF / HydroSHEDS
40711469,40712346,41067217,1.85,0.129,10.5,6,HydroRIVERS v1.0 (HydroSHEDS),LineString,OBSERVED HYDROGRAPHIC NETWORK · WWF / HydroSHEDS
40711470,40711638,41067217,11.18,0.81,51.2,6,HydroRIVERS v1.0 (HydroSHEDS),LineString,OBSERVED HYDROGRAPHIC NETWORK · WWF / HydroSHEDS
40711471,40713892,41067217,0.46,0.837,41.9,5,HydroRIVERS v1.0 (HydroSHEDS),LineString,OBSERVED HYDROGRAPHIC NETWORK · WWF / HydroSHEDS
40711633,40712161,41067217,2.61,0.117,15.0,4,HydroRIVERS v1.0 (HydroSHEDS),LineString,OBSERVED HYDROGRAPHIC NETWORK · WWF / HydroSHEDS
40711634,40712161,41067217,3.02,610.162,27002.1,3,HydroRIVERS v1.0 (HydroSHEDS),LineString,OBSERVED HYDROGRAPHIC NETWORK · WWF / HydroSHEDS
40711635,40713552,41067217,8.47,2.605,212.5,5,HydroRIVERS v1.0 (HydroSHEDS),LineString,OBSERVED HYDROGRAPHIC NETWORK · WWF / HydroSHEDS
40711636,40713552,41067217,8.39,0.266,23.0,6,HydroRIVERS v1.0 (HydroSHEDS),LineString,OBSERVED HYDROGRAPHIC NETWORK · WWF / HydroSHEDS
40711637,40716066,41067217,1.77,0.139,9.2,6,HydroRIVERS v1.0 (HydroSHEDS),LineString,OBSERVED HYDROGRAPHIC NETWORK · WWF / HydroSHEDS
40711638,40716066,41067217,0.61,1.681,105.8,5,HydroRIVERS v1.0 (HydroSHEDS),LineString,OBSERVED HYDROGRAPHIC NETWORK · WWF / HydroSHEDS
40711639,40711638,41067217,16.61,0.863,54.0,5,HydroRIVERS v1.0 (HydroSHEDS),LineString,OBSERVED HYDROGRAPHIC NETWORK · WWF / HydroSHEDS
40711640,40712351,41067217,2.4,0.181,9.3,7,HydroRIVERS v1.0 (HydroSHEDS),LineString,OBSERVED HYDROGRAPHIC NETWORK · WWF / HydroSHEDS
40711641,40711804,41067217,5.74,0.447,21.9,6,HydroRIVERS v1.0 (HydroSHEDS),LineString,OBSERVED HYDROGRAPHIC NETWORK · WWF / HydroSHEDS
40711799,40712950,41067217,12.2,1.727,90.1,6,HydroRIVERS v1.0 (HydroSHEDS),LineString,OBSERVED HYDROGRAPHIC NETWORK · WWF / HydroSHEDS
40711800,40712950,41067217,1.94,0.129,6.7,7,HydroRIVERS v1.0 (HydroSHEDS),LineString,OBSERVED HYDROGRAPHIC NETWORK · WWF / HydroSHEDS
40711801,40712351,41067217,3.44,1.207,62.3,6,HydroRIVERS v1.0 (HydroSHEDS),LineString,OBSERVED HYDROGRAPHIC NETWORK · WWF / HydroSHEDS
40711802,40711801,41067217,3.43,0.605,31.0,6,HydroRIVERS v1.0 (HydroSHEDS),LineString,OBSERVED HYDROGRAPHIC NETWORK · WWF / HydroSHEDS
40711803,40713892,41067217,1.83,0.18,9.2,6,HydroRIVERS v1.0 (HydroSHEDS),LineString,OBSERVED HYDROGRAPHIC NETWORK · WWF / HydroSHEDS
40711979,40711801,41067217,4.47,0.363,18.7,7,HydroRIVERS v1.0 (HydroSHEDS),LineString,OBSERVED HYDROGRAPHIC NETWORK · WWF / HydroSHEDS
40711980,40712520,41067217,4.66,0.545,27.1,7,HydroRIVERS v1.0 (HydroSHEDS),LineString,OBSERVED HYDROGRAPHIC NETWORK · WWF / HydroSHEDS
40712160,40712720,41067217,6.05,0.269,36.7,4,HydroRIVERS v1.0 (HydroSHEDS),LineString,OBSERVED HYDROGRAPHIC NETWORK · WWF / HydroSHEDS
40712161,40712720,41067217,1.69,610.031,27020.8,3,HydroRIVERS v1.0 (HydroSHEDS),LineString,OBSERVED HYDROGRAPHIC NETWORK · WWF / HydroSHEDS
40712162,40712349,41067217,4.75,1.785,124.7,5,HydroRIVERS v1.0 (HydroSHEDS),LineString,OBSERVED HYDROGRAPHIC NETWORK · WWF / HydroSHEDS
40712343,40714722,41067217,5.33,11.081,1380.7,3,HydroRIVERS v1.0 (HydroSHEDS),LineString,OBSERVED HYDROGRAPHIC NETWORK · WWF / HydroSHEDS
40712344,40712718,41067217,16.34,7.989,1139.7,4,HydroRIVERS v1.0 (HydroSHEDS),LineString,OBSERVED HYDROGRAPHIC NETWORK · WWF / HydroSHEDS
40712345,40712718,41067217,9.43,0.586,113.8,5,HydroRIVERS v1.0 (HydroSHEDS),LineString,OBSERVED HYDROGRAPHIC NETWORK · WWF / HydroSHEDS
40712346,40713554,41067217,3.48,11.988,869.3,5,HydroRIVERS v1.0 (HydroSHEDS),LineString,OBSERVED HYDROGRAPHIC NETWORK · WWF / HydroSHEDS
40712347,40713554,41067217,4.54,0.229,18.5,6,HydroRIVERS v1.0 (HydroSHEDS),LineString,OBSERVED HYDROGRAPHIC NETWORK · WWF / HydroSHEDS
40712348,40714727,41067217,3.39,0.197,15.1,6,HydroRIVERS v1.0 (HydroSHEDS),LineString,OBSERVED HYDROGRAPHIC NETWORK · WWF / HydroSHEDS
40712349,40714727,41067217,0.61,2.003,141.3,5,HydroRIVERS v1.0 (HydroSHEDS),LineString,OBSERVED HYDROGRAPHIC NETWORK · WWF / HydroSHEDS
40712350,40716855,41067217,3.88,0.289,15.0,7,HydroRIVERS v1.0 (HydroSHEDS),LineString,OBSERVED HYDROGRAPHIC NETWORK · WWF / HydroSHEDS
40712351,40716855,41067217,2.0,1.45,75.0,6,HydroRIVERS v1.0 (HydroSHEDS),LineString,OBSERVED HYDROGRAPHIC NETWORK · WWF / HydroSHEDS
40712718,40713888,41067217,1.08,8.556,1254.6,4,HydroRIVERS v1.0 (HydroSHEDS),LineString,OBSERVED HYDROGRAPHIC NETWORK · WWF / HydroSHEDS
40712719,40713719,41067217,1.01,0.082,11.4,4,HydroRIVERS v1.0 (HydroSHEDS),LineString,OBSERVED HYDROGRAPHIC NETWORK · WWF / HydroSHEDS
40712720,40713719,41067217,1.54,610.037,27059.5,3,HydroRIVERS v1.0 (HydroSHEDS),LineString,OBSERVED HYDROGRAPHIC NETWORK · WWF / HydroSHEDS
40712721,40712349,41067217,3.51,0.207,15.7,6,HydroRIVERS v1.0 (HydroSHEDS),LineString,OBSERVED HYDROGRAPHIC NETWORK · WWF / HydroSHEDS
40712722,40715071,41067217,7.03,0.39,27.1,5,HydroRIVERS v1.0 (HydroSHEDS),LineString,OBSERVED HYDROGRAPHIC NETWORK · WWF / HydroSHEDS
40712723,40713141,41067217,0.81,4.096,216.1,6,HydroRIVERS v1.0 (HydroSHEDS),LineString,OBSERVED HYDROGRAPHIC NETWORK · WWF / HydroSHEDS
40712724,40712723,41067217,7.77,1.825,97.2,7,HydroRIVERS v1.0 (HydroSHEDS),LineString,OBSERVED HYDROGRAPHIC NETWORK · WWF / HydroSHEDS
40712725,40713331,41067217,10.61,1.12,57.8,6,HydroRIVERS v1.0 (HydroSHEDS),LineString,OBSERVED HYDROGRAPHIC NETWORK · WWF / HydroSHEDS
40712726,40713331,41067217,2.24,0.214,11.0,7,HydroRIVERS v1.0 (HydroSHEDS),LineString,OBSERVED HYDROGRAPHIC NETWORK · WWF / HydroSHEDS
40712946,40713888,41067217,5.59,0.114,23.6,5,HydroRIVERS v1.0 (HydroSHEDS),LineString,OBSERVED HYDROGRAPHIC NETWORK · WWF / HydroSHEDS
40712947,40714108,41067217,7.39,0.905,143.0,5,HydroRIVERS v1.0 (HydroSHEDS),LineString,OBSERVED HYDROGRAPHIC NETWORK · WWF / HydroSHEDS
40712948,40714108,41067217,4.5,0.138,21.1,6,HydroRIVERS v1.0 (HydroSHEDS),LineString,OBSERVED HYDROGRAPHIC NETWORK · WWF / HydroSHEDS
40712949,40715071,41067217,2.84,0.188,13.3,6,HydroRIVERS v1.0 (HydroSHEDS),LineString,OBSERVED HYDROGRAPHIC NETWORK · WWF / HydroSHEDS
40712950,40712723,41067217,9.16,2.253,118.0,6,HydroRIVERS v1.0 (HydroSHEDS),LineString,OBSERVED HYDROGRAPHIC NETWORK · WWF / HydroSHEDS
40713136,40715276,41067217,4.24,0.106,26.9,6,HydroRIVERS v1.0 (HydroSHEDS),LineString,OBSERVED HYDROGRAPHIC NETWORK · WWF / HydroSHEDS
40713137,40715276,41067217,9.43,0.267,64.1,5,HydroRIVERS v1.0 (HydroSHEDS),LineString,OBSERVED HYDROGRAPHIC NETWORK · WWF / HydroSHEDS
40713138,40714904,41067217,4.94,1.28,76.5,6,HydroRIVERS v1.0 (HydroSHEDS),LineString,OBSERVED HYDROGRAPHIC NETWORK · WWF / HydroSHEDS
40713139,40714904,41067217,11.0,1.562,90.3,5,HydroRIVERS v1.0 (HydroSHEDS),LineString,OBSERVED HYDROGRAPHIC NETWORK · WWF / HydroSHEDS
40713140,40716666,41067217,2.77,0.141,7.7,7,HydroRIVERS v1.0 (HydroSHEDS),LineString,OBSERVED HYDROGRAPHIC NETWORK · WWF / HydroSHEDS
40713141,40716666,41067217,1.63,4.318,228.1,6,HydroRIVERS v1.0 (HydroSHEDS),LineString,OBSERVED HYDROGRAPHIC NETWORK · WWF / HydroSHEDS
40713330,40713141,41067217,2.15,0.153,8.2,7,HydroRIVERS v1.0 (HydroSHEDS),LineString,OBSERVED HYDROGRAPHIC NETWORK · WWF / HydroSHEDS
40713331,40714905,41067217,1.39,1.388,71.6,6,HydroRIVERS v1.0 (HydroSHEDS),LineString,OBSERVED HYDROGRAPHIC NETWORK · WWF / HydroSHEDS
40713332,40713891,41067217,3.0,0.312,16.1,7,HydroRIVERS v1.0 (HydroSHEDS),LineString,OBSERVED HYDROGRAPHIC NETWORK · WWF / HydroSHEDS
40713333,40713891,41067217,0.61,0.112,5.8,9,HydroRIVERS v1.0 (HydroSHEDS),LineString,OBSERVED HYDROGRAPHIC NETWORK · WWF / HydroSHEDS
40713547,40713720,41067217,11.75,0.443,51.1,4,HydroRIVERS v1.0 (HydroSHEDS),LineString,OBSERVED HYDROGRAPHIC NETWORK · WWF / HydroSHEDS
40713548,40713720,41067217,0.61,0.122,14.6,5,HydroRIVERS v1.0 (HydroSHEDS),LineString,OBSERVED HYDROGRAPHIC NETWORK · WWF / HydroSHEDS
40713549,40714902,41067217,7.66,0.286,31.4,5,HydroRIVERS v1.0 (HydroSHEDS),LineString,OBSERVED HYDROGRAPHIC NETWORK · WWF / HydroSHEDS
40713550,40714902,41067217,13.02,2.164,201.8,4,HydroRIVERS v1.0 (HydroSHEDS),LineString,OBSERVED HYDROGRAPHIC NETWORK · WWF / HydroSHEDS
40713551,40714724,41067217,6.91,0.207,19.1,6,HydroRIVERS v1.0 (HydroSHEDS),LineString,OBSERVED HYDROGRAPHIC NETWORK · WWF / HydroSHEDS
40713552,40714724,41067217,4.78,2.951,243.2,5,HydroRIVERS v1.0 (HydroSHEDS),LineString,OBSERVED HYDROGRAPHIC NETWORK · WWF / HydroSHEDS
40713553,40715899,41067217,21.81,0.805,68.6,6,HydroRIVERS v1.0 (HydroSHEDS),LineString,OBSERVED HYDROGRAPHIC NETWORK · WWF / HydroSHEDS
40713554,40715899,41067217,3.23,12.311,897.5,5,HydroRIVERS v1.0 (HydroSHEDS),LineString,OBSERVED HYDROGRAPHIC NETWORK · WWF / HydroSHEDS
40713555,40714726,41067217,0.61,0.14,11.4,5,HydroRIVERS v1.0 (HydroSHEDS),LineString,OBSERVED HYDROGRAPHIC NETWORK · WWF / HydroSHEDS
40713556,40714726,41067217,7.54,57.158,3517.1,4,HydroRIVERS v1.0 (HydroSHEDS),LineString,OBSERVED HYDROGRAPHIC NETWORK · WWF / HydroSHEDS
40713557,40714905,41067217,5.61,0.269,13.8,7,HydroRIVERS v1.0 (HydroSHEDS),LineString,OBSERVED HYDROGRAPHIC NETWORK · WWF / HydroSHEDS
40713719,40715278,41067217,4.69,609.487,27097.5,3,HydroRIVERS v1.0 (HydroSHEDS),LineString,OBSERVED HYDROGRAPHIC NETWORK · WWF / HydroSHEDS
40713720,40715278,41067217,1.02,0.569,66.0,4,HydroRIVERS v1.0 (HydroSHEDS),LineString,OBSERVED HYDROGRAPHIC NETWORK · WWF / HydroSHEDS
40713721,40718046,41067217,6.1,0.205,11.8,6,HydroRIVERS v1.0 (HydroSHEDS),LineString,OBSERVED HYDROGRAPHIC NETWORK · WWF / HydroSHEDS
40713722,40718046,41067217,6.22,0.365,20.8,7,HydroRIVERS v1.0 (HydroSHEDS),LineString,OBSERVED HYDROGRAPHIC NETWORK · WWF / HydroSHEDS
40713888,40716275,41067217,2.93,8.638,1287.3,4,HydroRIVERS v1.0 (HydroSHEDS),LineString,OBSERVED HYDROGRAPHIC NETWORK · WWF / HydroSHEDS
40713889,40716275,41067217,0.61,0.048,10.3,5,HydroRIVERS v1.0 (HydroSHEDS),LineString,OBSERVED HYDROGRAPHIC NETWORK · WWF / HydroSHEDS
40713890,40714110,41067217,6.46,0.439,22.6,6,HydroRIVERS v1.0 (HydroSHEDS),LineString,OBSERVED HYDROGRAPHIC NETWORK · WWF / HydroSHEDS
40713891,40714110,41067217,1.54,0.528,27.3,7,HydroRIVERS v1.0 (HydroSHEDS),LineString,OBSERVED HYDROGRAPHIC NETWORK · WWF / HydroSHEDS
40713892,40715072,41067217,7.64,1.452,73.5,5,HydroRIVERS v1.0 (HydroSHEDS),LineString,OBSERVED HYDROGRAPHIC NETWORK · WWF / HydroSHEDS
40713893,40715072,41067217,1.01,0.193,9.7,6,HydroRIVERS v1.0 (HydroSHEDS),LineString,OBSERVED HYDROGRAPHIC NETWORK · WWF / HydroSHEDS
40714107,40716849,41067217,6.78,0.172,29.9,6,HydroRIVERS v1.0 (HydroSHEDS),LineString,OBSERVED HYDROGRAPHIC NETWORK · WWF / HydroSHEDS
40714108,40716849,41067217,5.0,1.13,181.0,5,HydroRIVERS v1.0 (HydroSHEDS),LineString,OBSERVED HYDROGRAPHIC NETWORK · WWF / HydroSHEDS
40714109,40715069,41067217,12.95,0.437,41.0,7,HydroRIVERS v1.0 (HydroSHEDS),LineString,OBSERVED HYDROGRAPHIC NETWORK · WWF / HydroSHEDS
40714110,40716287,41067217,0.46,0.981,50.7,6,HydroRIVERS v1.0 (HydroSHEDS),LineString,OBSERVED HYDROGRAPHIC NETWORK · WWF / HydroSHEDS
40714293,40716490,41067217,22.58,1.008,169.6,4,HydroRIVERS v1.0 (HydroSHEDS),LineString,OBSERVED HYDROGRAPHIC NETWORK · WWF / HydroSHEDS
40714294,40716490,41067217,11.24,0.18,33.9,5,HydroRIVERS v1.0 (HydroSHEDS),LineString,OBSERVED HYDROGRAPHIC NETWORK · WWF / HydroSHEDS
40714295,40715069,41067217,9.31,0.291,27.3,8,HydroRIVERS v1.0 (HydroSHEDS),LineString,OBSERVED HYDROGRAPHIC NETWORK · WWF / HydroSHEDS
40714296,40716287,41067217,1.22,0.134,6.9,7,HydroRIVERS v1.0 (HydroSHEDS),LineString,OBSERVED HYDROGRAPHIC NETWORK · WWF / HydroSHEDS
40714723,40715662,41067217,2.85,0.056,15.5,4,HydroRIVERS v1.0 (HydroSHEDS),LineString,OBSERVED HYDROGRAPHIC NETWORK · WWF / HydroSHEDS
40714724,40716280,41067217,5.0,3.297,275.7,5,HydroRIVERS v1.0 (HydroSHEDS),LineString,OBSERVED HYDROGRAPHIC NETWORK · WWF / HydroSHEDS
40714725,40716280,41067217,4.02,0.2,18.1,6,HydroRIVERS v1.0 (HydroSHEDS),LineString,OBSERVED HYDROGRAPHIC NETWORK · WWF / HydroSHEDS
40714726,40716284,41067217,3.23,57.277,3536.2,4,HydroRIVERS v1.0 (HydroSHEDS),LineString,OBSERVED HYDROGRAPHIC NETWORK · WWF / HydroSHEDS
40714727,40716284,41067217,7.73,2.465,178.2,5,HydroRIVERS v1.0 (HydroSHEDS),LineString,OBSERVED HYDROGRAPHIC NETWORK · WWF / HydroSHEDS
40714728,40715478,41067217,8.03,0.365,23.6,6,HydroRIVERS v1.0 (HydroSHEDS),LineString,OBSERVED HYDROGRAPHIC NETWORK · WWF / HydroSHEDS
40714729,40715478,41067217,4.47,0.214,13.7,7,HydroRIVERS v1.0 (HydroSHEDS),LineString,OBSERVED HYDROGRAPHIC NETWORK · WWF / HydroSHEDS
40714902,40717622,41067217,3.7,2.607,250.8,4,HydroRIVERS v1.0 (HydroSHEDS),LineString,OBSERVED HYDROGRAPHIC NETWORK · WWF / HydroSHEDS
40714903,40717848,41067217,11.03,0.689,42.8,6,HydroRIVERS v1.0 (HydroSHEDS),LineString,OBSERVED HYDROGRAPHIC NETWORK · WWF / HydroSHEDS
40714904,40717848,41067217,5.38,3.089,182.1,5,HydroRIVERS v1.0 (HydroSHEDS),LineString,OBSERVED HYDROGRAPHIC NETWORK · WWF / HydroSHEDS
40714905,40716496,41067217,3.86,1.838,94.8,6,HydroRIVERS v1.0 (HydroSHEDS),LineString,OBSERVED HYDROGRAPHIC NETWORK · WWF / HydroSHEDS
40714906,40716496,41067217,2.56,0.181,9.4,7,HydroRIVERS v1.0 (HydroSHEDS),LineString,OBSERVED HYDROGRAPHIC NETWORK · WWF / HydroSHEDS
40715067,40717622,41067217,7.05,0.308,33.1,5,HydroRIVERS v1.0 (HydroSHEDS),LineString,OBSERVED HYDROGRAPHIC NETWORK · WWF / HydroSHEDS
40715068,40716278,41067217,1.77,0.188,18.7,8,HydroRIVERS v1.0 (HydroSHEDS),LineString,OBSERVED HYDROGRAPHIC NETWORK · WWF / HydroSHEDS
40715069,40716278,41067217,3.33,0.787,74.2,7,HydroRIVERS v1.0 (HydroSHEDS),LineString,OBSERVED HYDROGRAPHIC NETWORK · WWF / HydroSHEDS
40715070,40716852,41067217,2.15,0.131,9.7,6,HydroRIVERS v1.0 (HydroSHEDS),LineString,OBSERVED HYDROGRAPHIC NETWORK · WWF / HydroSHEDS
40715071,40716852,41067217,7.33,0.942,67.3,5,HydroRIVERS v1.0 (HydroSHEDS),LineString,OBSERVED HYDROGRAPHIC NETWORK · WWF / HydroSHEDS
40715072,40715903,41067217,2.78,1.789,90.9,5,HydroRIVERS v1.0 (HydroSHEDS),LineString,OBSERVED HYDROGRAPHIC NETWORK · WWF / HydroSHEDS
40715073,40715903,41067217,1.82,0.188,9.5,6,HydroRIVERS v1.0 (HydroSHEDS),LineString,OBSERVED HYDROGRAPHIC NETWORK · WWF / HydroSHEDS
40715276,40717029,41067217,6.56,0.433,108.8,5,HydroRIVERS v1.0 (HydroSHEDS),LineString,OBSERVED HYDROGRAPHIC NETWORK · WWF / HydroSHEDS
40715277,40717029,41067217,3.84,0.079,20.0,6,HydroRIVERS v1.0 (HydroSHEDS),LineString,OBSERVED HYDROGRAPHIC NETWORK · WWF / HydroSHEDS
40715278,40716277,41067217,4.62,609.491,27186.0,3,HydroRIVERS v1.0 (HydroSHEDS),LineString,OBSERVED HYDROGRAPHIC NETWORK · WWF / HydroSHEDS
40715476,40716277,41067217,2.13,0.113,13.7,4,HydroRIVERS v1.0 (HydroSHEDS),LineString,OBSERVED HYDROGRAPHIC NETWORK · WWF / HydroSHEDS
40715477,40719743,41067217,6.71,0.446,29.8,7,HydroRIVERS v1.0 (HydroSHEDS),LineString,OBSERVED HYDROGRAPHIC NETWORK · WWF / HydroSHEDS
40715478,40719743,41067217,2.0,0.669,43.0,6,HydroRIVERS v1.0 (HydroSHEDS),LineString,OBSERVED HYDROGRAPHIC NETWORK · WWF / HydroSHEDS
40715663,40716288,41067217,9.79,0.592,30.9,6,HydroRIVERS v1.0 (HydroSHEDS),LineString,OBSERVED HYDROGRAPHIC NETWORK · WWF / HydroSHEDS
40715898,40716850,41067217,4.4,0.268,23.4,6,HydroRIVERS v1.0 (HydroSHEDS),LineString,OBSERVED HYDROGRAPHIC NETWORK · WWF / HydroSHEDS
40715899,40716850,41067217,7.98,13.313,988.2,5,HydroRIVERS v1.0 (HydroSHEDS),LineString,OBSERVED HYDROGRAPHIC NETWORK · WWF / HydroSHEDS
40715900,40717227,41067217,5.57,0.392,20.6,8,HydroRIVERS v1.0 (HydroSHEDS),LineString,OBSERVED HYDROGRAPHIC NETWORK · WWF / HydroSHEDS
40715901,40716288,41067217,3.04,9.126,485.3,5,HydroRIVERS v1.0 (HydroSHEDS),LineString,OBSERVED HYDROGRAPHIC NETWORK · WWF / HydroSHEDS
40715902,40715901,41067217,1.39,0.161,8.4,6,HydroRIVERS v1.0 (HydroSHEDS),LineString,OBSERVED HYDROGRAPHIC NETWORK · WWF / HydroSHEDS
40715903,40716074,41067217,1.85,2.028,103.3,5,HydroRIVERS v1.0 (HydroSHEDS),LineString,OBSERVED HYDROGRAPHIC NETWORK · WWF / HydroSHEDS
40715904,40716074,41067217,3.25,0.57,29.2,6,HydroRIVERS v1.0 (HydroSHEDS),LineString,OBSERVED HYDROGRAPHIC NETWORK · WWF / HydroSHEDS
40715905,40715904,41067217,1.54,0.24,12.2,7,HydroRIVERS v1.0 (HydroSHEDS),LineString,OBSERVED HYDROGRAPHIC NETWORK · WWF / HydroSHEDS
40716065,40717030,41067217,25.0,0.362,86.6,5,HydroRIVERS v1.0 (HydroSHEDS),LineString,OBSERVED HYDROGRAPHIC NETWORK · WWF / HydroSHEDS
40716066,40718417,41067217,17.12,2.573,168.6,5,HydroRIVERS v1.0 (HydroSHEDS),LineString,OBSERVED HYDROGRAPHIC NETWORK · WWF / HydroSHEDS
40716067,40718417,41067217,1.01,0.109,7.9,6,HydroRIVERS v1.0 (HydroSHEDS),LineString,OBSERVED HYDROGRAPHIC NETWORK · WWF / HydroSHEDS
40716068,40717227,41067217,4.19,0.217,11.4,9,HydroRIVERS v1.0 (HydroSHEDS),LineString,OBSERVED HYDROGRAPHIC NETWORK · WWF / HydroSHEDS
40716069,40716856,41067217,7.38,0.469,24.3,6,HydroRIVERS v1.0 (HydroSHEDS),LineString,OBSERVED HYDROGRAPHIC NETWORK · WWF / HydroSHEDS
40716070,40716856,41067217,2.44,3.553,183.0,5,HydroRIVERS v1.0 (HydroSHEDS),LineString,OBSERVED HYDROGRAPHIC NETWORK · WWF / HydroSHEDS
40716071,40716070,41067217,1.21,3.315,170.1,5,HydroRIVERS v1.0 (HydroSHEDS),LineString,OBSERVED HYDROGRAPHIC NETWORK · WWF / HydroSHEDS
40716072,40716071,41067217,7.57,0.451,23.2,6,HydroRIVERS v1.0 (HydroSHEDS),LineString,OBSERVED HYDROGRAPHIC NETWORK · WWF / HydroSHEDS
40716073,40716071,41067217,1.21,2.838,145.2,5,HydroRIVERS v1.0 (HydroSHEDS),LineString,OBSERVED HYDROGRAPHIC NETWORK · WWF / HydroSHEDS
40716074,40716073,41067217,0.61,2.604,132.8,5,HydroRIVERS v1.0 (HydroSHEDS),LineString,OBSERVED HYDROGRAPHIC NETWORK · WWF / HydroSHEDS
40716275,40717030,41067217,10.06,8.625,1341.6,4,HydroRIVERS v1.0 (HydroSHEDS),LineString,OBSERVED HYDROGRAPHIC NETWORK · WWF / HydroSHEDS
40716276,40716491,41067217,6.95,0.174,34.1,5,HydroRIVERS v1.0 (HydroSHEDS),LineString,OBSERVED HYDROGRAPHIC NETWORK · WWF / HydroSHEDS
40716277,40718416,41067217,2.77,609.172,27203.8,3,HydroRIVERS v1.0 (HydroSHEDS),LineString,OBSERVED HYDROGRAPHIC NETWORK · WWF / HydroSHEDS
40716278,40717844,41067217,3.08,1.019,97.5,7,HydroRIVERS v1.0 (HydroSHEDS),LineString,OBSERVED HYDROGRAPHIC NETWORK · WWF / HydroSHEDS
40716279,40717844,41067217,2.0,0.122,12.0,8,HydroRIVERS v1.0 (HydroSHEDS),LineString,OBSERVED HYDROGRAPHIC NETWORK · WWF / HydroSHEDS
40716280,40717846,41067217,5.79,3.6,304.0,5,HydroRIVERS v1.0 (HydroSHEDS),LineString,OBSERVED HYDROGRAPHIC NETWORK · WWF / HydroSHEDS
40716281,40717846,41067217,8.32,0.354,31.6,6,HydroRIVERS v1.0 (HydroSHEDS),LineString,OBSERVED HYDROGRAPHIC NETWORK · WWF / HydroSHEDS
40716282,40716283,41067217,4.31,0.251,21.0,6,HydroRIVERS v1.0 (HydroSHEDS),LineString,OBSERVED HYDROGRAPHIC NETWORK · WWF / HydroSHEDS
40716283,40717412,41067217,1.21,14.171,1070.2,5,HydroRIVERS v1.0 (HydroSHEDS),LineString,OBSERVED HYDROGRAPHIC NETWORK · WWF / HydroSHEDS
40716284,40717412,41067217,4.16,59.67,3721.5,4,HydroRIVERS v1.0 (HydroSHEDS),LineString,OBSERVED HYDROGRAPHIC NETWORK · WWF / HydroSHEDS
40716285,40716498,41067217,0.92,0.123,6.4,7,HydroRIVERS v1.0 (HydroSHEDS),LineString,OBSERVED HYDROGRAPHIC NETWORK · WWF / HydroSHEDS
40716286,40716498,41067217,2.93,0.163,8.4,8,HydroRIVERS v1.0 (HydroSHEDS),LineString,OBSERVED HYDROGRAPHIC NETWORK · WWF / HydroSHEDS
40716287,40718048,41067217,6.71,1.558,81.2,6,HydroRIVERS v1.0 (HydroSHEDS),LineString,OBSERVED HYDROGRAPHIC NETWORK · WWF / HydroSHEDS
40716288,40718048,41067217,2.1,9.762,519.7,5,HydroRIVERS v1.0 (HydroSHEDS),LineString,OBSERVED HYDROGRAPHIC NETWORK · WWF / HydroSHEDS
40716289,40716073,41067217,1.33,0.177,9.2,6,HydroRIVERS v1.0 (HydroSHEDS),LineString,OBSERVED HYDROGRAPHIC NETWORK · WWF / HydroSHEDS
40716490,40716491,41067217,8.34,1.293,232.1,4,HydroRIVERS v1.0 (HydroSHEDS),LineString,OBSERVED HYDROGRAPHIC NETWORK · WWF / HydroSHEDS
40716491,40718214,41067217,1.02,1.47,267.5,4,HydroRIVERS v1.0 (HydroSHEDS),LineString,OBSERVED HYDROGRAPHIC NETWORK · WWF / HydroSHEDS
40716492,40718214,41067217,6.06,0.118,22.3,5,HydroRIVERS v1.0 (HydroSHEDS),LineString,OBSERVED HYDROGRAPHIC NETWORK · WWF / HydroSHEDS
40716493,40718416,41067217,12.86,0.353,49.4,4,HydroRIVERS v1.0 (HydroSHEDS),LineString,OBSERVED HYDROGRAPHIC NETWORK · WWF / HydroSHEDS
40716494,40718416,41067217,0.61,0.236,29.6,5,HydroRIVERS v1.0 (HydroSHEDS),LineString,OBSERVED HYDROGRAPHIC NETWORK · WWF / HydroSHEDS
40716495,40716494,41067217,1.73,0.099,12.2,6,HydroRIVERS v1.0 (HydroSHEDS),LineString,OBSERVED HYDROGRAPHIC NETWORK · WWF / HydroSHEDS
40716496,40718418,41067217,4.16,2.199,113.5,6,HydroRIVERS v1.0 (HydroSHEDS),LineString,OBSERVED HYDROGRAPHIC NETWORK · WWF / HydroSHEDS
40716497,40718418,41067217,1.33,0.108,5.6,7,HydroRIVERS v1.0 (HydroSHEDS),LineString,OBSERVED HYDROGRAPHIC NETWORK · WWF / HydroSHEDS
40716498,40717415,41067217,0.61,0.293,15.2,7,HydroRIVERS v1.0 (HydroSHEDS),LineString,OBSERVED HYDROGRAPHIC NETWORK · WWF / HydroSHEDS
40716499,40717415,41067217,1.54,0.227,11.8,8,HydroRIVERS v1.0 (HydroSHEDS),LineString,OBSERVED HYDROGRAPHIC NETWORK · WWF / HydroSHEDS
40716500,40715901,41067217,1.84,8.825,467.5,5,HydroRIVERS v1.0 (HydroSHEDS),LineString,OBSERVED HYDROGRAPHIC NETWORK · WWF / HydroSHEDS
40716501,40716500,41067217,1.77,0.2,10.5,6,HydroRIVERS v1.0 (HydroSHEDS),LineString,OBSERVED HYDROGRAPHIC NETWORK · WWF / HydroSHEDS
40716502,40716070,41067217,1.39,0.165,8.6,6,HydroRIVERS v1.0 (HydroSHEDS),LineString,OBSERVED HYDROGRAPHIC NETWORK · WWF / HydroSHEDS
40716666,40718217,41067217,9.55,4.891,259.5,6,HydroRIVERS v1.0 (HydroSHEDS),LineString,OBSERVED HYDROGRAPHIC NETWORK · WWF / HydroSHEDS
40716667,40715904,41067217,2.08,0.233,12.0,6,HydroRIVERS v1.0 (HydroSHEDS),LineString,OBSERVED HYDROGRAPHIC NETWORK · WWF / HydroSHEDS
40716849,40718215,41067217,7.8,1.362,226.8,5,HydroRIVERS v1.0 (HydroSHEDS),LineString,OBSERVED HYDROGRAPHIC NETWORK · WWF / HydroSHEDS
40716850,40716851,41067217,4.39,13.676,1023.2,5,HydroRIVERS v1.0 (HydroSHEDS),LineString,OBSERVED HYDROGRAPHIC NETWORK · WWF / HydroSHEDS
40716851,40716283,41067217,4.94,13.898,1046.3,5,HydroRIVERS v1.0 (HydroSHEDS),LineString,OBSERVED HYDROGRAPHIC NETWORK · WWF / HydroSHEDS
40716852,40717626,41067217,10.37,1.468,108.3,5,HydroRIVERS v1.0 (HydroSHEDS),LineString,OBSERVED HYDROGRAPHIC NETWORK · WWF / HydroSHEDS
40716853,40717626,41067217,5.68,0.365,28.3,6,HydroRIVERS v1.0 (HydroSHEDS),LineString,OBSERVED HYDROGRAPHIC NETWORK · WWF / HydroSHEDS
40716854,40718217,41067217,6.58,0.532,29.0,7,HydroRIVERS v1.0 (HydroSHEDS),LineString,OBSERVED HYDROGRAPHIC NETWORK · WWF / HydroSHEDS
40716855,40718050,41067217,15.75,2.723,143.1,6,HydroRIVERS v1.0 (HydroSHEDS),LineString,OBSERVED HYDROGRAPHIC NETWORK · WWF / HydroSHEDS
40716856,40718050,41067217,3.67,4.239,219.5,5,HydroRIVERS v1.0 (HydroSHEDS),LineString,OBSERVED HYDROGRAPHIC NETWORK · WWF / HydroSHEDS
40717029,40718044,41067217,5.48,0.537,137.5,5,HydroRIVERS v1.0 (HydroSHEDS),LineString,OBSERVED HYDROGRAPHIC NETWORK · WWF / HydroSHEDS
40717030,40718044,41067217,4.79,8.943,1450.5,4,HydroRIVERS v1.0 (HydroSHEDS),LineString,OBSERVED HYDROGRAPHIC NETWORK · WWF / HydroSHEDS
40717031,40718215,41067217,5.55,0.137,24.3,6,HydroRIVERS v1.0 (HydroSHEDS),LineString,OBSERVED HYDROGRAPHIC NETWORK · WWF / HydroSHEDS
40717032,40721750,41067217,18.8,0.384,59.3,4,HydroRIVERS v1.0 (HydroSHEDS),LineString,OBSERVED HYDROGRAPHIC NETWORK · WWF / HydroSHEDS
40717033,40721750,41067217,4.39,0.137,21.1,5,HydroRIVERS v1.0 (HydroSHEDS),LineString,OBSERVED HYDROGRAPHIC NETWORK · WWF / HydroSHEDS
40717034,40716494,41067217,1.85,0.135,17.2,5,HydroRIVERS v1.0 (HydroSHEDS),LineString,OBSERVED HYDROGRAPHIC NETWORK · WWF / HydroSHEDS
40717035,40720171,41067217,1.16,0.147,10.3,6,HydroRIVERS v1.0 (HydroSHEDS),LineString,OBSERVED HYDROGRAPHIC NETWORK · WWF / HydroSHEDS
40717036,40720171,41067217,5.08,0.32,22.1,5,HydroRIVERS v1.0 (HydroSHEDS),LineString,OBSERVED HYDROGRAPHIC NETWORK · WWF / HydroSHEDS
40717224,40716851,41067217,1.68,0.139,12.2,6,HydroRIVERS v1.0 (HydroSHEDS),LineString,OBSERVED HYDROGRAPHIC NETWORK · WWF / HydroSHEDS
40717225,40728276,41067217,6.86,0.331,19.5,7,HydroRIVERS v1.0 (HydroSHEDS),LineString,OBSERVED HYDROGRAPHIC NETWORK · WWF / HydroSHEDS
40717226,40728276,41067217,10.07,0.767,44.2,6,HydroRIVERS v1.0 (HydroSHEDS),LineString,OBSERVED HYDROGRAPHIC NETWORK · WWF / HydroSHEDS
40717227,40718958,41067217,3.85,0.845,44.5,8,HydroRIVERS v1.0 (HydroSHEDS),LineString,OBSERVED HYDROGRAPHIC NETWORK · WWF / HydroSHEDS
40717412,40717625,41067217,4.09,73.776,4800.5,4,HydroRIVERS v1.0 (HydroSHEDS),LineString,OBSERVED HYDROGRAPHIC NETWORK · WWF / HydroSHEDS
40717413,40717625,41067217,41.91,1.36,97.2,5,HydroRIVERS v1.0 (HydroSHEDS),LineString,OBSERVED HYDROGRAPHIC NETWORK · WWF / HydroSHEDS
40717414,40718958,41067217,16.6,0.77,40.2,7,HydroRIVERS v1.0 (HydroSHEDS),LineString,OBSERVED HYDROGRAPHIC NETWORK · WWF / HydroSHEDS
40717415,40718218,41067217,2.47,0.604,31.3,7,HydroRIVERS v1.0 (HydroSHEDS),LineString,OBSERVED HYDROGRAPHIC NETWORK · WWF / HydroSHEDS
40717416,40718218,41067217,4.79,0.262,13.7,8,HydroRIVERS v1.0 (HydroSHEDS),LineString,OBSERVED HYDROGRAPHIC NETWORK · WWF / HydroSHEDS
40717622,40719741,41067217,7.55,3.172,314.6,4,HydroRIVERS v1.0 (HydroSHEDS),LineString,OBSERVED HYDROGRAPHIC NETWORK · WWF / HydroSHEDS
40717623,40719741,41067217,2.24,0.164,18.7,5,HydroRIVERS v1.0 (HydroSHEDS),LineString,OBSERVED HYDROGRAPHIC NETWORK · WWF / HydroSHEDS
40717624,40719545,41067217,3.31,0.224,21.7,7,HydroRIVERS v1.0 (HydroSHEDS),LineString,OBSERVED HYDROGRAPHIC NETWORK · WWF / HydroSHEDS
40717625,40718045,41067217,0.61,75.129,4899.2,4,HydroRIVERS v1.0 (HydroSHEDS),LineString,OBSERVED HYDROGRAPHIC NETWORK · WWF / HydroSHEDS
40717626,40718045,41067217,2.16,1.87,139.8,5,HydroRIVERS v1.0 (HydroSHEDS),LineString,OBSERVED HYDROGRAPHIC NETWORK · WWF / HydroSHEDS
40717843,40722153,41067217,36.03,1.476,143.4,6,HydroRIVERS v1.0 (HydroSHEDS),LineString,OBSERVED HYDROGRAPHIC NETWORK · WWF / HydroSHEDS
40717844,40722153,41067217,5.02,1.26,122.0,7,HydroRIVERS v1.0 (HydroSHEDS),LineString,OBSERVED HYDROGRAPHIC NETWORK · WWF / HydroSHEDS
40717845,40719545,41067217,1.22,0.112,11.2,8,HydroRIVERS v1.0 (HydroSHEDS),LineString,OBSERVED HYDROGRAPHIC NETWORK · WWF / HydroSHEDS
40717846,40720165,41067217,4.72,4.058,345.9,5,HydroRIVERS v1.0 (HydroSHEDS),LineString,OBSERVED HYDROGRAPHIC NETWORK · WWF / HydroSHEDS
40717847,40720165,41067217,1.31,0.145,13.3,6,HydroRIVERS v1.0 (HydroSHEDS),LineString,OBSERVED HYDROGRAPHIC NETWORK · WWF / HydroSHEDS
40717848,40721363,41067217,8.41,4.026,242.0,5,HydroRIVERS v1.0 (HydroSHEDS),LineString,OBSERVED HYDROGRAPHIC NETWORK · WWF / HydroSHEDS
40718043,40719355,41067217,4.26,0.068,19.1,5,HydroRIVERS v1.0 (HydroSHEDS),LineString,OBSERVED HYDROGRAPHIC NETWORK · WWF / HydroSHEDS
40718044,40719355,41067217,3.07,9.488,1608.7,4,HydroRIVERS v1.0 (HydroSHEDS),LineString,OBSERVED HYDROGRAPHIC NETWORK · WWF / HydroSHEDS
40718045,40719357,41067217,1.08,76.959,5040.0,4,HydroRIVERS v1.0 (HydroSHEDS),LineString,OBSERVED HYDROGRAPHIC NETWORK · WWF / HydroSHEDS
40718046,40721363,41067217,15.86,1.172,69.6,6,HydroRIVERS v1.0 (HydroSHEDS),LineString,OBSERVED HYDROGRAPHIC NETWORK · WWF / HydroSHEDS
40718047,40727457,41067217,1.94,0.121,6.4,6,HydroRIVERS v1.0 (HydroSHEDS),LineString,OBSERVED HYDROGRAPHIC NETWORK · WWF / HydroSHEDS
40718048,40727457,41067217,4.47,11.475,612.3,5,HydroRIVERS v1.0 (HydroSHEDS),LineString,OBSERVED HYDROGRAPHIC NETWORK · WWF / HydroSHEDS
40718049,40716500,41067217,7.85,8.576,453.6,5,HydroRIVERS v1.0 (HydroSHEDS),LineString,OBSERVED HYDROGRAPHIC NETWORK · WWF / HydroSHEDS
40718050,40718049,41067217,3.08,7.122,372.3,5,HydroRIVERS v1.0 (HydroSHEDS),LineString,OBSERVED HYDROGRAPHIC NETWORK · WWF / HydroSHEDS
40718214,40721749,41067217,4.78,1.677,312.4,4,HydroRIVERS v1.0 (HydroSHEDS),LineString,OBSERVED HYDROGRAPHIC NETWORK · WWF / HydroSHEDS
40718215,40721749,41067217,5.77,1.563,268.2,5,HydroRIVERS v1.0 (HydroSHEDS),LineString,OBSERVED HYDROGRAPHIC NETWORK · WWF / HydroSHEDS
40718216,40720604,41067217,22.03,36.614,1879.0,5,HydroRIVERS v1.0 (HydroSHEDS),LineString,OBSERVED HYDROGRAPHIC NETWORK · WWF / HydroSHEDS
40718217,40720604,41067217,5.32,5.599,298.5,6,HydroRIVERS v1.0 (HydroSHEDS),LineString,OBSERVED HYDROGRAPHIC NETWORK · WWF / HydroSHEDS
40718218,40718601,41067217,2.16,0.981,50.9,7,HydroRIVERS v1.0 (HydroSHEDS),LineString,OBSERVED HYDROGRAPHIC NETWORK · WWF / HydroSHEDS
40718415,40719544,41067217,11.21,0.342,50.2,4,HydroRIVERS v1.0 (HydroSHEDS),LineString,OBSERVED HYDROGRAPHIC NETWORK · WWF / HydroSHEDS
40718416,40719544,41067217,5.55,608.889,27303.0,3,HydroRIVERS v1.0 (HydroSHEDS),LineString,OBSERVED HYDROGRAPHIC NETWORK · WWF / HydroSHEDS
40718417,40719357,41067217,15.58,3.053,207.6,5,HydroRIVERS v1.0 (HydroSHEDS),LineString,OBSERVED HYDROGRAPHIC NETWORK · WWF / HydroSHEDS
40718418,40724383,41067217,5.09,2.48,128.2,6,HydroRIVERS v1.0 (HydroSHEDS),LineString,OBSERVED HYDROGRAPHIC NETWORK · WWF / HydroSHEDS
40718419,40724383,41067217,5.04,0.49,25.5,7,HydroRIVERS v1.0 (HydroSHEDS),LineString,OBSERVED HYDROGRAPHIC NETWORK · WWF / HydroSHEDS
40718600,40718787,41067217,8.71,0.516,26.8,8,HydroRIVERS v1.0 (HydroSHEDS),LineString,OBSERVED HYDROGRAPHIC NETWORK · WWF / HydroSHEDS
40718601,40718787,41067217,2.85,1.445,75.3,7,HydroRIVERS v1.0 (HydroSHEDS),LineString,OBSERVED HYDROGRAPHIC NETWORK · WWF / HydroSHEDS
40718602,40718601,41067217,5.7,0.3,15.7,8,HydroRIVERS v1.0 (HydroSHEDS),LineString,OBSERVED HYDROGRAPHIC NETWORK · WWF / HydroSHEDS
40718786,40719358,41067217,17.03,1.07,55.2,6,HydroRIVERS v1.0 (HydroSHEDS),LineString,OBSERVED HYDROGRAPHIC NETWORK · WWF / HydroSHEDS
40718787,40719358,41067217,0.61,1.968,102.4,7,HydroRIVERS v1.0 (HydroSHEDS),LineString,OBSERVED HYDROGRAPHIC NETWORK · WWF / HydroSHEDS
40718958,40719932,41067217,5.08,1.786,94.0,7,HydroRIVERS v1.0 (HydroSHEDS),LineString,OBSERVED HYDROGRAPHIC NETWORK · WWF / HydroSHEDS
40718959,40719932,41067217,1.01,0.151,8.1,8,HydroRIVERS v1.0 (HydroSHEDS),LineString,OBSERVED HYDROGRAPHIC NETWORK · WWF / HydroSHEDS
40718960,40723578,41067217,2.62,0.169,8.8,7,HydroRIVERS v1.0 (HydroSHEDS),LineString,OBSERVED HYDROGRAPHIC NETWORK · WWF / HydroSHEDS
40719157,40723578,41067217,2.65,0.204,10.7,8,HydroRIVERS v1.0 (HydroSHEDS),LineString,OBSERVED HYDROGRAPHIC NETWORK · WWF / HydroSHEDS
40719158,40718049,41067217,7.58,0.943,50.0,6,HydroRIVERS v1.0 (HydroSHEDS),LineString,OBSERVED HYDROGRAPHIC NETWORK · WWF / HydroSHEDS
40719159,40719158,41067217,0.69,0.107,5.6,7,HydroRIVERS v1.0 (HydroSHEDS),LineString,OBSERVED HYDROGRAPHIC NETWORK · WWF / HydroSHEDS
40719160,40719158,41067217,3.96,0.403,21.2,6,HydroRIVERS v1.0 (HydroSHEDS),LineString,OBSERVED HYDROGRAPHIC NETWORK · WWF / HydroSHEDS
40719354,40719542,41067217,10.77,11.559,1575.7,3,HydroRIVERS v1.0 (HydroSHEDS),LineString,OBSERVED HYDROGRAPHIC NETWORK · WWF / HydroSHEDS
40719355,40719542,41067217,5.62,9.461,1644.7,4,HydroRIVERS v1.0 (HydroSHEDS),LineString,OBSERVED HYDROGRAPHIC NETWORK · WWF / HydroSHEDS
40719356,40720168,41067217,4.25,0.256,21.9,5,HydroRIVERS v1.0 (HydroSHEDS),LineString,OBSERVED HYDROGRAPHIC NETWORK · WWF / HydroSHEDS
40719357,40720168,41067217,3.85,79.947,5257.7,4,HydroRIVERS v1.0 (HydroSHEDS),LineString,OBSERVED HYDROGRAPHIC NETWORK · WWF / HydroSHEDS
40719358,40721172,41067217,1.69,3.117,161.7,6,HydroRIVERS v1.0 (HydroSHEDS),LineString,OBSERVED HYDROGRAPHIC NETWORK · WWF / HydroSHEDS
40719359,40721567,41067217,3.54,0.275,14.6,6,HydroRIVERS v1.0 (HydroSHEDS),LineString,OBSERVED HYDROGRAPHIC NETWORK · WWF / HydroSHEDS
40719360,40721567,41067217,1.94,0.165,8.8,7,HydroRIVERS v1.0 (HydroSHEDS),LineString,OBSERVED HYDROGRAPHIC NETWORK · WWF / HydroSHEDS
40719542,40722928,41067217,0.61,20.991,3220.5,3,HydroRIVERS v1.0 (HydroSHEDS),LineString,OBSERVED HYDROGRAPHIC NETWORK · WWF / HydroSHEDS
40719543,40722928,41067217,0.61,0.039,11.4,4,HydroRIVERS v1.0 (HydroSHEDS),LineString,OBSERVED HYDROGRAPHIC NETWORK · WWF / HydroSHEDS
40719544,40719739,41067217,3.39,608.719,27359.6,3,HydroRIVERS v1.0 (HydroSHEDS),LineString,OBSERVED HYDROGRAPHIC NETWORK · WWF / HydroSHEDS
40719545,40720799,41067217,5.39,0.446,44.2,7,HydroRIVERS v1.0 (HydroSHEDS),LineString,OBSERVED HYDROGRAPHIC NETWORK · WWF / HydroSHEDS
40719546,40720799,41067217,7.96,0.326,31.8,8,HydroRIVERS v1.0 (HydroSHEDS),LineString,OBSERVED HYDROGRAPHIC NETWORK · WWF / HydroSHEDS
40719736,40721748,41067217,7.91,0.131,30.5,5,HydroRIVERS v1.0 (HydroSHEDS),LineString,OBSERVED HYDROGRAPHIC NETWORK · WWF / HydroSHEDS
40719737,40721748,41067217,3.93,0.074,16.7,6,HydroRIVERS v1.0 (HydroSHEDS),LineString,OBSERVED HYDROGRAPHIC NETWORK · WWF / HydroSHEDS
40719738,40719739,41067217,2.54,0.099,14.1,4,HydroRIVERS v1.0 (HydroSHEDS),LineString,OBSERVED HYDROGRAPHIC NETWORK · WWF / HydroSHEDS
40719739,40721751,41067217,0.61,608.734,27374.7,3,HydroRIVERS v1.0 (HydroSHEDS),LineString,OBSERVED HYDROGRAPHIC NETWORK · WWF / HydroSHEDS
40719740,40721751,41067217,0.4,4.017,420.3,4,HydroRIVERS v1.0 (HydroSHEDS),LineString,OBSERVED HYDROGRAPHIC NETWORK · WWF / HydroSHEDS
40719741,40719740,41067217,9.85,3.486,353.6,4,HydroRIVERS v1.0 (HydroSHEDS),LineString,OBSERVED HYDROGRAPHIC NETWORK · WWF / HydroSHEDS
40719742,40721563,41067217,3.08,0.177,12.5,7,HydroRIVERS v1.0 (HydroSHEDS),LineString,OBSERVED HYDROGRAPHIC NETWORK · WWF / HydroSHEDS
40719743,40721563,41067217,12.72,1.646,109.5,6,HydroRIVERS v1.0 (HydroSHEDS),LineString,OBSERVED HYDROGRAPHIC NETWORK · WWF / HydroSHEDS
40719932,40721566,41067217,2.47,2.006,105.8,7,HydroRIVERS v1.0 (HydroSHEDS),LineString,OBSERVED HYDROGRAPHIC NETWORK · WWF / HydroSHEDS
40719933,40721566,41067217,1.54,0.125,6.7,8,HydroRIVERS v1.0 (HydroSHEDS),LineString,OBSERVED HYDROGRAPHIC NETWORK · WWF / HydroSHEDS
40719934,40721172,41067217,8.06,0.414,21.9,7,HydroRIVERS v1.0 (HydroSHEDS),LineString,OBSERVED HYDROGRAPHIC NETWORK · WWF / HydroSHEDS
40719935,40720996,41067217,1.01,0.139,7.3,5,HydroRIVERS v1.0 (HydroSHEDS),LineString,OBSERVED HYDROGRAPHIC NETWORK · WWF / HydroSHEDS
40720162,40719740,41067217,1.63,0.531,66.5,5,HydroRIVERS v1.0 (HydroSHEDS),LineString,OBSERVED HYDROGRAPHIC NETWORK · WWF / HydroSHEDS
40720163,40720162,41067217,11.76,0.297,36.3,5,HydroRIVERS v1.0 (HydroSHEDS),LineString,OBSERVED HYDROGRAPHIC NETWORK · WWF / HydroSHEDS
40720164,40722731,41067217,6.78,0.225,21.7,6,HydroRIVERS v1.0 (HydroSHEDS),LineString,OBSERVED HYDROGRAPHIC NETWORK · WWF / HydroSHEDS
40720165,40722731,41067217,6.01,4.333,372.1,5,HydroRIVERS v1.0 (HydroSHEDS),LineString,OBSERVED HYDROGRAPHIC NETWORK · WWF / HydroSHEDS
40720166,40725570,41067217,2.56,0.178,16.7,7,HydroRIVERS v1.0 (HydroSHEDS),LineString,OBSERVED HYDROGRAPHIC NETWORK · WWF / HydroSHEDS
40720167,40725570,41067217,14.34,0.581,52.4,6,HydroRIVERS v1.0 (HydroSHEDS),LineString,OBSERVED HYDROGRAPHIC NETWORK · WWF / HydroSHEDS
40720168,40721942,41067217,2.71,80.176,5288.8,4,HydroRIVERS v1.0 (HydroSHEDS),LineString,OBSERVED HYDROGRAPHIC NETWORK · WWF / HydroSHEDS
40720169,40721942,41067217,0.69,0.106,8.8,5,HydroRIVERS v1.0 (HydroSHEDS),LineString,OBSERVED HYDROGRAPHIC NETWORK · WWF / HydroSHEDS
40720170,40722539,41067217,6.63,0.281,20.8,6,HydroRIVERS v1.0 (HydroSHEDS),LineString,OBSERVED HYDROGRAPHIC NETWORK · WWF / HydroSHEDS
40720171,40722539,41067217,9.59,0.834,59.5,5,HydroRIVERS v1.0 (HydroSHEDS),LineString,OBSERVED HYDROGRAPHIC NETWORK · WWF / HydroSHEDS
40720384,40724974,41067217,0.61,0.075,13.7,6,HydroRIVERS v1.0 (HydroSHEDS),LineString,OBSERVED HYDROGRAPHIC NETWORK · WWF / HydroSHEDS
40720385,40724974,41067217,6.55,0.143,25.1,5,HydroRIVERS v1.0 (HydroSHEDS),LineString,OBSERVED HYDROGRAPHIC NETWORK · WWF / HydroSHEDS
40720601,40723141,41067217,10.79,0.165,41.6,5,HydroRIVERS v1.0 (HydroSHEDS),LineString,OBSERVED HYDROGRAPHIC NETWORK · WWF / HydroSHEDS
40720602,40723141,41067217,2.46,0.075,18.5,6,HydroRIVERS v1.0 (HydroSHEDS),LineString,OBSERVED HYDROGRAPHIC NETWORK · WWF / HydroSHEDS
40720603,40722358,41067217,5.93,0.27,15.9,6,HydroRIVERS v1.0 (HydroSHEDS),LineString,OBSERVED HYDROGRAPHIC NETWORK · WWF / HydroSHEDS
40720604,40722358,41067217,7.18,42.472,2192.7,5,HydroRIVERS v1.0 (HydroSHEDS),LineString,OBSERVED HYDROGRAPHIC NETWORK · WWF / HydroSHEDS
40720798,40722729,41067217,5.64,0.206,21.5,8,HydroRIVERS v1.0 (HydroSHEDS),LineString,OBSERVED HYDROGRAPHIC NETWORK · WWF / HydroSHEDS
40720799,40722729,41067217,3.79,0.858,84.8,7,HydroRIVERS v1.0 (HydroSHEDS),LineString,OBSERVED HYDROGRAPHIC NETWORK · WWF / HydroSHEDS
40720800,40722538,41067217,9.66,0.4,31.1,6,HydroRIVERS v1.0 (HydroSHEDS),LineString,OBSERVED HYDROGRAPHIC NETWORK · WWF / HydroSHEDS
40720801,40722538,41067217,5.41,0.261,20.6,7,HydroRIVERS v1.0 (HydroSHEDS),LineString,OBSERVED HYDROGRAPHIC NETWORK · WWF / HydroSHEDS
40720802,40721565,41067217,0.61,0.113,6.2,9,HydroRIVERS v1.0 (HydroSHEDS),LineString,OBSERVED HYDROGRAPHIC NETWORK · WWF / HydroSHEDS
40720803,40721565,41067217,19.34,0.783,42.1,8,HydroRIVERS v1.0 (HydroSHEDS),LineString,OBSERVED HYDROGRAPHIC NETWORK · WWF / HydroSHEDS
40720804,40727455,41067217,6.0,0.155,8.2,7,HydroRIVERS v1.0 (HydroSHEDS),LineString,OBSERVED HYDROGRAPHIC NETWORK · WWF / HydroSHEDS
40720805,40727455,41067217,0.92,0.119,6.4,8,HydroRIVERS v1.0 (HydroSHEDS),LineString,OBSERVED HYDROGRAPHIC NETWORK · WWF / HydroSHEDS
40720995,40720162,41067217,5.46,0.223,28.7,6,HydroRIVERS v1.0 (HydroSHEDS),LineString,OBSERVED HYDROGRAPHIC NETWORK · WWF / HydroSHEDS
40721171,40722360,41067217,1.77,0.212,11.2,7,HydroRIVERS v1.0 (HydroSHEDS),LineString,OBSERVED HYDROGRAPHIC NETWORK · WWF / HydroSHEDS
40721172,40722360,41067217,5.23,3.852,200.7,6,HydroRIVERS v1.0 (HydroSHEDS),LineString,OBSERVED HYDROGRAPHIC NETWORK · WWF / HydroSHEDS
40721361,40722536,41067217,8.99,0.198,31.1,5,HydroRIVERS v1.0 (HydroSHEDS),LineString,OBSERVED HYDROGRAPHIC NETWORK · WWF / HydroSHEDS
40721362,40721564,41067217,10.65,0.449,30.3,6,HydroRIVERS v1.0 (HydroSHEDS),LineString,OBSERVED HYDROGRAPHIC NETWORK · WWF / HydroSHEDS
40721363,40721564,41067217,11.22,5.52,335.6,5,HydroRIVERS v1.0 (HydroSHEDS),LineString,OBSERVED HYDROGRAPHIC NETWORK · WWF / HydroSHEDS
40721364,40721569,41067217,5.06,0.354,18.9,5,HydroRIVERS v1.0 (HydroSHEDS),LineString,OBSERVED HYDROGRAPHIC NETWORK · WWF / HydroSHEDS
40721365,40721569,41067217,1.63,0.254,13.5,6,HydroRIVERS v1.0 (HydroSHEDS),LineString,OBSERVED HYDROGRAPHIC NETWORK · WWF / HydroSHEDS
40721561,40725987,41067217,3.38,0.127,14.8,5,HydroRIVERS v1.0 (HydroSHEDS),LineString,OBSERVED HYDROGRAPHIC NETWORK · WWF / HydroSHEDS
40721562,40725987,41067217,10.63,0.383,42.9,4,HydroRIVERS v1.0 (HydroSHEDS),LineString,OBSERVED HYDROGRAPHIC NETWORK · WWF / HydroSHEDS
40721563,40724192,41067217,4.93,1.973,133.1,6,HydroRIVERS v1.0 (HydroSHEDS),LineString,OBSERVED HYDROGRAPHIC NETWORK · WWF / HydroSHEDS
40721564,40724192,41067217,0.61,5.97,366.1,5,HydroRIVERS v1.0 (HydroSHEDS),LineString,OBSERVED HYDROGRAPHIC NETWORK · WWF / HydroSHEDS
40721565,40721754,41067217,2.0,0.932,50.4,8,HydroRIVERS v1.0 (HydroSHEDS),LineString,OBSERVED HYDROGRAPHIC NETWORK · WWF / HydroSHEDS
40721566,40721754,41067217,4.31,2.229,117.9,7,HydroRIVERS v1.0 (HydroSHEDS),LineString,OBSERVED HYDROGRAPHIC NETWORK · WWF / HydroSHEDS
40721567,40722544,41067217,6.41,0.731,39.3,6,HydroRIVERS v1.0 (HydroSHEDS),LineString,OBSERVED HYDROGRAPHIC NETWORK · WWF / HydroSHEDS
40721568,40722544,41067217,4.39,0.254,13.7,7,HydroRIVERS v1.0 (HydroSHEDS),LineString,OBSERVED HYDROGRAPHIC NETWORK · WWF / HydroSHEDS
40721569,40721757,41067217,0.61,0.611,32.6,5,HydroRIVERS v1.0 (HydroSHEDS),LineString,OBSERVED HYDROGRAPHIC NETWORK · WWF / HydroSHEDS
40721748,40724605,41067217,5.19,0.287,66.7,5,HydroRIVERS v1.0 (HydroSHEDS),LineString,OBSERVED HYDROGRAPHIC NETWORK · WWF / HydroSHEDS
40721749,40724605,41067217,10.92,3.296,613.6,4,HydroRIVERS v1.0 (HydroSHEDS),LineString,OBSERVED HYDROGRAPHIC NETWORK · WWF / HydroSHEDS
40721750,40722536,41067217,17.66,0.813,132.7,4,HydroRIVERS v1.0 (HydroSHEDS),LineString,OBSERVED HYDROGRAPHIC NETWORK · WWF / HydroSHEDS
40721751,40721941,41067217,5.09,611.908,27808.1,3,HydroRIVERS v1.0 (HydroSHEDS),LineString,OBSERVED HYDROGRAPHIC NETWORK · WWF / HydroSHEDS
40721752,40723576,41067217,7.94,0.254,22.9,5,HydroRIVERS v1.0 (HydroSHEDS),LineString,OBSERVED HYDROGRAPHIC NETWORK · WWF / HydroSHEDS
40721753,40723576,41067217,7.02,0.357,31.5,6,HydroRIVERS v1.0 (HydroSHEDS),LineString,OBSERVED HYDROGRAPHIC NETWORK · WWF / HydroSHEDS
40721754,40725573,41067217,0.46,3.175,169.1,7,HydroRIVERS v1.0 (HydroSHEDS),LineString,OBSERVED HYDROGRAPHIC NETWORK · WWF / HydroSHEDS
40721755,40725573,41067217,19.55,1.006,53.9,8,HydroRIVERS v1.0 (HydroSHEDS),LineString,OBSERVED HYDROGRAPHIC NETWORK · WWF / HydroSHEDS
40721756,40725783,41067217,1.53,0.146,7.9,5,HydroRIVERS v1.0 (HydroSHEDS),LineString,OBSERVED HYDROGRAPHIC NETWORK · WWF / HydroSHEDS
40721757,40725783,41067217,2.64,4.808,256.4,4,HydroRIVERS v1.0 (HydroSHEDS),LineString,OBSERVED HYDROGRAPHIC NETWORK · WWF / HydroSHEDS
40721940,40722537,41067217,4.71,0.119,17.4,4,HydroRIVERS v1.0 (HydroSHEDS),LineString,OBSERVED HYDROGRAPHIC NETWORK · WWF / HydroSHEDS
40721941,40722537,41067217,0.46,612.235,27862.5,3,HydroRIVERS v1.0 (HydroSHEDS),LineString,OBSERVED HYDROGRAPHIC NETWORK · WWF / HydroSHEDS
40721942,40723577,41067217,4.78,80.187,5309.9,4,HydroRIVERS v1.0 (HydroSHEDS),LineString,OBSERVED HYDROGRAPHIC NETWORK · WWF / HydroSHEDS
40721943,40723577,41067217,0.81,2.663,206.1,5,HydroRIVERS v1.0 (HydroSHEDS),LineString,OBSERVED HYDROGRAPHIC NETWORK · WWF / HydroSHEDS
40721944,40721943,41067217,9.12,0.267,21.7,6,HydroRIVERS v1.0 (HydroSHEDS),LineString,OBSERVED HYDROGRAPHIC NETWORK · WWF / HydroSHEDS
40722152,40722727,41067217,4.02,0.155,19.1,4,HydroRIVERS v1.0 (HydroSHEDS),LineString,OBSERVED HYDROGRAPHIC NETWORK · WWF / HydroSHEDS
40722153,40722728,41067217,13.07,3.067,303.1,6,HydroRIVERS v1.0 (HydroSHEDS),LineString,OBSERVED HYDROGRAPHIC NETWORK · WWF / HydroSHEDS
40722154,40722728,41067217,1.39,0.148,15.9,7,HydroRIVERS v1.0 (HydroSHEDS),LineString,OBSERVED HYDROGRAPHIC NETWORK · WWF / HydroSHEDS
40722155,40724381,41067217,11.57,0.969,55.5,8,HydroRIVERS v1.0 (HydroSHEDS),LineString,OBSERVED HYDROGRAPHIC NETWORK · WWF / HydroSHEDS
40722356,40722727,41067217,2.03,0.103,12.7,5,HydroRIVERS v1.0 (HydroSHEDS),LineString,OBSERVED HYDROGRAPHIC NETWORK · WWF / HydroSHEDS
40722357,40729341,41067217,4.7,0.364,22.7,6,HydroRIVERS v1.0 (HydroSHEDS),LineString,OBSERVED HYDROGRAPHIC NETWORK · WWF / HydroSHEDS
40722358,40729341,41067217,5.49,42.935,2220.4,5,HydroRIVERS v1.0 (HydroSHEDS),LineString,OBSERVED HYDROGRAPHIC NETWORK · WWF / HydroSHEDS
40722359,40724381,41067217,14.91,0.562,31.7,7,HydroRIVERS v1.0 (HydroSHEDS),LineString,OBSERVED HYDROGRAPHIC NETWORK · WWF / HydroSHEDS
40722360,40722540,41067217,2.93,4.154,216.8,6,HydroRIVERS v1.0 (HydroSHEDS),LineString,OBSERVED HYDROGRAPHIC NETWORK · WWF / HydroSHEDS
40722361,40722540,41067217,5.67,0.332,17.8,7,HydroRIVERS v1.0 (HydroSHEDS),LineString,OBSERVED HYDROGRAPHIC NETWORK · WWF / HydroSHEDS
40722536,40723142,41067217,5.97,1.119,180.5,4,HydroRIVERS v1.0 (HydroSHEDS),LineString,OBSERVED HYDROGRAPHIC NETWORK · WWF / HydroSHEDS
40722537,40723142,41067217,2.5,611.946,27888.7,3,HydroRIVERS v1.0 (HydroSHEDS),LineString,OBSERVED HYDROGRAPHIC NETWORK · WWF / HydroSHEDS
40722538,40722732,41067217,4.63,0.783,62.0,6,HydroRIVERS v1.0 (HydroSHEDS),LineString,OBSERVED HYDROGRAPHIC NETWORK · WWF / HydroSHEDS
40722539,40722732,41067217,11.02,1.414,104.9,5,HydroRIVERS v1.0 (HydroSHEDS),LineString,OBSERVED HYDROGRAPHIC NETWORK · WWF / HydroSHEDS
40722540,40724385,41067217,0.46,4.489,234.8,6,HydroRIVERS v1.0 (HydroSHEDS),LineString,OBSERVED HYDROGRAPHIC NETWORK · WWF / HydroSHEDS
40722541,40724385,41067217,1.42,0.124,6.7,7,HydroRIVERS v1.0 (HydroSHEDS),LineString,OBSERVED HYDROGRAPHIC NETWORK · WWF / HydroSHEDS
40722542,40723579,41067217,4.01,0.309,16.5,8,HydroRIVERS v1.0 (HydroSHEDS),LineString,OBSERVED HYDROGRAPHIC NETWORK · WWF / HydroSHEDS
40722543,40723579,41067217,6.84,0.255,13.7,7,HydroRIVERS v1.0 (HydroSHEDS),LineString,OBSERVED HYDROGRAPHIC NETWORK · WWF / HydroSHEDS
40722544,40723143,41067217,2.92,1.075,58.1,6,HydroRIVERS v1.0 (HydroSHEDS),LineString,OBSERVED HYDROGRAPHIC NETWORK · WWF / HydroSHEDS
40722545,40723143,41067217,6.93,0.46,24.9,7,HydroRIVERS v1.0 (HydroSHEDS),LineString,OBSERVED HYDROGRAPHIC NETWORK · WWF / HydroSHEDS
40722546,40721757,41067217,6.31,4.127,219.1,4,HydroRIVERS v1.0 (HydroSHEDS),LineString,OBSERVED HYDROGRAPHIC NETWORK · WWF / HydroSHEDS
40722547,40722546,41067217,0.69,0.114,6.0,5,HydroRIVERS v1.0 (HydroSHEDS),LineString,OBSERVED HYDROGRAPHIC NETWORK · WWF / HydroSHEDS
40722725,40723777,41067217,10.11,0.266,53.2,6,HydroRIVERS v1.0 (HydroSHEDS),LineString,OBSERVED HYDROGRAPHIC NETWORK · WWF / HydroSHEDS
40722726,40723777,41067217,3.15,0.112,21.9,7,HydroRIVERS v1.0 (HydroSHEDS),LineString,OBSERVED HYDROGRAPHIC NETWORK · WWF / HydroSHEDS
40722727,40721941,41067217,9.62,0.415,53.6,4,HydroRIVERS v1.0 (HydroSHEDS),LineString,OBSERVED HYDROGRAPHIC NETWORK · WWF / HydroSHEDS
40722728,40724607,41067217,4.27,3.327,331.8,6,HydroRIVERS v1.0 (HydroSHEDS),LineString,OBSERVED HYDROGRAPHIC NETWORK · WWF / HydroSHEDS
40722729,40724607,41067217,5.39,1.22,123.1,7,HydroRIVERS v1.0 (HydroSHEDS),LineString,OBSERVED HYDROGRAPHIC NETWORK · WWF / HydroSHEDS
40722730,40724608,41067217,9.49,0.331,33.0,6,HydroRIVERS v1.0 (HydroSHEDS),LineString,OBSERVED HYDROGRAPHIC NETWORK · WWF / HydroSHEDS
40722731,40724608,41067217,7.24,4.749,413.3,5,HydroRIVERS v1.0 (HydroSHEDS),LineString,OBSERVED HYDROGRAPHIC NETWORK · WWF / HydroSHEDS
40722732,40721943,41067217,3.88,2.384,183.2,5,HydroRIVERS v1.0 (HydroSHEDS),LineString,OBSERVED HYDROGRAPHIC NETWORK · WWF / HydroSHEDS
40722928,40723362,41067217,11.57,20.944,3289.1,3,HydroRIVERS v1.0 (HydroSHEDS),LineString,OBSERVED HYDROGRAPHIC NETWORK · WWF / HydroSHEDS
40722929,40729724,41067217,5.7,0.093,26.1,6,HydroRIVERS v1.0 (HydroSHEDS),LineString,OBSERVED HYDROGRAPHIC NETWORK · WWF / HydroSHEDS
40722930,40725145,41067217,3.1,0.069,17.1,6,HydroRIVERS v1.0 (HydroSHEDS),LineString,OBSERVED HYDROGRAPHIC NETWORK · WWF / HydroSHEDS
40723140,40729724,41067217,3.37,0.076,22.1,7,HydroRIVERS v1.0 (HydroSHEDS),LineString,OBSERVED HYDROGRAPHIC NETWORK · WWF / HydroSHEDS
40723141,40725145,41067217,9.03,0.343,87.9,5,HydroRIVERS v1.0 (HydroSHEDS),LineString,OBSERVED HYDROGRAPHIC NETWORK · WWF / HydroSHEDS
40723142,40725984,41067217,2.65,612.626,28073.9,3,HydroRIVERS v1.0 (HydroSHEDS),LineString,OBSERVED HYDROGRAPHIC NETWORK · WWF / HydroSHEDS
40723143,40723364,41067217,2.91,1.659,90.1,6,HydroRIVERS v1.0 (HydroSHEDS),LineString,OBSERVED HYDROGRAPHIC NETWORK · WWF / HydroSHEDS
40723144,40723364,41067217,4.24,0.254,13.9,7,HydroRIVERS v1.0 (HydroSHEDS),LineString,OBSERVED HYDROGRAPHIC NETWORK · WWF / HydroSHEDS
40723363,40724610,41067217,4.19,0.15,8.1,8,HydroRIVERS v1.0 (HydroSHEDS),LineString,OBSERVED HYDROGRAPHIC NETWORK · WWF / HydroSHEDS
40723364,40726377,41067217,1.02,1.935,105.3,6,HydroRIVERS v1.0 (HydroSHEDS),LineString,OBSERVED HYDROGRAPHIC NETWORK · WWF / HydroSHEDS
40723365,40726377,41067217,2.61,0.158,8.6,7,HydroRIVERS v1.0 (HydroSHEDS),LineString,OBSERVED HYDROGRAPHIC NETWORK · WWF / HydroSHEDS
40723366,40722546,41067217,6.99,3.645,191.7,4,HydroRIVERS v1.0 (HydroSHEDS),LineString,OBSERVED HYDROGRAPHIC NETWORK · WWF / HydroSHEDS
40723575,40725780,41067217,6.71,0.074,22.7,4,HydroRIVERS v1.0 (HydroSHEDS),LineString,OBSERVED HYDROGRAPHIC NETWORK · WWF / HydroSHEDS
40723576,40725146,41067217,6.41,0.752,66.9,5,HydroRIVERS v1.0 (HydroSHEDS),LineString,OBSERVED HYDROGRAPHIC NETWORK · WWF / HydroSHEDS
40723577,40725146,41067217,4.01,82.706,5522.7,4,HydroRIVERS v1.0 (HydroSHEDS),LineString,OBSERVED HYDROGRAPHIC NETWORK · WWF / HydroSHEDS
40723578,40724792,41067217,14.25,1.05,56.0,7,HydroRIVERS v1.0 (HydroSHEDS),LineString,OBSERVED HYDROGRAPHIC NETWORK · WWF / HydroSHEDS
40723579,40724610,41067217,7.2,0.839,45.2,7,HydroRIVERS v1.0 (HydroSHEDS),LineString,OBSERVED HYDROGRAPHIC NETWORK · WWF / HydroSHEDS
40723776,40726588,41067217,5.51,0.152,33.4,7,HydroRIVERS v1.0 (HydroSHEDS),LineString,OBSERVED HYDROGRAPHIC NETWORK · WWF / HydroSHEDS
40723777,40726588,41067217,2.47,0.398,79.8,6,HydroRIVERS v1.0 (HydroSHEDS),LineString,OBSERVED HYDROGRAPHIC NETWORK · WWF / HydroSHEDS
40723778,40725984,41067217,10.48,0.224,36.9,4,HydroRIVERS v1.0 (HydroSHEDS),LineString,OBSERVED HYDROGRAPHIC NETWORK · WWF / HydroSHEDS
40723779,40724792,41067217,2.62,0.309,17.1,8,HydroRIVERS v1.0 (HydroSHEDS),LineString,OBSERVED HYDROGRAPHIC NETWORK · WWF / HydroSHEDS
40723780,40732389,41067217,7.17,0.346,18.9,7,HydroRIVERS v1.0 (HydroSHEDS),LineString,OBSERVED HYDROGRAPHIC NETWORK · WWF / HydroSHEDS
40723781,40732389,41067217,1.77,0.127,6.9,8,HydroRIVERS v1.0 (HydroSHEDS),LineString,OBSERVED HYDROGRAPHIC NETWORK · WWF / HydroSHEDS
40724192,40735221,41067217,7.19,8.2,520.4,5,HydroRIVERS v1.0 (HydroSHEDS),LineString,OBSERVED HYDROGRAPHIC NETWORK · WWF / HydroSHEDS
40724193,40735221,41067217,7.14,0.363,25.3,6,HydroRIVERS v1.0 (HydroSHEDS),LineString,OBSERVED HYDROGRAPHIC NETWORK · WWF / HydroSHEDS
40724379,40726153,41067217,9.18,0.296,30.6,6,HydroRIVERS v1.0 (HydroSHEDS),LineString,OBSERVED HYDROGRAPHIC NETWORK · WWF / HydroSHEDS
40724380,40725569,41067217,4.09,0.213,20.6,6,HydroRIVERS v1.0 (HydroSHEDS),LineString,OBSERVED HYDROGRAPHIC NETWORK · WWF / HydroSHEDS
40724381,40725148,41067217,6.41,1.987,114.9,7,HydroRIVERS v1.0 (HydroSHEDS),LineString,OBSERVED HYDROGRAPHIC NETWORK · WWF / HydroSHEDS
40724382,40725148,41067217,10.56,0.482,27.9,8,HydroRIVERS v1.0 (HydroSHEDS),LineString,OBSERVED HYDROGRAPHIC NETWORK · WWF / HydroSHEDS
40724383,40726157,41067217,21.05,3.87,203.1,6,HydroRIVERS v1.0 (HydroSHEDS),LineString,OBSERVED HYDROGRAPHIC NETWORK · WWF / HydroSHEDS
40724384,40726157,41067217,5.41,0.281,15.9,7,HydroRIVERS v1.0 (HydroSHEDS),LineString,OBSERVED HYDROGRAPHIC NETWORK · WWF / HydroSHEDS
40724385,40724793,41067217,5.18,4.946,259.8,6,HydroRIVERS v1.0 (HydroSHEDS),LineString,OBSERVED HYDROGRAPHIC NETWORK · WWF / HydroSHEDS
40724604,40726151,41067217,2.35,0.062,15.4,5,HydroRIVERS v1.0 (HydroSHEDS),LineString,OBSERVED HYDROGRAPHIC NETWORK · WWF / HydroSHEDS
40724605,40726151,41067217,7.09,3.613,704.4,4,HydroRIVERS v1.0 (HydroSHEDS),LineString,OBSERVED HYDROGRAPHIC NETWORK · WWF / HydroSHEDS
40724606,40727648,41067217,0.61,0.112,12.6,7,HydroRIVERS v1.0 (HydroSHEDS),LineString,OBSERVED HYDROGRAPHIC NETWORK · WWF / HydroSHEDS
40724607,40727648,41067217,4.93,4.671,468.9,6,HydroRIVERS v1.0 (HydroSHEDS),LineString,OBSERVED HYDROGRAPHIC NETWORK · WWF / HydroSHEDS
40724608,40725569,41067217,6.1,5.173,457.2,5,HydroRIVERS v1.0 (HydroSHEDS),LineString,OBSERVED HYDROGRAPHIC NETWORK · WWF / HydroSHEDS
40724609,40726154,41067217,4.8,0.235,19.1,5,HydroRIVERS v1.0 (HydroSHEDS),LineString,OBSERVED HYDROGRAPHIC NETWORK · WWF / HydroSHEDS
40724610,40724793,41067217,6.33,1.191,64.5,7,HydroRIVERS v1.0 (HydroSHEDS),LineString,OBSERVED HYDROGRAPHIC NETWORK · WWF / HydroSHEDS
40724790,40726153,41067217,2.24,0.142,15.0,7,HydroRIVERS v1.0 (HydroSHEDS),LineString,OBSERVED HYDROGRAPHIC NETWORK · WWF / HydroSHEDS
40724791,40726154,41067217,4.99,0.207,16.9,6,HydroRIVERS v1.0 (HydroSHEDS),LineString,OBSERVED HYDROGRAPHIC NETWORK · WWF / HydroSHEDS
40724792,40730936,41067217,3.54,1.632,88.3,7,HydroRIVERS v1.0 (HydroSHEDS),LineString,OBSERVED HYDROGRAPHIC NETWORK · WWF / HydroSHEDS
40724793,40730936,41067217,2.44,6.233,329.7,6,HydroRIVERS v1.0 (HydroSHEDS),LineString,OBSERVED HYDROGRAPHIC NETWORK · WWF / HydroSHEDS
40724973,40726589,41067217,6.17,0.121,23.2,6,HydroRIVERS v1.0 (HydroSHEDS),LineString,OBSERVED HYDROGRAPHIC NETWORK · WWF / HydroSHEDS
40724974,40726589,41067217,13.79,0.439,80.8,5,HydroRIVERS v1.0 (HydroSHEDS),LineString,OBSERVED HYDROGRAPHIC NETWORK · WWF / HydroSHEDS
40725145,40727450,41067217,6.11,0.454,117.1,5,HydroRIVERS v1.0 (HydroSHEDS),LineString,OBSERVED HYDROGRAPHIC NETWORK · WWF / HydroSHEDS
40725146,40727003,41067217,4.62,83.448,5608.6,4,HydroRIVERS v1.0 (HydroSHEDS),LineString,OBSERVED HYDROGRAPHIC NETWORK · WWF / HydroSHEDS
40725147,40726374,41067217,5.72,0.302,18.9,8,HydroRIVERS v1.0 (HydroSHEDS),LineString,OBSERVED HYDROGRAPHIC NETWORK · WWF / HydroSHEDS
40725148,40726374,41067217,2.16,2.576,149.4,7,HydroRIVERS v1.0 (HydroSHEDS),LineString,OBSERVED HYDROGRAPHIC NETWORK · WWF / HydroSHEDS
40725368,40727450,41067217,14.15,0.217,58.9,6,HydroRIVERS v1.0 (HydroSHEDS),LineString,OBSERVED HYDROGRAPHIC NETWORK · WWF / HydroSHEDS
40725369,40728712,41067217,2.55,0.149,20.6,5,HydroRIVERS v1.0 (HydroSHEDS),LineString,OBSERVED HYDROGRAPHIC NETWORK · WWF / HydroSHEDS
40725370,40728712,41067217,9.99,0.465,60.8,4,HydroRIVERS v1.0 (HydroSHEDS),LineString,OBSERVED HYDROGRAPHIC NETWORK · WWF / HydroSHEDS
40725371,40725571,41067217,7.71,0.339,30.9,5,HydroRIVERS v1.0 (HydroSHEDS),LineString,OBSERVED HYDROGRAPHIC NETWORK · WWF / HydroSHEDS
40725372,40728931,41067217,9.34,0.594,46.3,7,HydroRIVERS v1.0 (HydroSHEDS),LineString,OBSERVED HYDROGRAPHIC NETWORK · WWF / HydroSHEDS
40725569,40733263,41067217,5.73,5.567,497.1,5,HydroRIVERS v1.0 (HydroSHEDS),LineString,OBSERVED HYDROGRAPHIC NETWORK · WWF / HydroSHEDS
40725570,40733263,41067217,14.63,1.256,116.5,6,HydroRIVERS v1.0 (HydroSHEDS),LineString,OBSERVED HYDROGRAPHIC NETWORK · WWF / HydroSHEDS
40725571,40727003,41067217,5.08,0.637,58.7,5,HydroRIVERS v1.0 (HydroSHEDS),LineString,OBSERVED HYDROGRAPHIC NETWORK · WWF / HydroSHEDS
40725572,40728931,41067217,14.84,0.595,44.8,6,HydroRIVERS v1.0 (HydroSHEDS),LineString,OBSERVED HYDROGRAPHIC NETWORK · WWF / HydroSHEDS
40725573,40726156,41067217,11.38,4.726,254.5,7,HydroRIVERS v1.0 (HydroSHEDS),LineString,OBSERVED HYDROGRAPHIC NETWORK · WWF / HydroSHEDS
40725574,40726156,41067217,1.39,0.122,7.1,8,HydroRIVERS v1.0 (HydroSHEDS),LineString,OBSERVED HYDROGRAPHIC NETWORK · WWF / HydroSHEDS
40725781,40725571,41067217,3.98,0.162,15.2,6,HydroRIVERS v1.0 (HydroSHEDS),LineString,OBSERVED HYDROGRAPHIC NETWORK · WWF / HydroSHEDS
40725782,40728277,41067217,2.39,0.216,12.0,5,HydroRIVERS v1.0 (HydroSHEDS),LineString,OBSERVED HYDROGRAPHIC NETWORK · WWF / HydroSHEDS
40725783,40728277,41067217,10.33,5.42,293.1,4,HydroRIVERS v1.0 (HydroSHEDS),LineString,OBSERVED HYDROGRAPHIC NETWORK · WWF / HydroSHEDS
40725984,40727224,41067217,9.07,611.473,28145.2,3,HydroRIVERS v1.0 (HydroSHEDS),LineString,OBSERVED HYDROGRAPHIC NETWORK · WWF / HydroSHEDS
40725985,40727224,41067217,5.0,0.167,24.9,4,HydroRIVERS v1.0 (HydroSHEDS),LineString,OBSERVED HYDROGRAPHIC NETWORK · WWF / HydroSHEDS
40725986,40729531,41067217,9.33,0.237,28.9,5,HydroRIVERS v1.0 (HydroSHEDS),LineString,OBSERVED HYDROGRAPHIC NETWORK · WWF / HydroSHEDS
40725987,40729531,41067217,11.56,0.774,89.2,4,HydroRIVERS v1.0 (HydroSHEDS),LineString,OBSERVED HYDROGRAPHIC NETWORK · WWF / HydroSHEDS
40726151,40728048,41067217,4.72,3.69,734.8,4,HydroRIVERS v1.0 (HydroSHEDS),LineString,OBSERVED HYDROGRAPHIC NETWORK · WWF / HydroSHEDS
40726152,40728048,41067217,6.32,0.121,27.8,5,HydroRIVERS v1.0 (HydroSHEDS),LineString,OBSERVED HYDROGRAPHIC NETWORK · WWF / HydroSHEDS
40726153,40731348,41067217,6.14,0.699,72.6,6,HydroRIVERS v1.0 (HydroSHEDS),LineString,OBSERVED HYDROGRAPHIC NETWORK · WWF / HydroSHEDS
40726154,40729535,41067217,4.16,0.573,47.3,5,HydroRIVERS v1.0 (HydroSHEDS),LineString,OBSERVED HYDROGRAPHIC NETWORK · WWF / HydroSHEDS
40726155,40729535,41067217,1.01,0.149,12.6,6,HydroRIVERS v1.0 (HydroSHEDS),LineString,OBSERVED HYDROGRAPHIC NETWORK · WWF / HydroSHEDS
40726156,40727454,41067217,1.39,4.885,263.9,7,HydroRIVERS v1.0 (HydroSHEDS),LineString,OBSERVED HYDROGRAPHIC NETWORK · WWF / HydroSHEDS
40726157,40727454,41067217,5.64,4.3,227.8,6,HydroRIVERS v1.0 (HydroSHEDS),LineString,OBSERVED HYDROGRAPHIC NETWORK · WWF / HydroSHEDS
40726374,40730935,41067217,3.24,3.053,179.4,7,HydroRIVERS v1.0 (HydroSHEDS),LineString,OBSERVED HYDROGRAPHIC NETWORK · WWF / HydroSHEDS
40726375,40730935,41067217,3.32,0.198,12.0,8,HydroRIVERS v1.0 (HydroSHEDS),LineString,OBSERVED HYDROGRAPHIC NETWORK · WWF / HydroSHEDS
40726376,40729536,41067217,0.61,0.127,7.1,7,HydroRIVERS v1.0 (HydroSHEDS),LineString,OBSERVED HYDROGRAPHIC NETWORK · WWF / HydroSHEDS
40726377,40729536,41067217,8.27,2.663,146.9,6,HydroRIVERS v1.0 (HydroSHEDS),LineString,OBSERVED HYDROGRAPHIC NETWORK · WWF / HydroSHEDS
40726587,40726373,41067217,8.53,0.112,34.1,4,HydroRIVERS v1.0 (HydroSHEDS),LineString,OBSERVED HYDROGRAPHIC NETWORK · WWF / HydroSHEDS
40726588,40736789,41067217,7.35,0.678,142.5,6,HydroRIVERS v1.0 (HydroSHEDS),LineString,OBSERVED HYDROGRAPHIC NETWORK · WWF / HydroSHEDS
40726589,40736789,41067217,5.83,0.648,123.7,5,HydroRIVERS v1.0 (HydroSHEDS),LineString,OBSERVED HYDROGRAPHIC NETWORK · WWF / HydroSHEDS
40726829,40731348,41067217,2.86,0.132,14.1,7,HydroRIVERS v1.0 (HydroSHEDS),LineString,OBSERVED HYDROGRAPHIC NETWORK · WWF / HydroSHEDS
40727003,40729151,41067217,4.47,84.078,5689.0,4,HydroRIVERS v1.0 (HydroSHEDS),LineString,OBSERVED HYDROGRAPHIC NETWORK · WWF / HydroSHEDS
40727004,40728509,41067217,4.86,0.231,12.8,8,HydroRIVERS v1.0 (HydroSHEDS),LineString,OBSERVED HYDROGRAPHIC NETWORK · WWF / HydroSHEDS
40727005,40728509,41067217,5.63,0.315,17.3,7,HydroRIVERS v1.0 (HydroSHEDS),LineString,OBSERVED HYDROGRAPHIC NETWORK · WWF / HydroSHEDS
40727223,40728711,41067217,13.76,0.317,55.0,4,HydroRIVERS v1.0 (HydroSHEDS),LineString,OBSERVED HYDROGRAPHIC NETWORK · WWF / HydroSHEDS
40727224,40728711,41067217,3.39,611.127,28178.4,3,HydroRIVERS v1.0 (HydroSHEDS),LineString,OBSERVED HYDROGRAPHIC NETWORK · WWF / HydroSHEDS
40727225,40731548,41067217,4.92,0.327,38.3,5,HydroRIVERS v1.0 (HydroSHEDS),LineString,OBSERVED HYDROGRAPHIC NETWORK · WWF / HydroSHEDS
40727226,40731548,41067217,0.61,0.089,10.5,6,HydroRIVERS v1.0 (HydroSHEDS),LineString,OBSERVED HYDROGRAPHIC NETWORK · WWF / HydroSHEDS
40727227,40729151,41067217,2.54,0.136,12.6,5,HydroRIVERS v1.0 (HydroSHEDS),LineString,OBSERVED HYDROGRAPHIC NETWORK · WWF / HydroSHEDS
40727228,40729343,41067217,5.79,0.337,19.5,7,HydroRIVERS v1.0 (HydroSHEDS),LineString,OBSERVED HYDROGRAPHIC NETWORK · WWF / HydroSHEDS
40727229,40729343,41067217,2.56,0.205,12.0,8,HydroRIVERS v1.0 (HydroSHEDS),LineString,OBSERVED HYDROGRAPHIC NETWORK · WWF / HydroSHEDS
40727230,40730123,41067217,1.39,0.17,9.8,9,HydroRIVERS v1.0 (HydroSHEDS),LineString,OBSERVED HYDROGRAPHIC NETWORK · WWF / HydroSHEDS
40727231,40730123,41067217,7.34,0.423,24.0,8,HydroRIVERS v1.0 (HydroSHEDS),LineString,OBSERVED HYDROGRAPHIC NETWORK · WWF / HydroSHEDS
40727449,40729725,41067217,5.99,0.072,19.7,6,HydroRIVERS v1.0 (HydroSHEDS),LineString,OBSERVED HYDROGRAPHIC NETWORK · WWF / HydroSHEDS
40727450,40729725,41067217,6.26,0.717,190.8,5,HydroRIVERS v1.0 (HydroSHEDS),LineString,OBSERVED HYDROGRAPHIC NETWORK · WWF / HydroSHEDS
40727451,40735435,41067217,4.31,0.179,23.3,4,HydroRIVERS v1.0 (HydroSHEDS),LineString,OBSERVED HYDROGRAPHIC NETWORK · WWF / HydroSHEDS
40727452,40735435,41067217,1.73,0.112,14.4,5,HydroRIVERS v1.0 (HydroSHEDS),LineString,OBSERVED HYDROGRAPHIC NETWORK · WWF / HydroSHEDS
40727453,40730513,41067217,0.69,0.107,6.6,7,HydroRIVERS v1.0 (HydroSHEDS),LineString,OBSERVED HYDROGRAPHIC NETWORK · WWF / HydroSHEDS
40727454,40730513,41067217,4.3,9.322,500.2,6,HydroRIVERS v1.0 (HydroSHEDS),LineString,OBSERVED HYDROGRAPHIC NETWORK · WWF / HydroSHEDS
40727455,40728714,41067217,20.3,1.035,56.8,7,HydroRIVERS v1.0 (HydroSHEDS),LineString,OBSERVED HYDROGRAPHIC NETWORK · WWF / HydroSHEDS
40727456,40728714,41067217,6.2,0.324,18.2,8,HydroRIVERS v1.0 (HydroSHEDS),LineString,OBSERVED HYDROGRAPHIC NETWORK · WWF / HydroSHEDS
40727457,40728935,41067217,23.75,12.081,664.1,5,HydroRIVERS v1.0 (HydroSHEDS),LineString,OBSERVED HYDROGRAPHIC NETWORK · WWF / HydroSHEDS
40727458,40728935,41067217,1.77,0.178,10.1,6,HydroRIVERS v1.0 (HydroSHEDS),LineString,OBSERVED HYDROGRAPHIC NETWORK · WWF / HydroSHEDS
40727647,40729532,41067217,2.41,0.137,15.8,7,HydroRIVERS v1.0 (HydroSHEDS),LineString,OBSERVED HYDROGRAPHIC NETWORK · WWF / HydroSHEDS
40727648,40729532,41067217,8.11,4.988,505.4,6,HydroRIVERS v1.0 (HydroSHEDS),LineString,OBSERVED HYDROGRAPHIC NETWORK · WWF / HydroSHEDS
40728048,40728930,41067217,5.49,3.812,775.9,4,HydroRIVERS v1.0 (HydroSHEDS),LineString,OBSERVED HYDROGRAPHIC NETWORK · WWF / HydroSHEDS
40728049,40728930,41067217,1.39,0.058,13.1,5,HydroRIVERS v1.0 (HydroSHEDS),LineString,OBSERVED HYDROGRAPHIC NETWORK · WWF / HydroSHEDS
40728275,40731977,41067217,9.53,0.438,32.3,7,HydroRIVERS v1.0 (HydroSHEDS),LineString,OBSERVED HYDROGRAPHIC NETWORK · WWF / HydroSHEDS
40728276,40731977,41067217,32.83,3.34,214.5,6,HydroRIVERS v1.0 (HydroSHEDS),LineString,OBSERVED HYDROGRAPHIC NETWORK · WWF / HydroSHEDS
40728277,40732844,41067217,6.47,5.774,315.2,4,HydroRIVERS v1.0 (HydroSHEDS),LineString,OBSERVED HYDROGRAPHIC NETWORK · WWF / HydroSHEDS
40728278,40732844,41067217,1.54,0.133,7.5,5,HydroRIVERS v1.0 (HydroSHEDS),LineString,OBSERVED HYDROGRAPHIC NETWORK · WWF / HydroSHEDS
40728279,40728510,41067217,7.17,0.42,23.1,8,HydroRIVERS v1.0 (HydroSHEDS),LineString,OBSERVED HYDROGRAPHIC NETWORK · WWF / HydroSHEDS
40728506,40730124,41067217,6.34,0.311,17.8,8,HydroRIVERS v1.0 (HydroSHEDS),LineString,OBSERVED HYDROGRAPHIC NETWORK · WWF / HydroSHEDS
40728507,40732840,41067217,11.48,0.602,34.1,6,HydroRIVERS v1.0 (HydroSHEDS),LineString,OBSERVED HYDROGRAPHIC NETWORK · WWF / HydroSHEDS
40728508,40732840,41067217,2.75,0.161,9.4,7,HydroRIVERS v1.0 (HydroSHEDS),LineString,OBSERVED HYDROGRAPHIC NETWORK · WWF / HydroSHEDS
40728509,40728510,41067217,5.43,0.713,39.6,7,HydroRIVERS v1.0 (HydroSHEDS),LineString,OBSERVED HYDROGRAPHIC NETWORK · WWF / HydroSHEDS
40728510,40728937,41067217,0.61,1.136,62.8,7,HydroRIVERS v1.0 (HydroSHEDS),LineString,OBSERVED HYDROGRAPHIC NETWORK · WWF / HydroSHEDS
40728511,40728937,41067217,5.17,0.298,16.3,8,HydroRIVERS v1.0 (HydroSHEDS),LineString,OBSERVED HYDROGRAPHIC NETWORK · WWF / HydroSHEDS
40728711,40729934,41067217,4.66,610.71,28251.5,3,HydroRIVERS v1.0 (HydroSHEDS),LineString,OBSERVED HYDROGRAPHIC NETWORK · WWF / HydroSHEDS
40728712,40729934,41067217,11.21,0.831,115.0,4,HydroRIVERS v1.0 (HydroSHEDS),LineString,OBSERVED HYDROGRAPHIC NETWORK · WWF / HydroSHEDS
40728713,40732620,41067217,7.42,0.231,32.8,4,HydroRIVERS v1.0 (HydroSHEDS),LineString,OBSERVED HYDROGRAPHIC NETWORK · WWF / HydroSHEDS
40728714,40730124,41067217,6.43,1.579,87.9,7,HydroRIVERS v1.0 (HydroSHEDS),LineString,OBSERVED HYDROGRAPHIC NETWORK · WWF / HydroSHEDS
40728715,40730720,41067217,2.39,0.118,6.8,7,HydroRIVERS v1.0 (HydroSHEDS),LineString,OBSERVED HYDROGRAPHIC NETWORK · WWF / HydroSHEDS
40728716,40730720,41067217,0.92,0.111,6.4,8,HydroRIVERS v1.0 (HydroSHEDS),LineString,OBSERVED HYDROGRAPHIC NETWORK · WWF / HydroSHEDS
40728930,40731775,41067217,2.31,3.868,793.9,4,HydroRIVERS v1.0 (HydroSHEDS),LineString,OBSERVED HYDROGRAPHIC NETWORK · WWF / HydroSHEDS
40728931,40735220,41067217,10.51,1.496,117.6,6,HydroRIVERS v1.0 (HydroSHEDS),LineString,OBSERVED HYDROGRAPHIC NETWORK · WWF / HydroSHEDS
40728932,40735220,41067217,7.06,0.304,25.1,7,HydroRIVERS v1.0 (HydroSHEDS),LineString,OBSERVED HYDROGRAPHIC NETWORK · WWF / HydroSHEDS
40728933,40730514,41067217,5.9,0.293,17.8,7,HydroRIVERS v1.0 (HydroSHEDS),LineString,OBSERVED HYDROGRAPHIC NETWORK · WWF / HydroSHEDS
40728934,40730514,41067217,3.58,0.241,15.0,8,HydroRIVERS v1.0 (HydroSHEDS),LineString,OBSERVED HYDROGRAPHIC NETWORK · WWF / HydroSHEDS
40728935,40729727,41067217,3.4,12.289,679.1,5,HydroRIVERS v1.0 (HydroSHEDS),LineString,OBSERVED HYDROGRAPHIC NETWORK · WWF / HydroSHEDS
40728936,40729727,41067217,8.57,0.416,23.8,6,HydroRIVERS v1.0 (HydroSHEDS),LineString,OBSERVED HYDROGRAPHIC NETWORK · WWF / HydroSHEDS
40728937,40729935,41067217,1.23,1.486,82.2,7,HydroRIVERS v1.0 (HydroSHEDS),LineString,OBSERVED HYDROGRAPHIC NETWORK · WWF / HydroSHEDS
40729150,40732620,41067217,3.37,0.113,16.1,5,HydroRIVERS v1.0 (HydroSHEDS),LineString,OBSERVED HYDROGRAPHIC NETWORK · WWF / HydroSHEDS
40729151,40729534,41067217,4.94,84.033,5711.0,4,HydroRIVERS v1.0 (HydroSHEDS),LineString,OBSERVED HYDROGRAPHIC NETWORK · WWF / HydroSHEDS
40729337,40730717,41067217,0.69,0.037,11.6,5,HydroRIVERS v1.0 (HydroSHEDS),LineString,OBSERVED HYDROGRAPHIC NETWORK · WWF / HydroSHEDS
40729338,40730717,41067217,9.83,0.119,36.2,4,HydroRIVERS v1.0 (HydroSHEDS),LineString,OBSERVED HYDROGRAPHIC NETWORK · WWF / HydroSHEDS
40729339,40731775,41067217,10.11,0.213,54.0,5,HydroRIVERS v1.0 (HydroSHEDS),LineString,OBSERVED HYDROGRAPHIC NETWORK · WWF / HydroSHEDS
40729340,40729534,41067217,0.69,0.128,12.0,5,HydroRIVERS v1.0 (HydroSHEDS),LineString,OBSERVED HYDROGRAPHIC NETWORK · WWF / HydroSHEDS
40729341,40731551,41067217,17.42,44.332,2312.3,5,HydroRIVERS v1.0 (HydroSHEDS),LineString,OBSERVED HYDROGRAPHIC NETWORK · WWF / HydroSHEDS
40729342,40731551,41067217,8.79,0.439,29.3,6,HydroRIVERS v1.0 (HydroSHEDS),LineString,OBSERVED HYDROGRAPHIC NETWORK · WWF / HydroSHEDS
40729343,40733965,41067217,5.95,0.743,43.9,7,HydroRIVERS v1.0 (HydroSHEDS),LineString,OBSERVED HYDROGRAPHIC NETWORK · WWF / HydroSHEDS
40729344,40733965,41067217,1.93,0.173,10.5,8,HydroRIVERS v1.0 (HydroSHEDS),LineString,OBSERVED HYDROGRAPHIC NETWORK · WWF / HydroSHEDS
40729530,40732198,41067217,0.61,0.099,13.1,5,HydroRIVERS v1.0 (HydroSHEDS),LineString,OBSERVED HYDROGRAPHIC NETWORK · WWF / HydroSHEDS
40729531,40732198,41067217,8.94,1.245,148.1,4,HydroRIVERS v1.0 (HydroSHEDS),LineString,OBSERVED HYDROGRAPHIC NETWORK · WWF / HydroSHEDS
40729532,40736791,41067217,8.74,5.397,554.1,6,HydroRIVERS v1.0 (HydroSHEDS),LineString,OBSERVED HYDROGRAPHIC NETWORK · WWF / HydroSHEDS
40729533,40736791,41067217,3.95,0.21,23.1,7,HydroRIVERS v1.0 (HydroSHEDS),LineString,OBSERVED HYDROGRAPHIC NETWORK · WWF / HydroSHEDS
40729534,40731778,41067217,1.23,84.177,5729.8,4,HydroRIVERS v1.0 (HydroSHEDS),LineString,OBSERVED HYDROGRAPHIC NETWORK · WWF / HydroSHEDS
40729535,40731778,41067217,8.02,0.948,80.3,5,HydroRIVERS v1.0 (HydroSHEDS),LineString,OBSERVED HYDROGRAPHIC NETWORK · WWF / HydroSHEDS
40729536,40731782,41067217,9.23,3.168,177.5,6,HydroRIVERS v1.0 (HydroSHEDS),LineString,OBSERVED HYDROGRAPHIC NETWORK · WWF / HydroSHEDS
40729537,40731782,41067217,2.87,0.166,9.6,7,HydroRIVERS v1.0 (HydroSHEDS),LineString,OBSERVED HYDROGRAPHIC NETWORK · WWF / HydroSHEDS
40729724,40731772,41067217,20.93,0.406,118.7,6,HydroRIVERS v1.0 (HydroSHEDS),LineString,OBSERVED HYDROGRAPHIC NETWORK · WWF / HydroSHEDS
40729725,40731772,41067217,7.33,0.938,255.2,5,HydroRIVERS v1.0 (HydroSHEDS),LineString,OBSERVED HYDROGRAPHIC NETWORK · WWF / HydroSHEDS
40729726,40731149,41067217,18.2,0.635,36.2,6,HydroRIVERS v1.0 (HydroSHEDS),LineString,OBSERVED HYDROGRAPHIC NETWORK · WWF / HydroSHEDS
40729727,40731149,41067217,2.16,12.76,708.0,5,HydroRIVERS v1.0 (HydroSHEDS),LineString,OBSERVED HYDROGRAPHIC NETWORK · WWF / HydroSHEDS
40729933,40730512,41067217,6.56,0.18,31.5,4,HydroRIVERS v1.0 (HydroSHEDS),LineString,OBSERVED HYDROGRAPHIC NETWORK · WWF / HydroSHEDS
40729934,40730512,41067217,3.54,611.036,28376.6,3,HydroRIVERS v1.0 (HydroSHEDS),LineString,OBSERVED HYDROGRAPHIC NETWORK · WWF / HydroSHEDS
40729935,40732202,41067217,2.77,2.101,116.1,7,HydroRIVERS v1.0 (HydroSHEDS),LineString,OBSERVED HYDROGRAPHIC NETWORK · WWF / HydroSHEDS
40730123,40731148,41067217,7.4,0.785,45.2,8,HydroRIVERS v1.0 (HydroSHEDS),LineString,OBSERVED HYDROGRAPHIC NETWORK · WWF / HydroSHEDS
40730124,40731148,41067217,5.73,2.119,119.5,7,HydroRIVERS v1.0 (HydroSHEDS),LineString,OBSERVED HYDROGRAPHIC NETWORK · WWF / HydroSHEDS
40730125,40732202,41067217,14.34,0.604,34.2,6,HydroRIVERS v1.0 (HydroSHEDS),LineString,OBSERVED HYDROGRAPHIC NETWORK · WWF / HydroSHEDS
40730510,40737446,41067217,7.86,0.158,33.6,7,HydroRIVERS v1.0 (HydroSHEDS),LineString,OBSERVED HYDROGRAPHIC NETWORK · WWF / HydroSHEDS
40730511,40737446,41067217,12.63,0.304,60.8,6,HydroRIVERS v1.0 (HydroSHEDS),LineString,OBSERVED HYDROGRAPHIC NETWORK · WWF / HydroSHEDS
40730512,40731345,41067217,1.69,611.042,28412.9,3,HydroRIVERS v1.0 (HydroSHEDS),LineString,OBSERVED HYDROGRAPHIC NETWORK · WWF / HydroSHEDS
40730513,40732387,41067217,7.56,9.681,522.9,6,HydroRIVERS v1.0 (HydroSHEDS),LineString,OBSERVED HYDROGRAPHIC NETWORK · WWF / HydroSHEDS
40730514,40732387,41067217,5.83,0.705,43.9,7,HydroRIVERS v1.0 (HydroSHEDS),LineString,OBSERVED HYDROGRAPHIC NETWORK · WWF / HydroSHEDS
40730717,40735433,41067217,6.7,0.213,65.7,4,HydroRIVERS v1.0 (HydroSHEDS),LineString,OBSERVED HYDROGRAPHIC NETWORK · WWF / HydroSHEDS
40730718,40731777,41067217,9.29,0.366,35.3,5,HydroRIVERS v1.0 (HydroSHEDS),LineString,OBSERVED HYDROGRAPHIC NETWORK · WWF / HydroSHEDS
40730720,40732842,41067217,5.24,0.372,21.8,7,HydroRIVERS v1.0 (HydroSHEDS),LineString,OBSERVED HYDROGRAPHIC NETWORK · WWF / HydroSHEDS
40730934,40732200,41067217,8.96,0.412,27.8,8,HydroRIVERS v1.0 (HydroSHEDS),LineString,OBSERVED HYDROGRAPHIC NETWORK · WWF / HydroSHEDS
40730935,40732200,41067217,10.95,3.983,239.2,7,HydroRIVERS v1.0 (HydroSHEDS),LineString,OBSERVED HYDROGRAPHIC NETWORK · WWF / HydroSHEDS
40730936,40733966,41067217,17.3,9.177,495.6,6,HydroRIVERS v1.0 (HydroSHEDS),LineString,OBSERVED HYDROGRAPHIC NETWORK · WWF / HydroSHEDS
40731149,40733265,41067217,3.85,13.607,758.2,5,HydroRIVERS v1.0 (HydroSHEDS),LineString,OBSERVED HYDROGRAPHIC NETWORK · WWF / HydroSHEDS
40731347,40733490,41067217,8.24,0.342,37.2,7,HydroRIVERS v1.0 (HydroSHEDS),LineString,OBSERVED HYDROGRAPHIC NETWORK · WWF / HydroSHEDS
40731348,40733490,41067217,14.52,1.278,133.9,6,HydroRIVERS v1.0 (HydroSHEDS),LineString,OBSERVED HYDROGRAPHIC NETWORK · WWF / HydroSHEDS
40731349,40733265,41067217,6.55,0.364,21.6,6,HydroRIVERS v1.0 (HydroSHEDS),LineString,OBSERVED HYDROGRAPHIC NETWORK · WWF / HydroSHEDS
40731548,40733489,41067217,12.42,0.775,93.1,5,HydroRIVERS v1.0 (HydroSHEDS),LineString,OBSERVED HYDROGRAPHIC NETWORK · WWF / HydroSHEDS
40731550,40733492,41067217,5.59,0.279,20.5,6,HydroRIVERS v1.0 (HydroSHEDS),LineString,OBSERVED HYDROGRAPHIC NETWORK · WWF / HydroSHEDS
40731551,40733492,41067217,7.18,45.137,2363.2,5,HydroRIVERS v1.0 (HydroSHEDS),LineString,OBSERVED HYDROGRAPHIC NETWORK · WWF / HydroSHEDS
40731772,40733486,41067217,5.55,1.401,390.9,5,HydroRIVERS v1.0 (HydroSHEDS),LineString,OBSERVED HYDROGRAPHIC NETWORK · WWF / HydroSHEDS
40731775,40732835,41067217,9.19,4.181,880.1,4,HydroRIVERS v1.0 (HydroSHEDS),LineString,OBSERVED HYDROGRAPHIC NETWORK · WWF / HydroSHEDS
40731778,40736793,41067217,6.57,85.095,5831.1,4,HydroRIVERS v1.0 (HydroSHEDS),LineString,OBSERVED HYDROGRAPHIC NETWORK · WWF / HydroSHEDS
40731782,40736118,41067217,5.86,3.526,198.7,6,HydroRIVERS v1.0 (HydroSHEDS),LineString,OBSERVED HYDROGRAPHIC NETWORK · WWF / HydroSHEDS
40731977,40740784,41067217,9.56,4.322,290.9,6,HydroRIVERS v1.0 (HydroSHEDS),LineString,OBSERVED HYDROGRAPHIC NETWORK · WWF / HydroSHEDS
40732198,40733745,41067217,7.54,1.578,193.0,4,HydroRIVERS v1.0 (HydroSHEDS),LineString,OBSERVED HYDROGRAPHIC NETWORK · WWF / HydroSHEDS
40732202,40732390,41067217,5.55,2.885,160.6,6,HydroRIVERS v1.0 (HydroSHEDS),LineString,OBSERVED HYDROGRAPHIC NETWORK · WWF / HydroSHEDS
40732389,40735908,41067217,26.7,1.818,105.1,7,HydroRIVERS v1.0 (HydroSHEDS),LineString,OBSERVED HYDROGRAPHIC NETWORK · WWF / HydroSHEDS
40732620,40735011,41067217,10.48,0.65,97.6,4,HydroRIVERS v1.0 (HydroSHEDS),LineString,OBSERVED HYDROGRAPHIC NETWORK · WWF / HydroSHEDS
40732833,40733484,41067217,11.45,0.146,43.4,6,HydroRIVERS v1.0 (HydroSHEDS),LineString,OBSERVED HYDROGRAPHIC NETWORK · WWF / HydroSHEDS
40732840,40735013,41067217,10.95,1.425,83.5,6,HydroRIVERS v1.0 (HydroSHEDS),LineString,OBSERVED HYDROGRAPHIC NETWORK · WWF / HydroSHEDS
40732844,40736119,41067217,12.12,6.305,348.1,4,HydroRIVERS v1.0 (HydroSHEDS),LineString,OBSERVED HYDROGRAPHIC NETWORK · WWF / HydroSHEDS
40732845,40736120,41067217,9.03,0.477,27.4,5,HydroRIVERS v1.0 (HydroSHEDS),LineString,OBSERVED HYDROGRAPHIC NETWORK · WWF / HydroSHEDS
40733263,40736792,41067217,20.64,7.563,696.3,5,HydroRIVERS v1.0 (HydroSHEDS),LineString,OBSERVED HYDROGRAPHIC NETWORK · WWF / HydroSHEDS
40733493,40743105,41067217,27.48,1.011,59.1,6,HydroRIVERS v1.0 (HydroSHEDS),LineString,OBSERVED HYDROGRAPHIC NETWORK · WWF / HydroSHEDS
40733965,40737258,41067217,15.43,1.437,88.0,7,HydroRIVERS v1.0 (HydroSHEDS),LineString,OBSERVED HYDROGRAPHIC NETWORK · WWF / HydroSHEDS
40734558,40734779,41067217,18.6,0.333,63.8,5,HydroRIVERS v1.0 (HydroSHEDS),LineString,OBSERVED HYDROGRAPHIC NETWORK · WWF / HydroSHEDS
40735220,40736794,41067217,16.44,2.415,199.8,6,HydroRIVERS v1.0 (HydroSHEDS),LineString,OBSERVED HYDROGRAPHIC NETWORK · WWF / HydroSHEDS
40735221,40736794,41067217,31.11,10.285,699.8,5,HydroRIVERS v1.0 (HydroSHEDS),LineString,OBSERVED HYDROGRAPHIC NETWORK · WWF / HydroSHEDS
40735435,40735012,41067217,27.59,0.778,113.4,4,HydroRIVERS v1.0 (HydroSHEDS),LineString,OBSERVED HYDROGRAPHIC NETWORK · WWF / HydroSHEDS
40736789,40737445,41067217,26.25,1.663,349.9,5,HydroRIVERS v1.0 (HydroSHEDS),LineString,OBSERVED HYDROGRAPHIC NETWORK · WWF / HydroSHEDS
40736791,40737676,41067217,26.15,6.542,690.4,6,HydroRIVERS v1.0 (HydroSHEDS),LineString,OBSERVED HYDROGRAPHIC NETWORK · WWF / HydroSHEDS
